Actual_Power_MW,Predicted_Power_MW
4.0,4.0719185
4.0,4.208933
4.0,4.2102985
4.0,4.2070274
4.0,3.9977303
4.0,3.9098482
4.0,4.165578
6.4786,8.011997
15.3832,14.585445
25.2976,24.6552
33.789100000000005,34.0097
37.5988,40.38804
40.6741,41.29441
36.1759,41.56517
33.2842,35.883427
22.9567,29.549696
16.9438,18.252573
8.7736,8.631559
4.275399999999999,3.5810366
4.0,3.475688
4.0,3.762105
4.0,3.6263742
4.0,3.6573782
4.0,3.6618032
4.0,3.845993
4.0,4.0424023
4.0,4.1786165
4.0,4.3001585
4.0,4.402277
4.0,4.6266394
4.0,4.925783
5.9737,5.373376
13.8226,9.496916
22.7272,18.484692
31.310500000000005,28.996544
36.3595,36.4943
35.0676,38.59646
33.8283,37.82651
30.1104,33.714622
22.95,26.076664
18.229,15.449429
9.508,6.153238
4.275399999999999,2.5333252
4.0,3.2819767
4.0,3.9085617
4.0,4.0357103
4.0,4.069826
4.0,4.1052437
4.0,4.221781
4.0,4.2945805
4.0,4.3321466
4.0,4.2180557
2.9943392855453297,3.9966354
1.9358757424315751,3.6046543
1.2159617363017432,3.5024652
2.9871671999068248,4.3726854
10.646766627506077,10.057106
20.19550702717604,20.565907
30.1171,28.907497
36.3595,37.4073
38.4709,40.95787
38.1037,40.248154
35.0743,35.885956
27.7303,29.469696
19.4224,19.81918
9.0031,9.992926
4.275399999999999,4.0557594
4.0,3.7275944
4.0,4.0195723
4.0,4.1450825
4.0,3.9192505
4.0,3.793396
4.0,3.7620401
2.5422435689872227,3.6343203
0.4853556504467935,3.3519506
0.905424456786557,2.795823
4.0,2.7185698
4.0,3.2296
1.667277058604407,4.013197
2.9757926440808635,5.064024
11.041680513362788,10.878135
20.676608148644,20.607836
30.11535056347344,28.90297
37.8742,36.392216
40.3069,40.984898
38.1037,41.177963
35.7628,36.341496
29.1532,29.340775
20.4781,20.256582
10.4719,10.851955
4.321299999999999,4.265868
4.0,3.7207956
4.0,3.9757214
4.0,4.1143894
4.0,4.0659037
4.0,4.060133
3.2024562269130836,3.9806786
3.094674251819219,3.5861635
2.145075337922533,3.2405138
2.405106973478114,2.9886055
4.0,2.9579763
4.0,3.341136
4.0,3.8745108
6.249099999999999,5.045497
12.86061458031124,9.897263
20.6617,19.115284
29.658100000000005,26.464233
31.2646,32.93211
35.9464,37.81761
34.65946875086631,38.64765
33.41122965079365,34.430843
27.411769069198865,29.433487
19.147,20.925278
10.1506,11.020464
4.3672,4.050168
4.0,3.2651367
4.0,3.5221415
4.0,3.5967789
4.0,3.5972004
4.0,3.770956
4.0,3.8872137
4.0,4.0355215
4.0,4.057644
4.0,3.949624
4.0,3.6926231
4.0,3.4814978
4.0,4.0053883
5.9737,6.576159
11.9866,11.677397
21.4879,20.039139
27.868,27.587135
33.1006,32.68816
35.4874,35.601025
32.458,34.614536
27.868,29.831837
21.0289,24.883106
19.1929,17.082802
10.2883,9.59905
4.3672,4.411525
4.0,3.8917484
4.0,3.9975338
4.0,4.0442753
4.0,4.099908
4.0,4.164589
4.0,4.2366753
4.0,4.276929
4.0,4.2737083
4.0,4.2812405
4.0,4.053423
4.0,3.6153498
4.0,3.415432
6.386799999999999,6.908933
13.09587020875845,13.104567
25.3435,22.914032
32.5957,31.477787
39.1135,39.531857
42.1429,43.394184
40.7659,43.31194
36.1759,38.97811
28.2352,30.226192
17.448700000000002,18.968874
9.967,8.57312
4.3672,2.9707308
4.0,3.1751738
4.0,3.7335434
4.0,3.9115505
4.0,3.9969702
4.0,4.080638
4.0,4.3111687
4.0,4.4776163
4.0,4.464267
4.0,4.51021
4.0,4.7000523
4.0,4.931674
4.0,5.1064615
5.835999999999999,5.3636
13.1341,7.749367
19.4224,15.999117
23.5467,23.194437
33.6447,28.990566
36.0315,35.932373
35.9856,36.80159
36.4054,34.40429
28.694199999999995,28.56844
19.7437,18.773508
8.6359,8.026567
4.321299999999999,3.0102358
4.0,3.5098705
4.0,4.052396
4.0,4.1668224
4.0,4.2195644
4.0,4.341687
4.0,4.411749
4.0,4.417467
3.5751597534100945,4.3237314
4.0,4.0278406
4.0,3.9520836
4.0,4.789012
4.0,5.3019066
5.6983,5.9403305
13.0423,10.745537
22.1305,18.66028
29.5663,28.539501
22.6746,33.503918
27.5859,32.22101
29.0088,33.223522
28.0449,30.971432
22.3533,25.780426
12.3012,17.745216
9.3703,7.5544353
4.275399999999999,2.1998043
0.0,1.6764307
4.0,2.3328733
4.0,2.9490204
4.0,3.491644
4.0,3.9023476
4.0,4.0572853
4.0,4.1422863
4.0,4.1988726
4.0,4.2507286
4.0,4.3354044
0.0,4.445732
4.0,4.46342
2.1113999999999997,4.9291515
10.7865,7.5872083
20.0583,15.162773
27.4023,25.550564
31.671,34.38998
35.2971,35.476562
30.753,34.30068
30.8448,30.322346
24.5173,24.702595
17.77,14.144074
10.0588,5.9067664
4.459,3.2696867
4.0,3.3909168
4.0,3.7316847
4.0,3.9062252
4.0,4.113657
4.0,4.2631083
4.0,4.3700724
4.0,4.427821
4.0,4.501217
4.0,4.5866385
4.0,4.669422
4.0,4.8859854
4.0,4.9275103
4.459,5.8569446
6.983499999999999,8.746056
9.8752,13.923621
10.6555,18.194265
9.4621,20.307865
15.8881,20.056808
11.803,20.59137
13.7767,17.090717
10.8391,14.15396
11.1145,9.818498
6.983499999999999,6.2060375
4.275399999999999,4.508003
4.0,3.9497309
4.0,3.6844416
4.0,3.583022
4.0,3.6553755
4.0,3.9159498
4.0,4.194955
4.0,4.075944
4.0,4.1904364
4.0,4.2073097
4.0,3.835618
4.0,3.8786097
4.0,4.163641
5.4688,4.927101
10.1965,9.036027
16.209400000000002,15.209629
21.6715,21.290651
27.4549,23.924652
19.9665,27.349443
23.1336,24.331898
26.622,22.286276
22.1305,21.22277
15.3373,14.540762
8.8195,7.964958
4.275399999999999,2.567955
4.0,1.7320986
4.0,2.3530407
4.0,3.1129484
4.0,3.5941525
4.0,3.9184551
4.0,4.1798677
4.0,4.2869415
4.0,3.9807415
4.0,3.563775
4.0,3.3036194
4.0,3.355752
4.0,3.7280817
5.9737,5.7240644
14.098,12.753097
23.4157,21.510096
26.8515,28.000473
32.4972,31.841606
36.1692,36.55866
35.2053,36.835285
28.549799999999998,33.870495
22.032,25.769547
15.0093,16.763697
10.7014,7.360703
4.504900000000001,2.0799055
4.0,2.223342
4.0,2.9777555
4.0,3.0496664
4.0,3.128871
4.0,3.458974
4.0,3.8798828
4.0,4.136608
4.0,4.180355
4.0,4.2007236
4.0,4.195898
4.0,4.3144207
4.0,4.4052696
1.9277999999999995,5.405612
9.5472,10.987004
19.3698,20.335688
27.1728,28.980032
33.507,36.010235
35.2971,40.721996
32.7726,40.789055
30.4317,36.35348
25.0614,29.495035
16.2945,19.408781
6.7473,8.92217
0.45899999999999963,1.9591169
0.0,1.2037697
0.0,1.5859213
0.0,1.9420967
4.0,2.391347
4.0,2.9934702
4.0,3.507743
4.0,3.814639
4.0,3.9570265
4.0,4.1555653
4.0,4.3329887
4.0,4.3499956
4.0,4.617856
6.019600000000001,7.2325835
13.18,13.036541
18.819,22.55629
26.8974,29.314228
32.9103,35.667435
33.1398,39.182095
31.671,39.38868
27.4482,33.343246
26.3074,26.341637
19.5142,18.72998
10.9309,10.221206
4.550800000000001,3.5734367
4.0,3.2911682
4.0,3.6932364
4.0,3.8770533
4.0,4.034045
4.0,4.1316977
4.0,4.2271757
4.0,4.403325
4.0,4.4677544
4.0,4.5119696
4.0,4.645355
4.0,4.8132553
4.0,4.9828014
5.9737,6.638643
14.2816,13.342858
24.4714,22.026543
32.917,30.187271
33.507,36.70578
32.6808,38.97677
29.651400000000002,37.95105
24.6942,32.764397
22.2156,26.170258
15.2847,18.967552
6.426,8.75795
4.550800000000001,2.2087307
4.0,1.9604626
4.0,2.5423222
4.0,2.8446045
4.0,3.1480694
0.0,3.408763
4.0,3.484808
4.0,3.6309614
4.0,3.8021965
4.0,3.96235
4.0,4.374094
4.0,4.7041264
4.0,5.0463715
6.019600000000001,5.5633574
9.18,8.594389
19.0944,15.257565
27.3105,23.420916
10.8324,30.283363
16.209400000000002,26.099268
13.0815,24.103168
14.3275,20.492966
11.0227,15.171229
7.4884,9.769487
6.065499999999999,5.121215
4.321299999999999,3.359624
4.0,2.905486
0.0,3.0175915
0.0,2.9719582
4.0,3.0306988
0.0,3.173605
0.0,3.0653105
4.0,2.9831219
4.0,3.4010487
4.0,3.7778826
4.0,3.8536587
4.0,3.8266115
4.0,3.5685844
5.5146999999999995,3.8780966
11.7112,5.59599
18.0454,12.075039
17.3043,12.646343
27.1269,17.974367
27.4482,21.882822
28.917,22.091599
28.2744,20.692457
20.3337,16.432041
12.9897,7.9643154
6.426,2.6313963
0.45899999999999963,1.8128939
4.0,2.0439692
4.0,2.6533709
4.0,3.320428
4.0,3.7876577
4.0,4.091688
4.0,4.2335415
4.0,4.2264395
4.0,4.1545362
4.0,4.088168
4.0,4.0913677
4.0,4.000901
4.0,3.9949017
5.7901,4.2022314
13.11229365079365,7.3606005
22.2682,16.201523
31.4482,26.586548
38.3332,34.41572
40.8118,40.081013
41.0413,38.902405
33.8283,35.171524
25.7499,26.787886
20.2486,16.819145
10.9309,7.855956
4.5967,2.454421
4.0,2.4719734
4.0,3.3195276
4.0,3.702715
4.0,3.8284807
4.0,3.9345436
4.0,4.0424347
4.0,4.0894833
4.0,4.0759
4.0,4.0368147
4.0,3.907835
4.0,3.781619
4.0,3.935297
6.019600000000001,5.9710913
13.361844266182306,11.196244
23.737,21.384905
32.5957,29.65583
37.966,36.424046
39.6184,39.806107
40.0315,39.133163
36.0841,35.42684
29.8876,28.297493
20.7535,19.488226
11.6194,9.549684
4.6884999999999994,4.09667
4.0,3.6725101
4.0,3.8450155
4.0,3.970459
4.0,4.084401
4.0,4.0938683
4.0,4.127243
4.0,4.0845747
3.755063397632151,3.7913208
4.0,3.2702389
3.8332385883554725,3.002592
4.0,2.9050932
3.5447994656700086,3.2251434
5.8819,6.755697
12.670789493767764,13.333928
23.8747,22.433638
31.4482,32.198296
36.1759,38.712482
38.0578,41.131268
37.1857,38.381557
32.1826,34.071316
29.0614,28.334309
21.0289,19.85394
11.4358,9.740721
4.6426,3.7833471
4.0,3.5316105
4.0,3.9078207
4.0,3.9604063
4.0,4.023901
4.0,4.1382036
4.0,3.9629812
4.0,3.9109774
4.0,3.890132
4.0,3.868927
2.5091990260599797,3.636032
1.3953142139608605,3.10814
0.8893112210181275,2.8644676
3.574934470869815,3.465889
10.147465040816895,9.017201
17.960835423974306,17.523865
28.923699999999997,25.455746
36.9562,34.05547
39.7102,39.249424
41.3167,40.443916
37.6906,36.26233
30.897400000000005,29.054491
22.4977,19.11274
12.1702,9.238939
4.7803,4.160759
4.0,3.7623463
4.0,3.9605198
4.0,3.9935484
4.0,4.01589
4.0,4.0132647
1.6487361887411502,3.8826103
0.9534358356331278,3.3783007
1.0911950513299011,2.7772617
2.2284131109305108,2.3726664
3.8657400786958807,2.3942337
2.6099428819352557,2.738368
3.387778814806195,3.1940794
6.2032,5.652001
13.8685,11.333399
24.3337,20.6731
33.4678,30.12495
36.9562,37.341656
39.1135,38.01616
38.5168,36.982918
36.84480821899288,35.098427
30.2089,29.082603
20.7076,19.36311
12.0325,8.912056
4.7803,4.0536337
4.0,3.6991768
4.0,3.746066
2.495081774293597,3.656127
2.685439595587125,3.3691273
4.0,3.3090343
4.0,3.4382896
1.8659156587179542,3.4916077
0.6641624928499716,3.2435093
0.9250494142757493,2.7503357
1.378775658015046,2.436079
2.6314417414173388,2.407072
4.0,3.0619822
4.988491045071999,5.0858393
13.283112355662816,11.93801
23.0026,21.506117
30.667900000000003,29.896564
38.4709,35.943447
40.72,39.76541
43.015,39.579155
39.7102,36.61968
32.7793,30.570587
23.3239,20.899195
12.721,10.405152
4.8721,4.3953886
4.0,4.1209164
4.0,4.2761574
4.0,4.2528734
4.0,4.1820126
4.0,4.0794735
2.9445792617743844,3.7257156
1.574232278996318,3.3017788
1.869126030966978,2.6939287
2.782313288848096,2.33949
2.1104710654531207,2.488698
3.2471856967499786,2.7867718
2.2636289376342518,3.297948
3.246038222478365,5.096095
10.487957753005745,9.409124
24.15389946567001,18.270092
32.0908,30.88565
40.4446,38.580772
43.7035,41.856274
43.2445,41.703342
39.1135,39.10277
31.7695,32.193127
22.1305,21.251194
12.262,10.742433
4.8721,4.341736
4.0,3.7617912
4.0,3.8132677
4.0,3.742422
3.7362713041574303,3.4960775
2.9445792617743844,3.1455374
1.8360361615999299,2.8320045
2.1473141919508905,2.455
2.831167509019563,2.2693672
2.617104370031642,2.3110447
2.1506739537111006,2.417204
1.1020308514739199,2.5240412
1.6765720814226466,2.7678146
2.9930815775288337,4.355133
8.481283189144133,9.164881
18.12814720828345,17.167953
27.02518791696061,26.51596
36.68319893705668,35.48542
43.29039999999999,41.647568
42.831399999999995,43.145573
39.5266,39.889675
32.3203,33.154583
23.0026,23.164846
12.5833,11.986941
4.8262,4.101528
4.0,3.0998068
3.9228372591742,3.3411293
4.0,3.3872929
4.0,3.4154987
4.0,3.3097486
4.0,3.1876955
4.0,2.9895983
3.376096415378802,2.8113499
2.4388674251876754,2.6862774
1.4690249552638495,2.3217087
0.9664268214277119,2.0483208
0.5209116931350106,1.9965153
2.4028116931350105,2.7056475
9.98314133166704,7.8205276
18.947072537338133,18.109695
31.062496130725663,27.54736
40.8118,38.891888
43.749399999999994,42.757553
43.9789,42.579346
39.9397,39.17316
31.60834203309723,32.40101
21.5797,22.45847
10.535151988755713,11.3816185
4.918000000000001,4.10944
4.0,3.2174768
4.0,3.4472008
4.0,3.6026335
4.0,3.5763788
2.782313288848096,3.5454187
4.0,3.3456354
4.0,3.3306684
1.463083373698046,3.4209204
0.5209116931350106,3.1427536
0.47833419838820035,2.6045256
0.9908240274511044,2.364315
0.905424456786557,2.5971012
4.169330783535271,3.3405466
13.106510953384548,8.365717
25.573,20.628368
35.0743,31.425674
39.8938,38.11737
42.6019,39.543938
42.4642,39.09244
39.8479,36.14432
33.0088,30.784054
23.5534,21.301735
12.9505,10.695712
4.963900000000001,3.9463882
4.0,3.598219
4.0,3.8519878
4.0,4.064082
4.0,4.2206345
4.0,4.3563766
4.0,4.3572674
4.0,4.3538055
4.0,4.0809174
4.0,3.7352457
4.0,3.520877
4.0,3.4306116
2.384230236665557,3.822073
5.0573281079444445,5.5555296
14.191901146896052,12.362578
23.602574344447035,23.430088
32.506036538037606,32.207302
36.84758068062878,39.119534
40.3528,42.08523
38.1037,42.070633
34.9366,36.96001
30.071200000000005,29.397358
21.8551,20.134565
12.7669,10.385862
5.0098,4.2466946
4.0,3.882348
4.0,4.0526447
4.0,4.1275797
4.0,4.1867085
4.0,4.2948856
4.0,4.3317633
4.0,4.241558
1.651822427950222,3.995844
0.20700185941403504,3.290141
0.0449902362601744,2.0618925
0.2427627816344824,1.5600033
0.07535667767814402,2.358139
1.4888738373034727,5.3191175
8.25464645095312,11.745543
20.444949050924848,22.154667
31.425883243009565,31.793823
38.1955,38.739388
41.638,42.034145
41.5003,41.690792
37.7365,37.9426
31.3564,31.328362
22.6354,21.341665
12.4456,10.623513
4.963900000000001,4.3081617
4.0,4.0677023
4.0,4.214694
4.0,4.1244764
4.0,4.000925
4.0,4.0079746
4.0,4.0303373
4.0,4.018176
4.0,4.026889
1.8648468402794318,3.596034
0.6137450772286748,2.662591
0.197059189701557,1.9197178
1.7546725348143415,1.9405584
3.181919762500188,7.068212
11.492657669201936,14.769361
19.16598051336279,23.83466
29.398215005135807,31.930367
37.01652509307588,39.851814
41.9593,44.091118
41.638,44.591965
36.9103,41.01057
30.0253,33.234406
21.7174,23.935543
11.6653,12.83082
5.0557,4.5455008
4.0,3.611639
4.0,3.9264288
4.0,4.102912
4.0,4.1735125
4.0,4.2309084
3.3709093816159363,4.171509
2.642214117800732,3.7335987
2.231813565216326,2.9487143
1.7232952432249018,2.513832
1.306566792724686,1.9896021
0.32232890009296256,1.7212105
0.2585360770215974,1.8269644
2.208466849589156,4.7283
8.291036077021598,11.59528
17.424989356545645,22.003275
29.376000000000005,31.022873
37.13107466212161,39.23435
42.9748952810593,44.46239
43.933,45.35536
39.802,42.042976
32.2285,35.193798
22.6354,25.074024
13.3636,13.431875
5.147499999999999,4.830344
4.0,3.6618948
4.0,3.9807425
4.0,4.145464
4.0,4.200777
4.0,4.2253647
1.6549089394423468,4.187725
0.08299041176491606,3.4300842
0.4246137893219917,2.3230171
1.4423490509248449,1.8957138
1.4344756807136232,1.9308214
1.3381863914256158,2.2936153
2.3380475827244727,2.8547344
4.874201146896052,5.960508
10.680254869269929,12.526385
20.5173,22.180965
28.96236541957537,31.847515
38.21050618340559,38.986313
43.31661267048836,43.7194
44.29242692175566,44.72806
40.9954,42.50505
34.064499999999995,36.368813
24.5632,26.734566
13.6849,14.508031
5.147499999999999,5.0634575
2.5944519887557114,3.385769
1.201062384993575,3.5212936
1.4849053442171662,3.3448715
0.8716070271760454,3.120885
0.7532370042897494,2.92908
1.08398919578379,2.4909592
0.6502927069993714,2.3216143
0.30988370385652964,2.1737099
0.0070580244854543395,1.8751984
0.0,1.5634842
0.0,1.4826975
0.0,2.0058575
1.2851999999999997,3.7655497
6.9309,8.6073
18.6354,16.487839
30.707100000000004,27.590275
38.711674282469694,38.45841
45.1264,44.78256
44.7133,45.990715
40.9036,43.136856
33.8809,37.538166
24.2878,28.176668
13.384495266445926,16.012505
4.436743858196147,5.8456397
2.8520141452258,3.2085981
2.903731889472814,3.357153
3.225433692449826,3.3239937
2.968181883589441,3.2300014
2.8520141452258,3.1513138
2.6099428819352557,3.068489
3.1553910883993854,2.9279413
3.2369432737603514,2.551508
1.7014398074929655,2.4205818
0.08983831673653597,1.7846336
0.22668654667057453,1.1834364
0.13055493838412602,1.5899687
1.957559677801079,3.694044
8.471923633943533,9.148632
18.45722577450624,18.221819
30.0186,29.646782
37.98099912691551,39.40784
44.05387966195422,44.737904
44.6674,45.714027
40.9495,42.884792
33.9268,36.23753
24.3796,26.967236
13.585024133837868,15.202611
4.42010288339306,5.3615246
3.0808147144319573,3.1313887
3.891534568903575,2.9967508
4.0,3.2629452
4.0,3.5195436
4.0,3.7305145
4.0,3.7997618
3.0493902222222236,3.68256
1.8744810477496916,3.3919973
0.9560297838259135,2.6520166
1.0993189819429965,2.0135193
1.497848777761499,1.6680088
0.6380390790820112,1.8096466
2.5184162647609725,2.8070345
10.056145838435944,8.383816
20.71388583844684,20.378769
32.46701976872951,30.97282
41.6476195812495,39.88072
45.26409999999999,44.4314
44.9887,44.850193
41.1331,42.13834
34.1104,35.667347
24.5632,26.324558
13.7767,14.582403
4.5378528293362965,5.0936613
3.8427082189928825,3.3354607
4.0,3.3901443
4.0,3.5294466
4.0,3.647521
1.9826123224089098,3.7646809
1.1265359503588357,3.5427017
0.7173546595466433,2.9987078
0.3767131099264738,2.398013
0.04663389032202225,1.9804049
0.0,1.5132799
0.030965336158512713,1.4023638
0.3450700904279511,1.9049187
2.2735080867796515,3.731841
8.331063457167298,10.081852
18.4059,18.189854
28.47472426152814,29.478634
38.79282641987534,38.84778
45.10139526644593,44.451244
45.0346,44.890476
41.1331,41.697006
34.1563,35.302593
24.5632,25.979895
13.7308,14.311745
5.2852,5.1877565
4.0,3.3104353
3.4699241304781907,3.4313955
2.696282298284256,3.5143604
2.4575591350333976,3.425786
1.4099592968095855,3.231453
0.530277343966171,2.8965578
0.179692807580361,2.370988
0.056667008614793346,1.9226847
0.0,1.6532164
0.0,1.4509077
0.0,1.3145466
0.0,1.55797
1.7827464509531197,3.1450043
7.863148695811793,8.54962
17.865867008614792,17.207045
30.6612,27.56126
38.36059613072567,38.39839
44.94279999999999,44.444984
44.6215,45.15932
40.7659,41.990913
33.6973,34.937725
24.2878,25.274097
13.6849,14.842048
5.2852,5.258403
3.6640831121531097,3.1405182
3.7027946165080188,3.0738792
2.9235132478681063,3.2275343
3.8548964943437323,3.1722298
4.0,3.2392635
2.655397186572218,3.2347012
0.6641624928499716,3.106821
0.06829745820726174,2.6799774
0.0,2.1359549
0.04828576888315794,1.6429977
0.5245076565079803,1.510706
0.6319388423209258,2.13243
1.8414364611975191,3.980874
6.274541934326233,8.51495
15.300282816129208,15.102289
33.2842,27.587349
41.3626,37.29978
44.392,43.42233
43.5199,43.17307
39.0676,39.95365
32.8711,32.79726
24.3337,23.657173
13.6849,12.535507
5.2852,4.572401
4.0,3.2920637
4.0,3.6327982
4.0,3.9647589
4.0,4.152053
4.0,4.2493267
4.0,4.2173357
4.0,3.9969025
3.6401229634817636,3.6999693
2.9235132478681063,3.28236
2.7446419704699263,2.6972885
2.5944519887557114,2.2283525
4.0,2.263689
6.1114,4.5253353
13.7308,11.678567
25.7566,21.115
35.1661,30.661736
42.3724,39.432194
44.2543,44.871147
43.0609,45.256958
39.6184,40.82705
33.3301,34.045067
24.9304,24.610823
14.098,14.382939
5.377000000000001,5.2215233
4.0,3.2741919
4.0,3.6554909
4.0,3.977748
4.0,4.165819
4.0,4.300166
4.0,4.3883333
4.0,4.4229946
4.0,4.311161
2.6230757408889467,4.031044
1.2619496879876113,3.5414867
0.5645492207357137,2.996832
0.7055136569911351,2.7436075
2.5191129301382738,3.732562
11.1537,9.990075
22.87739694189888,22.799173
32.0024726322093,34.219376
39.01752682142771,41.772915
45.54911958124949,45.362556
45.8608,45.00123
42.3724,41.84249
35.1202,35.61973
25.2517,26.22187
14.2816,15.113987
5.4229,5.9306755
4.0,3.373726
4.0,3.4655132
3.811620281996678,3.627018
4.0,3.6201887
4.0,3.6210823
4.0,3.6247253
1.5540136805536147,3.5623245
0.46299351274968004,3.2332163
0.0,2.6509619
0.0,2.0348005
0.3374415362933849,2.008564
2.2864429366862957,2.5257597
4.825714145225801,4.8165255
10.833770615349918,10.24743
21.665978482253024,19.3732
32.0841,30.136559
39.1986,39.11614
43.257965274639716,43.71581
46.3657,44.867767
42.6019,41.57185
35.4874,34.906624
25.7107,26.186602
14.557,14.941113
5.5146999999999995,5.4512644
4.0,3.167615
4.0,3.1748772
3.552711285768776,3.340087
2.373812670488368,3.3248224
1.360365717307996,3.1913347
0.7572570337488038,2.9245834
0.5101668495891563,2.61413
0.18886906043314156,2.354764
0.0,2.0884361
0.0,1.6506786
0.12807253733813617,1.7117662
1.1356553365513253,2.2296686
6.029857060329077,4.6310205
13.849245001899645,11.982437
22.75382445678656,23.667253
33.110058140215855,33.112316
40.636605074031934,40.712837
45.60701328884809,44.2913
46.5952,44.64192
42.6937,41.479034
35.4874,34.977108
25.7566,25.365925
14.6029,14.09327
5.5146999999999995,5.070301
4.0,3.0781908
4.0,3.3174953
3.083332698502284,3.6252708
2.428373752796345,3.5644655
1.5590597990572022,3.2623587
1.2922738690825177,2.9920635
1.4690249552638495,2.7661057
3.008071847806759,2.5106936
4.0,2.6508932
4.0,2.8309126
4.0,3.0598545
1.9553960357495779,3.4436016
2.811475680713622,5.018917
10.311516277003657,9.025574
20.9292633967833,20.086378
31.747674212963652,30.164455
39.984180458545296,39.509243
45.08213501048366,44.72073
46.8247,45.46806
42.9232,42.691734
35.6251,36.245388
25.8484,27.189423
14.6947,15.540378
5.560599999999999,5.6376925
4.0,3.083024
4.0,3.281989
4.0,3.7184858
4.0,3.9062176
4.0,4.0143757
1.697287179004645,3.914568
1.040184699087936,3.5090895
1.317079785808513,2.8845892
3.71483346312972,2.5729809
4.0,2.5716667
3.5000738801926587,2.7983284
2.2898723024686127,3.2966805
4.884984984532762,6.579381
13.584255987884388,14.664932
23.391595752103445,25.51861
32.49168520605246,35.019485
39.9018647833529,41.91426
46.2739,45.087864
45.9526,43.94596
41.0872,40.55497
34.064499999999995,33.75258
25.0681,24.766064
14.4652,13.510508
5.5146999999999995,4.800686
4.0,3.5017643
4.0,3.7946253
4.0,3.9992943
4.0,4.140808
4.0,4.240532
4.0,4.291708
4.0,4.296566
4.0,4.2093525
3.7362713041574303,3.9594183
3.644112355662818,3.4068089
4.0,2.8433638
4.0,3.0947742
4.887911015892547,7.174982
13.394682990047269,14.811331
23.005115908207003,26.402172
32.61056337179226,35.125793
40.34201193895495,42.44464
46.5493,45.856415
46.2739,45.86961
42.3724,42.768223
35.212,36.105827
25.5271,26.738283
14.557,15.059309
5.560599999999999,5.4194994
4.0,3.3099823
4.0,3.735917
4.0,4.0585117
4.0,4.213852
4.0,4.3302364
4.0,4.407552
4.0,4.3814335
3.0908921415040016,4.2373676
0.7725926440808646,3.8145266
0.028626702239842317,2.9911518
0.07093021971606994,2.0854063
1.201062384993575,2.0597878
4.118226030966978,4.2591743
11.4035281103275,11.090021
22.106878861684763,22.474493
31.92467208142265,33.43108
41.5003,41.10313
45.9526,44.881313
45.9526,45.077568
42.2806,42.39282
35.212,35.885735
25.573,26.43659
14.6029,14.946867
5.560599999999999,5.416155
4.0,3.8089905
4.0,3.9938393
4.0,4.0786133
3.9228372591742,4.029174
2.468093770539337,3.9119177
2.0849151669023076,3.6467228
0.8682474992654168,3.3042974
0.40245478550929903,2.8300743
0.20146285329153102,2.3591404
0.3944824241021152,1.9457064
0.6773430310277941,1.9980488
1.2459334633409593,2.6255522
3.578380644121699,5.37852
11.84324147473138,10.824193
22.97853049536782,23.80114
33.27535598788439,34.20088
42.8773,41.575584
46.0903,45.16119
45.8149,45.110912
41.9593,41.39898
34.9825,34.679775
25.3894,25.69785
14.5111,14.676458
5.560599999999999,5.2013435
4.0,3.646988
4.0,3.8752155
4.0,4.016597
4.0,4.0090084
4.0,3.9668436
1.7128763673057659,3.8381834
0.8216383030793626,3.446784
0.4966525957485892,2.772254
0.7055136569911351,2.2841864
1.4611039746056171,2.0409336
2.1821116454868257,2.240569
0.6502927069993714,2.9172802
3.6550895942569337,5.8950233
12.891170497655652,13.020409
24.26934788555064,24.972935
34.29674196991873,34.661915
43.015,42.13273
46.4116,45.69
46.0444,45.550682
42.1429,42.40281
35.0743,35.678993
25.573,26.438187
14.6029,14.419403
5.6065000000000005,4.97472
4.0,3.5197115
4.0,3.8008337
4.0,3.9882069
4.0,4.0640707
4.0,4.109082
4.0,4.0351706
4.0,3.8069124
3.064460073084007,3.4796038
2.005567486256572,3.0975475
1.387523734447985,2.5844326
1.4070260867102249,2.3217173
1.041073479515008,2.7204294
3.643113656991135,6.410442
12.51377886168476,15.2098875
25.056272302468614,25.617031
35.7932624230035,35.441452
43.2445,42.87798
46.5493,46.191833
46.228,45.8273
42.3265,42.720013
35.212,36.15163
25.573,27.034597
14.6488,14.967294
5.6065000000000005,5.283206
4.0,3.590004
4.0,3.8397179
4.0,4.0291147
4.0,4.1219416
4.0,4.1326656
3.18080288339306,4.014426
0.8348738097442592,3.714755
0.32232890009296256,3.1841898
0.06394817247411133,2.5001688
0.0,1.9765759
0.10336965079365079,1.7781734
0.0,2.2352
2.804362096238046,4.0686455
11.7963,11.706495
22.25693830307937,23.677376
32.670179936507935,33.487953
41.387191045072,41.807716
46.1821,45.440807
45.769,45.547756
42.0511,42.588837
35.1202,36.068928
25.4812,27.028393
14.6029,14.960101
5.6065000000000005,5.414563
4.0,3.8306093
4.0,4.0324564
4.0,4.1367216
4.0,4.0443134
2.1361289641645183,3.916851
1.881986345544533,3.5922585
1.4099592968095855,3.1779966
0.6641624928499716,2.7482138
0.0,2.3770847
0.0,1.8278437
0.36111626476097314,1.6434059
0.6403311924818897,2.373745
3.9723359503588345,5.5892363
12.3012,13.5808
20.8845,24.43347
31.952906263214892,32.96331
41.13637434444704,41.271233
46.6411,45.058277
45.769,44.83598
41.3167,41.06076
34.3858,34.38458
25.5271,25.183834
14.8324,13.95235
5.6524,5.07796
2.8520141452258,3.8284445
3.111079661954223,3.9725504
3.5804483772352427,3.8297606
4.0,3.7025137
4.0,3.6465645
4.0,3.6398983
4.0,3.6363497
3.7228687508663114,3.6198454
1.5258481364674434,3.4416952
0.5273901931372169,2.955388
0.642625983829733,2.394556
1.8530906405897962,2.5569057
4.917210543287725,5.7369533
13.116243031027794,15.2083845
23.04568622222222,25.917328
32.400229637081864,35.0962
40.43554720828345,42.265976
46.203471833002745,45.956234
45.3559,45.88602
40.3987,42.17109
34.1104,35.21467
25.7107,26.08839
14.7865,14.54694
5.6524,5.3392134
4.0,3.5969486
3.390376059986968,3.732607
4.0,3.815423
4.0,3.7556791
4.0,3.8248367
4.0,3.9491425
3.3605419009669966,3.9054432
3.3864806806287824,3.6151876
2.048423787858045,3.2699318
0.06007562122891308,2.8550158
0.23987085745386771,2.1323605
4.0,2.3339453
3.9346782550678743,5.69361
10.74037024696903,13.770919
23.49989023626017,23.50912
35.90386474723587,34.16977
43.1068,42.21164
45.3559,45.50777
45.401799999999994,45.167957
41.1331,42.291386
34.8448,35.451447
25.0681,26.091686
14.6947,14.29212
5.560599999999999,5.217737
4.0,3.7210999
4.0,3.8935194
4.0,4.1118164
4.0,4.2220097
4.0,4.370825
4.0,4.395815
4.0,4.4111547
4.0,4.307458
4.0,3.8599348
3.4059777564813487,3.3451872
2.191121822505819,2.8452063
4.0,2.6808634
7.3507,7.6197896
17.3569,15.613684
28.097499999999997,25.892014
37.1857,34.915867
43.749399999999994,42.186497
46.8247,45.69965
46.2739,45.24775
42.3265,42.243824
35.0743,35.53728
25.4353,26.077148
14.557,14.78943
5.560599999999999,5.1665764
4.0,3.2352295
4.0,3.5445023
4.0,3.9520102
4.0,4.193035
4.0,4.31369
4.0,4.4064865
4.0,4.478656
4.0,4.4868393
4.0,4.3560944
4.0,4.176111
4.0,3.8872986
4.0,3.859604
7.3048,6.2307315
17.311,14.802556
27.8221,25.534462
37.4611,35.210876
43.8412,42.74159
46.9165,46.092335
46.7788,46.429882
38.6019,43.635975
31.533300000000004,36.75487
21.6648,26.69019
10.4652,13.871927
5.6065000000000005,4.039098
4.0,1.743844
4.0,2.403492
4.0,3.0395374
4.0,3.6403818
4.0,4.1160574
4.0,4.332505
4.0,4.4660673
4.0,4.382539
4.0,4.332677
4.0,4.061158
4.0,3.8300076
4.0,3.946869
7.4884,7.6873994
17.2192,16.915874
26.1697,26.896372
35.1661,35.27562
43.6576,42.427906
45.9067,45.353123
46.9624,43.999123
42.6937,41.29693
35.9923,34.294094
25.9861,24.660885
14.9242,12.890901
5.6065000000000005,4.257757
4.0,2.4356194
4.0,2.7429295
4.0,3.360466
4.0,3.8252583
4.0,4.0806293
4.0,4.29161
4.0,4.5038013
4.0,4.4411573
4.0,4.132921
4.0,3.85151
4.0,3.7227774
4.0,3.8997488
7.213,4.624855
16.347099999999998,12.018558
25.0681,23.68084
33.4678,32.20482
41.8675,38.915134
42.9232,42.1274
43.88709999999999,41.163734
39.9397,37.465614
31.172800000000002,30.737206
23.6452,20.818659
13.2259,10.907677
5.560599999999999,4.010788
4.0,3.4300594
4.0,3.8350239
4.0,3.976121
4.0,4.14822
4.0,4.2626905
4.0,4.315856
4.0,4.2626085
4.0,4.1592894
4.0,4.117527
4.0,4.111556
4.0,4.0292463
3.2433438581961465,4.2603655
6.941654029873694,5.758829
16.8979,14.532371
26.2615,26.273943
36.2677,35.071095
42.3265,42.382935
45.31,45.369713
44.1625,45.070827
39.3889,41.227158
33.4219,34.244396
24.9304,24.993328
14.4652,14.076308
5.6065000000000005,5.0222197
4.0,3.4835405
4.0,3.835371
4.0,4.019518
4.0,4.101574
4.0,4.222556
4.0,4.196352
4.0,3.9726906
2.642214117800732,3.7072563
2.2363487951896346,3.3962002
2.9099095144025338,2.9390593
2.785968063536309,2.7501135
3.9460241338378683,3.219593
6.197952864509123,8.323132
15.305671719496662,17.751656
25.32992283780643,28.384434
34.91625835523923,37.10819
42.556,43.85373
46.4116,46.720337
46.1821,46.74493
42.8773,43.094524
35.441500000000005,35.904926
25.9861,26.36416
14.3275,14.382166
5.744199999999999,5.188202
2.6194915473108864,3.2410564
4.0,3.3149748
4.0,3.4000635
4.0,3.4382114
4.0,3.5266008
4.0,3.7280207
3.4333352899456724,3.8005953
1.2150286729571,3.5998507
0.1038429934437648,3.0333824
0.33997910655871166,2.102293
2.291014517915224,1.9244995
0.7790781421288173,2.9021044
3.4159560705602328,7.000298
12.552429227943804,15.588164
23.775290236260176,25.70936
33.504627176470386,36.477077
42.64128394042314,43.24728
47.605,47.543278
46.5952,46.43591
41.0872,42.07684
34.8448,34.24792
24.9304,25.184319
12.0784,14.102939
5.7901,4.9363794
2.8987928279365835,3.0310888
1.97824965079365,2.9750805
2.9445792617743844,2.8692188
2.273886326675653,3.0394802
1.5833577530057443,3.047243
1.7820124612325845,3.048009
1.9088699876957484,2.890009
2.7349481811669474,2.7294998
4.0,2.6834593
4.0,2.684536
4.0,2.8215313
3.40727894755347,3.2775164
5.784000463983068,6.6783986
14.021180040849282,14.147208
24.8426670086148,25.057678
34.67369694189887,36.427673
43.622743191272974,43.9243
48.2476,47.619434
47.7886,46.123356
43.6117,43.077236
36.0382,34.8989
26.4451,26.598766
15.1996,15.4808035
5.7901,5.831764
4.0,3.0201101
4.0,3.1383934
4.0,3.4660187
3.3709084735017054,3.4516373
2.048423787858045,3.3584852
2.308185740864035,2.8110247
4.0,2.396966
4.0,2.429716
4.0,2.623887
4.0,2.8027725
4.0,2.9779634
4.0,3.4181938
6.441954943098491,6.9652576
14.71206615371105,15.118143
24.33012585812558,25.948984
32.59937085745386,35.439922
39.30187599705067,42.513065
45.5103082455754,45.999454
45.1264,45.6408
40.3528,40.672146
35.5792,33.579952
26.3533,25.298443
15.1537,13.677095
5.835999999999999,4.9066334
4.0,3.225278
4.0,3.353446
4.0,3.6504135
4.0,3.7752256
4.0,3.867241
4.0,3.9506874
4.0,3.845214
4.0,3.6122675
4.0,3.565549
4.0,3.4194317
4.0,3.5768194
2.014334470869814,4.2551527
4.359363396783298,7.8877244
14.11090765650798,16.83936
25.5908902042516,28.596058
34.9299,38.815384
41.81562724731988,44.73378
47.485610953384544,47.340427
47.8804,47.032143
43.9789,41.903305
36.7267,34.908108
26.8123,24.468693
15.4291,13.015298
5.8819,4.50338
4.0,3.0941772
4.0,3.5730448
4.0,3.9284563
4.0,4.109577
3.6401229634817636,4.291157
2.645806110071037,3.987543
1.179747880675455,3.342782
2.3842295120941355,2.8444233
3.2677011468960515,2.5156937
3.25231040970859,2.5686445
3.1553910883993854,2.5769043
3.638792847564412,3.0732613
8.4064,7.0741897
16.082811114537705,17.459635
26.5302,28.051899
35.9856,37.13351
43.74824500786109,44.43809
49.7623,47.246918
49.2115,46.8424
44.6674,43.407795
36.9562,36.0768
26.8582,26.94587
15.6127,15.711528
5.9737,6.2211194
4.0,3.1054916
4.0,3.4052687
4.0,3.7602043
4.0,3.932621
4.0,4.1142206
4.0,4.1731443
2.4610693988711034,4.056596
1.5540136805536147,3.4099092
1.9957188902027436,2.6951065
2.782313288848096,2.1080494
4.0,2.1713028
4.0,3.600748
7.365429460792505,9.6093025
18.008928884583426,18.912495
29.20161347591985,28.705471
37.53764364182911,38.259335
44.21613142720829,44.95176
48.9361,47.530373
48.3853,46.739273
44.1166,42.97799
36.589,36.276787
26.7664,27.151245
15.475,15.396984
5.9277999999999995,5.5329733
4.0,2.7179966
4.0,3.4184523
4.0,3.894393
4.0,4.0287256
4.0,4.104558
4.0,4.150673
4.0,4.1443815
3.831885341502179,3.9282007
1.5975869493131203,3.3810396
1.27992678038264,2.5028963
1.0375217291101464,1.9308348
0.8977805133627879,2.246894
4.241637004289748,5.350686
12.876408086779652,13.901957
28.26952396238028,25.913391
38.3332,37.11497
44.6674,44.427532
48.5689,47.084732
48.1099,46.78621
44.0707,43.527573
36.589,36.88894
26.5828,27.998333
15.2455,16.00169
5.7901,6.0191956
4.0,3.713952
4.0,3.8874311
4.0,4.040533
4.0,4.096032
4.0,4.168745
4.0,4.342573
4.0,4.4424906
4.0,4.3911095
4.0,4.1414986
4.0,3.8050995
4.0,3.4840355
4.0459,3.3966637
7.9933,4.2775145
17.9077,11.090385
29.3368,22.172108
38.9299,31.769066
45.3559,40.902367
47.9263,45.438763
47.9722,46.510258
43.6576,44.293667
36.3595,37.128147
26.4451,26.599644
15.1996,13.933027
5.7901,4.657584
4.0,2.592144
4.0,2.6768818
4.0,3.0116415
4.0,3.3211088
4.0,3.7043924
4.0,4.0291815
4.0,4.239915
4.0,4.3656006
4.0,4.4141016
4.0,4.4550457
4.0,4.471634
4.0459,4.8093443
3.626099999999999,6.5316296
11.6127,12.137842
17.2584,19.409178
23.2254,26.605232
23.5993,24.089447
38.884,27.03236
41.8675,33.982025
28.5106,34.58713
19.3765,20.96821
12.262,14.448574
9.508,7.4735646
4.3672,4.1771
4.0,3.1264
4.0,3.1068554
4.0,3.710826
3.7564056186460277,3.7736263
1.501838760306919,3.5538654
0.04663389032202225,3.2678356
0.0449902362601744,2.7021646
0.030965336158512713,2.1795444
1.0277742824696947,1.8354225
1.167753385448087,2.4612255
0.7252819991673025,3.1282625
1.8258052615221452,4.3963757
4.811904615002646,7.781171
14.430220625263532,12.424537
21.22049105275537,23.688242
30.11232028199668,31.941853
37.2316,39.657368
44.6215,42.29412
44.6215,43.673866
41.0413,40.626274
34.3399,33.03375
25.2976,23.560093
14.7406,13.589037
5.560599999999999,5.324066
3.501386388631241,3.260785
2.014334470869814,3.6803179
1.5864039371000196,3.7099009
0.5830381809384377,3.3079634
0.1038429934437648,2.826992
0.0,2.261055
0.0,1.6921005
0.06007562122891308,1.446744
0.04051293013827362,1.3382511
0.18237987015984558,1.4196768
0.5158891535943226,1.5850334
1.6618411181423607,2.314454
4.630897815493761,5.6719546
14.342323673531435,13.331561
25.3827,25.735048
34.99828677360163,36.75287
42.62558469908794,44.157917
48.3394,46.887722
47.4673,46.028046
43.42809999999999,41.917236
35.7628,34.526283
26.0779,24.23867
15.1996,13.507599
5.9277999999999995,4.790966
4.0,2.936411
4.0,3.6566553
4.0,4.1758823
4.0,4.234787
4.0,4.0332155
4.0,3.793189
4.0,3.3056345
4.0,2.9786434
4.0,2.6251173
4.0,2.4060163
4.0,2.4364166
4.0459,3.1041384
7.03691033215497,9.261267
15.780388608755796,17.138882
26.544988179260123,28.120007
36.27386084575079,37.845776
45.82544854006676,44.570793
49.0279,47.232304
48.2476,46.384304
43.933,42.45886
36.5431,35.49329
26.7664,26.26744
15.475,14.284716
5.9277999999999995,4.7427053
4.0,2.9924908
4.0,3.4654455
4.0,3.9715738
4.0,4.15125
4.0,4.0010643
4.0,3.9410772
4.0,3.9901285
4.0,4.0603447
4.0,4.0161505
4.0,3.7288141
4.0,3.5184326
3.854820185886533,4.0755053
6.973947582724474,8.55341
17.211985162864796,18.449211
27.77333988739765,29.396412
37.89435328014799,38.25679
45.5368585598534,45.336334
49.3033,48.0365
48.7066,46.871716
44.34609999999999,42.94545
36.8185,35.931942
26.95,26.648472
15.6127,15.229695
5.9277999999999995,5.3061457
4.0,3.0353632
4.0,3.6728067
4.0,4.0718727
4.0,4.1775675
4.0,4.2419214
2.6135224140339908,4.277075
0.2969633717922573,4.0399456
0.030183613418648392,3.109087
0.0939967944886444,2.1261225
0.5645492207357137,1.5765018
1.7170411533192915,1.7382307
0.696192706999371,2.569848
3.892572316889561,5.125351
11.46258111781371,14.427115
24.054725858125583,25.309696
36.21295598788439,36.28704
43.29039999999999,43.726784
46.6411,46.65787
44.851,46.346085
41.4544,42.970867
35.8087,36.47829
26.3533,28.078169
15.2455,16.136822
5.8819,6.035889
4.0,3.286315
4.0,3.6784678
4.0,4.022338
4.0,4.1512423
4.0,4.2206326
4.0,4.1693172
4.0,4.0206337
3.099718614534561,3.7624693
2.810369679551888,3.242033
3.501386388631241,2.646618
3.0581774861730633,2.523076
2.124164478490121,3.0585613
6.3707529177270805,7.8852286
15.968359828677176,15.793977
27.214750861964816,26.691746
37.67182182250582,37.450348
45.1264,44.795185
44.5297,46.739185
41.7231,43.34899
36.8185,39.26946
34.890699999999995,31.024239
25.8025,24.193872
14.8783,13.632554
5.8819,4.5590897
4.0,3.4766054
4.0,3.9797678
4.0,4.168419
4.0,4.175665
4.0,4.2664804
4.0,4.3919888
4.0,4.3693247
3.0506448993257997,4.0861435
3.8413547590203727,3.373044
4.0,2.798974
4.0,2.767313
3.0652215200692545,3.6525078
6.335896651184815,8.042238
15.109691908872437,18.643059
26.77422893763425,29.20297
36.2677,38.44158
44.2084,44.010563
46.5493,46.43474
45.4936,45.22817
42.1429,40.916504
35.441500000000005,33.16513
26.3074,24.093773
15.1996,13.308502
5.9277999999999995,4.236738
4.0,2.9374218
4.0,3.6419497
4.0,3.913003
4.0,3.970416
4.0,4.134348
4.0,4.319639
4.0,4.397476
4.0,4.338578
4.0,4.170247
4.0,3.8583126
4.0,3.6139612
2.043938856448859,4.226534
5.991935950358835,7.6765733
15.549768342802126,17.532078
27.49555365193762,28.86182
37.2775,38.972694
43.7953,44.43275
46.7788,46.22434
47.8345,44.97847
43.2445,41.32991
36.0382,34.455788
26.1697,25.207329
15.1078,13.568651
5.8819,4.551608
4.0,3.119769
4.0,3.4829035
4.0,3.757905
4.0,3.9504871
4.0,4.0430374
4.0,4.2415695
4.0,4.5043697
4.0,4.5681067
4.0,4.4641457
4.0,4.2755156
4.0,4.285102
2.3554282370628368,5.442606
5.924495176211215,10.271347
17.886367509019564,19.817974
29.30144854006676,30.488766
39.6643,39.346817
46.2739,45.76644
49.2574,47.760212
48.6148,46.93805
44.3002,43.625698
36.7267,36.469032
26.5369,26.530697
15.1996,14.637835
5.8819,5.194929
4.0,3.2175455
4.0,3.7032528
4.0,3.9887867
4.0,4.1030664
4.0,4.221877
4.0,4.3142376
4.0,4.3849945
4.0,4.431408
4.0,4.455409
4.0,4.370739
4.0,4.2419558
4.137700000000001,4.5594893
9.049,9.30833
19.4224,18.0389
30.071200000000005,29.908123
39.802,38.34705
46.1362,44.84425
49.0279,46.981102
48.2476,46.49477
43.933,43.281567
36.3136,36.24879
26.3074,26.427385
15.1078,14.494425
5.8819,5.2533207
4.0,3.422225
4.0,3.6670618
4.0,3.9720716
4.0,4.1282597
4.0,4.2612457
4.0,4.328269
4.0,4.353941
4.0,4.398225
3.7564056186460277,4.338293
3.2677011468960515,3.8979082
4.0,3.4449215
4.137700000000001,4.15775
8.9572,10.191345
17.999499999999998,19.237541
29.520400000000002,28.353146
38.3332,37.017445
43.5199,43.445953
45.4477,45.750763
44.8969,45.117104
41.3167,41.75756
29.4286,34.364727
22.2682,23.967102
13.2259,13.1831
5.6983,4.7931194
4.0,3.216364
4.0,3.7623672
4.0,4.027911
4.0,4.055579
4.0,4.1072264
4.0,4.193759
4.0,4.1623373
4.0,4.0228987
4.0,3.8825989
4.0,3.6779938
4.0,3.635377
4.137700000000001,4.5951624
8.9113,10.7393
19.147,20.286861
29.1073,29.30936
36.9562,37.472046
43.2445,43.797142
46.5034,46.591236
46.3198,46.242348
40.1233,42.98608
35.028400000000005,35.632145
23.0026,25.992071
13.5931,14.12764
5.744199999999999,5.187542
4.0,3.1853943
4.0,3.4427223
4.0,3.7448864
4.0,4.005845
4.0,4.2488327
4.0,4.324087
1.2998905716294828,4.138854
0.7628957521034447,3.476244
0.9250494142757493,2.683154
0.18886906043314156,2.2154255
0.0,2.05626
0.44696490184467486,2.2316008
4.778937801822442,6.1622705
15.31508498023852,15.642941
27.9139,27.02364
36.5431,37.235924
43.6117,44.35856
46.687,46.87865
44.6674,46.28461
37.8283,42.578617
33.376000000000005,34.714367
25.9402,26.088947
15.0619,14.790267
5.8819,5.328741
4.0,3.4992476
4.0,3.8945227
4.0,4.171283
4.0,4.196698
4.0,4.114766
3.2318264599813187,3.9536552
1.5833577530057443,3.6022835
0.4246137893219917,2.9148464
0.0,2.089716
0.0,1.3181
0.7086652746397117,1.1565132
3.1808176446781626,2.0890713
5.785486244047281,7.4799585
15.728765336158514,18.24116
26.86226700861479,28.414694
37.40105541816025,38.51345
46.4575,45.40073
46.3198,47.51773
44.7133,45.52993
42.3265,41.669563
35.9464,34.63331
26.4451,25.368092
15.3832,13.842297
5.9737,4.974169
4.0,3.6562653
4.0,3.8818903
4.0,4.0803337
4.0,4.186865
4.0,4.236697
3.2818293057993895,4.1379957
0.905424456786557,3.7768993
0.6502927069993714,2.9502048
1.058888594960008,2.0876312
1.5378987487906723,1.6137352
2.208047110536169,1.6630344
3.0061974864081034,2.4339237
5.926645462489708,7.475346
16.174611114537708,18.114738
27.424006183405588,29.05185
38.72947966195422,38.518673
46.2739,45.08473
47.1919,47.436855
45.6772,45.937607
40.4446,40.374508
34.7989,33.669548
25.8943,25.632488
15.0619,13.742788
5.9277999999999995,4.533475
4.0,3.164692
4.0,3.5662327
4.0,3.763955
4.0,3.9131203
4.0,4.1148777
4.0,4.335718
2.5517099528542833,4.227003
4.0,3.5939312
3.995277005630161,2.949151
4.0,2.5247755
4.0,2.6424255
4.1836,3.2762146
8.1769,8.007099
19.6519,17.204893
31.19283040618344,28.846413
39.24888255089872,39.660416
45.086245263708385,45.749107
49.4869,47.4882
48.2935,46.24828
42.96909999999999,40.185482
30.385800000000003,32.753624
23.3239,22.279888
14.6029,10.95919
5.9737,3.390006
4.0,2.6511908
4.0,3.4315777
4.0,3.7218714
4.0,3.6820173
4.0,3.7849302
4.0,4.004261
4.0,4.064122
4.0,4.1059456
4.0,3.7719784
4.0,3.4973097
4.0,3.455473
4.2295,4.631588
10.1965,8.963779
20.8912,19.520126
31.4482,30.505005
39.42459395342107,40.174328
45.9067,45.039444
49.0279,46.072895
42.7855,43.675632
35.6184,36.616188
27.9072,30.165638
21.8025,19.051615
11.1537,9.082544
5.9277999999999995,2.295786
4.0,1.5283823
4.0,2.5543127
4.0,3.3634405
4.0,3.7509565
4.0,4.080226
4.0,4.2270117
4.0,4.2098722
4.0,3.8259726
4.0,3.429432
4.0,3.1466703
4.0,3.2179556
4.2295,4.1616936
10.1506,9.660908
20.8912,20.710295
32.3203,32.78134
41.4544,42.635418
47.5132,46.949623
50.2672,47.384373
49.4869,45.91478
44.94279999999999,42.00001
37.2775,33.831497
27.0877,23.114056
15.6127,12.435338
6.065499999999999,4.0536203
4.0,2.0867434
4.0,2.4087057
4.0,3.25638
4.0,3.6575108
4.0,3.9480743
4.0,4.2295084
4.0,4.312475
4.0,4.169586
4.0,3.8951359
4.0,3.502842
4.0,3.474845
4.1836,4.239196
9.5998,10.877895
20.06196769537744,20.895535
31.723600000000005,31.556839
40.5823,41.135387
47.1001,45.997494
49.9459,46.638706
48.9361,45.806366
44.4838,42.254692
36.6349,36.116596
26.491,27.243336
15.2914,15.199333
5.9737,5.114876
4.0,2.4228659
4.0,2.8863516
4.0,3.4769564
4.0,3.833087
4.0,4.0911055
4.0,4.231902
4.0,4.248268
4.0,4.1894073
3.9282878827959493,3.9803562
4.0,3.545206
4.0,3.2937107
2.9716822982842555,3.4310808
7.412115005135808,6.4243317
18.9488042030512,17.759129
29.7958,29.351217
37.7824,39.21412
43.6576,44.836884
47.6509,46.588722
48.3394,45.920048
44.0707,42.47832
36.4972,35.386734
26.3074,25.883547
15.1996,14.444616
5.9737,5.1046486
4.0,3.2504025
4.0,3.3544636
4.0,3.7267904
4.0,4.0125465
4.0,4.212824
4.0,4.319668
4.0,4.2872267
4.0,4.074274
3.376096415378802,3.710885
3.206280399188122,3.1834707
3.564590326425602,2.8347893
4.275399999999999,3.0418139
5.569035814531906,4.9789286
15.597315567020624,14.719426
28.66347849955364,27.045849
39.4348,37.706882
45.8608,44.883575
48.0181,47.383373
48.4312,46.592438
44.2543,43.89358
36.4972,36.533222
26.4451,27.269112
15.2455,15.5641165
5.9737,5.4507103
4.0,2.707034
4.0,3.173026
4.0,3.5810356
4.0,3.8897915
4.0,4.0667353
4.0,4.1733837
4.0,4.245371
4.0,4.2381935
4.0,4.2309933
4.0,4.0958138
2.6314425139886737,3.9342794
2.620355936507936,4.30777
6.581511114537705,7.9418035
19.4683,17.904898
28.5106,27.548676
37.3234,36.337948
43.474,43.19784
47.4673,46.131607
46.228,45.878975
42.0511,42.602146
35.3956,35.717197
24.9304,26.351994
14.6029,14.289325
5.744199999999999,5.140252
4.0,2.934393
4.0,2.8997488
4.0,3.2951279
4.0,3.599184
4.0,3.8414059
4.0,4.1748447
4.0,4.29513
4.0,4.306758
4.0,4.2874146
4.0,4.2782326
4.0,4.3084755
4.137700000000001,4.573491
8.0851,7.6232123
13.40831471443196,14.14559
21.1207,22.2224
31.310500000000005,29.723408
33.1465,38.434643
37.9201,40.84258
40.72,40.052223
36.9562,35.992416
30.3925,29.324535
25.4812,21.457285
13.6849,11.80715
4.8721,4.264141
4.0,3.5628948
3.692101738637094,3.8760653
2.231813565216326,3.781867
2.2590743444470363,3.512145
2.7579905191242347,3.249301
1.3056125587114753,3.194048
0.4678586423476787,3.2169447
1.3758633967832967,2.7571754
1.5258481364674434,2.6723099
1.1283584476155983,2.7031612
1.058888594960008,2.757595
0.9532388423209248,3.5167866
6.033978998246064,6.4493895
11.803,13.328618
20.3404,12.504394
35.3497,24.972492
43.8412,37.058144
46.228,42.334187
44.02479999999999,42.590115
38.6545,36.7084
31.585900000000002,30.715794
20.7535,21.548494
13.5013,12.143248
5.7901,4.84647
4.0,3.418048
4.0,3.6703224
4.0,3.9451408
3.3916760828432455,3.9970942
3.0105702492208923,3.7027082
1.7347787255821512,3.361311
1.4187693594022193,2.8970594
0.992573733409035,2.411728
0.9672951762112145,2.0779
0.4755342222222225,1.7876272
0.09912951307394202,1.7078943
3.052097486408103,2.0234575
2.300176124051516,3.4683943
11.682666407120124,8.585333
20.5173,18.89459
35.2971,31.811543
40.40973886090655,42.061146
46.9165,46.201645
45.9526,45.783768
39.1594,39.569485
30.346600000000002,32.29504
23.2321,22.47549
14.098,12.896066
5.7901,4.819519
4.0,3.2460938
3.4948242785268615,3.509842
3.030585920669413,3.7421236
2.1551559878843882,3.6318588
1.2150286729571,3.507885
0.5830383300812816,3.0937824
0.37867599705066723,2.5576363
0.40980301407416064,2.1188269
0.5425993687595749,1.6422958
1.041073479515008,1.4080601
2.6314417414173388,1.7021723
2.524683940423147,2.7431269
7.661228821965613,7.9754076
17.436167179893125,18.789434
15.757611688093387,27.438946
30.46581377688777,29.564411
40.57705286450912,40.418625
42.8773,45.22217
40.6282,43.038784
33.1006,37.86412
25.8943,31.092136
23.2321,21.962006
14.1439,12.746614
5.7901,4.7502213
4.0,2.9018202
4.0,3.2754955
4.0,3.7598305
4.0,3.8695478
4.0,3.7655687
3.637464004664528,3.5051136
1.709754705569651,3.163085
1.3613333519651807,2.703061
1.481923054388405,2.2687883
1.0490785643333655,2.055709
0.6243386332574694,2.1333437
0.9549723168895614,2.6105309
6.477712281381511,7.54942
16.4322,18.53047
27.2646,29.667385
37.35500461500265,38.58622
45.4936,44.799637
47.6509,47.06588
46.0444,45.605415
41.7757,41.92419
34.4317,33.129215
25.1599,24.344353
14.4193,14.625487
5.8819,5.698326
4.0,3.337099
4.0,3.7142725
4.0,3.9514894
4.0,3.9864178
4.0,4.0138855
3.2164919030447088,3.8864603
1.887353558320802,3.3749838
1.1274469665728475,2.7070265
0.07938111781370871,2.0643253
0.0,1.4527874
0.0,0.9446621
1.3508495533672118,1.390316
7.387272837922999,5.527996
17.375891199866878,17.926495
28.732387179004643,28.855732
39.6643,38.046295
46.228,44.450397
46.9165,47.20954
47.9722,46.836166
42.4642,43.087765
34.890699999999995,34.772125
24.655,24.924198
14.6488,14.097577
5.9277999999999995,5.1649437
4.0,3.2822552
4.0,3.7483368
4.0,4.0464144
4.0,4.1244516
4.0,4.1566
4.0,3.9785242
4.0,3.5423431
4.0,3.2044277
4.0,3.070323
4.0,3.09754
4.0,3.3227453
4.459,4.365532
10.5637,9.309998
20.3404,19.25406
31.310500000000005,29.524204
39.9856,40.35278
45.9067,45.303276
47.9722,46.479557
45.6313,44.1053
41.9593,40.15137
35.716899999999995,34.93844
25.7107,24.494389
14.557,12.735816
5.835999999999999,4.768607
4.0,3.6804943
2.356485376396625,4.0548153
0.31671162141292974,3.897091
0.19541417642086323,3.1786118
0.49877923790214673,2.4036255
1.4423490509248449,1.9917908
4.0,2.2640858
4.0,2.7436419
4.0,3.1000624
4.0,3.1954107
4.0,3.3002787
4.4131,3.8630981
10.426,9.282738
21.1666,19.766323
31.6318,30.967144
38.374096651184814,40.29137
39.8871,45.71244
40.31669524244742,46.00539
39.8479,43.57226
37.3693,35.606342
28.5565,29.76159
21.7633,21.047195
12.7669,10.65668
5.835999999999999,3.6457253
4.0,2.8326302
4.0,3.418561
4.0,3.7998486
4.0,3.8789062
4.0,3.8603868
4.0,3.814601
4.0,3.6012611
4.0,3.5227804
4.0,3.6362371
4.0,3.645896
4.0,3.8849144
0.9950653626011228,4.9719515
7.930235835633127,8.526625
17.84372147332482,20.023607
27.999,32.85939
36.78459760398222,40.672657
43.99811411780073,45.426254
48.1558,46.365307
46.4116,44.73322
38.1037,39.54473
32.1826,32.185448
22.7731,21.941437
13.0423,11.484165
5.744199999999999,3.8782558
4.0,2.7328234
4.0,2.9718628
4.0,3.431861
4.0,3.6557207
4.0,3.7862663
4.0,3.8278866
4.0,3.8831186
4.0,3.7875738
4.0,3.7416658
4.0,3.6120396
4.0,3.7211332
4.550800000000001,4.7445555
10.4719,10.750381
19.0093,20.405695
31.6318,30.653324
40.6282,40.16379
42.17819272986608,45.614998
45.19302433576472,46.842136
45.769,45.957073
40.3069,41.256104
29.6122,33.42064
22.5436,22.866714
13.4554,12.865214
5.744199999999999,4.648984
4.0,2.8283443
4.0,2.8685055
4.0,3.4890738
4.0,3.833784
4.0,4.025592
4.0,4.123888
4.0,4.057481
4.0,4.0776367
4.0,4.2180023
1.7546725348143415,4.0585337
0.06742367353143486,3.5189333
0.4593439838708626,2.9474163
6.006816264760971,6.5904927
16.838678564333364,18.692673
28.62458935654565,27.665218
36.80339786586959,39.531918
45.8608,44.955673
47.048953651937616,46.010944
36.9729082455754,40.258232
37.5059397367351,39.164524
28.694199999999995,34.64308
24.4714,25.270088
13.92988846996367,16.070438
5.835999999999999,6.6653605
4.0,3.180296
4.0,3.1645079
4.0,3.4998732
4.0,3.6675901
4.0,3.7152004
4.0,3.7027159
3.783305846809105,3.7179422
3.2164919030447088,3.5932436
3.638792847564412,3.2608337
2.263628237062836,2.898694
3.111079661954223,2.6890411
3.0534519887557128,2.8787718
5.392727281234288,7.7913547
17.04710002613601,15.291808
31.385018448158135,28.65081
39.2971,38.16874
45.0805,45.048126
46.8247,47.188137
43.9789,46.36827
39.3889,41.464573
33.0547,34.734863
22.36,25.573616
11.3899,14.53958
5.6983,5.4243727
4.0,3.3207483
4.0,3.6414146
4.0,3.9724302
4.0,4.120371
4.0,4.1492624
4.0,4.1347046
4.0,4.0360565
4.0,3.7692451
4.0,3.5865898
4.0,3.3995676
4.0,3.2053156
4.459,3.4936523
7.743234560017472,8.513903
15.1537,15.54879
24.85781411780073,23.747282
31.420171847806763,34.119366
42.831399999999995,41.575253
46.9624,45.707283
44.5297,41.84853
38.4709,36.98775
28.2352,32.0567
23.2321,21.186531
13.8685,11.535868
5.7901,3.625471
4.0,2.3700056
4.0,3.3734865
4.0,3.9776402
4.0,4.1643934
4.0,4.279975
4.0,4.2872667
4.0,4.223012
4.0,4.172763
4.0,4.0308313
4.0,3.785324
4.0,3.7295122
4.5967,5.031665
10.1506,11.701276
20.4322,20.429476
30.163000000000004,29.726124
38.2414,37.77398
41.7757,43.10267
44.1625,44.83679
33.8809,42.515934
33.2842,36.413605
29.658100000000005,29.16126
22.4059,20.773458
13.7767,11.526407
5.7901,3.9262457
4.0,2.8333645
4.0,3.296485
4.0,3.6289673
4.0,3.9219542
4.0,4.1591682
4.0,4.2721663
4.0,4.2585087
4.0,4.145747
4.0,3.9417906
4.0,3.7095013
4.0,3.7359304
0.9112704976556536,4.447729
7.5276,8.843291
18.6774684821052,19.392181
30.754452864509126,30.577381
40.1692,39.51966
45.26409999999999,45.698307
47.1001,43.728497
33.9268,39.079273
37.507,38.02243
27.9531,32.44664
19.5993,23.941555
14.1439,12.74061
5.835999999999999,3.8903494
4.0,1.9997892
4.0,2.6922665
4.0,3.316596
4.0,3.7230978
4.0,4.011655
4.0,4.17515
4.0,4.2477665
4.0,4.2790194
4.0,4.05972
4.0,3.8438854
4.0,3.9475355
4.6884999999999994,5.1709976
11.2063,10.943504
21.3502,20.69949
31.54,30.332203
39.2512,39.103413
44.805099999999996,45.149986
45.6313,47.01359
39.6117,44.90309
34.884,39.739292
27.0351,31.282944
20.1501,21.783564
9.4095,10.774043
5.835999999999999,2.7270002
4.0,1.7741766
4.0,2.8442736
4.0,3.2561646
4.0,3.574748
4.0,3.810092
4.0,4.015606
4.0,4.2300224
4.0,4.3172674
4.0,4.338067
4.0,4.269211
4.0,4.3407288
4.6884999999999994,4.799485
11.0686,9.352251
21.3961,19.66891
31.2646,30.330322
36.029525131208295,39.611477
42.6937,44.815117
45.8149,46.093815
45.401799999999994,43.940536
41.3626,38.87307
32.2285,31.389328
24.6091,20.102285
14.3734,9.998999
5.835999999999999,2.723258
4.0,1.8451166
4.0,2.790556
4.0,3.2583876
0.0,3.261485
4.0,3.1549711
4.0,3.505558
4.0,4.052574
4.0,4.4453926
4.0,4.54712
4.0,4.456479
4.0,4.525671
4.734399999999999,4.9711113
11.7112,10.755539
22.2682,21.754208
32.3203,32.24077
40.261,40.41335
45.6313,45.069275
47.6968,46.16018
42.5034,44.020126
37.4085,39.760918
30.385800000000003,33.074398
21.8025,23.09645
15.016,11.983199
6.019600000000001,3.048376
4.0,1.8982334
4.0,3.092885
4.0,3.8058033
4.0,3.933035
4.0,3.8657513
4.0,4.0076714
4.0,4.2231236
4.0,4.263937
4.0,4.351679
4.0,4.223361
4.0,4.011614
4.6884999999999994,4.1696978
10.6555,9.972458
21.2125,19.632885
31.2646,30.437584
39.0676,39.742386
45.0346,45.499393
48.3853,46.93077
46.3198,46.044353
43.3822,42.298996
35.9005,35.33445
25.8943,25.21213
15.016,13.627701
6.019600000000001,4.9742365
4.0,3.1645813
4.0,3.6086864
4.0,3.9182415
4.0,4.1243896
4.0,4.227624
4.0,4.30301
4.0,4.188628
4.0,4.0496445
4.0,3.834937
4.0,3.5173473
4.0,3.4050903
4.466322963481764,3.8158674
9.317185162864796,8.687126
20.52226875086631,20.765911
31.310500000000005,31.772896
39.5725,40.836693
44.5756,45.955475
47.6509,47.08275
46.3198,46.035095
42.0052,42.25167
34.615300000000005,35.108784
25.573,25.136772
14.7406,13.415991
5.9277999999999995,4.224869
4.0,2.3178358
4.0,3.0007277
4.0,3.6694546
4.0,4.0113897
4.0,4.134222
4.0,4.1856136
4.0,4.2496862
4.0,4.404602
4.0,4.4922504
4.0,4.345621
4.0,4.2296696
4.7803,4.9668303
11.8489,11.202086
22.1764,21.449196
32.412099999999995,31.367138
40.5823,40.934914
44.8969,46.39626
46.228,47.48781
46.0903,45.20142
37.3167,41.502373
34.753,34.100803
25.4812,23.942661
14.7865,12.611676
5.9737,3.8702297
4.0,2.4100218
4.0,2.7523718
4.0,3.0707169
4.0,3.244111
4.0,3.5762348
4.0,3.9053764
4.0,4.19837
4.0,4.3789673
4.0,4.4430532
4.0,4.2721004
4.0,4.167881
4.8721,4.3346376
11.9407,10.066839
22.2223,21.840725
32.136700000000005,33.892925
39.5266,41.30271
42.831399999999995,45.07666
47.9722,46.25407
43.0542,44.782818
38.3724,40.195713
31.625100000000003,32.647564
21.9402,22.33482
14.9701,11.144069
6.019600000000001,3.286543
4.0,2.435484
4.0,3.0299158
4.0,3.4578514
4.0,3.670555
4.0,3.8672085
4.0,4.0872536
4.0,4.355768
4.0,4.395298
4.0,4.2474566
4.0,3.7855082
4.0,3.349389
4.8262,4.1456976
11.4817,11.129786
21.2584,20.910826
31.4482,29.89476
39.0676,39.021973
44.94279999999999,44.499702
46.4575,45.86887
40.0707,44.65247
38.6937,40.42207
31.671,33.484203
21.8025,23.12612
10.9701,11.42706
6.065499999999999,3.1487265
4.0,1.9377728
4.0,2.5123396
4.0,3.0343199
4.0,3.4806194
4.0,3.8204489
4.0,4.0179224
4.0,4.112097
4.0,4.340291
4.0,4.4619665
4.0,4.107559
4.0,3.7880898
4.8721,4.13395
11.5276,10.476597
20.5699,19.405972
31.723600000000005,28.690767
39.6643,36.652195
45.1723,42.88476
47.0542,45.38933
46.228,44.522
38.0511,39.890427
31.1661,33.80956
21.5271,22.505573
10.8324,10.658883
6.019600000000001,2.8028831
4.0,1.8464804
4.0,2.580555
4.0,3.067752
4.0,3.495448
4.0,3.9296875
4.0,4.288699
4.0,4.3637295
4.0,4.0479317
4.0,3.6588106
4.0,3.3620481
4.0,3.1663122
3.607053280147989,3.45123
9.156118244488558,8.876601
19.713118890202747,19.71092
29.821042695496544,31.383465
39.343,41.40816
43.88709999999999,45.427567
44.7592,45.784676
43.5658,43.90299
40.3528,39.6205
30.254800000000003,32.21994
23.0026,21.739773
14.4193,11.698013
1.9277999999999995,4.009884
4.0,1.5947762
4.0,1.6335125
4.0,2.3050222
4.0,3.1901693
4.0,3.756835
4.0,4.1698933
4.0,4.299033
4.0,4.1268234
4.0,3.8040743
3.837295266445926,3.1890574
4.0,2.968731
4.8262,3.4585905
11.1145,8.614695
16.9897,17.926033
26.1697,24.162386
34.064499999999995,32.81254
40.6741,39.87025
44.8969,42.758312
43.29039999999999,42.001526
39.5266,36.17291
31.3564,29.648792
23.3239,20.92429
14.098,10.821947
5.9277999999999995,3.3896904
4.0,2.6276007
4.0,3.303173
4.0,3.8063126
4.0,4.0259933
4.0,4.026126
4.0,3.9807892
4.0,3.947135
4.0,3.9253473
3.7564056186460277,3.741088
3.2101093145902286,3.0437565
1.5540136805536147,2.401453
1.2999536794685262,2.352806
7.969678861684762,6.23254
19.445998222222222,17.374405
31.585900000000002,29.155247
37.6906,37.21668
42.3724,41.72866
44.0707,43.814587
43.5658,43.251877
40.72,38.913216
34.0186,33.171192
24.7009,23.744972
9.9144,12.143161
6.019600000000001,3.1468039
4.0,1.5392323
4.0,2.1648102
0.0,2.7422886
0.0,2.707943
4.0,2.6669044
4.0,3.4383402
4.0,4.298127
4.0,4.46506
4.0,4.1582117
4.0,3.8408804
4.0,3.702981
5.0098,4.9341345
12.1702,11.171542
22.4518,20.14513
32.6875,30.948563
40.7659,40.555107
45.8608,46.52108
46.9165,47.158783
45.4477,45.015232
40.5823,39.729343
32.1826,32.166683
23.5534,21.32501
9.4554,10.325957
5.8819,2.6368856
4.0,1.7973919
4.0,2.4116278
4.0,2.7122183
4.0,3.3872728
4.0,3.5479155
4.0,3.6726418
4.0,4.178815
4.0,4.361882
4.0,4.180952
4.0,3.9270897
4.0,4.160942
4.7803,4.7672367
11.0686,10.073046
18.9634,19.485096
30.346600000000002,28.997295
38.6086,39.061558
45.0805,44.88023
46.3657,47.035408
45.1723,44.247902
37.8283,36.63103
28.549799999999998,31.205288
19.6911,21.202393
14.0521,10.332346
5.9277999999999995,2.984601
4.0,2.622572
4.0,3.297186
4.0,3.693222
4.0,3.8275747
4.0,3.9366703
4.0,3.9245052
4.0,3.901348
4.0,3.8847275
4.0,3.7213926
4.0,3.5943298
4.0,3.7544622
4.918000000000001,4.331503
9.9211,9.796778
17.861800000000002,18.075285
28.694199999999995,26.770449
38.5168,38.044537
43.7035,44.06622
46.1821,45.230408
39.933,42.617237
36.8185,38.229023
28.8778,29.259098
23.278,20.417988
13.4554,10.81973
5.744199999999999,3.3475409
4.0,1.9750233
4.0,2.8336115
4.0,3.271102
4.0,3.3837395
4.0,3.6769876
4.0,4.023675
4.0,4.177017
4.0,4.2537117
4.0,4.3170013
4.0,4.252119
4.0,4.4782944
5.0098,5.4210186
12.2161,11.944452
21.6256,23.066868
30.64423613402461,32.924267
35.93877106545312,40.528103
44.0707,45.360756
46.9165,46.504124
40.392,42.53145
34.9299,37.000763
27.4941,29.536638
18.1764,19.485058
8.5833,9.540234
5.6983,1.9876919
4.0,1.3555584
4.0,2.6819315
4.0,3.3990345
4.0,3.4480171
4.0,3.4049387
4.0,3.7370586
4.0,4.083194
4.0,4.337514
4.0,4.4378414
4.0,4.34544
4.0,4.414489
5.1015999999999995,5.577874
12.3997,12.329258
22.5436,22.25402
32.2744,31.839249
40.1233,40.03368
41.61438959425693,44.83779
42.80022946079251,45.960365
43.015,44.610786
38.2873,37.858223
30.346600000000002,30.138725
21.3043,20.809448
13.3177,11.008384
5.7901,3.710495
4.0,2.9630985
4.0,3.5848122
4.0,3.854414
4.0,3.974865
4.0,4.044218
4.0,3.9934645
4.0,3.869069
4.0,3.7610846
4.0,3.843546
4.0,3.9460335
4.0,4.182062
4.5967,4.8108387
9.9211,8.939836
22.5436,17.433685
29.841700000000003,30.246574
35.938093650793654,38.18357
42.448979673344006,44.697536
48.6148,46.970055
46.9624,46.024662
41.3626,41.558556
28.6875,32.09587
18.6354,23.00366
13.7767,11.501962
5.6524,3.8358011
4.0,2.5737114
4.0,3.207447
4.0,3.62004
0.0,3.4604425
4.0,3.3046656
4.0,3.7271614
4.0,4.3494396
4.0,4.2939816
4.0,3.98483
4.0,3.580843
4.0,3.5160398
5.1015999999999995,4.7286577
12.4456,12.124924
22.7272,21.55516
32.412099999999995,32.137283
39.22172224915434,40.393764
42.56060124305968,45.930477
44.805099999999996,47.415314
38.6086,44.501812
38.9299,36.73355
28.5106,30.58043
22.6354,20.37909
13.5013,11.266428
5.9277999999999995,3.8198233
4.0,2.6800814
4.0,3.1467266
4.0,3.3730516
4.0,3.2637577
4.0,3.560649
4.0,4.019017
4.0,4.1882706
4.0,4.135805
4.0,4.2202663
4.0,4.2558975
4.0,4.165456
5.147499999999999,4.7456036
11.514676059986968,10.542576
19.16186249284997,22.43078
28.56914784289433,33.2653
37.92856225661536,41.756332
45.401799999999994,46.768932
45.6313,46.511974
42.3265,42.836025
36.2218,36.300804
29.8876,31.291908
22.4059,20.78471
13.7308,11.081443
5.9277999999999995,4.0745363
4.0,3.2041473
4.0,3.5741386
4.0,3.9302683
4.0,4.117491
4.0,4.226405
4.0,4.294114
4.0,4.327121
4.0,4.018894
4.0,4.079959
3.8332385883554725,3.7987375
4.0,3.500372
5.147499999999999,3.7910452
9.319577120074102,9.052774
17.90172724731988,20.175081
28.028456677678143,31.417118
36.0774,39.904182
40.62854941427575,45.503784
45.2182,46.94015
39.4348,43.507114
33.3301,37.322678
29.3827,29.229351
20.1568,20.678123
12.8587,11.1902275
5.8819,4.1866016
2.9235140752966853,3.0239916
3.202455348741637,3.639163
4.0,3.8193264
1.9553966730066907,3.4279947
4.0,3.5751276
1.1192576692019376,3.806755
0.11533687605807152,3.1563911
0.3812975257517284,2.3248796
0.651829183461599,1.7610121
3.596329832011854,1.7293329
3.8548964943437323,2.6497974
2.599250528951538,5.753275
5.58842147332482,11.962329
13.4946,17.377148
23.1336,25.241127
36.0315,34.694683
41.37509687961315,43.052475
47.2837,46.29427
46.0444,45.713528
39.9397,40.487137
30.484300000000005,32.70376
22.6813,22.315792
13.2718,12.211193
5.8819,4.586337
4.0,3.1561737
4.0,3.5839787
4.0,3.957675
4.0,4.042014
4.0,4.1666546
4.0,4.2707996
4.0,4.411847
4.0,4.431093
4.0,4.413122
4.0,4.286112
4.0,4.2537546
5.1934000000000005,4.505307
12.0325,10.579104
22.2223,20.632124
32.2285,29.66922
39.8938,38.139835
40.79052328937602,43.464745
45.769,45.940304
43.9789,45.6812
38.9299,39.483994
30.7138,30.149757
21.1207,23.1635
13.6849,12.902481
6.019600000000001,4.747678
4.0,2.6887636
4.0,3.0283937
4.0,3.5231857
4.0,3.8090353
4.0,3.9787588
4.0,4.051338
4.0,4.105365
4.0,4.087452
4.0,4.0251656
4.0,3.82868
4.0,3.7009754
5.147499999999999,4.2241535
12.3538,10.408136
22.4059,20.66474
30.210814580311244,30.730072
36.15633876030692,39.282635
40.54271518305328,44.683388
41.8216,45.755054
43.29039999999999,42.97248
37.6906,40.123184
28.1893,33.29722
23.6911,23.698856
13.7308,13.257188
6.019600000000001,4.6273546
4.0,2.3875237
4.0,2.8508787
4.0,3.5429344
4.0,3.9363203
4.0,4.075797
4.0,3.9468346
4.0,3.7508736
4.0,3.713687
4.0,3.859871
4.0,3.9232588
4.0,4.099698
5.1934000000000005,4.361171
12.4456,8.024473
20.25773095201556,18.455936
30.48640114689605,29.799606
37.966,39.539104
40.632420558461,44.76343
45.1723,46.61084
44.02479999999999,45.16443
39.343,40.853477
32.962900000000005,32.94039
22.4977,22.884258
14.0062,13.07833
6.065499999999999,4.9005756
4.0,2.7631807
4.0,3.1619015
4.0,3.5911903
4.0,3.8356771
4.0,4.087577
4.0,4.10933
4.0,4.095171
4.0,4.1092443
4.0,4.0484133
4.0,3.911954
4.0,3.9498043
5.2393,4.480463
12.6751,11.665607
22.40416875086631,22.384396
31.304985920669417,32.223225
36.928660455502325,39.991955
43.40841339300261,44.760044
46.4116,45.872437
41.7298,44.90241
36.6349,39.19721
29.749900000000004,31.07162
21.5797,21.019943
12.8587,11.303806
6.019600000000001,4.147434
4.0,3.1536083
2.761634010938783,3.0891733
1.9207383087200185,3.3687239
3.6854250071207204,3.4078493
4.0,3.1241627
2.9000272848587905,3.139697
1.6549089394423468,3.0302343
2.419058355239226,2.5610418
3.4490014634542927,2.1455784
2.7095536519376164,2.0140085
1.041073479515008,1.9975557
1.5226314897421194,2.2157497
8.275262781634483,4.4767494
17.630889902006263,14.804409
28.05283148974212,27.72126
35.331022222222224,36.312767
43.749399999999994,43.43718
43.7953,45.40073
44.392,43.538445
39.1594,39.370415
33.0088,32.709343
24.1501,23.96932
14.557,13.284968
6.157299999999999,4.6397276
4.0,2.7740412
4.0,3.2548523
4.0,3.720234
4.0,4.0355053
4.0,4.193103
4.0,4.318733
4.0,4.244424
4.0,4.0709715
4.0,3.5940332
1.9521382198774777,3.1093683
2.4575591350333976,2.7425718
4.642400541625793,2.9977589
9.408898774030137,8.605622
18.69853375268196,20.754316
28.53449867518598,30.788555
37.31256935940222,39.080555
44.5297,44.50712
46.5034,45.92991
43.6576,42.782032
38.3791,39.182716
33.376000000000005,31.747734
24.5632,22.224028
14.4652,11.484722
6.157299999999999,4.347533
4.0,2.9547482
4.0,3.3515806
4.0,3.9246092
4.0,4.1768637
3.083332698502284,4.2737284
2.384230236665557,3.7009306
1.6734723581721838,3.1065063
2.263628237062836,2.4891167
2.820151095491097,2.142971
1.7483821576035812,1.985343
0.507312840013455,1.9805622
2.0941494090426165,2.1790924
8.726693519037864,8.429758
17.229790452386485,18.665005
27.07199674248874,27.566803
35.052865362601125,37.41979
40.0774,43.549072
42.2806,44.210453
42.6019,42.698845
38.5627,37.89119
31.172800000000002,31.50734
22.6354,21.537144
13.0423,12.052856
5.6524,4.470911
4.0,3.260686
4.0,3.706561
2.5718651700778654,3.6684723
4.0,4.044201
2.6314417414173388,3.601142
4.0,3.7431507
4.0,3.5910816
4.0,3.8727283
4.0,3.8352575
4.0,3.9347496
4.0,4.1524305
5.2393,4.6761904
8.59,9.87322
14.338812355662816,15.202586
20.308490810896465,21.702045
9.674238842320923,27.839737
13.250365362601125,27.931664
16.0774952810593,29.730022
23.3698,29.578758
30.163000000000004,27.542515
25.021813217133182,24.291058
19.111649542352414,18.386223
8.1769,10.066821
5.744199999999999,3.8911915
3.536892634069199,3.173708
4.0,3.2400217
4.0,3.3678331
4.0,3.4259033
4.0,3.432314
4.0,3.5610428
4.0,3.5136194
4.0,3.5018158
4.0,3.5541277
4.0,3.7618895
4.0,3.6863022
5.1934000000000005,3.811059
10.62529606107686,8.14049
18.1831,15.716939
25.9861,23.99495
33.9268,30.27156
38.4709,34.69031
32.2744,36.16958
33.651399999999995,29.045984
37.0939,29.417679
26.2156,27.782635
19.9732,18.283424
13.0882,10.104772
5.377000000000001,3.9193125
4.0,2.687417
4.0,3.3823776
0.1226486448639168,3.764351
4.0,3.5480356
2.3415004639830688,3.7003708
4.0,3.5157042
3.783305846809105,3.4303741
4.0,3.4632368
3.661418448158132,3.4914513
4.0,3.7884436
4.0,3.6366577
1.876183373698046,4.2882156
3.1620135591603304,6.2693853
6.6622,8.881714
6.4327000000000005,10.304676
7.370969987695749,9.994019
28.0516,10.977543
30.189176845594524,22.168407
33.465093512749675,26.862701
28.668882424102115,27.4276
24.109478358372183,25.814762
18.61941565871795,18.86459
8.989693460134514,12.37353
3.0936142139608602,5.5749607
0.0,2.888195
0.08299047827919814,2.072279
1.8275271663891175,1.748683
3.40727894755347,1.7480392
3.8847420330972238,2.330371
4.0,2.61376
4.0,2.9831972
4.0,3.280326
4.0,3.472683
3.0493902222222236,3.383419
4.0,3.1532574
1.4430652746397126,3.5442467
3.1368254769650914,5.426585
9.034429783825914,9.423914
14.071091199866878,15.090307
20.264327281234287,19.833532
14.51172951307394,23.908676
21.31684463076065,23.834131
25.35143834769348,27.321003
21.109585708462227,28.4547
16.8061,24.90386
14.6947,18.106102
9.967,12.855778
6.065499999999999,7.1153975
4.0,3.5617914
4.0,2.9842396
4.0,3.3720837
2.1060186815782735,3.5147438
4.0,3.1982317
4.0,2.914321
4.0,3.040492
2.218222222222222,3.018134
4.0,2.6665
4.0,2.7180004
4.0,3.0123615
5.147499999999999,3.8430967
10.426,9.044111
15.7045,14.988241
26.3074,20.206333
34.890699999999995,28.807003
35.9005,35.67661
35.303799999999995,36.027958
36.13,34.856777
31.723600000000005,32.57393
19.66350697347812,25.6494
15.57209303786431,17.907448
11.4358,10.521479
1.9470945197136,4.071389
1.2449935190378643,2.347762
2.218222222222222,1.9447069
2.7349481811669474,2.1318474
4.0,2.3876953
4.0,2.9464426
0.0,3.128128
0.0,2.7161093
4.0,2.469512
4.0,2.9630756
4.0,3.0405197
4.0,3.144456
5.147499999999999,3.5547
9.8293,7.4277654
17.999499999999998,15.168343
29.704,23.878567
38.5168,34.686184
41.71334334172489,41.349545
41.77299051912424,42.372982
37.1857,39.421074
27.1795,33.38894
20.68207024922089,25.961084
16.1176,17.729822
10.9309,10.179469
6.019600000000001,3.937603
4.0,2.0908651
0.0,2.2219992
0.0,2.4062576
0.0,2.3734035
0.0,2.1047392
0.0,2.259079
0.0,2.291688
0.0,2.5953894
4.0,2.9698238
4.0,3.2579842
4.0,3.6216545
5.331100000000001,5.006173
11.7571,9.8268585
21.6715,17.329277
31.585900000000002,27.274292
39.5266,36.616364
44.5756,43.66728
46.4575,45.69849
45.2182,44.1602
39.6643,38.50784
31.2646,30.631771
18.36,20.729671
12.8128,10.462906
2.2032000000000007,2.7206545
0.0,0.637311
0.0,0.83388233
4.0,0.35624218
4.0,1.7116499
0.0,2.849059
4.0,2.0635786
4.0,2.6275444
4.0,3.3150463
4.0,3.5110312
4.0,3.719678
4.0,3.7622766
4.963900000000001,4.0160656
8.8195,8.406023
10.0588,14.577137
17.48788966566464,18.646442
37.3693,24.15127
35.3956,36.185085
33.5596,38.47239
45.0805,37.5749
37.966,37.79998
27.5008,30.274239
10.7014,21.091171
7.8556,9.347417
4.6426,3.2747555
4.0,2.0454159
4.0,2.2379103
4.0,2.5017366
4.0,3.0793743
4.0,2.884798
4.0,2.9124365
4.0,3.483861
4.0,3.719204
4.0,3.55892
4.0,3.5198517
4.0,3.4229755
5.0557,3.637227
7.5343,7.916435
16.4389,14.128698
31.6777,23.065987
31.6777,34.09484
35.671,36.440933
40.4446,38.55539
45.4936,37.861923
38.22596339763215,37.9387
31.723600000000005,30.180412
14.7865,21.256538
11.0686,9.497204
4.7803,3.6157331
4.0,1.883048
4.0,2.319254
4.0,2.6312284
0.0,2.6336794
0.0,2.0545425
4.0,1.5571651
4.0,2.678298
4.0,3.3195772
4.0,3.3829117
4.0,3.273077
4.0,3.6530619
5.1934000000000005,4.2157145
10.8391,8.458408
12.1243,15.973691
10.7014,19.55307
14.5111,21.532421
22.9567,24.099003
30.163000000000004,26.48973
20.3796,28.619295
11.016,23.472908
14.7798,18.405212
14.0913,15.853094
7.7571,9.243614
5.331100000000001,2.7983046
4.0,2.027773
0.0,1.7777185
0.0,1.4944248
0.0,1.5086689
0.0,1.1541967
0.0,0.55565643
0.0,0.85945606
0.0,1.1583958
0.0,1.590128
0.0,1.5484219
0.0,1.4210958
5.1934000000000005,1.8117456
12.4456,7.6762733
13.4028,18.01678
7.6653,21.081064
11.4291,20.606716
21.2976,22.920933
30.202200000000005,25.796547
27.6318,26.737396
24.1434,25.260294
18.4059,21.658627
12.1635,13.040804
5.691600000000001,7.50476
6.019600000000001,2.3480349
2.0176251312083,2.02112
4.0,3.480444
4.0,3.2822027
4.0,3.0788631
4.0,3.0946808
4.0,3.1217575
0.0,3.0825691
0.0,1.704731
0.0,1.1420975
0.0,1.1628981
0.0,1.4272833
1.147499999999999,2.2077923
10.8391,5.9056697
16.3404,16.466557
24.8778,24.731247
29.7432,28.347212
23.5467,29.662315
33.5529,28.475525
30.9825,32.66086
30.707100000000004,31.217724
20.3337,24.049635
10.885,12.644813
9.1867,8.983005
5.2852,3.5274153
0.5837814952022722,2.22363
0.396471192290651,2.690979
4.0,2.1972704
0.0,2.4480677
0.0,1.3828773
0.0,0.44648266
0.0,0.66439056
0.0,0.84118366
0.0,0.81283665
0.0,0.6399784
0.0,0.76792336
4.918000000000001,1.8293295
7.213,8.365682
11.6653,12.778572
14.7339,19.268768
28.3662,23.807133
38.6478,30.494854
40.1166,35.50771
40.9036,37.296535
32.2677,35.332798
22.9959,27.480457
15.7045,15.997051
9.9211,8.792426
1.8360000000000003,3.6863842
4.0,1.1062651
4.0,1.5914726
4.0,2.2762804
4.0,2.4224072
0.0,2.217145
0.0,1.891181
4.0,1.9932718
4.0,2.2227125
4.0,2.19131
0.0,2.1424322
0.0,2.1559963
5.147499999999999,2.7168026
10.4719,7.685063
14.9701,14.929744
18.1831,20.555834
34.753,23.857807
39.9856,32.98026
40.0315,36.966206
30.667900000000003,37.194355
20.2945,27.332829
13.04775184902003,21.8314
6.858649922330722,13.654945
8.727699999999999,7.797649
5.147499999999999,3.9431334
4.0,2.8522367
4.0,2.955244
4.0,3.3939152
4.0,3.38099
4.0,3.621584
4.0,3.537815
4.0,3.5106754
4.0,3.4354534
0.0,3.124878
0.0,2.8555222
0.0,2.8010798
0.6884999999999994,3.6456833
4.452299999999999,7.636147
16.3012,14.375088
30.346600000000002,22.726763
36.1759,32.223198
38.6545,37.060158
42.7855,39.826813
40.29044334172488,40.380455
31.754929783825915,36.014305
28.62455052895153,28.286055
21.442,18.462765
13.8226,9.265095
6.340900000000001,3.1334906
4.0,2.0470772
4.0,2.9766417
4.0,3.603653
4.0,3.8146935
4.0,3.6841955
4.0,3.6893158
4.0,3.6474361
4.0,3.6265097
0.0,3.2104864
0.0,2.2830715
4.0,2.1807528
5.377000000000001,4.6077423
12.721,11.3141165
21.6256,21.401917
31.2646,29.343987
39.343,37.400333
44.7133,42.988087
47.0542,45.431774
45.7231,44.183437
36.179653854804585,40.15073
31.54,33.084682
19.4616,23.538311
9.8226,12.965176
6.340900000000001,4.00926
4.0,1.8704643
0.0,2.0942001
0.0,2.3342218
0.0,2.2508488
0.0,1.5391026
4.0,1.9517603
0.0,2.842432
0.0,3.1859026
0.0,2.4955263
0.0,1.8502722
0.0,1.8440685
1.3310999999999993,4.1989546
12.4456,10.944831
22.36,21.682636
29.4745,31.470333
37.6906,37.9205
41.26120931459023,43.593807
45.0346,44.952854
41.4085,43.8258
38.0119,37.702187
27.5926,29.814133
20.4322,20.40356
9.028181687676996,11.002393
2.0196000000000005,4.9890776
0.0,1.71733
0.0,1.0671034
4.0,1.6657333
4.0,2.7824125
4.0,3.5687952
4.0,4.0253344
4.0,3.9670382
4.0,3.716133
4.0,3.4680643
4.0,3.411726
4.0,3.6823883
1.2851999999999997,4.071357
11.5735,8.499569
21.5338,18.82729
30.9433,31.246716
38.2873,39.296604
44.1625,44.073006
46.3657,45.181644
43.152699999999996,44.130684
39.1594,37.50304
31.494100000000003,32.132214
13.9995,20.916616
6.748996651184815,9.87037
2.737078861684761,4.3699665
0.25853618947872903,2.9113684
4.0,2.281004
4.0,2.6565886
4.0,3.0780287
4.0,3.1994276
4.0,3.710003
4.0,3.8600864
4.0,3.5824156
4.0,3.348876
4.0,3.5224133
4.0,3.6309566
5.331100000000001,4.3632507
12.6292,10.398829
22.3141,20.890474
31.54,30.183708
38.884,36.766457
41.30683981334776,44.324303
41.980024335764725,45.266644
40.37462613314249,43.677143
36.5431,39.26894
29.0155,28.959042
18.0454,20.1568
5.243589153594323,11.964052
5.7901,4.303833
4.0,2.8319197
4.0,3.041129
4.0,3.4203634
4.0,3.7308311
4.0,3.6601162
4.0,3.5241508
4.0,3.7946453
4.0,4.0547314
4.0,4.1655273
4.0,4.283701
3.626834227006553,4.24854
3.1865303954857147,4.358473
10.179498387399091,8.650127
21.2584,20.132072
29.933500000000002,30.504818
36.81940358412039,35.50566
40.22856537537113,42.575394
40.92197101595247,44.186485
42.07132402745111,44.11434
36.77665122599224,41.40641
31.8613,34.498642
22.9567,24.271137
14.2357,13.460191
6.4786,5.5989237
4.0,3.2718697
4.0,3.1234703
4.0,3.56989
4.0,3.911147
4.0,4.0408983
4.0,4.10287
4.0,4.114046
4.0,3.969594
4.0,3.9745026
4.0,4.0946693
4.0,4.3657484
5.2852,4.8668404
12.4915,10.046446
21.2125,20.206047
30.071200000000005,30.03458
38.5168,39.309452
39.37206506794194,44.60263
40.8969,45.27664
40.77784320462459,43.394646
38.9758,40.483257
31.1269,33.42114
23.278,25.587551
14.6029,15.960903
6.6163,6.729234
4.0,2.468979
4.0,2.4458904
4.0,3.4147882
4.0,3.8643856
4.0,4.188081
4.0,4.181794
4.0,3.9550648
4.0,3.6512308
4.0,3.2277641
4.0,3.221362
4.0,3.6990757
5.147499999999999,6.6015663
10.7473,12.399334
20.2945,20.814878
24.9304,30.052517
37.2775,35.405834
43.474,43.339146
45.5854,44.20474
39.99403581453191,43.66857
34.7004,38.896053
29.528453679468527,32.710846
22.9108,25.004631
10.087058919299585,12.902486
3.409018461367765,4.767768
0.09912951307394202,2.5162592
1.030430031558522,2.066681
4.0,2.1012154
4.0,2.9677048
4.0,3.568246
4.0,3.5350685
4.0,3.6338482
4.0,3.3917284
4.0,3.288886
4.0,3.288661
4.0,3.2666082
5.2393,4.378462
12.1243,10.20421
20.910804865955644,20.155113
30.4384,29.351034
35.5792,36.15859
39.84139245510027,40.019386
41.99987061534991,42.390995
40.17812547696509,42.41022
34.3642033904644,38.930984
26.69468788279595,31.845356
20.92947106545312,21.496367
14.6029,14.598456
6.2032,5.7762713
4.0,2.5123873
4.0,2.475504
4.0,3.0217266
4.0,3.350606
4.0,3.2809067
4.0,3.0568514
0.0,3.0733757
0.0,2.5798206
0.0,1.9792604
0.0,1.7714558
4.0,2.0476437
5.1934000000000005,3.6201372
11.2522,9.564886
16.6684,17.231554
23.5534,24.674614
28.3729,31.204876
35.441500000000005,35.70699
42.42725024728473,40.291393
40.72096238499358,42.170124
33.73559023626018,39.02182
20.845042813108584,28.960709
18.680079870159844,18.351418
11.507238330081282,14.228008
4.891770475843931,7.057088
4.0,2.7562542
4.0,2.4391432
4.0,2.9381866
4.0,3.46208
4.0,3.6456823
0.0,3.3875065
0.0,2.826128
0.0,2.2365055
0.0,2.0300732
4.0,1.7447062
4.0,2.6956167
1.3310999999999993,4.4927464
12.262,7.758189
21.9928,18.292137
31.172800000000002,29.122929
39.1594,38.09009
43.3822,42.182976
43.39217576927726,44.039825
39.6576,42.891075
37.0021,37.53246
28.7401,31.161907
21.1666,23.306229
13.1341,13.997064
6.295,5.24957
4.0,1.7890015
4.0,1.8150759
4.0,2.8446627
0.0,3.1044197
0.0,2.084959
0.0,1.4886675
0.0,1.3207417
0.0,1.0145378
0.0,0.46458244
4.0,0.7194853
4.0,1.5961847
5.2852,2.9016962
10.8391,8.645725
18.4585,15.909064
27.0877,23.68293
38.3791,31.316902
43.933,40.298283
43.21933872336672,43.509068
24.13595541816025,41.863686
20.7076,29.536213
22.7731,24.334648
13.240287550791257,19.097572
9.016245223540592,12.559048
5.7901,4.7585564
4.0,2.3870983
4.0,2.7895508
4.0,3.5100765
4.0,3.6989384
0.0,2.6376944
4.0,1.7482519
4.0,3.0409021
0.0,3.484026
4.0,3.0340338
4.0,3.1574879
4.0,3.7341213
4.8721,4.1900816
10.0588,7.871706
12.0784,14.448311
21.1666,18.179094
35.0743,24.297852
43.015,34.07287
44.11339190304472,41.094448
40.32950249144458,42.383377
35.716899999999995,37.218002
31.494100000000003,27.165533
18.9567,17.679693
7.6653,10.086909
6.5245,2.6864977
4.0,2.5052147
4.0,3.1102562
4.0,3.2980156
4.0,3.1587095
4.0,3.7512102
4.0,3.3541708
4.0,3.013441
4.0,3.3667717
4.0,3.9092293
4.0,3.8789177
4.0,3.904996
5.0557,4.167673
11.2981,7.876682
21.0748,17.54842
30.897400000000005,27.202412
38.6086,35.396744
43.5199,41.62495
44.5756,44.454475
39.343,44.058846
37.8283,36.56765
29.3368,27.355799
22.4059,19.79572
14.098,13.185962
6.6622,4.718872
0.0,1.6765461
4.0,1.5274754
4.0,1.8875008
4.0,3.2570143
4.0,3.8478546
4.0,3.6804056
4.0,3.3964357
4.0,3.4773817
4.0,3.5220585
4.0,3.4021816
4.0,3.4373426
5.2393,3.9863443
12.262,9.619918
21.4879,19.717367
29.4286,29.04121
34.710464747235875,35.986923
40.3528,41.1872
40.8577,43.226734
40.4446,40.980354
37.9201,36.428734
30.346600000000002,29.943077
20.7994,18.252398
14.1898,9.206348
6.4327000000000005,3.576623
4.0,1.1183615
4.0,1.5270262
0.0,1.9924812
4.0,2.1312323
4.0,2.7386932
4.0,3.473549
4.0,3.7673874
4.0,3.65071
0.0,3.112856
4.0,2.621972
4.0,3.1355686
4.6426,3.9318
6.9376,8.539663
13.0423,14.454985
21.3502,21.285225
29.7958,27.441101
23.5075,32.832867
30.576100000000004,30.057636
38.1888,32.410847
30.1563,35.145702
21.4812,27.596401
15.1078,20.078936
9.4621,10.082178
5.5146999999999995,3.8398714
4.0,1.632843
4.0,2.2906485
4.0,3.564108
4.0,3.671258
4.0,3.4355078
4.0,3.2380695
4.0,2.8562412
4.0,2.8411407
4.0,3.033451
4.0,2.9594784
4.0,2.9541206
4.550800000000001,3.5624485
7.9015,7.783377
13.5472,13.772142
21.3961,19.907722
31.2187,25.630903
32.7267,30.939117
32.0841,31.93272
26.5302,27.608814
15.9732,26.851248
17.1207,20.353678
14.0913,15.03383
6.242400000000001,7.622442
1.4687999999999999,1.9601316
0.0,0.6997137
0.0,1.050149
0.0,1.2753744
0.0,1.1049566
4.0,1.0216198
4.0,1.5695782
4.0,2.1988907
4.0,2.4074879
4.0,2.490056
4.0,2.2317524
4.0,2.8254185
5.1015999999999995,3.3319302
10.7014,7.147393
11.5735,15.718155
19.9732,19.034523
22.4059,25.79662
34.1104,28.542576
40.6282,34.20535
39.2053,34.88222
33.651399999999995,31.152706
25.6122,24.112925
17.861800000000002,16.059025
13.1341,8.800421
6.4327000000000005,3.416254
4.0,1.9655027
0.0,2.2323847
0.0,1.6467142
0.0,1.3392849
4.0,1.5625095
4.0,2.1721697
0.0,1.9865217
0.0,1.533081
4.0,1.235259
4.0,1.5525455
4.0,1.7664814
1.1934000000000005,2.691145
12.0784,8.124931
20.9371,18.95549
30.3925,27.163364
36.13,35.174774
42.7855,39.33615
43.474,42.79746
39.6643,40.759686
38.0578,35.828747
32.549800000000005,30.604618
23.4616,22.422699
13.8226,11.613422
2.9375999999999998,4.1528807
0.0,0.97376156
0.0,0.15938568
0.0,1.1171665
4.0,1.6253605
0.0,2.100319
0.0,1.8321123
4.0,1.5043821
4.0,1.7348051
4.0,2.4848576
4.0,2.8136759
0.0,2.6927881
5.1934000000000005,3.0324488
11.4358,8.398567
19.5142,18.073921
26.9041,26.169628
33.3301,33.08839
37.4611,38.951527
41.2708,41.228783
39.4807,40.333107
33.5596,35.233364
27.3631,29.165695
18.9567,21.527401
13.3636,11.236937
6.6622,3.81322
0.0,1.6154251
0.0,1.0676098
0.0,1.1743832
0.0,0.8403301
4.0,0.38333035
0.0,1.351778
0.0,1.3437729
4.0,2.0523996
4.0,2.3283176
4.0,2.7089624
4.0,3.0822515
5.147499999999999,4.116294
12.1702,9.389244
20.8453,20.339409
30.9433,28.999935
38.7463,37.678562
41.3167,42.867474
42.3724,43.253006
40.3069,41.709938
34.41852575541818,37.307503
26.98046242300349,30.691433
23.8747,22.969784
8.3997,13.661665
2.7081,3.9354477
4.0,0.8801279
4.0,1.0687084
4.0,3.1666517
0.0,3.6869717
4.0,2.0814028
0.0,1.9051008
4.0,1.9751024
2.8520141452258,3.4701872
3.2203226149505557,3.7899141
4.0,3.3854055
4.0,3.2974176
5.1015999999999995,3.9792538
11.344,7.8077283
18.1831,17.383375
25.1599,25.110157
34.064499999999995,31.263615
39.1135,38.475014
42.5101,40.442726
38.425,39.511963
28.1068365376716,34.4193
24.03443385442803,27.884356
17.602812277898682,20.57164
13.2259,12.924055
6.386799999999999,5.4117937
4.0,2.6859674
0.0,2.4314947
4.0,2.2596378
4.0,2.6663961
4.0,2.9876013
4.0,3.277752
4.0,3.3073053
4.0,3.607459
4.0,3.7643604
4.0,3.7030373
0.0,3.5565128
0.9639000000000006,3.8198767
11.2981,8.597744
19.8355,18.838814
30.0253,27.646132
36.9562,35.696236
41.4544,40.540066
41.2249,42.420124
30.0253,39.653294
26.7205,32.678425
11.1145,26.7138
9.5998,16.931656
10.7014,10.791655
5.6983,5.160921
4.0,2.5295334
0.0,2.2465057
0.0,1.2682505
0.0,1.410697
0.0,1.5778008
4.0,2.104082
4.0,2.3846254
4.0,2.8556538
4.0,3.1017265
0.0,2.795395
4.0,2.724615
0.6425999999999998,3.3244686
4.865399999999999,6.199806
13.4946,12.169451
20.1568,21.635517
12.721,24.803486
19.9732,23.64302
33.3301,25.708763
26.3992,29.718948
21.0289,24.661205
20.3863,19.546146
12.9505,14.048028
8.7736,9.169498
5.6524,4.227108
4.0,2.442379
0.0,2.1611156
0.0,1.6261234
4.0,1.1580667
4.0,1.9339828
4.0,2.9964972
0.0,3.052598
0.0,2.0774536
0.0,1.206522
0.0,0.54484844
0.0,0.9640446
5.0098,2.3040285
9.8293,8.131715
13.4095,15.5121765
17.0815,20.58049
30.8056,24.245644
31.3497,30.054115
28.917,28.653667
36.4972,29.430183
29.1006,31.350327
21.8943,23.873327
17.999499999999998,15.465716
11.1604,10.942379
6.7081,4.8615255
4.0,2.8879948
0.0,1.9445353
0.0,1.3507032
0.0,1.0620251
0.0,1.2510614
0.0,1.0939007
0.0,0.7388096
0.0,0.4087801
4.0,0.7252121
4.0,1.1887054
4.0,1.9616671
4.550800000000001,2.8233547
8.3605,6.809047
13.2259,13.610442
16.1635,19.511944
21.9928,22.823513
26.3466,26.09259
29.6122,29.207901
28.694199999999995,27.96046
28.7401,27.385344
21.6256,24.42817
13.9603,16.283125
10.6555,8.876514
5.835999999999999,4.276105
4.0,2.167985
0.0,1.984231
0.0,1.7856369
4.0,0.259614
4.0,1.5798187
4.0,2.3476572
4.0,2.461442
4.0,2.5779572
4.0,2.7609367
4.0,2.8069715
4.0,2.8666677
4.550800000000001,3.4504747
7.8556,6.9261103
10.1965,13.065343
13.0423,17.990387
25.9402,21.274967
23.0418,26.785336
21.8025,27.367722
35.5333,25.953876
36.6349,30.010277
20.7468,28.561893
18.229,17.86007
9.639,10.983574
7.0294,4.21671
4.0,1.858902
0.0,1.4482336
4.0,1.0003376
4.0,1.3052034
4.0,2.2579794
4.0,2.7774649
4.0,3.1497993
4.0,3.347538
4.0,3.319789
4.0,3.268735
4.0,3.3979168
5.0098,3.9762068
10.6096,8.268153
17.586399999999998,16.940975
27.5467,24.610508
35.0743,30.991344
34.294,37.326176
38.9758,37.061977
40.8577,37.012432
35.58268158741614,34.571167
30.897400000000005,30.43311
22.2682,21.2989
13.967508615021108,11.956644
2.295,5.19952
4.0,1.5653324
0.0,1.4841375
4.0,1.605876
4.0,2.0468512
4.0,2.4020119
4.0,2.3849173
4.0,2.3214865
0.0,2.2894144
0.0,2.010395
4.0,1.8799391
4.0,2.2225094
4.8262,3.7886734
8.2228,9.800932
18.5503,15.836834
26.6746,25.417664
29.4286,31.776005
29.244999999999997,34.811066
20.6617,35.427437
31.508737259174204,29.584446
37.03194727077668,32.221004
22.819,31.513584
14.1439,19.43693
12.0784,13.338147
6.983499999999999,6.363958
4.0,2.8312178
4.0,2.372507
0.0,2.0767174
4.0,1.8372679
4.0,2.8393536
0.0,2.6138277
0.0,2.104021
0.0,1.9365578
0.0,2.1065092
0.0,1.8577061
0.0,2.0421114
1.0098000000000003,3.2930527
11.8948,10.445362
17.2584,19.442087
26.7597,27.91497
34.2414,34.72417
43.3363,40.58691
45.9985,41.21506
44.851,40.446148
39.7561,37.302746
26.12711614324993,32.799484
14.3275,23.055597
7.7638,11.488197
2.8021329810081106,4.928419
4.0,2.5885525
4.0,2.1321745
4.0,2.4853487
4.0,2.548297
0.0,2.3512745
0.0,1.696969
0.0,1.0103884
0.0,0.38807774
0.0,0.2598362
0.0,0.6252451
4.0,1.1992321
4.550800000000001,2.9286633
8.1769,7.720082
17.586399999999998,14.512335
20.6617,23.098362
22.0387,27.36121
27.0877,30.304256
32.5039,32.399372
34.9825,33.68007
36.77232427852687,32.992664
29.2909,30.595001
18.229,22.160698
8.4982,12.325639
5.640776082843247,5.317521
4.0,3.2194395
4.0,3.187789
4.0,3.2472448
4.0,3.5042171
4.0,3.80478
4.0,3.5897856
4.0,3.3867369
4.0,3.3921576
4.0,3.5935678
4.0,3.8423262
4.0,3.7925024
4.8262,4.179838
9.6457,9.073603
15.6127,14.678343
19.4224,20.771427
21.8551,24.595192
27.0877,26.369312
34.3399,28.559752
37.3693,31.122978
32.0449,30.975403
21.5797,26.66208
9.4554,18.363993
11.124757060329078,8.357635
3.0782916868617534,4.5771866
3.473852420849786,2.315383
4.0,2.3592749
4.0,2.9715538
4.0,3.2466545
4.0,3.4549427
4.0,3.571576
4.0,3.3054447
4.0,2.8833866
4.0,3.2722673
4.0,3.2849922
4.0,3.1944227
4.7803,3.514886
8.7736,7.114358
14.8783,13.492995
23.4157,20.321476
30.3007,26.196163
33.0547,30.410095
34.3399,31.725021
34.5235,31.673763
19.12963884232092,30.283928
16.9897,23.258778
11.2914,14.299099
7.8556,7.4081326
2.026551951051948,3.1837902
4.0,2.9775467
0.0,2.6780052
0.0,1.8975077
4.0,1.8086929
4.0,3.0537329
4.0,3.6103172
0.0,3.436327
4.0,2.761571
4.0,2.8416634
4.0,2.9929323
4.0,3.2452574
4.3672,3.8890905
10.2883,7.1290207
18.5044,14.200866
24.196,22.836372
27.2254,28.34113
29.933500000000002,30.620686
28.5106,31.854126
23.0026,30.173073
22.2223,25.710274
17.586399999999998,20.942219
14.6029,14.717507
10.9768,8.939213
5.560599999999999,3.9012642
4.0,2.668621
0.0,2.2803364
0.0,1.5994949
0.0,1.157877
4.0,1.5911083
4.0,2.4559498
4.0,2.5071478
4.0,2.6182995
4.0,2.7456503
4.0,2.699998
4.0,2.9508724
0.8720999999999997,3.703949
9.8293,7.7161193
17.5405,15.680613
27.6385,25.291418
32.549800000000005,33.214977
37.2775,36.153725
41.179,38.867336
42.6019,37.610832
38.884,34.27731
25.658024602191016,28.242868
20.62822182312683,18.141073
9.795759570083518,9.446005
6.7081,3.9492693
4.0,2.2479753
3.481712168762181,2.4072046
4.0,2.8621016
4.0,3.0778456
0.07535667767814402,3.2000513
1.9034834057232093,3.760457
3.3049924551002707,3.362749
4.0,3.356121
4.0,3.559991
4.0,3.2775135
4.0,3.264102
4.963900000000001,3.830883
10.8391,7.195114
18.7339,16.222797
27.5008,25.182697
37.3693,32.829304
41.4085,40.28887
43.88709999999999,41.88559
34.3332,40.396156
32.283586049740585,31.405636
31.184380411305412,29.838158
23.9665,22.422636
14.4652,14.92148
7.0294,5.74194
4.0,1.9917097
2.954509827210334,2.172536
4.0,2.9346666
4.0,2.171792
4.0,2.712778
4.0,3.2735395
0.0,3.1547136
0.0,2.3327541
0.0,1.6041479
0.0,1.6536722
0.0,1.910696
0.7803000000000004,2.7271786
9.508,7.8644576
9.1341,16.925077
22.2682,22.686178
30.5302,29.138372
20.6091,35.68059
29.238299999999995,31.868195
38.1037,36.089867
33.6055,34.19816
26.163,29.527603
17.204604203051197,20.74323
9.573299681494158,12.825267
6.4786,5.940585
4.0,3.0356226
4.0,2.6253939
0.0,2.6704454
0.0,1.2814627
4.0,1.2701778
4.0,1.9788485
4.0,2.4520445
0.0,2.1715555
0.0,1.5175695
0.0,1.28339
0.0,1.3565283
0.8720999999999997,1.977581
6.7014,5.4649963
15.1929,14.923299
24.1893,22.99326
35.1661,31.379246
34.2873,37.190166
34.0578,36.50281
32.3136,34.40488
29.6055,32.870804
25.2976,27.248672
18.7731,20.42408
13.5931,11.039872
6.754,3.107811
4.0,2.6857204
4.0,3.1173706
4.0,3.2835627
4.0,3.5940447
4.0,3.5768242
4.0,3.5612602
0.0,2.8562946
0.0,2.049796
4.0,1.4890966
4.0,1.617279
4.0,2.0421944
4.963900000000001,2.725235
11.8948,7.927529
21.7174,20.17833
31.172800000000002,28.373217
38.9758,36.5122
44.3002,41.492653
46.4575,43.43318
43.8412,42.94987
35.50829526644593,37.291332
16.7535,29.65374
14.7798,16.921068
8.0784,9.359257
3.1212,2.7079897
0.0,0.4150095
4.0,0.37899494
4.0,2.613388
0.0,3.2677574
0.0,0.90914536
0.0,0.078826904
4.0,1.4093256
4.0,2.7213306
4.0,3.090438
4.0,3.018796
4.0,3.3072863
4.8721,4.30044
11.0227,7.8831363
19.6978,16.305218
27.4549,26.255451
35.3497,34.13705
42.1888,39.8925
45.3559,43.068317
41.155665717308,42.34443
31.542638248127048,37.774178
27.464796737699103,30.804329
23.8288,22.527046
11.97897106545312,12.96319
6.295,5.0314255
4.0,2.713297
4.0,2.8275805
4.0,2.9849472
4.0,3.269579
4.0,3.3928232
4.0,3.4080372
4.0,3.3001556
4.0,3.430151
4.0,3.5184107
4.0,3.7586718
4.0,3.895522
4.918000000000001,4.372136
11.3899,8.602774
21.3043,19.36221
30.3007,30.8298
33.651399999999995,36.468052
36.8185,39.77701
35.9005,40.594135
35.6184,37.94843
36.0841,34.519836
25.9335,29.450636
22.819,21.78749
13.7767,12.376162
7.0753,5.500147
4.0,2.8349724
4.0,2.5271883
4.0,2.5870142
4.0,3.2574825
4.0,3.4115477
4.0,3.260069
4.0,3.116251
4.0,3.153304
4.0,3.362772
0.0,3.168974
0.0,2.9458723
0.8720999999999997,3.7222471
11.6194,9.383497
21.2125,19.611698
30.7138,28.590973
38.425,38.706112
43.3822,43.178707
43.49809365079365,44.454773
38.6937,42.652596
34.5694,37.693443
24.7927,30.018997
21.2584,20.437595
15.2914,13.1051855
7.1212,4.664506
4.0,2.4905214
4.0,2.1336136
4.0,2.327631
4.0,2.119381
4.0,3.5994368
4.0,4.2053833
4.0,4.0457306
4.0,3.8934393
4.0,3.7349968
4.0,3.6468039
4.0,3.7558193
4.8262,4.1752405
11.2063,8.657358
19.9273,19.944902
28.4188,28.713558
37.9201,35.371857
42.96909999999999,41.62777
44.5756,43.13884
43.6117,43.303185
35.39098731025446,38.886444
25.829882298284257,32.247078
12.1176,21.110191
8.865400000000001,10.504313
7.0294,3.843935
2.685439595587125,2.9236746
0.7637024914445742,2.240919
4.0,2.4513025
4.0,2.6458101
4.0,2.9895344
4.0,3.2126265
4.0,3.2732925
4.0,3.189495
4.0,3.2707644
4.0,3.4722815
4.0,3.6318388
0.6884999999999994,4.301013
10.885,9.333614
19.3306,17.794863
28.0057,27.067827
33.4219,33.442787
36.9562,37.24831
37.5988,39.396805
40.6282,37.413776
31.67081741034623,35.013283
25.0681,28.612446
19.0552,20.04821
11.9866,11.460128
6.754,4.8301535
4.0,2.7383776
4.0,2.85674
4.0,3.1811771
4.0,3.3951893
0.0,3.5148497
0.0,2.6137428
4.0,2.3157005
4.0,2.8275766
4.0,3.4236565
4.0,3.5641623
4.0,3.6117573
4.8262,4.1825275
11.1145,9.375195
20.8453,17.88193
29.841700000000003,28.170895
38.0578,36.14323
42.96909999999999,41.97628
40.0315,43.688416
37.6447,40.165848
32.9103,35.673626
26.44545802448545,26.884644
18.7731,23.395805
11.6194,10.951425
7.3048,4.013382
4.0,3.036868
4.0,3.2946205
4.0,3.2213335
0.33997910655871166,2.807518
4.0,3.8643026
4.0,3.9770823
4.0,3.8850021
4.0,3.803465
4.0,3.5856533
4.0,3.338585
4.0,3.4970531
4.7803,4.060953
10.5178,8.715399
17.6782,17.341959
28.786,25.140049
35.5333,34.6657
41.7757,39.605537
42.3724,42.70074
41.4544,39.964516
37.4611,35.34846
23.4549,29.548203
21.220490571629483,18.216728
8.198726133142495,11.6856
3.3400820320387012,3.8686485
4.0,2.1411133
4.0,2.1761856
4.0,3.075756
4.0,3.6295433
4.0,3.6620655
3.225433692449826,3.864768
4.0,3.5164108
4.0,3.6190567
0.0,3.6495275
0.0,2.9616156
4.0,2.4651852
4.8262,3.7667542
11.4817,9.819825
20.983,19.65557
30.667900000000003,28.813507
38.1955,36.192646
41.208121520069255,42.128536
41.3292945197136,43.95916
43.6117,43.17393
34.5235,37.24074
32.0908,29.21994
22.819,22.163403
14.2816,12.662447
7.0753,4.116353
4.0,1.593605
4.0,2.4190102
2.5280650408168963,3.630331
4.0,3.3525276
0.6502927069993714,3.6663322
4.0,3.481471
4.0,3.4388523
4.0,3.5994492
4.0,3.8041382
4.0,4.0024576
4.0,3.9711924
4.6426,4.579894
10.426,9.4665985
19.2847,16.417742
29.0155,25.192549
36.9562,35.3073
41.5462,40.419456
35.20581045201276,41.925705
29.246719978542004,37.986702
21.3043,31.95105
15.1996,24.66367
19.1929,17.35536
13.5013,11.60942
5.6065000000000005,5.780314
4.0,3.0140657
4.0,2.4411907
4.0,3.2396336
4.0,3.5523176
4.0,3.467453
4.0,3.4637318
4.0,3.569785
4.0,3.6799831
4.0,3.593236
4.0,3.713749
4.0,3.8206663
4.4131,4.3111095
9.9211,6.887485
18.214404203051195,14.935897
23.7829,24.637367
28.312427849178924,28.750458
32.34383335196518,32.16903
33.17548318914413,34.08168
29.05256293270275,32.039898
27.441661427039303,27.341347
25.3435,23.524368
19.77277966195422,16.10426
11.27867764592506,11.474395
5.387209827210333,4.9403725
4.0,3.0181599
4.0,3.280283
4.0,3.5841904
4.0,3.7972164
0.0,3.920535
4.0,2.8553534
4.0,3.283987
4.0,3.8656712
4.0,3.8637152
4.0,4.074011
4.0,4.2829876
0.1836000000000002,4.696434
5.7901,5.3744726
8.3146,9.728483
12.7669,12.903822
17.6323,17.04779
15.9799,18.074265
23.6452,18.142252
26.248173953711103,19.21406
25.31796780104741,18.610765
26.20016242300349,16.892134
21.410449246240667,15.434742
11.8948,11.523772
5.8819,6.0325828
4.0,2.442812
4.0,2.2422438
0.0,2.4982414
0.0,2.1565437
0.0,1.8252726
0.0,1.0166101
0.0,1.2661552
4.0,2.0394144
4.0,2.771389
4.0,3.075038
4.0,3.0832415
0.6425999999999998,3.6960402
8.865400000000001,7.551255
14.7406,13.6115465
16.4389,19.864246
22.9567,21.20691
21.19955282933629,23.859663
24.24811537709813,22.828278
23.20261227789868,23.575108
25.50350996342394,22.084503
32.17322518267939,21.050123
24.1042,20.526463
13.735792354955136,13.899722
6.019600000000001,6.870152
4.0,2.3129768
0.0,1.8057213
0.0,1.5035763
0.0,1.3742247
4.0,1.6441259
4.0,2.0191164
4.0,2.467702
4.0,3.176569
4.0,3.652504
4.0,3.6891031
3.7242082642642433,3.6355038
4.1836,3.722351
5.6983,5.6589875
13.7767,9.64275
15.3832,16.01121
14.0521,19.26435
28.7401,19.639618
30.622,24.519827
29.7958,24.701519
14.3275,22.394878
13.78882645998132,14.672058
17.5405,11.618107
10.8391,9.847381
5.147499999999999,5.7261047
4.0,3.3058414
4.0,3.207695
4.0,3.2408648
4.0,3.094739
4.0,2.929904
0.0,2.6259317
0.0,2.1262846
0.0,2.0647926
0.0,2.1244698
0.0,2.1087866
0.0,2.4677534
0.45899999999999963,3.123417
8.9572,6.1757073
17.0815,12.984845
25.8484,21.600658
35.212,27.39313
33.9201,32.14341
22.7664,31.073402
30.4384,24.441143
29.972700000000003,25.486496
23.4157,18.854027
25.9861,15.611598
14.4193,12.173836
2.799899999999999,4.312709
0.0,0.6816969
0.0,-0.16027927
0.0,-0.32565975
0.0,0.46078682
0.0,1.0341644
0.0,0.40685177
0.0,0.45107174
0.0,0.44901085
0.0,0.37895966
0.0,0.286479
0.0,0.6675072
0.4131,1.3529692
5.829300000000001,5.121208
13.4946,13.299608
16.4389,19.50821
22.6354,19.851875
25.3827,24.345394
25.2517,23.775131
23.5993,19.732811
15.6586,18.014385
16.393,13.435457
16.0258,10.059987
10.6555,7.486182
4.604823310268449,4.2
4.0,3.175434
0.0,2.961647
4.0,2.0019398
4.0,2.6861782
4.0,3.4336548
4.0,3.603589
0.0,3.3205595
0.0,2.6121006
0.0,1.3474522
0.0,1.4008665
0.0,2.104763
4.275399999999999,2.2623806
6.386799999999999,3.906807
8.1769,9.188545
18.0454,13.77169
20.6617,18.99706
19.5601,20.865772
26.1171,20.277536
30.254800000000003,22.848087
25.245,20.953455
16.524,18.05261
15.9799,12.371042
11.8948,8.27607
3.888048121791739,3.7420454
4.0,2.6182556
4.0,2.6520452
0.0,2.9088116
0.0,1.5246181
0.0,0.6832781
4.0,1.7091064
0.0,2.5123568
0.0,2.1961346
0.0,1.8970652
0.0,1.6396055
0.0,1.5714674
4.550800000000001,2.4640455
7.9933,7.437387
13.8226,12.891416
26.1697,18.989737
29.658100000000005,26.747185
28.602400000000003,28.43063
29.5596,27.137741
30.3007,26.384117
27.7303,25.442364
25.1991,21.756199
16.9438,16.366642
9.508,8.488822
5.2852,3.9453545
0.0,2.053668
0.0,1.3745213
0.0,0.651803
0.0,0.50842476
0.0,1.2664509
0.0,1.5832319
0.0,1.1262512
0.0,1.3693314
0.0,1.7595091
4.0,1.0073252
0.0,1.9574261
0.4131,3.1383705
2.2032000000000007,6.7657065
8.3538,12.019834
22.3141,18.224873
29.4219,26.244944
35.6643,32.95292
34.425,34.859947
27.4941,33.14984
19.5075,30.08794
18.9567,22.913635
14.526396709839537,17.168762
11.9866,9.826125
6.4327000000000005,3.5093536
0.0,1.8404684
0.0,0.9025698
0.0,1.0758295
0.0,0.32309628
0.0,-0.16690922
4.0,0.34498405
0.0,1.4920673
4.0,1.7948351
0.0,2.2878036
0.0,2.2738867
0.0,2.1100855
4.2295,2.6884327
6.386799999999999,6.6675935
9.2326,12.278099
12.6751,17.005243
13.7241,20.7195
23.868,23.134647
36.72,27.946396
34.9758,32.988243
29.146500000000003,30.728817
28.3729,25.61572
15.9732,21.28336
10.1439,10.970186
6.8917,3.908637
4.0,2.4553022
4.0,2.2771292
4.0,2.9834566
4.0,3.2741175
0.0,3.0417652
0.0,1.9517069
0.0,1.1928883
4.0,0.9163208
4.0,1.5633049
4.0,2.5033684
4.0,3.0584698
4.6884999999999994,3.7417002
11.0227,8.098807
20.7076,17.64774
30.9433,27.183441
33.5529,33.666256
26.4384,35.42272
28.6416,30.943752
29.467799999999997,35.137535
34.3858,32.391666
32.917,27.918194
20.655,22.82483
13.927951095491096,12.674084
4.47353902779656,4.7793264
4.0,2.444497
4.0,2.477973
0.0,2.9897308
0.0,2.3790197
0.0,1.977108
0.0,1.6913633
0.0,1.7174692
0.0,1.1667681
0.0,1.0397186
0.0,1.4781876
0.0,1.6250257
0.6884999999999994,2.4682665
11.3899,7.0879736
21.3502,16.421665
31.1269,25.535141
35.4348,36.019028
37.3626,38.50131
35.6643,39.400673
29.467799999999997,36.935207
35.2971,30.867363
30.7138,29.946728
23.5993,20.345013
9.9144,11.603054
7.255547525553595,2.8895378
1.9207383087200185,2.9565477
3.6401229634817636,3.4657412
4.0,3.3661385
0.0,2.9343796
0.0,1.4353008
0.0,1.4802475
4.0,1.4586115
4.0,1.777605
4.0,2.13266
4.0,2.3447132
4.0,2.521923
0.6884999999999994,3.1458607
11.344,7.7416234
21.2125,16.447369
30.9433,27.787426
39.0217,36.387268
44.5297,42.74019
42.1888,44.123676
39.9397,40.581867
35.82262750425571,35.31036
29.13304812179173,30.42286
20.524,22.383656
14.8324,12.345303
6.983499999999999,5.0399437
4.0,2.8607426
4.0,2.917719
4.0,3.1384192
4.0,3.10223
4.0,2.500392
4.0,2.526619
4.0,2.703576
4.0,2.9411392
4.0,3.170313
4.0,3.2523537
4.0,3.5144005
4.6426,4.0542784
10.5178,8.329922
19.1929,17.352089
29.2909,26.525448
35.854600000000005,35.252495
39.107048377235245,40.284683
43.0609,41.615265
31.120200000000004,39.83456
33.376000000000005,33.18815
22.08466827067804,27.647614
17.618051182268665,19.004473
11.673532319465576,12.461537
4.3045883919945656,5.836299
4.0,2.62613
4.0,2.7095108
4.0,3.3796616
4.0,3.7392435
4.0,3.8817043
4.0,4.103939
4.0,3.9220266
4.0,3.9292727
4.0,3.9475012
4.0,3.983592
4.0,4.042967
4.6426,4.3879757
10.5178,7.084038
19.606,15.512114
29.4745,25.932339
38.1496,34.637985
43.1986,40.718918
46.5034,42.30317
39.68390221151611,41.590027
36.66909781549376,37.32257
33.3301,32.281403
24.6091,23.278358
13.4554,13.192205
7.0294,4.9088984
4.0,2.924386
4.0,3.0879793
4.0,3.5224943
4.0,3.7418642
4.0,3.9374437
0.0,3.4717712
0.0,2.8666039
4.0,2.1240177
4.0,2.6289225
4.0,3.5306454
4.0,3.9245415
4.5967,4.362482
8.55193422429522,8.15506
12.598889637542303,15.465198
24.28091741034623,21.553593
35.0450914666136,31.762348
38.02001976250019,39.95847
37.75487101595247,41.166214
40.5756,40.758106
38.0426472003723,39.53019
33.792240994681244,35.337265
25.0681,26.480885
14.116696415378804,15.568081
7.1212,6.5157094
4.0,2.9113073
4.0,2.7253666
4.0,3.3707361
4.0,3.8481255
4.0,3.959899
4.0,4.019964
4.0,2.9426327
4.0,3.3192663
4.0,4.008501
0.8918495533672122,3.76466
4.0,3.196124
4.6426,3.9284143
10.7473,9.591764
19.9732,19.318289
27.0418,27.911072
26.2801964153788,33.677364
24.026390810896466,33.9187
24.76752433576473,32.78458
35.4120634571673,30.461716
38.36738394547568,32.58787
33.6055,31.884441
19.6519,23.002323
11.4817,11.916303
6.6622,4.7517653
4.0,3.3791437
4.0,3.513443
4.0,3.5639524
4.0,3.5527267
4.0,3.5569258
4.0,3.6129456
4.0,3.2621336
4.0,3.7879143
4.0,3.7397919
4.0,3.7785587
4.0,3.8920288
4.459,4.5411205
9.8293,8.441613
19.2847,15.926746
27.8221,26.224245
35.441500000000005,33.901535
38.06768248674109,38.236935
33.956647270776685,39.493107
31.325428672957102,36.67737
23.770875487663712,32.877728
24.862183243009564,26.374626
18.688,19.240759
12.3079,10.710744
6.0727086150211065,4.589432
4.0,3.4714546
0.804366407120126,2.9886131
4.0,3.4727411
2.1956307835352717,3.4864483
4.0,3.5333748
4.0,3.5830212
4.0,3.7904062
4.0,3.8339434
4.0,4.0260744
4.0,4.203311
4.0,4.4926767
4.504900000000001,4.856865
9.5998,8.579666
16.62262934766772,15.724197
27.76033528994568,25.03336
34.16005385480459,34.508385
38.11738465546803,41.24827
39.315395243224906,43.278725
41.7298,41.426388
40.4905,37.78443
32.917,27.657982
25.8484,25.34158
15.7045,15.952739
7.0294,6.4707785
4.0,3.0457048
4.0,3.5671825
4.0,3.9770164
4.0,4.09151
4.0,4.2435226
2.777443518626665,4.1543474
3.5447994656700086,4.2354546
1.8916503744904052,3.8154364
1.1274469665728475,3.387043
0.17594745731623718,2.813511
0.6688053063360258,2.3972492
3.9624239365079355,3.2223272
8.976137814473127,9.132517
18.98961267048837,18.961376
29.08331356521633,27.091629
35.29268565079365,36.581066
40.33729041176492,42.09066
41.76129264408087,44.614975
44.32429365079365,44.231403
40.8118,41.148724
31.280088469963673,31.75673
24.3337,23.882973
15.2914,13.357613
6.252241900966997,4.9689054
2.890157531155168,3.6072454
3.360540994681246,3.6163368
0.8216383030793626,3.9560509
0.9560297838259135,3.813879
4.0,3.2518034
4.0,3.1697912
4.0,3.6566944
4.0,3.8400602
4.0,4.200302
4.0,4.320446
4.0,4.585272
4.504900000000001,5.1317863
9.5998,8.355095
18.94671419195089,16.936052
27.326511693135007,27.240215
35.03515918970155,36.600155
41.70618959425693,43.11848
45.99822427852686,45.187412
45.1264,45.254333
39.4348,40.23226
33.1006,33.976078
23.3698,25.115887
15.0619,13.627881
6.8917,5.242303
4.0,3.7819424
0.10006862239274916,3.9317818
4.0,4.0037403
4.0,3.6045876
0.7468184613677646,3.5889997
4.0,3.7360373
4.0,3.6719522
4.0,3.6728468
0.12658810143186727,3.6453753
3.360540994681246,3.7222624
1.7841218668530754,3.542263
4.550800000000001,4.0264845
6.217621352405954,9.833549
15.5601,16.31853
26.539350764930724,25.365639
33.74358338917089,34.83595
29.8051365376716,40.998074
36.72496875086631,40.745262
43.933,40.40997
35.441500000000005,36.3608
30.071200000000005,30.861107
19.491832846822348,21.949532
11.10896288048513,11.234073
3.3854451535632872,4.3873825
0.5711846554680307,3.3154583
0.11051682364348281,2.7415934
4.0,1.9983549
4.0,2.791729
4.0,3.4387283
2.0671966511848137,3.489975
4.0,3.9240656
2.477470441780353,3.8720732
1.0588888965600116,3.8230743
2.0088527770540363,3.4546156
3.93101505681571,3.1642857
4.550800000000001,3.5509958
9.0031,10.314062
11.22788919578379,16.079844
19.5954824906984,20.472637
25.9728614270393,28.096579
28.670454524232362,33.870045
27.592213217133185,36.648853
31.1269,34.287243
23.3239,30.677364
20.2027,23.007343
15.8881,15.698547
13.1341,8.51144
5.744199999999999,4.482832
4.0,3.392006
4.0,3.363614
4.0,3.4420319
4.0,3.7100868
4.0,3.778965
4.0,3.8338032
4.0,3.4439898
4.0,3.8452072
4.0,3.9050732
4.0,3.9730463
4.0,4.2543488
4.3672,4.765954
8.424559135033396,9.239719
18.98698324300956,16.291218
27.9598,26.943468
31.723600000000005,35.25331
32.4119005416258,38.064358
37.051305067511045,38.318314
31.69493984185145,38.574722
35.7628,33.551914
27.1336,25.368
20.1568,17.547283
11.9407,9.21525
5.2852,3.679883
4.0,2.652296
4.0,2.9927797
4.0,3.2087135
4.0,3.202221
4.0,3.424017
4.0,3.489421
4.0,3.3829432
4.0,3.4613123
4.0,3.3238335
4.0,3.4643564
4.0,4.0435
4.321299999999999,4.5985355
7.672000000000001,7.2280216
13.9603,12.474041
19.8814,19.603989
35.441500000000005,24.203594
43.2445,35.610504
41.6839,39.779694
33.7432,36.918575
27.4549,29.66558
26.2615,24.646027
15.934,18.391775
10.6096,8.839997
6.295,3.9228544
4.0,2.8338413
4.0,2.8234034
4.0,3.1081276
4.0,3.2880745
4.0,3.121791
2.4809894937677655,2.7562637
4.0,3.665289
4.0,3.9837446
4.0,3.7875977
4.0,3.720397
4.0,3.4941854
4.275399999999999,3.4944286
5.8819,5.371031
10.6096,11.157674
9.7834,17.916355
15.1537,20.724747
22.2223,23.045671
19.9273,24.12461
14.6947,19.818272
17.4028,14.4166155
22.5436,12.171428
22.6354,11.472184
14.8324,9.943055
5.4229,5.082677
4.0,2.6351633
4.0,2.6716156
4.0,3.0887756
4.0,3.2077084
4.0,3.349534
0.0,2.7736359
0.0,2.1649294
0.0,1.5273876
0.0,1.4616833
0.0,1.7386217
0.0,2.1273375
4.137700000000001,2.5631256
6.386799999999999,6.265576
11.3899,10.442927
17.77,15.032699
18.2749,19.554037
17.8159,20.409002
19.147,19.672796
23.6911,17.668438
23.8288,16.890484
15.475,14.75602
11.5735,10.648079
9.1867,7.1646833
5.0557,4.118845
4.0,2.8783417
4.0,2.8889542
4.0,3.0647116
4.0,3.374651
4.0,3.4747534
4.0,3.461403
4.0,3.1200008
4.0,2.998989
4.0,3.1552792
4.0,3.4961967
4.0,3.8100624
4.4131,4.2322016
8.5441,8.126945
16.0717,14.643905
25.0681,22.217094
34.202200000000005,29.49091
43.5658,35.476376
42.8773,39.068676
35.3497,35.31283
31.081000000000003,30.267426
27.984710148430302,25.08691
22.7272,18.770708
11.2522,10.0767975
4.5652250930758775,3.185463
4.0,2.3122025
4.0,2.7861214
4.0,3.2391653
4.0,3.4566746
4.0,3.5342255
4.0,3.7118425
4.0,3.796071
4.0,3.6604815
4.0,3.6104498
4.0,3.425457
4.0,3.3107662
4.275399999999999,3.8735456
7.5343,8.264023
12.9046,14.204717
23.8747,20.105679
31.172800000000002,27.827587
32.0449,32.294254
27.8221,32.48036
36.8644,29.286194
35.9005,30.546566
30.071200000000005,25.394869
24.3337,18.914162
8.181675997050668,9.348461
6.157299999999999,3.5906172
4.0,2.3899689
4.0,2.027359
4.0,2.5844746
4.0,3.6483774
4.0,3.5755348
4.0,3.5678844
4.0,3.5606203
4.0,3.4280624
4.0,3.2411098
4.0,3.1281433
4.0,3.355526
4.321299999999999,4.033992
8.131,7.8235283
12.4915,13.569463
18.4126,18.033665
31.7695,21.970089
39.5725,29.437351
17.4028,33.11805
24.14738972255288,20.417456
21.366739595587124,20.741535
14.818638308720018,17.152754
21.10736723290236,11.879729
14.1439,9.465444
5.835999999999999,4.89503
4.0,2.4126053
4.0,2.4966173
0.0,3.192954
4.0,2.742546
0.0,2.3239584
4.0,2.3460321
4.0,2.8056488
4.0,3.3364563
4.0,3.420435
4.0,3.4397936
4.0,3.6772957
4.1836,4.063608
5.6524,6.881098
9.0949,11.134922
10.0588,14.829084
15.832433463129718,16.202585
18.571809094748925,17.658676
14.877141701076605,19.730473
19.563581587416145,17.294458
20.7994,17.233416
15.9799,16.895235
18.5044,13.091884
11.5735,10.966626
4.7803,5.9916687
4.0,3.6358356
0.0,2.0407343
0.0,1.2170134
4.0,0.86531067
0.0,1.6786566
0.0,1.7828369
0.0,1.5878448
0.0,1.5184078
0.0,1.4961958
0.0,1.1768503
4.0,1.7847624
0.1836000000000002,2.8707933
1.8819,5.1428766
7.1671,8.432837
10.8391,13.235723
19.4224,16.761763
28.9696,21.098406
22.4518,24.9725
26.95,20.67896
27.3631,19.790884
20.065,17.879776
22.9567,12.764531
6.7932,11.162395
4.6884999999999994,4.056365
4.0,2.516714
4.0,2.7440767
4.0,3.2752552
0.0,3.3229666
0.0,1.9852943
0.0,1.0589514
0.0,1.3342628
0.0,1.6924686
4.0,1.8534889
4.0,2.3335638
0.0,2.7726955
0.3672000000000004,2.9331436
2.799899999999999,5.7697105
8.4982,11.1205635
14.2816,16.039154
21.0289,20.0043
19.0093,24.064663
21.2584,22.669182
21.9928,20.95822
20.8453,18.999157
17.77,16.166655
19.9273,11.961767
12.671168632852066,9.002967
6.295,4.437378
4.0,2.5570784
0.0,2.5606136
4.0,1.8853722
0.0,2.0343418
0.0,1.8285542
0.0,0.8005333
0.0,0.28304958
0.0,0.22027874
0.0,0.72387695
4.0,1.3404093
4.0,2.097371
4.4131,2.9364347
10.0588,7.0429153
18.7798,14.647643
21.8092,23.573055
20.9371,26.292496
28.5106,27.162893
43.6117,30.589489
37.7365,35.972023
38.0119,29.399458
29.658100000000005,27.405993
23.3698,19.47415
14.9242,11.142405
3.750859296809585,4.4608097
4.0,2.368205
3.7886927674737,2.5640945
4.0,3.2710161
4.0,3.6433458
4.0,3.6875925
4.0,3.464532
4.0,3.252016
4.0,3.3174543
4.0,3.268937
4.0,3.3724308
4.0,3.8513622
4.550800000000001,5.3870163
9.4162,9.995394
17.6782,18.010818
27.5926,26.386024
35.441500000000005,34.693237
42.7855,39.90369
44.05333755752975,42.759075
39.54533081682283,42.006615
35.7102,35.90622
28.81855270026404,30.657948
22.20375772616564,23.59956
14.8324,14.907604
6.1114,6.1714506
4.0,3.1497278
4.0,3.506343
4.0,3.8089838
4.0,3.9748287
4.0,4.129882
4.0,4.244977
4.0,4.3170004
4.0,4.338423
4.0,4.294879
0.0,3.9679518
4.0,3.3141165
4.3672,4.1888695
9.8752,8.508936
17.861800000000002,16.62493
28.786,25.86705
37.1857,35.003857
38.7463,41.24641
40.6282,41.938164
40.19567764592506,40.29683
35.35888604974059,36.657482
31.3564,30.19371
24.0583,22.72306
13.5013,13.226906
1.606843937699443,5.200841
0.2763691121945424,2.8425837
0.6921671999068248,2.4370213
2.5091990260599797,2.477744
4.0,2.7278948
0.0,3.2651844
4.0,2.7757607
0.0,2.6170807
4.0,1.8838701
4.0,2.9225855
4.0,3.8796349
4.0,3.9547873
4.091800000000001,4.1406536
4.6426,3.6973286
5.331100000000001,4.007881
8.5441,5.182646
20.065,10.857838
26.8582,18.913685
28.1893,23.531359
25.7107,23.751154
33.376000000000005,19.385773
26.899789493767766,19.598104
19.5601,14.89501
12.0784,9.022856
5.8819,4.4942923
4.0,3.0364914
4.0,3.0480566
4.0,3.2669907
4.0,3.452012
4.0,3.6214743
4.0,3.7561255
4.0,3.6375437
4.0,3.6694994
4.0,3.8054237
4.0,3.9470835
4.0,4.2396564
4.550800000000001,5.6573944
10.9309,12.06902
21.1666,20.716352
31.4482,30.341114
39.8479,36.727566
44.851,40.777397
46.6411,42.91002
42.55206863285206,42.189278
36.54821417642086,36.54295
30.711150826190405,31.852116
24.4714,24.05058
11.803,14.340638
5.4229,5.585513
4.0,2.8337183
4.0,3.0688782
4.0,3.7353477
4.0,3.9321938
4.0,4.1065073
4.0,4.1005754
4.0,4.0858107
4.0,4.0853186
4.0,4.120776
4.0,4.3175545
4.0,4.645293
4.504900000000001,5.181485
10.1506,8.91143
21.2584,18.273201
22.7272,29.610905
28.8319,32.22619
35.671,36.88696
40.4905,39.172688
38.17672182250582,38.603065
34.36979052355095,34.097942
32.3662,29.374212
22.7272,21.793486
12.9505,12.018785
6.048445059161868,4.4430857
4.0,3.148982
4.0,3.5100603
4.0,3.6814594
4.0,3.7950134
4.0,3.831253
4.0,3.8802032
4.0,3.8911715
4.0,3.9013271
4.0,3.887206
0.0,3.6141605
4.0,3.1936493
0.45899999999999963,3.6174898
9.3703,7.612711
17.7241,16.42971
23.5993,25.703568
29.6122,30.472824
38.6545,34.611294
37.507,39.245808
23.9206,36.677326
24.8386,27.992386
19.5601,23.790844
21.4879,17.014688
13.9144,11.603208
5.4688,4.4266024
4.0,2.4787626
4.0,2.80153
4.0,3.2282171
4.0,3.2726507
4.0,3.4202461
4.0,3.4539928
4.0,3.161913
4.0,3.1428204
4.0,3.4664087
4.0,3.6386518
4.0,3.801363
4.275399999999999,4.1713505
6.754,7.7706985
12.3997,13.125882
20.4781,19.731928
25.3435,24.718784
24.7927,28.238604
25.3435,27.13146
25.9861,26.11475
27.16222920195177,22.899746
25.8484,19.85384
12.654747880675457,11.966381
6.170853385448088,6.6676946
5.4229,3.4736204
4.0,2.9261484
4.0,3.173398
2.120498937056677,2.6170254
4.0,3.4210014
4.0,3.592681
4.0,3.5417767
4.0,3.4244928
4.0,3.4712925
4.0,3.4951992
4.0,3.4598389
4.0,3.4118967
4.3672,3.900875
8.3146,7.498697
13.7308,12.751318
23.5075,18.376707
29.5663,26.097557
37.5988,30.135284
39.6184,34.64336
40.3528,33.239056
38.7922,31.991817
29.658100000000005,28.84776
18.8716,20.214956
10.1965,9.162294
5.4688,3.0261726
4.0,2.1766853
2.9235132478681063,2.6610203
2.685439595587125,2.812951
3.5329421488287647,3.0260382
4.0,3.040968
4.0,3.3214836
4.0,3.5397978
4.0,3.2234392
4.0,3.3330965
4.0,3.8287373
4.0,4.083213
4.275399999999999,4.5382977
9.1408,8.906889
17.311,15.89025
20.983,23.971655
24.3337,28.788164
41.4544,31.108921
45.5854,39.559742
40.5364,40.02407
39.1135,34.693855
33.5137,31.333477
23.0485,23.75662
12.9046,12.341318
5.6983,3.7812767
4.0,1.9844065
4.0,2.5833588
0.0,2.8375893
0.0,2.4016075
4.0,1.9842472
4.0,2.3389988
4.0,3.4994812
4.0,3.9630718
4.0,3.8542347
4.0,3.724678
4.0,3.7768145
4.550800000000001,4.2776766
10.7932,10.047975
19.8355,20.93395
29.933500000000002,30.234093
39.1135,39.44109
45.26409999999999,43.073555
46.7788,44.51216
44.805099999999996,43.037495
34.15481817754293,37.726597
24.9696,30.37387
17.9536,21.503819
12.3538,11.684557
2.9536365376715974,5.27901
2.074941969918722,2.8074627
0.08983831673653597,2.6243773
0.9233379204510062,2.591341
4.0,3.3601322
1.5864039371000196,3.6028776
1.9553966730066907,3.9260921
0.9430827644367081,3.67838
0.595712690408563,3.5854053
0.8473412143488126,3.1848888
4.0,3.0062418
4.0,4.048256
4.137700000000001,5.8810463
6.6163,9.601766
12.3079,13.604599
15.7963,18.084888
28.1893,20.894133
39.7102,26.94588
45.3559,34.493015
45.0346,38.53656
39.7102,36.134975
30.4384,32.502323
22.18852645998132,23.611832
10.670506183405587,13.80188
5.6524,4.4419756
3.272835423974305,2.9070396
1.614919978542007,3.3491087
4.0,3.1099834
0.0,2.8295012
4.0,2.885726
0.0,3.4696255
4.0,2.940031
4.0,3.6512003
4.0,3.675047
4.0,3.767208
4.0,4.006109
4.459,4.537038
8.1769,7.167989
12.1702,12.986856
16.8979,17.903328
25.7107,22.617363
12.262,23.174599
14.356580680628785,20.93373
23.3698,18.882153
24.7927,18.120361
21.084205344217168,16.174925
19.70399199795192,12.580963
11.329427849178929,9.23427
5.147499999999999,4.135092
4.0,2.9975557
4.0,2.9643211
4.0,3.0906372
2.477470441780353,3.4208412
0.8348738097442592,3.2837467
2.5033139095046177,2.9716692
4.0,2.8607712
4.0,3.1394672
4.0,3.5441227
0.0,3.3183327
4.0,2.9717379
0.4131,3.5210562
7.7179,7.9704313
11.344,14.18619
19.8355,19.616066
26.5828,25.257936
39.9397,29.264656
40.9036,32.742496
42.0052,31.580822
36.0382,32.00248
25.31531861453456,25.05935
16.834188101431867,16.31369
8.597157385537189,9.87613
3.6601822982842567,3.2637033
0.15079365079365026,1.9456291
4.0,1.8791399
4.0,2.4506292
4.0,2.7196932
4.0,2.6771173
4.0,3.2433176
4.0,3.8615303
4.0,3.851534
0.0,3.4933977
4.0,2.805624
4.0,2.7633162
4.459,3.4082422
8.3146,6.4324474
13.9603,12.589071
26.6287,18.01415
32.825199999999995,27.410273
39.7561,31.60183
40.5364,36.19207
40.7659,35.67192
35.70713346312972,33.097065
29.7958,28.06126
11.803,15.201224
9.7375,9.181819
5.1015999999999995,3.8910856
4.0,2.617591
4.0,2.7236624
4.0,3.0421896
4.0,3.4084826
0.0,3.2360554
0.0,0.7326822
0.0,0.13190365
0.0,0.5367193
4.0,1.8094349
4.0,2.7871714
4.0,2.9047909
0.4131,3.4024868
10.3801,5.9714518
19.7437,15.145237
28.1893,25.133438
36.7726,32.175304
44.4379,39.402203
43.7035,42.898632
40.8577,40.00341
30.42534288193525,34.551834
24.3729,26.853886
19.019460211087257,19.287672
11.269544375192568,9.838514
2.698088391994567,3.403164
4.0,2.013112
4.0,2.2606468
4.0,2.796689
4.0,3.4214973
4.0,3.9507742
4.0,4.1447706
4.0,4.2769327
0.0,4.054039
4.0,3.4261618
4.0,3.0521898
4.0,3.912695
4.504900000000001,4.6895895
9.0031,8.54077
18.5044,17.487385
31.585900000000002,29.25115
40.3069,38.333836
45.4936,43.304832
47.08540078488656,43.04726
40.8051,41.78542
36.18549036714017,36.62884
32.962900000000005,31.352062
23.2321,23.103397
13.0882,12.866736
5.4229,4.341468
4.0,2.6578064
4.0,3.318221
4.0,3.826929
4.0,4.139724
4.0,4.175311
4.0,3.4328508
4.0,3.4555588
4.0,4.020855
4.0,4.155485
4.0,4.1672726
4.0,4.25401
4.504900000000001,4.947543
10.9309,10.131984
20.16605494309849,20.349884
28.82542495526385,29.55952
36.2533045030627,39.136734
39.90862367353144,43.43179
40.27889020425159,44.721905
41.89397825506788,43.016155
39.7561,39.566956
32.2285,31.84237
23.1403,24.698711
13.4095,13.5239105
5.4229,4.9934015
4.0,3.6550484
4.0,3.900012
4.0,4.052829
4.0,4.04661
4.0,3.963194
4.0,3.9630527
4.0,3.9799776
4.0,3.974287
4.0,4.038558
4.0,3.968257
4.0,4.139639
4.459,4.8607435
9.967,8.524458
17.109083361527755,18.428457
24.45134447498544,28.330814
33.23867386908252,34.323315
39.95217876877966,40.070683
43.29370500819675,42.05599
38.47550124305968,40.69142
37.4152,36.343494
30.667900000000003,28.47345
22.6354,21.314877
12.5833,11.135995
5.331100000000001,4.07485
4.0,3.130042
4.0,3.495304
4.0,3.9486113
2.9781374994964445,3.8357038
4.0,3.372754
4.0,3.2710695
4.0,3.6140776
4.0,3.9223375
4.0,4.1129217
4.0,4.1710997
4.0,4.253175
4.459,4.77347
8.452300000000001,5.7370276
16.642095702822274,11.975981
25.776967476602703,24.4007
36.43279613072566,32.761505
41.47722296993466,40.691425
41.43125667767814,42.932247
38.96333573073654,42.370598
37.4152,38.146885
32.136700000000005,29.66335
21.6715,22.442678
13.1341,11.73233
5.0557,4.011402
4.0,3.1972198
4.0,3.7062569
4.0,3.8840513
4.0,3.9309387
4.0,4.0038643
4.0,4.1284056
1.0472978658695915,4.229701
4.0,3.9280567
4.0,3.6962156
4.0,3.5426483
4.0,3.7744818
4.504900000000001,5.1555223
11.4358,9.0092945
21.43205057689996,19.044535
31.54,29.53186
35.89588624404728,39.021736
39.015,44.232864
42.75630180935689,44.705173
39.710586391425615,43.49045
36.13,38.601707
31.9531,30.905231
22.1764,21.25622
11.9866,11.335965
5.220307141372874,4.016451
4.0,2.9497013
4.0,3.39563
4.0,3.6838236
4.0,3.849166
4.0,3.9866066
4.0,4.086417
4.0,4.231907
4.0,4.4978848
4.0,4.316725
4.0,4.2097063
4.0,4.112525
4.504900000000001,4.6836205
10.7473,8.634229
20.524,18.684427
31.1269,30.690716
39.6643,39.725185
44.2543,44.76441
44.0707,45.51278
44.1166,43.271774
38.5168,39.630547
30.576100000000004,32.889076
21.442,22.485815
12.5374,11.137389
5.1934000000000005,4.3594284
4.0,2.4548235
4.0,2.9560032
1.9826123224089098,3.6370316
4.0,3.7546587
4.0,3.68688
0.0,3.6852016
0.0,2.6382513
0.0,2.7410936
0.0,2.932026
4.0,1.9608164
0.0,2.6489162
4.550800000000001,3.471919
10.885,7.8537626
19.96333981334777,17.031107
30.8515,28.311432
37.1857,36.687344
43.3363,40.495445
40.79971868157827,41.646484
37.01330886239597,37.71706
33.16903260213471,33.270893
21.68151526369207,28.916536
17.586399999999998,16.634258
10.426,8.323872
1.236672837922999,3.727766
3.837295266445926,2.854578
4.0,3.046607
4.0,3.3656502
4.0,3.5341578
4.0,3.7505322
4.0,3.7939577
4.0,3.84554
4.0,3.8182526
4.0,3.8506565
4.0,3.9415245
4.0,4.2366877
4.275399999999999,4.715459
7.3048,7.6697183
10.9768,13.863583
25.8025,19.93087
33.9727,30.346558
42.4642,35.655678
43.72564684027943,39.458824
39.83227231688956,38.25907
38.8381,34.811718
23.5075,28.699003
14.1439,17.106712
8.066176014493925,8.346501
5.0098,3.5847235
1.5168304734504883,3.006733
3.111079661954223,2.9993868
4.0,2.995428
3.2433438581961465,3.2099
4.0,3.1622858
4.0,3.0772476
4.0,3.2805681
4.0,3.5034132
4.0,3.7211533
4.0,3.8337278
4.0,4.101445
4.459,4.6795454
6.4719,8.660404
13.5931,16.262215
18.5962,19.741735
26.3533,26.168482
34.89552105627943,30.525963
36.25641162141293,36.749287
28.91976989245949,35.894745
24.464517410346232,29.269764
24.44203959558712,22.746712
17.6323,16.302893
8.131,8.492226
0.7830698924594941,3.5715103
0.5793261331424961,2.5306196
2.911144582150502,2.1064892
3.0230758143310155,2.358448
4.0,2.6714954
4.0,2.969161
3.1553910883993854,3.2851
0.9250494142757493,3.3287182
2.2738856240471126,2.9096165
2.914853489006605,2.590866
1.8073709366978044,3.4162312
0.5711846554680307,3.9890404
2.4653966441728326,3.7150564
4.66722328937602,6.495541
9.13527848225302,13.53725
24.55284825362576,20.49827
37.96269517621121,32.578857
42.44305486926993,40.804195
42.96686214309519,43.16655
40.904592706999374,42.236366
39.9856,38.614666
29.933500000000002,31.73418
21.6256,23.351753
12.9046,14.164841
5.0557,5.319848
4.0,3.328289
4.0,3.5022087
4.0,3.6802921
4.0,3.8289118
4.0,3.7392702
4.0,3.8308344
4.0,3.9627333
4.0,3.89398
4.0,3.715846
4.0,3.876048
4.0,3.999467
4.550800000000001,4.2903337
10.9309,7.420922
20.43971033215497,16.253775
29.67825095239582,26.326275
38.44712345951522,35.998684
44.314625093075875,42.86492
43.92882718759909,44.685932
39.1986,42.607426
36.984560073084005,36.261772
28.9696,30.379005
21.3043,21.2825
12.6751,12.383826
5.0557,4.6222296
4.0,3.5352488
4.0,3.7805605
4.0,3.9707985
4.0,3.996028
4.0,4.0588617
4.0,3.3188534
3.3333747428293545,3.5802069
1.70040060215325,3.6766539
2.2898723024686127,3.3349476
3.989794967592447,3.0784578
4.0,3.3981695
4.1836,4.4842815
4.568518614534561,8.449233
5.79710288339306,12.359565
11.764831427208302,15.364515
25.573,19.480772
37.00809284756441,25.039768
45.5854,33.01338
43.03589603574958,36.66244
34.84401054328772,35.551304
30.3925,28.545132
19.9732,21.587467
11.7112,11.556616
4.093714580311239,4.2834682
4.0,3.76342
4.0,3.7570639
4.0,3.7660007
4.0,3.7959595
4.0,3.9214697
3.995277005630161,3.9880533
2.513912540877781,3.6953974
2.061669151830511,3.8477087
4.0,2.9950314
2.8421981344460043,2.8891544
4.0,3.0554533
4.550800000000001,4.736408
11.4358,10.148531
21.8551,18.740103
28.945613565216323,28.232811
36.13487568071363,34.589043
39.74239511591964,40.384068
39.57501576987557,42.58586
37.35391556702062,41.552654
37.6447,36.840904
27.9139,25.11026
23.0026,22.650126
12.1243,13.05168
4.918000000000001,4.6079264
4.0,3.231495
4.0,3.6582232
4.0,3.9282799
4.0,4.051526
4.0,4.199539
4.0,4.1666594
4.0,3.9954786
4.0,4.0689535
4.0,4.027668
4.0,3.8159695
3.1757145803112383,3.7435045
3.3765805425486146,3.9782372
10.691194967592448,8.857834
20.854192141504,20.358404
31.55025706032908,30.031124
38.38106574807117,38.092278
40.63184789731473,43.42747
41.4477,43.844753
38.9691,41.939682
40.9495,37.77665
23.278,28.244785
20.7535,17.838495
11.7571,11.070425
3.182685376396625,3.7947006
1.3324195311782354,3.331931
4.0,3.5271826
4.0,3.5973244
4.0,3.7877445
4.0,4.0125284
4.0,4.0493555
0.0,3.8317833
4.0,3.3265705
4.0,3.0731602
4.0,3.426136
4.0,3.899644
4.504900000000001,3.8365402
10.4719,8.343561
18.688,16.72321
23.9206,24.48422
24.4714,29.44878
23.67739511591964,31.643768
23.15332999163424,31.039524
16.491362727257343,26.856594
23.08111040970859,20.156715
28.694199999999995,16.448507
18.688,16.049463
8.233039184144015,8.494005
4.6426,3.9255056
4.0,3.3293552
4.0,3.4775667
4.0,3.6275272
4.0,3.7899256
4.0,3.854579
4.0,3.7047663
4.0,3.2673454
4.0,3.0253782
4.0,3.349514
0.0,3.1562538
4.0,2.9853916
4.2295,3.6871405
5.8819,5.9625483
10.5178,11.006863
18.8257,16.032558
24.7468,21.53159
38.884,25.445667
27.5467,32.764027
26.8582,26.534689
28.635789303288497,22.435688
27.18238157752884,20.211706
22.105495266445924,17.603693
11.2981,10.389788
0.6445720417824781,3.3991785
4.0,1.9737768
4.0,2.3054981
4.0,3.0555792
4.0,3.4662638
4.0,3.7153368
4.0,3.8008537
4.0,3.7728014
4.0,3.7843504
4.0,3.8377934
4.0,3.840312
4.0,4.0009336
4.321299999999999,4.6372366
6.9376,8.370105
6.7081,14.0030575
15.655950826190397,17.169868
20.60891741034623,22.382061
13.43952443036915,26.50872
21.54311169313501,24.587372
34.21613957521472,24.716778
28.381213097036408,27.729734
21.0681,23.218998
17.019590523550953,17.397718
11.1145,12.296669
4.6884999999999994,6.1147985
4.0,2.4708576
4.0,2.6321268
4.0,3.199813
4.0,3.557663
4.0,3.6778526
4.0,3.7240667
0.0,3.7483397
0.0,3.3937807
4.0,2.9644804
4.0,2.833705
4.0,3.1852388
0.5048999999999992,4.154789
6.012900000000001,7.9227314
17.3569,14.924102
24.2419,21.942537
32.3203,28.037361
37.8283,34.26749
38.5627,36.093536
42.556,34.68982
38.3332,34.546623
28.917184610137305,28.982105
15.421553404346003,21.632114
9.2785,11.5637865
3.03648338917089,4.302949
0.23987085745386771,2.6846867
1.2122312664382289,2.5986643
4.0,2.5727186
4.0,2.8807077
4.0,3.4752045
4.0,3.8919067
4.0,3.605214
4.0,3.069394
4.0,3.3534822
4.0,3.6117373
4.0,3.8245983
0.2753999999999994,4.490054
7.4425,8.694473
15.0619,14.068523
21.5338,21.513042
27.5926,27.108648
29.1532,31.688496
30.5694,31.446716
33.1924,30.818352
30.1171,26.771976
26.032,22.211695
15.5209,15.361838
9.049,7.2861385
4.6426,3.0080137
3.7711927689848963,3.0931253
3.8657400786958807,2.9919453
4.0,2.8366098
4.0,3.146925
4.0,3.4887152
4.0,3.5713673
4.0,3.5547323
3.111079661954223,3.7474937
4.0,3.5808458
4.0,3.5228577
4.0,4.0623217
4.3672,4.7833405
8.8195,9.561081
15.1078,15.489982
26.9041,21.995338
35.6251,30.383419
41.1331,36.5337
45.8149,38.57539
43.7953,37.866993
38.9758,33.315136
28.694199999999995,28.130276
17.202035835633126,18.481623
7.22231169313501,10.328094
4.4131,3.1101599
4.0,1.8716011
0.0,2.2174025
0.0,1.8562632
0.0,0.4959383
0.0,-0.20920658
4.0,0.25789833
0.0,1.7857103
0.0,2.2321663
0.0,2.3330688
0.0,2.2438145
0.0,1.8726435
4.550800000000001,2.4094296
10.1965,6.6783814
20.1568,16.482618
30.4384,26.340225
40.1692,34.908173
44.7133,41.22743
45.0805,42.544876
44.851,41.065865
39.6643,37.262688
29.483278827587668,30.40393
19.8814,21.681007
5.5998,11.3215065
4.550800000000001,3.0431404
4.0,1.8780022
4.0,2.857335
4.0,3.1247063
4.0,2.6333456
4.0,2.8414755
4.0,3.0930042
4.0,3.46305
4.0,3.6799707
4.0,3.675024
4.0,3.60927
4.0,3.6164713
0.45899999999999963,4.1831512
9.7834,8.463697
18.0454,16.16864
25.573,23.704472
37.048,29.683002
45.31,38.334003
46.9165,41.93464
39.3363,40.132053
35.1594,35.188114
29.3368,29.769302
19.9732,20.684172
10.3801,10.762358
4.5967,3.1130543
4.0,2.6375475
4.0,3.1816835
4.0,3.2548285
4.0,3.2978792
4.0,3.5302382
4.0,3.5530424
4.0,3.6206932
4.0,3.59556
4.0,3.566845
4.0,3.653283
4.0,3.835083
0.45899999999999963,4.258397
10.1965,8.437679
19.1929,16.96416
31.9531,26.48668
40.1233,37.760296
41.31,42.35599
39.8412,42.212852
43.3363,40.37845
35.4807,36.60008
25.2517,30.091415
16.4389,19.562553
4.166881541099345,8.870888
0.5048999999999992,3.263793
0.0,1.6852226
4.0,1.2556763
4.0,2.011692
4.0,2.318327
4.0,2.5435705
0.0,2.6463442
4.0,2.245078
4.0,2.614749
4.0,3.290719
4.0,3.4897575
4.0,3.6420736
4.459,4.0780983
9.8293,7.7606287
20.065,15.905594
31.6777,27.360252
40.0774,36.701553
44.9887,42.36056
42.097,43.352604
39.6184,39.12105
31.371718244488562,34.78352
29.4745,28.05123
19.9273,20.223114
10.1047,10.206774
4.504900000000001,3.0395079
4.0,2.360755
4.0,2.662633
4.0,3.364376
4.0,3.8839836
4.0,3.7355232
4.0,3.1176386
4.0,3.4243898
2.1674979458604167,3.8294277
2.0671966511848137,3.5604362
2.6135224140339908,3.0950623
4.0,3.1331615
0.22949999999999982,4.9084997
2.9375999999999998,10.545422
11.5735,13.577263
17.1274,18.637804
26.2615,23.12343
35.5792,28.32217
37.4611,33.19381
33.6973,32.17321
25.7107,26.954453
19.8355,20.05332
13.5472,13.506241
8.5441,6.690786
2.8501825508987206,3.591918
4.0,3.031661
4.0,3.1182003
1.8659162770036541,3.3360252
4.0,3.3853674
3.0606910450719997,3.302414
3.7027946165080188,3.8048115
4.0,3.6105595
4.0,3.3542852
4.0,3.414071
0.0,3.5933151
0.0,3.2428398
4.321299999999999,3.1362867
6.249099999999999,7.073714
12.0784,12.070338
18.7798,17.229553
22.7731,22.053219
28.2352,24.897732
23.2321,26.911741
28.602400000000003,22.982134
23.14874174141734,21.990967
14.857481687676996,16.406527
7.531136810979395,10.709534
4.619897439741978,5.5446625
2.257175742431574,2.5765944
2.533969069198866,1.9130335
1.0118862440472807,2.090392
1.041073479515008,2.2639608
4.0,2.1030931
4.0,2.66753
4.0,2.9027748
2.766495281059301,3.0244255
1.3758633967832967,3.0030107
0.27098565079365144,2.4852982
1.2751883919945666,2.0995388
4.0,2.418662
4.1836,4.537052
2.386799999999999,9.436634
9.2785,13.306412
14.4652,17.22826
19.3765,21.35655
24.655,23.997318
24.9304,25.0864
19.3765,23.969692
17.0815,19.655249
14.07743456001747,15.109075
8.676417962056906,10.092772
3.115926780382642,5.4850626
2.430166008175906,2.455717
4.0,1.8618507
3.2369432737603514,2.0959768
3.637464004664528,2.214342
4.0,2.2996254
4.0,2.666524
4.0,2.9588728
0.0,3.2178698
4.0,3.1746244
4.0,3.3256598
4.0,3.5748472
4.0,3.67696
4.275399999999999,4.210473
8.3605,6.8670154
14.6029,12.729679
25.0681,18.998531
32.3203,27.308607
38.425,33.329903
29.3368,36.940144
27.7303,30.214958
22.45380310857465,25.407835
21.11185598788439,19.40595
14.175651653094686,13.844844
6.650329693424718,7.42642
0.43549745820726216,3.007556
4.0,1.8038673
4.0,2.4258404
0.7790781421288173,3.3112783
4.0,3.2556314
4.0,3.1416407
4.0,3.5917683
3.094674251819219,3.8051224
1.864846222222221,3.7518435
1.135654886265641,3.39676
3.4333352899456724,2.7522612
4.0,2.9840975
4.3672,4.38105
7.9933,8.002884
12.4414926340692,13.454409
21.69538188358944,19.097132
27.26578592066941,28.047523
24.236517962056904,33.230183
35.56859272986608,32.420174
29.41078810143187,34.129208
28.466419978542007,27.541615
29.520400000000002,23.268005
19.2388,18.036957
9.6457,9.668089
4.4131,3.8958368
4.0,3.198224
4.0,3.3918304
4.0,3.8344965
4.0,4.207698
4.0,4.19547
4.0,4.203681
0.0,3.912569
4.0,3.146205
4.0,3.5660505
4.0,3.974187
0.0,4.1363277
0.09179999999999922,4.441045
1.6524,3.8237095
6.5637,3.9534292
14.5962,8.867014
25.1599,16.598492
39.343,22.548576
38.9299,30.7998
43.749399999999994,31.851994
39.1594,32.372997
30.897400000000005,27.747234
21.2125,19.777523
7.9542531215986525,9.832883
0.7537560705602342,3.4131136
3.2741200397620496,2.3734818
4.0,2.8926334
3.9460241338378683,3.3027058
4.0,3.4388552
3.93101505681571,3.4563675
4.0,3.241085
4.0,3.2575588
4.0,3.6734123
0.0,3.8610935
4.0,3.8295279
0.0,3.9544573
4.550800000000001,4.425544
11.5735,9.87612
21.9469,19.685413
32.2744,29.372276
40.0774,38.748188
44.392692768984894,42.93649
42.10947876877966,44.05114
34.84156762657817,40.989925
32.14384584664965,35.573658
24.3796,29.735569
16.01382678038264,17.972713
8.644023310268448,10.710437
4.321299999999999,3.5430708
4.0,2.5091114
4.0,3.034399
4.0,3.6079454
4.0,3.9614992
4.0,4.03428
4.0,3.8300915
4.0,3.7884474
4.0,3.8447695
4.0,3.789216
4.0,3.9158564
4.0,4.0994663
4.550800000000001,5.4237795
11.5276,9.533117
21.77670383726136,21.469616
29.188328821965612,30.014503
36.20398810143187,37.959408
41.19016285329153,41.9497
41.23753433095961,44.136463
41.83402182312683,42.75272
30.903793650793652,31.699741
22.980598675185977,22.821945
13.055445223540591,12.818194
6.310790193137216,5.989724
2.0759725348143405,2.7844267
1.3324197803211,2.5346346
1.1374815410993442,3.006915
0.08299041176491606,3.266388
0.1627303656319654,3.0395012
2.0671959906134045,2.6438274
0.08299047827919814,2.8569841
3.873880411305409,2.643283
0.27337475869302885,3.166688
1.1374815410993442,2.9498806
1.589451086665747,2.978201
1.2951288177883828,3.3067484
3.260352864509125,3.9016705
10.114909827210331,7.6766605
21.6715,17.888582
25.39191576987557,28.576492
34.84351663021608,33.322716
38.27262254626596,39.788715
39.9789,41.380463
39.077058140215854,41.470085
32.034368482105194,38.33189
23.8109430310278,25.339893
20.14685057689996,21.094185
8.171896651184815,12.805398
3.539250563473436,4.278982
4.0,2.1986284
2.6314417414173388,2.4301996
2.6374243193615943,2.887803
2.4248795842797275,2.9192553
1.2998905716294828,2.9611168
0.396471192290651,2.716442
0.5418723168895614,2.063612
0.5682325583037091,1.7146711
0.7532370042897494,1.4334164
1.0993189819429965,1.5384636
4.0,2.0075912
4.504900000000001,5.6567473
8.690717539649976,10.912471
17.51717119229065,20.081125
27.65198313232252,29.14421
31.650110953384548,36.12873
41.86625355832081,40.467926
42.50590893944235,43.78182
37.74837610978396,42.145607
30.3925,36.66965
28.1434,27.323284
19.298209381615937,18.47769
10.1047,9.265463
2.372524825356937,3.6480389
1.2951288177883828,3.2586498
2.137246527789877,3.1047611
2.257936538037608,3.1058187
1.672438975346104,3.0968075
3.844061991678009,2.9926262
2.685439595587125,3.0888233
3.0908921415040016,3.1083155
2.120498937056677,2.9660358
1.7139175396499748,2.7817373
4.0,2.6974173
2.2374840568420815,3.0197392
4.4736372591742,4.2477407
11.0686,9.394685
21.9928,20.030497
27.80795541816025,29.729187
35.41729724797895,36.076885
40.88785033326147,41.08424
43.533305830003876,42.75797
32.820196651184816,42.014862
25.87474790766592,33.46264
23.5701082455754,25.751461
19.3765,18.164318
9.7375,9.434589
4.2295,3.8435307
2.208047110536169,3.6359968
4.0,4.0638094
2.7288951709034173,3.8614178
3.5237287345232176,3.9182901
4.0,3.6326513
2.2227499223307206,3.8954935
4.0,3.7934036
4.0,3.75175
4.0,3.8366365
4.0,3.7266493
4.0,3.8559456
2.2232389753461046,4.76637
8.159043031027794,9.392286
17.975789356545643,17.8975
27.44524729019104,27.803535
32.70983618947873,34.506493
40.40801169313501,39.796032
40.9622445821505,43.185677
42.5101,41.74428
33.5137,37.22017
29.4286,28.168
20.524,19.510294
9.9211,9.422331
4.2295,4.407323
4.0,4.0216236
4.0,3.7025967
2.8655298664812605,3.5967045
1.306566792724686,3.294426
4.0,2.7572298
4.0,2.8086271
4.0,3.0407915
4.0,3.3252048
2.0671966511848137,3.4300585
4.0,3.1319933
4.0,3.4751453
4.049699465670008,4.4808445
7.8743306224914384,9.115316
17.627796794488646,19.416704
27.712488101431862,28.203842
33.57813935617842,36.192604
39.23507872558216,39.729336
41.3167,42.11939
39.3889,42.263973
30.0253,33.117455
25.5271,26.540237
18.8257,17.57871
9.5998,8.145567
4.2295,3.436078
4.0,3.2661724
2.8716805425486136,3.593279
1.2019919088724365,3.4795256
1.2094365376715963,2.8442392
0.5425993687595749,2.2623396
0.3374415362933849,1.9608307
0.08983831673653597,1.8308649
0.028626702239842317,1.3618126
0.2763691121945424,1.0996828
0.9560297838259135,1.1823101
1.9207383087200185,1.9003363
3.6159796619542224,3.8798056
8.987047270776687,8.881773
19.06465358630526,18.016676
28.93070288339306,27.470688
36.5431,35.549286
40.80372413383787,40.020008
42.4642,42.756374
41.7298,42.085358
35.854600000000005,38.02444
28.9696,29.621445
19.2847,18.79419
8.8195,8.537598
4.2295,3.8523302
3.552711285768776,3.7825737
2.2636289376342518,3.7955933
1.1530454624897075,3.576848
1.2412353818974946,2.9715452
1.617984639690114,2.516613
2.276167801047407,2.4270334
2.0484234595152166,2.5335913
2.0176251312083,2.5321856
2.831167509019563,2.386159
0.0,2.6494312
0.5252281103275003,2.16465
1.610550826190396,2.9744568
7.183257033748805,7.6924148
17.414937004289747,18.08802
24.6024,28.6558
33.825019125002726,35.28615
39.72117971538263,40.913853
39.32331339300261,43.330128
38.1037,41.374306
32.1826,28.404144
28.8778,27.960188
19.147,20.038595
9.0949,8.472656
4.1836,3.6259956
4.0,3.5720844
4.0,3.889595
4.0,4.0047607
4.0,3.9709215
3.7550624230034924,3.7295828
0.8381930378643094,3.2321367
1.526851305477166,2.6115284
1.0277742824696947,2.056243
4.0,1.82125
4.0,1.9934654
3.543481951985621,2.4073658
4.504900000000001,4.268897
10.7473,8.649115
19.165310953384548,18.650192
27.54883653803761,26.87785
37.13456517007786,34.00734
42.2347,42.27179
41.4085,43.346622
41.4544,41.929817
37.1857,38.12999
30.254800000000003,30.820473
19.6519,20.741083
9.5539,9.416357
4.1836,3.7640514
4.0,3.6358118
3.2638505634734365,3.8940935
3.692101738637094,3.654563
0.37867599705066723,3.439229
0.7782666275060777,2.7164364
2.383071829638096,2.505764
4.0,2.1747208
2.574239887397649,2.954321
4.0,2.8260775
4.0,2.888523
4.0,3.3216448
4.321299999999999,3.3540907
3.0327951762112146,4.8304663
6.650222764387703,9.175003
12.548357669201938,12.5876255
15.463973752796344,21.677635
25.114,25.597618
16.739210148430303,27.977348
26.3992,25.981918
24.655,25.513222
13.9077,20.19375
11.6653,13.169237
6.6622,6.647334
4.137700000000001,3.5743523
4.0,3.5313053
4.0,3.731185
4.0,3.5317907
3.837295266445926,3.4137897
4.0,3.6554613
4.0,3.1395454
4.0,3.0114803
4.0,3.1978693
4.0,3.0733757
1.041073479515008,2.7248287
4.0,2.7611837
1.2076479060664624,3.8232613
10.2424,6.022008
17.4946,16.223372
26.1697,22.517063
33.5596,29.06754
39.7561,34.191425
36.9103,38.076794
25.11648195198562,28.376549
30.163000000000004,22.815464
17.1274,21.925682
15.5209,10.785627
6.216538975346104,5.51612
4.091800000000001,3.9512758
2.9781374994964445,3.4570646
1.0911950513299011,3.3540182
3.88610051566336,3.0733204
4.0,2.8444948
3.799476780558786,2.8318462
0.1038429934437648,2.8742504
3.638792847564412,2.2653875
0.9508439953595449,2.3372993
1.4226905314578833,2.070634
4.0,1.7675753
4.0,2.1677618
4.091800000000001,3.9658585
6.5245,4.556473
10.8391,8.313916
20.065,15.384806
32.3203,25.513794
28.3729,33.24985
29.4286,31.857262
32.825199999999995,30.744305
22.5895,27.592976
22.2223,19.509838
9.6916,11.316174
7.9015,4.7931414
4.091800000000001,3.6582623
4.0,3.5426636
4.0,3.9219732
4.0,3.6196938
0.7532370042897494,3.3065262
0.8893112210181275,2.7288284
0.8842414708822091,2.063078
1.7347787255821512,1.4887161
2.1004589192995837,1.4274702
0.6403311924818897,1.3478975
0.2969633717922573,1.2153177
0.1528540767699944,1.2387209
2.4116116454868255,2.152544
2.2282302197160693,3.5437355
4.498199999999999,5.1394444
11.584774282469697,12.059673
16.53614147088221,21.495056
22.3474273042304,26.656956
12.89793616159993,28.220089
10.907154659546643,24.533344
9.539547457316235,19.343147
5.9681784822530215,13.661806
6.0598289000929615,9.8842945
4.0759951578638205,6.5390763
3.498241900966997,4.595354
1.463083373698046,2.7998142
1.4551734095461928,2.0319986
1.0375217291101464,1.6917648
1.0277742824696947,1.5724239
4.0,2.876565
0.179692807580361,2.484723
0.06829745820726174,1.9368057
0.4966525957485892,1.24722
0.7945479060664624,1.3324099
1.7462873102544627,1.5244169
0.3476236339435328,2.0918922
0.2753999999999994,3.1167831
5.435556070560233,5.592786
12.07915946768026,13.014226
12.400049414275747,12.075192
26.870475123270467,22.087757
22.07376935940222,29.365164
33.00970358412039,28.87565
31.908919415113495,32.60809
26.10854364182912,30.704754
20.0308160520694,24.067343
13.033432270656371,16.221546
7.9015,8.088154
1.9278361615999309,3.4537697
4.0,2.6112394
4.0,2.756917
4.0,3.2128944
4.0,3.4947462
4.0,3.549306
4.0,3.426219
4.0,3.3367376
4.0,3.2633657
4.0,3.139553
1.7546725348143415,2.922
4.0,2.6980171
0.6160560705602336,2.8720646
1.938410225094497,3.1901283
7.703630783535271,4.5691986
13.5931,12.397954
20.3404,20.299252
16.46875291772708,20.545002
27.439035289945675,23.174015
34.753,27.312044
29.8876,30.371807
23.3239,25.863958
16.393,18.669405
8.6359,10.778153
4.091800000000001,3.8986444
4.0,2.9160175
4.0,3.407795
4.0,3.5281553
4.0,3.513671
4.0,3.6552715
4.0,4.0730276
4.0,4.0665293
4.0,3.5669317
4.0,3.2239923
4.0,2.8240652
4.0,2.652398
4.2295,3.1083107
6.570399999999999,5.9946604
4.452299999999999,9.797834
11.0227,11.063068
15.1537,14.23857
17.1274,18.783484
21.6715,14.597186
16.9438,19.895113
14.7406,14.467479
13.5013,10.8523445
11.0686,9.313847
6.4327000000000005,8.053387
4.091800000000001,4.3013935
4.0,2.45401
4.0,2.6745968
4.0,2.9564552
0.0,2.6067724
0.0,2.0883179
0.0,1.7585716
0.0,1.3172016
0.0,1.5032167
0.0,0.64497185
0.0,0.4057684
4.0,0.70170975
4.2295,1.6130886
7.672000000000001,3.1116152
8.3146,3.718461
21.8092,8.565657
25.4812,11.59003
36.4972,17.676939
32.3203,28.384056
36.4513,26.048908
27.868,27.037323
23.278,18.097881
14.5111,9.3912325
8.131,5.356678
4.091800000000001,2.9342308
4.0,2.8365946
4.0,3.1919365
4.0,3.5105
4.0,3.445157
4.0,3.5146112
4.0,3.6808386
4.0,3.8328018
4.0,3.9150677
4.0,3.9250202
2.584934224295221,4.0427036
4.0,3.8890123
3.432379661954222,3.6920156
2.8609540767699944,6.571829
4.681800000000001,9.863615
7.344,12.368089
15.850190571629485,15.453833
22.13963095201555,22.206808
28.18241741034623,27.4844
29.80151846136777,18.072968
30.7032824906984,28.823193
22.29209867518598,32.7401
13.676062932702752,20.772661
3.6699746621216125,10.289091
0.3184865116991453,3.3451996
0.220450333261466,1.4119997
0.5209116931350106,1.4605379
1.0975119389549448,1.7191525
1.2150286729571,2.0195742
2.5422435689872227,2.2612896
0.0,2.748932
1.051750861964818,2.6318674
2.7579905191242347,2.5565538
4.0,2.7214184
4.0,3.1697788
4.0,3.2332315
4.137700000000001,4.2267056
6.065499999999999,7.090444
12.6751,10.956878
10.9309,15.510294
10.909303390464396,18.495552
11.119308734778675,20.538101
7.830282424102115,21.583126
6.279924434749402,18.989483
7.9115242615281405,17.321283
11.830777650793651,15.914754
6.658269892459493,14.855524
2.5046785112962375,10.553256
1.255336537671596,5.5470066
0.0,2.667448
0.0,1.2518511
0.06007562122891308,0.9086771
0.0,0.95510674
0.20422745454143332,1.006526
0.8850858384468374,1.1481838
0.7252819991673025,1.28162
1.667277058604407,1.4519196
4.0,1.755763
4.0,2.5457869
4.0,3.5677176
2.073835535623079,5.2961874
9.1867,7.3501186
12.658736283990072,14.876689
20.710050764930724,22.130602
18.21529511591964,27.086138
27.9139,26.490276
26.450431889472814,18.289032
23.572337814473126,14.487008
31.54,16.56735
21.79889813444601,26.640476
13.04393553562308,23.905392
4.495572837922998,15.575641
4.0459,6.8231072
4.0,2.948515
4.0,2.419794
1.617984639690114,2.5181036
3.4699241304781907,2.2841072
4.0,2.280079
4.0,2.4973001
4.0,2.8219852
4.0,2.9473963
4.0,2.8806124
4.0,3.1566935
4.0,3.8277626
4.4131,5.3945227
10.426,9.026457
18.229,17.579409
21.7633,24.515968
18.273407300730018,27.341427
35.54911101589254,28.53033
39.25245229048631,37.747017
38.2873,39.467808
28.0516,34.905895
20.0191,24.86605
14.1439,15.119225
3.089938347693474,6.0543156
0.49989781549376033,2.7632627
2.885226575760905,2.1697197
4.0,2.2236338
4.0,2.7148523
4.0,2.9987783
4.0,3.2166977
4.0,3.3483696
4.0,3.4439774
4.0,3.389904
4.0,3.38721
4.0,3.5751257
4.0,3.8128662
4.091800000000001,4.1587505
0.9179999999999993,5.8940387
2.2032000000000007,7.9153037
7.258900000000001,9.643346
9.5998,10.816639
11.8489,12.244874
6.8391,14.100168
5.645699999999999,10.883412
7.2063,9.882649
7.4817,8.8195305
1.6982999999999997,7.085399
0.3213000000000008,3.6495905
0.0,1.4242477
0.0,0.12503624
0.0,-0.7006502
0.0,-1.1535587
0.0,-1.4536467
0.0,-1.879303
0.0,-1.422163
0.0,-0.7097254
0.0,-1.3831453
4.0,-0.49277782
4.0,0.76339436
4.0,1.2195463
0.0,1.3228636
0.2753999999999994,0.024707794
0.9179999999999993,-1.291399
1.3770000000000007,-1.3864737
3.0294000000000008,-1.3903408
5.3703,-1.0390863
1.3770000000000007,-0.8623085
3.3048,-1.6214352
4.131,-1.295104
4.8195,-1.0029526
3.5801999999999996,-0.041915894
5.9277999999999995,0.7829714
0.0,1.4801483
4.0,0.3917408
4.0,0.08952618
4.0,0.57946587
4.0,0.6467476
0.0,0.5608702
0.0,0.6388807
0.0,0.8326359
4.0,1.1305571
4.0,2.1502762
4.0,2.611061
4.0,3.092348
0.4131,3.2640905
6.5637,4.216386
20.2945,13.489432
29.4286,25.00515
38.1955,32.405277
42.831399999999995,36.823067
43.2445,35.953434
40.5823,34.040848
30.254800000000003,27.23565
25.7566,20.533554
17.999499999999998,12.709077
8.268699999999999,4.5877895
0.04589999999999961,1.9849997
0.0,1.4212799
4.0,1.0292158
0.0,1.9128599
0.0,2.4920025
0.0,2.554471
4.0,2.853526
4.0,3.3970156
4.0,3.9733944
4.0,4.2044888
4.0,4.305414
4.0,4.30657
4.4131,4.684841
10.3801,9.08308
20.77631505681571,18.820435
29.246635010483658,29.297012
36.77665122599224,38.886463
42.35889718657221,44.17762
43.88709999999999,45.748062
40.3528,43.828068
31.907592827936583,37.69549
25.146397186572216,28.505157
16.7143,17.470802
8.2228,7.8334575
4.0459,3.6443176
4.0,3.4149876
4.0,3.6193047
4.0,4.0202045
4.0,4.253994
4.0,4.378127
4.0,4.4002075
4.0,4.3955603
4.0,4.240301
4.0,4.224433
4.0,4.187516
4.0,4.2858095
4.4131,4.671668
10.9309,8.86039
18.122792644080864,19.091827
28.853508852396214,29.297077
35.955351069765314,37.56314
43.07032983201185,43.132153
44.4379,45.383877
41.28661101589255,44.226395
33.612265771363184,39.669563
25.21155125732016,32.148582
18.05241764467816,21.369213
8.6359,10.167278
4.0459,3.8510075
4.0,3.571188
4.0,4.0694256
4.0,4.3103504
4.0,4.3193417
4.0,4.3150597
4.0,4.4148684
3.3553614671012166,3.8602552
2.0484234595152166,3.5845737
2.373812670488368,3.1014986
3.0493902222222236,2.8037033
4.0,2.9267836
4.321299999999999,4.042637
10.0588,8.563023
19.00204620862237,18.104433
30.401928884583427,28.2491
36.75802784917892,36.722992
37.08207230246862,41.7016
37.353377759164864,41.36264
33.71259670983954,40.238262
32.04043298100811,35.150417
26.4868926340692,28.452822
18.2749,18.27818
8.3605,8.978664
4.0459,3.9949598
4.0,3.822441
4.0,3.9978647
4.0,4.155404
4.0,4.171522
4.0,4.0900536
4.0,3.8535213
3.4124860497405862,3.6329708
4.0,3.3258476
4.0,3.2793245
3.93101505681571,3.1408234
4.0,3.123684
4.321299999999999,4.3781576
9.5998,8.314049
17.808420185886533,16.338867
28.2811,25.743408
34.61778195198562,34.652096
42.2347,40.349968
31.925491408062044,42.348587
36.93742182250582,32.63174
31.435985206052457,32.571842
26.1697,27.818342
10.4193,17.063194
5.936717539649975,7.067419
3.279005830003877,3.080101
1.9358757424315751,2.890294
2.061669151830511,2.8883724
0.7252819991673025,2.7988834
0.5209116931350106,2.5386887
3.2818293057993895,2.2936153
4.0,2.4533958
4.0,2.81009
4.0,3.2880535
4.0,3.5947447
4.0,3.6398144
4.0,3.7663593
4.275399999999999,4.0967197
8.3146,6.3969135
11.3373,13.035013
14.3275,11.349115
26.894387139679985,12.877774
29.81375070028379,27.315819
40.7828902630784,36.12071
37.2998487777615,38.93994
30.92598244127015,36.424973
21.84083078353527,30.24438
13.178993519037864,17.49141
8.3146,8.337195
2.0635251312083014,2.995761
1.7557210562794303,2.2230377
0.8117548692699295,2.4016047
0.7444161432499321,2.2593117
2.518627304230396,2.0717916
4.0,2.199521
4.0,2.6897411
3.4961364277864053,3.2446003
4.0,3.6573458
4.0,3.6802282
4.0,3.9051943
4.0,4.0568056
4.275399999999999,5.161853
7.8556,8.506781
10.658935243452214,13.401867
13.28988562404711,18.834152
20.8912,22.084274
28.5106,27.537775
35.441500000000005,30.412125
37.966,34.131218
33.77182873452322,33.015553
24.60127044178035,27.975788
16.550304865955642,19.841675
7.5343,9.169845
4.0459,3.4666948
4.0,2.754013
4.0,3.1112747
4.0,3.4445238
4.0,3.5083933
3.70279365079365,3.309287
2.4400352857576504,2.9820948
1.149377120074103,2.835555
0.0,2.4424992
4.0,1.9948254
1.36713925030333,2.4616652
0.0,2.827837
0.31465270026404113,2.6507053
8.009721414868608,3.565157
16.356690367140175,15.229154
24.33242583027766,27.016956
31.918548172474118,33.74869
38.51155365193762,38.5289
35.7561,39.59809
35.94043389032202,40.261234
29.733572537338134,37.061234
25.04678533823776,29.968773
13.817157890341536,20.01092
3.855600000000001,8.691814
0.8209227643877028,2.6653051
0.220450333261466,1.7703438
4.0,1.9923611
4.0,2.8650627
4.0,3.6040592
4.0,3.9474325
3.8413547590203727,4.033469
4.0,4.13264
0.6711304953678177,3.8381805
0.23125022052224153,2.9866447
0.5645492207357137,2.4249735
0.0652477920371961,2.4421673
0.2792862222222219,2.7425861
6.330903014074162,6.471128
19.02717184780676,16.955845
23.09069154971892,26.48615
29.55127930287616,31.804947
28.94223935617841,36.991386
36.43655577396651,38.662132
37.92728914061451,39.878014
32.895691045072,37.03617
22.159839250303328,29.632656
10.386865771363183,17.963673
7.7099469704348,6.888245
4.0,2.7477093
1.4779507649307249,2.6255493
3.18080288339306,2.9197206
4.0,3.2941742
4.0,3.5912695
3.682754029873694,3.6070366
2.078264478490121,3.53648
3.3088576627105724,3.1615343
4.0,3.040928
3.600303837261359,2.978447
3.3553614671012166,3.18686
2.2374840568420815,3.3639307
3.5280528293362963,3.601406
9.15628534150218,5.546565
16.1070824906984,14.580765
22.95008665640163,24.938978
25.70197466212161,22.197716
39.2971,28.793972
39.598643995359545,38.550137
41.2249,41.043713
33.8809,37.733353
21.274939595587124,26.611143
13.302527166389115,15.466088
8.131,5.6376476
4.0459,2.907812
4.0,2.934085
4.0,2.968357
3.6228505768999604,3.1565666
2.477470441780353,3.2299757
1.8520241029743456,3.088503
1.7546725348143415,2.7023048
1.0911950513299011,2.4169617
0.0,2.2458954
1.058888594960008,2.0318203
2.8520141452258,2.1539774
2.584934224295221,2.8170452
1.800243531235484,3.8250122
7.217601243059684,7.8784485
17.921972017782352,18.310862
29.520400000000002,28.495102
34.9366,34.75346
35.441500000000005,38.504
39.343,41.069206
38.0578,41.174793
34.294,37.259483
26.491,29.440254
17.0815,17.455288
8.039200000000001,7.347859
4.0459,4.009363
4.0,4.0778675
4.0,4.2387066
4.0,4.3915815
4.0,4.4547634
4.0,4.4519835
4.0,4.3374414
4.0,4.2174025
3.6640831121531097,3.86096
2.8495601075860773,3.1429234
4.0,2.7239637
4.0,2.9549274
4.275399999999999,3.9068394
9.6457,8.70183
18.0454,17.98905
27.2254,27.251007
33.8809,35.237926
34.1563,41.058533
40.5364,41.26246
37.7824,41.286335
33.2842,36.380215
25.9402,29.304731
16.9897,18.652613
7.9015,9.010843
4.0,4.2528763
4.0,4.0492573
4.0,4.154031
4.0,4.2287397
4.0,4.2884493
4.0,4.3526287
4.0,4.3549137
4.0,4.1164207
4.0,3.9770622
4.0,3.8078403
4.0,3.592946
4.0,3.4262152
4.275399999999999,3.7900763
9.3703,7.0036573
19.0552,16.037205
29.1532,26.963566
32.825199999999995,36.13923
38.5627,41.035057
41.3626,41.847153
38.3332,41.22105
33.2842,35.934834
22.3141,28.526102
15.4291,17.49867
7.396599999999999,7.871873
4.0,3.733716
4.0,3.5502243
4.0,3.931961
4.0,4.1331177
4.0,4.2269106
4.0,4.3312817
4.0,4.2419863
4.0,4.424761
4.0,4.5602856
4.0,4.533966
4.0,4.400239
4.0,4.388282
4.2295,4.6134415
8.8195,8.076677
18.7798,17.184183
27.2254,27.737818
32.6416,35.351406
37.2775,40.090168
37.8742,41.830097
35.0743,40.81844
29.1073,34.63556
26.2156,25.088495
16.6684,16.171677
7.9015,6.9901614
4.0,4.0252476
4.0,3.9635477
4.0,4.075757
4.0,4.022976
4.0,3.6978168
4.0,3.4998455
4.0,3.8366995
4.0,4.0995426
4.0,4.278204
4.0,4.3230743
4.0,4.2854404
4.0,4.342078
4.2295,4.589922
9.8752,7.9764576
19.0552,18.10051
28.097499999999997,27.435938
34.3399,35.75649
38.5627,41.440933
41.5462,43.31843
38.6545,42.695507
29.8876,37.565655
24.1501,27.912594
16.347099999999998,18.022543
7.9933,8.263828
4.0,3.6667175
4.0,3.6958199
4.0,4.0425253
4.0,4.0865993
4.0,4.1470194
4.0,4.1823473
4.0,4.2628946
4.0,4.343651
4.0,4.483739
4.0,4.182973
2.468093770539337,4.1781664
4.0,4.133914
4.2295,4.13383
9.1867,8.062808
18.939905967936067,18.091776
25.7566,28.696903
26.3074,33.231575
36.2677,37.4534
38.2873,41.21584
37.6447,41.01878
28.1434,36.661045
24.9304,27.091642
16.0258,17.827282
3.7179,7.7503524
0.0,2.882598
0.0,2.2413425
4.0,2.7216778
4.0,3.2329216
4.0,3.7050657
4.0,3.940528
4.0,4.0628996
0.0,4.0204363
0.0,3.9090242
4.0,3.7011318
4.0,3.4719172
0.0,3.6000433
0.22949999999999982,4.137294
6.1965,7.417187
16.3404,16.512875
25.6122,25.953926
33.0021,34.469555
35.8938,39.551346
36.4446,41.892124
35.0217,41.817547
30.477600000000002,38.05924
22.3533,30.168236
12.4389,20.348934
7.672000000000001,8.917284
4.0,2.6906404
4.0,2.2674036
4.0,2.703208
4.0,3.3762589
4.0,3.8632956
4.0,4.163314
4.0,4.438986
4.0,4.786915
4.0,4.949065
4.0,4.6718245
4.0,4.5846205
0.0,4.559511
0.22949999999999982,4.342354
9.4621,5.047985
17.448700000000002,13.635822
25.6189,22.640562
34.615300000000005,30.686268
30.5235,38.090714
37.8675,38.745365
31.8087,37.851254
17.7633,32.298656
14.2749,21.896782
7.4817,12.860632
6.249099999999999,5.199214
4.0,2.9980145
4.0,3.3903646
4.0,3.7996655
0.0,3.7861433
0.0,3.5956964
0.0,3.3650799
0.0,3.3697128
0.0,3.5162773
0.0,3.54916
0.0,3.3988457
0.0,3.1738644
0.0,3.509861
0.1836000000000002,3.6956835
4.7277000000000005,4.7978783
13.4028,10.774841
14.4585,19.480198
9.2259,24.746395
13.0815,26.438238
24.5106,26.406427
22.8582,27.262291
18.5436,24.303377
11.6127,16.164078
5.1867,8.041525
2.0196000000000005,2.9880543
0.0,1.3280039
0.0,0.8847351
0.0,1.186491
0.0,1.200511
0.0,1.3730545
4.0,1.7641325
0.0,2.9615402
0.0,2.66533
4.0,2.8331175
4.0,3.5364122
4.0,3.8767424
0.0,3.5292253
4.0459,3.2365198
5.1934000000000005,3.7445202
8.2228,5.7765427
7.809699999999999,9.48944
8.3079,11.672773
12.4389,13.463328
13.1274,15.748493
8.9964,15.43345
8.3538,11.201621
5.2326,7.2944713
3.5343,2.7446957
1.1015999999999995,0.33730793
0.0,-0.06387997
4.0,0.09288406
4.0,0.4049654
4.0,1.1391382
4.0,1.7858505
4.0,2.7517223
4.0,3.1850567
3.9829450591618674,3.4431677
4.0,3.5513964
4.0,3.335123
4.0,3.1779308
3.225433692449826,3.4189157
4.091800000000001,3.4175253
7.7179,4.459199
14.03666339763215,10.786307
19.9273,19.242817
31.6777,24.703236
29.704,30.934818
39.4807,25.708246
31.2646,30.125198
28.2811,25.950512
24.6091,20.717613
14.2816,14.340742
6.983499999999999,5.712803
4.0,2.4679623
4.0,3.2032528
4.0,3.9714289
4.0,4.1979275
4.0,4.0477467
4.0,3.8834763
4.0,3.6118145
4.0,3.5249376
4.0,3.4107018
4.0,3.3337564
4.0,3.4225063
4.0,3.767665
4.137700000000001,5.448475
8.681799999999999,9.583643
17.999499999999998,15.890854
27.2254,26.592903
34.202200000000005,34.240505
36.0774,40.097393
37.5003,41.696384
34.9299,40.064335
28.9629,34.20114
21.4353,25.516861
12.0258,16.151932
3.442500000000001,5.5365543
0.0,1.5842094
0.0,1.6862354
0.0,2.23668
0.0,2.7344217
4.0,3.0674086
4.0,3.566904
4.0,3.9084415
4.0,4.098322
4.0,4.181493
4.0,4.123246
4.0,4.0229616
4.0,4.1214495
4.1836,4.4296045
8.4982,5.6342893
17.9077,12.930681
21.3043,23.830462
22.5369,28.931568
22.2615,32.23024
22.0779,30.995983
24.1434,27.683102
24.4188,23.583359
18.7731,18.346836
11.1996,10.001943
7.213,3.8722563
4.0,2.9388542
4.0,3.1429262
4.0,3.514948
4.0,3.5775204
4.0,3.8185387
4.0,4.013962
4.0,4.171627
4.0,4.439884
4.0,4.5343285
4.0,4.429652
4.0,4.189636
4.0,4.119958
4.137700000000001,4.306137
8.039200000000001,5.487996
14.6488,12.111497
24.655,20.645107
30.8056,28.516308
28.694199999999995,35.074184
32.6416,32.959522
29.658100000000005,33.89619
27.3631,26.436016
19.5601,22.086246
10.011407300730015,12.560781
6.295,5.507475
4.0,3.8123837
4.0,3.4716501
4.0,3.466485
4.0,3.643693
4.0,4.0927105
4.0,4.098009
4.0,4.0579844
4.0,3.9106083
4.0,3.7603798
4.0,3.7371674
4.0,3.847847
4.0,3.8565454
4.137700000000001,3.7249708
8.268699999999999,4.8419113
14.850118614534562,10.659904
19.7896,19.967821
29.0155,25.316086
37.048,32.806118
33.8809,37.937946
27.4482,33.992607
27.6777,29.500648
19.5601,20.927425
16.5766,12.232369
7.258900000000001,5.4564133
4.0,3.4649382
4.0,3.4292564
4.0,4.1307135
4.0,4.2497625
4.0,4.187001
4.0,4.009803
4.0,4.002473
4.0,4.008499
4.0,4.0569515
4.0,3.7131367
4.0,3.5487442
3.2677011468960515,3.3595133
4.091800000000001,3.4395761
6.340900000000001,4.7618113
12.1702,8.697368
17.311,13.993929
22.0846,17.518904
31.172800000000002,24.653803
29.6122,31.050049
30.622,29.270283
20.065,25.320475
19.2847,15.554183
14.098,9.278815
7.3048,5.524377
4.0,4.290992
0.0,3.8945818
4.0,3.4696245
4.0,4.027299
4.0,4.2272778
4.0,4.140195
4.0,3.9963827
0.8850858384468374,3.9981928
4.0,3.6368742
4.0,3.0090456
2.4575591350333976,2.8659277
4.0,2.8761387
4.091800000000001,4.1413374
6.983499999999999,8.669905
10.7932,13.662744
20.1109,17.34248
26.0779,24.291368
28.4121,29.987457
32.6349,34.97725
24.9696,34.303257
16.8912,26.451046
11.7045,17.938993
10.3342,10.190425
6.1114,3.8640747
0.0,2.4414654
0.0,2.2984018
0.0,2.3937683
0.0,2.7586126
0.0,2.8840294
0.0,3.039114
0.0,2.9892635
0.0,2.930149
4.0,3.3368597
4.0,3.6120634
4.0,3.8254633
0.0,3.957696
0.09179999999999922,3.9285545
3.855600000000001,4.3871136
12.2094,9.811531
19.9206,21.290241
28.917,30.96347
30.5694,36.59884
35.2053,38.853523
33.2775,39.402447
28.4121,34.071682
21.8025,25.404217
12.9897,15.576988
3.9932999999999996,6.8687015
0.0,1.6528997
4.0,1.2985315
4.0,1.9906874
0.0,2.549738
4.0,2.8691177
4.0,3.2243404
4.0,3.7277327
4.0,4.0956135
4.0,4.287781
4.0,4.4255877
4.0,4.2949915
4.0,4.1768465
4.091800000000001,4.311819
8.4064,5.978954
13.77,13.334794
23.3172,24.647564
32.825199999999995,32.34833
29.6973,37.535656
31.5792,37.398716
25.1532,36.18386
19.0485,29.045345
15.6519,20.682816
9.5013,12.152872
3.212999999999999,4.5699253
0.0,2.5884247
0.0,1.9059134
0.0,2.1736536
0.0,1.9445009
0.0,1.6286249
0.0,1.6410036
0.0,1.709465
0.0,1.9790964
0.0,2.4247293
0.0,2.4125786
0.0,2.5006075
0.0,2.7845926
0.09179999999999922,3.3203354
4.681800000000001,4.2170897
11.475,10.233627
19.5993,17.917534
27.9531,25.94021
33.3693,33.294483
33.6447,36.63393
32.6808,32.29174
27.9072,27.701633
18.5895,19.02721
10.557,9.76428
2.5244999999999997,2.8076286
0.0,0.9381552
0.0,0.66686153
0.0,0.8160658
0.0,0.73826694
0.0,0.81803226
0.0,0.9769831
0.0,1.6128817
0.0,1.7111683
0.0,1.8607454
0.0,1.9479876
0.0,2.1657667
0.0,2.6275854
0.04589999999999961,2.9214172
2.8458000000000006,3.1395044
13.4028,5.8600864
20.2419,15.807156
25.7499,23.943169
35.5266,29.205463
37.4085,34.76458
29.0547,34.346508
28.8711,25.97927
22.6287,20.058828
12.5766,10.776982
3.1212,2.532443
0.0,0.42803478
0.0,0.5009661
0.0,0.7845049
0.0,0.9198971
0.0,1.1379738
0.0,1.2020044
0.0,1.9745378
0.0,2.431326
0.0,1.8692904
0.0,1.6235628
0.0,2.0894337
0.0,2.1802845
0.04589999999999961,2.6414833
0.6425999999999998,3.2302723
3.6720000000000006,4.127157
9.639,9.374929
23.2713,15.825346
30.707100000000004,22.812517
17.2584,26.448967
25.4286,23.413528
17.3502,22.947304
11.475,15.2378645
4.911299999999999,8.031064
1.147499999999999,1.7677755
0.0,-0.5812397
0.0,-1.3667889
0.0,-1.6033869
0.0,-1.2599783
0.0,-1.1052046
0.0,-0.499053
0.0,-0.93724155
0.0,-0.9239855
0.0,-1.1190872
0.0,-0.48934078
0.0,0.26799393
0.0,-0.18021393
0.0,-0.6030693
0.6425999999999998,-1.264905
2.799899999999999,-1.149106
13.5405,0.05201626
15.6519,2.0917988
28.1367,7.501931
18.6354,18.516739
12.2553,14.136954
5.7834,8.836286
6.5178,3.9075031
5.2326,1.9066286
1.6524,1.2237968
0.0,-0.28711033
0.0,-1.1665487
0.0,-1.1702938
0.0,-0.9144573
0.0,-0.72526264
0.0,-0.46335983
0.0,-0.2429905
0.0,-0.24802971
0.0,-0.11883545
0.0,0.0146455765
0.0,-0.39619637
0.0,-0.58504677
0.04589999999999961,-0.53826904
1.0098000000000003,1.3337498
2.6163000000000007,1.4200706
5.278499999999999,1.4487648
9.9603,1.0179701
11.3832,2.0805616
10.2816,5.364156
5.8752,2.5170507
2.6622000000000003,0.6454525
1.1015999999999995,-0.5833187
0.04589999999999961,-0.9971428
0.09179999999999922,-1.3094645
0.0,-1.1421585
0.0,-1.9199028
0.0,-2.2063217
0.0,-2.7018652
0.0,-3.1364985
0.0,-3.3509245
0.0,-3.5097208
0.0,-2.8322763
0.0,-2.5525484
0.0,-2.5002604
0.0,-2.2055855
0.0,-1.7518167
0.0,-1.2242117
0.9179999999999993,-1.4070425
1.3770000000000007,1.5033255
1.1934000000000005,4.825815
0.2753999999999994,2.6879025
5.094900000000001,4.709631
2.0655,5.662298
4.452299999999999,4.5852585
7.5735,4.654935
8.2161,4.404047
3.6720000000000006,4.0492573
1.4229000000000003,3.7924242
0.0,2.1948757
0.0,0.22678757
0.0,0.22319508
4.0,0.44198895
4.0,-0.11020088
0.0,0.87292194
0.0,-0.3303976
0.0,-0.5023632
0.0,-0.97679615
0.0,-1.0085793
0.0,-0.8748474
4.0,-0.35055256
4.0,2.9005651
4.6426,3.3726006
6.6622,3.96698
8.727699999999999,4.9977093
10.7932,7.4921627
7.528470021319775,10.403516
9.4095,10.096728
13.0356,11.540909
10.939077058604408,11.996903
9.603017953253955,9.011797
6.293533312027572,8.4576
5.560599999999999,5.6962543
0.0,4.019698
4.0,2.0794382
0.6342244347494024,2.28407
0.050362143095190604,2.9563847
0.056667008614793346,2.4728708
1.1374819918421917,1.908371
2.542243191272977,2.0102205
4.0,2.2908792
4.0,2.5941772
4.0,3.004281
4.0,3.295496
1.574232278996318,3.4901628
4.0459,3.1847363
5.9277999999999995,5.1148787
7.7179,10.001829
19.147,14.562874
24.7468,20.686705
21.3961,23.768719
21.6256,24.112547
7.0294,17.355635
17.5405,13.21944
17.2192,13.246653
10.9309,11.881389
5.578792767473699,7.0522175
4.0,4.0179653
4.0,3.22544
4.0,2.935565
4.0,2.7878056
4.0,2.7973156
4.0,3.0397224
4.0,3.2155466
4.0,3.3701897
4.0,3.7166996
4.0,3.931799
4.0,4.0178337
0.0,4.002901
0.04589999999999961,4.0586853
3.3048,4.7897034
11.1537,10.218447
20.2878,19.226309
27.8154,28.944149
31.9005,35.510307
29.4219,35.559383
31.671,32.444183
25.7958,25.823841
20.0583,18.233713
11.7963,10.711418
3.5343,3.104124
0.04589999999999961,1.3123846
0.0,1.3679895
0.0,1.7414007
0.0,2.1008778
0.0,2.5759897
0.0,2.4475737
0.0,2.6276646
0.0,2.9522161
0.0,3.011403
0.0,3.272563
4.0,3.6201296
4.0,4.083397
4.0459,4.6839542
7.809699999999999,5.4929647
16.4848,10.534159
25.9861,21.672562
29.1006,31.581558
33.376000000000005,35.941505
39.343,39.23129
36.4972,38.352596
28.1367,33.52848
19.6911,25.482319
11.3832,14.905848
7.8556,5.3237963
4.0459,2.0028448
0.0,2.2338028
4.0,2.7536345
4.0,3.2084856
4.0,3.5914097
4.0,3.8338394
4.0,4.024725
4.0,4.1538486
4.0,4.2397423
4.0,4.400161
4.0,4.578948
4.0,4.7468777
4.0459,4.8849897
7.5802,5.185355
11.2455,9.964857
21.0222,20.067755
27.8613,27.796711
29.3301,32.876114
26.0253,33.55672
26.5761,28.855915
22.7205,26.15702
18.4977,20.103943
11.1078,11.791707
7.5343,4.2646484
4.0459,3.3795137
4.0,3.8206387
4.0,4.05739
4.0,4.160907
4.0,4.15796
4.0,4.199995
4.0,4.270833
4.0,4.245186
4.0,4.2224884
4.0,4.28327
4.0,4.2414436
4.0,4.304801
4.0459,4.6288023
7.5343,7.653289
15.2455,14.482117
23.7829,23.13439
30.7138,30.421745
36.7267,35.25086
31.028400000000005,38.463074
28.6416,34.668472
26.0253,28.469326
20.6091,21.68983
11.016,13.316207
7.1671,4.18917
4.0459,1.9163198
4.0,2.5032444
4.0,3.1981506
4.0,3.6641655
4.0,3.8611927
4.0,3.368472
4.0,3.6250505
4.0,3.892561
4.0,4.030141
4.0,4.125677
4.0,4.190318
4.0,4.256119
4.0,4.429143
7.258900000000001,4.9609175
10.7865,9.562805
19.5075,18.72522
26.5761,23.8049
32.4054,30.871243
34.1955,37.047623
32.4513,35.19902
27.7695,29.80719
21.573,22.757675
12.6225,12.736866
7.1671,3.6361322
4.0459,0.93357944
4.0,1.595768
4.0,2.6965418
4.0,3.349309
4.0,3.5121126
4.0,3.6500883
4.0,3.9842596
4.0,4.2765045
4.0,4.352314
4.0,4.4420023
4.0,4.5154123
4.0,4.498623
4.0,4.5134144
7.3048,4.826606
15.2914,9.495756
25.8025,19.745567
28.1367,28.846035
29.3301,34.180653
25.5204,34.38716
29.5137,30.52137
28.458,28.791695
22.0779,23.995209
12.7602,14.027424
7.7638,4.498376
0.04589999999999961,1.8983116
0.0,1.9150791
0.0,2.223875
0.0,2.5633879
0.0,2.4780436
4.0,2.3635063
4.0,2.9915094
4.0,3.6023083
0.0,3.6901817
0.0,3.725605
0.0,3.4620934
0.0,2.9849367
0.0,3.2212095
3.7179,5.182867
13.311,12.968889
23.0418,23.791428
30.9366,32.826004
36.0774,38.972958
37.6839,41.12482
33.8283,38.621574
30.4317,33.446445
23.0418,26.307758
13.9536,16.23274
4.268700000000001,5.9683585
0.04589999999999961,0.9081392
0.0,0.82522964
0.0,1.7260323
0.0,2.2688398
0.0,2.5227318
4.0,2.828292
4.0,3.3044767
4.0,3.6158485
4.0,3.8600492
4.0,4.1518393
4.0,4.3894806
4.0,4.516575
4.0,4.7903576
7.5802,5.691102
12.3012,11.228746
21.3894,20.81195
28.458,28.199873
34.425,33.57807
37.5921,36.254463
36.4446,36.789074
31.028400000000005,33.27532
23.6385,25.606422
14.2749,15.68449
8.6359,5.6797605
4.0459,2.5808249
4.0,2.8133373
4.0,3.294674
4.0,3.5487604
4.0,3.8413143
4.0,4.207515
4.0,4.4744654
4.0,4.5942163
4.0,4.5540524
4.0,4.43538
4.0,4.3541555
4.0,4.280904
4.0,4.4938393
7.9474,5.5713434
17.6782,14.527614
26.95,24.67943
33.6055,33.63739
39.0217,39.34672
40.72,41.87535
40.2151,41.019024
35.4874,36.63954
28.0516,28.922394
18.3667,18.43823
8.681799999999999,8.239495
4.0459,2.99656
4.0,3.119751
4.0,3.6167727
4.0,3.9320602
4.0,4.1418247
4.0,4.2979736
4.0,4.4257545
4.0,4.583106
4.0,4.7071056
4.0,4.8235273
4.0,4.9641724
4.0,5.1532993
4.0,5.4404507
7.396599999999999,5.8294497
15.7504,7.698964
25.4812,17.05169
32.917,26.393682
38.3791,33.264565
39.802,36.50095
38.9299,36.685894
34.7071,33.44844
27.5008,27.254408
18.3208,17.599611
8.727699999999999,7.910748
4.0459,4.277768
4.0,4.117318
4.0,4.228779
4.0,4.2641525
4.0,4.3476973
4.0,4.514575
4.0,4.6457777
4.0,4.6668625
4.0,4.6794243
4.0,4.714628
4.0,4.7703238
4.0,4.9470625
4.0,5.2605486
7.1212,6.3307767
16.0717,12.081322
26.7205,22.177023
31.6318,31.128609
38.0578,35.719677
39.5266,39.16634
38.3332,38.874054
34.1563,34.707706
22.3992,28.047209
13.8618,17.945335
8.6359,7.694725
4.0459,2.2294636
4.0,1.9986639
0.0,2.555252
0.0,2.6922922
4.0,3.00741
4.0,3.3097591
0.0,3.6308784
0.0,3.675375
4.0,3.5667925
4.0,3.6708698
4.0,3.9008236
4.0,3.9562597
0.0,4.1218634
2.5244999999999997,4.3736115
9.5013,7.822667
7.1145,14.643228
15.2847,17.653944
20.2419,20.803886
25.4353,24.167635
22.0846,22.511433
20.2027,19.607265
17.5405,14.979654
11.6194,9.456178
1.9277999999999995,4.605542
0.04589999999999961,2.3245773
0.0,1.658577
0.0,1.862298
0.0,2.3160133
4.0,2.681901
4.0,3.1871538
4.0,3.6342926
4.0,4.029686
4.0,4.068165
4.0,4.04998
4.0,4.0912848
4.0,4.232643
4.0,4.3690777
2.9834999999999994,4.9179716
10.6947,9.529255
19.1862,17.842388
27.7236,23.502697
33.4611,29.889465
37.6839,35.5817
36.2151,38.02
31.716900000000003,31.55619
24.3729,25.48962
14.8257,15.637495
4.9572,5.635434
0.09179999999999922,1.3510284
4.0,1.3707666
4.0,2.3003912
4.0,3.0152206
4.0,3.2102413
4.0,3.521245
4.0,3.9265537
4.0,4.192232
4.0,4.310919
4.0,4.3295164
4.0,4.2803755
4.0,4.3163385
4.0,4.5653
6.8458000000000006,5.580575
15.1537,10.75535
24.196,21.063135
31.3564,29.598457
33.3301,35.477295
39.2512,36.269764
35.671,37.64714
27.7303,32.029274
21.8092,23.350195
14.6488,13.952356
8.039200000000001,5.8901963
4.091800000000001,3.8542004
4.0,3.9779816
4.0,4.219865
4.0,4.262847
4.0,4.2134867
4.0,4.23246
4.0,4.30768
4.0,4.326332
4.0,4.2081556
4.0,4.0487432
4.0,4.047244
4.0,4.226074
4.0,4.6015263
6.8917,5.0815697
14.817804203051196,9.653887
25.8943,21.744854
33.651399999999995,34.32245
39.0217,40.17165
40.4905,41.304005
38.0119,39.683613
34.0186,34.70357
26.7664,26.972378
18.5962,17.02311
9.049,7.685454
4.091800000000001,4.003887
4.0,3.8805294
4.0,4.017416
4.0,4.0801907
4.0,4.203929
4.0,4.3338203
4.0,4.2981443
3.4059777564813487,4.0114822
4.0,3.683978
4.0,3.5634775
4.0,3.8377075
4.0,4.305744
4.0,4.678838
7.3048,5.443614
15.475,10.604483
25.7107,20.723541
33.4678,30.858395
36.4513,38.34575
36.8185,40.487354
36.6349,38.698776
34.615300000000005,34.25907
27.4549,28.220814
17.6323,18.390419
8.7736,8.408501
4.091800000000001,4.114132
4.0,3.9504375
4.0,4.1405306
4.0,4.2307796
4.0,4.224634
4.0,4.1522837
4.0,3.8410454
4.0,3.8575993
4.0,3.9748154
4.0,4.2510614
4.0,4.3830795
4.0,4.627658
4.0,5.1181107
6.7999,7.5224323
13.779377756481349,14.373136
20.7076,22.441118
30.576100000000004,28.955925
34.3399,38.338173
35.1661,40.45501
28.0057,36.13761
28.5106,30.540619
21.3961,25.473858
17.9536,17.37966
9.1408,9.782987
4.091800000000001,4.667182
4.0,4.1739225
4.0,4.427189
4.0,4.5423164
4.0,4.568988
4.0,4.6922092
4.0,4.8551264
4.0,4.9101286
4.0,4.9559364
3.8657400786958807,4.757949
4.0,4.4315033
4.0,4.246065
4.0,4.2415724
6.295,4.6105175
11.2981,7.80575
19.9732,16.577827
27.1336,24.449913
33.0088,30.558758
31.8613,34.188496
31.402300000000004,32.13078
33.1465,28.153772
20.0191,25.602386
14.2816,14.562063
7.9933,6.8610168
4.091800000000001,3.9529533
4.0,3.6654425
4.0,3.9393158
4.0,4.1243553
4.0,4.3007784
4.0,4.4331465
4.0,4.52468
4.0,4.6279535
4.0,4.640669
4.0,4.6025324
4.0,4.6356277
4.0,4.8810844
4.0,4.6328373
7.1212,5.0652103
16.4389,11.771025
26.2156,22.561592
34.1104,31.603546
38.5627,38.439983
37.8283,41.380272
34.753,39.141632
33.4219,33.057854
26.3992,27.771492
18.5503,17.735214
9.2326,9.100762
4.137700000000001,3.5250225
4.0,2.8779106
4.0,3.2016315
4.0,3.549531
4.0,3.6429367
4.0,3.9063807
4.0,4.1625566
4.0,4.3444805
4.0,4.47493
4.0,4.5817833
2.276167801047407,4.673684
2.477470441780353,4.374831
1.7767444749854384,3.9664297
6.7081,4.4600067
12.970494671297528,9.675525
21.504390902523497,19.265577
31.815400000000004,29.277924
36.2218,38.56587
40.3069,41.502384
39.5266,40.244637
35.3497,35.754818
28.6483,28.63796
19.4224,19.586288
9.5539,9.448015
4.137700000000001,3.7776709
4.0,3.2714825
4.0,3.6624527
4.0,4.0935707
4.0,4.2332716
4.0,4.2624435
4.0,4.38717
4.0,4.5603676
4.0,4.5719995
3.225433692449826,4.3895226
4.0,4.010749
4.0,3.9122229
3.3916760828432455,4.4297886
6.065499999999999,6.249945
11.5735,12.539124
17.035600000000002,18.026402
13.8226,23.216633
29.658100000000005,24.259312
39.7102,31.440102
32.6875,34.78993
28.2811,29.223145
22.1305,22.245605
17.999499999999998,13.850319
8.59,6.7077975
4.137700000000001,3.314272
4.0,3.1461859
4.0,3.4900532
4.0,3.9194908
4.0,4.218027
4.0,4.390876
4.0,4.489414
4.0,4.5284986
4.0,4.617181
4.0,4.6899214
4.0,4.6826963
4.0,4.623843
4.0,4.827917
6.5245,6.342838
15.3373,12.129192
24.9304,21.9064
29.1006,29.620201
34.2414,33.49848
35.7102,34.908867
34.1037,37.191177
33.5596,34.548004
27.3631,27.344086
17.4946,17.827393
9.1408,7.570684
4.1836,2.6728334
4.0,2.3326254
4.0,3.1459484
0.0,3.347684
4.0,3.4270716
4.0,3.6974354
4.0,3.9952784
4.0,4.3696566
4.0,4.637787
4.0,4.6816654
4.0,4.578473
4.0,4.6776266
4.0,4.9236374
6.8458000000000006,5.6652017
15.475,11.366726
23.5534,21.09476
28.8319,29.3815
35.2579,36.5372
37.6447,40.314037
36.6808,40.089657
29.467799999999997,35.102882
21.4812,26.913765
19.0552,18.38161
9.5539,9.020323
4.1836,3.4098167
4.0,3.1446257
4.0,3.6483717
0.0,3.8766813
4.0,3.8912792
4.0,4.146717
4.0,4.578742
4.0,4.7922707
4.0,4.809883
4.0,4.7534504
4.0,4.745311
4.0,4.810443
4.0,4.934822
6.6163,5.4813023
12.7669,10.142403
25.114,18.961464
33.2842,29.74657
38.1496,37.879948
40.4905,40.766674
38.2414,40.268784
29.1991,35.79749
25.114,26.647127
17.861800000000002,17.848661
9.508,8.85483
4.1836,3.4539938
4.0,2.956828
4.0,3.3770275
4.0,3.7422056
4.0,3.9599524
4.0,4.068619
4.0,4.3617535
4.0,4.5188723
4.0,4.617421
4.0,4.6768064
4.0,4.699008
4.0,4.7604427
4.0,4.94705
6.570399999999999,5.546151
15.1996,11.247849
24.5632,21.741154
32.6416,30.174816
37.8283,36.098167
40.3528,38.75759
39.343,39.039562
35.671,35.621277
28.0516,28.450466
19.0552,17.755627
9.4162,8.063069
4.1836,2.6668272
4.0,2.278986
4.0,3.0695162
4.0,3.807354
4.0,4.1469955
4.0,4.3399467
4.0,4.429288
4.0,4.4809
4.0,4.4844265
4.0,4.3413754
4.0,4.026228
4.0,3.9969444
4.0,4.2468367
6.386799999999999,5.576955
14.8783,10.686296
24.3796,20.933102
31.723600000000005,30.408184
33.5596,36.2501
28.694199999999995,36.455524
27.5008,32.611496
28.1434,27.984715
23.5075,23.32387
13.7767,14.909292
9.049,6.853375
4.1836,3.8101692
4.0,3.2443752
4.0,3.629469
4.0,3.995304
4.0,4.1416416
4.0,4.297364
4.0,4.4938107
4.0,4.5352182
4.0,4.38163
4.0,4.2449045
4.0,4.081789
4.0,3.8171062
4.0,3.8908672
5.9737,5.158293
12.9046,12.22021
17.7241,20.524647
17.586399999999998,24.561037
22.1305,26.785988
34.3399,25.678387
24.655,31.51308
24.4255,21.888557
20.9371,18.148022
15.1078,12.4624
8.6359,6.15469
4.1836,3.9564085
4.0,3.8466396
4.0,4.0754538
4.0,4.088662
4.0,4.047017
4.0,4.086008
