Actual_Power_MW,Predicted_Power_MW
4.0,3.2543125
4.0,4.099371
4.0,4.138278
4.0,4.0560884
4.0,3.8741732
4.0,3.7363558
4.0,3.568059
4.0459,3.7786093
7.1671,4.881112
14.098,10.630505
20.95428670873395,21.781252
25.501567801047408,29.602596
28.806150952395825,26.980633
29.319518448158135,26.424343
26.123799999999996,23.614756
20.2945,17.135088
13.2259,10.381735
6.4327000000000005,4.7639804
4.0,3.3887796
4.0,3.2313547
4.0,3.4258242
2.428373752796345,3.5478687
1.6230967376991021,3.2120075
1.4620934601345148,2.8241148
2.3449559365079367,2.5692682
3.4059777564813487,2.6111832
4.0,2.7941074
4.0,3.0960302
4.0,3.1906605
4.0,3.4621925
4.0,3.7799015
4.0459,3.803979
6.5245,4.5113297
11.2981,8.495253
14.956221759365135,14.691857
20.35526337179225,20.728878
25.15392724731988,23.585688
25.427051699171,24.673435
21.72793375268196,22.078842
16.618543540567558,16.257887
10.051607027176043,10.420827
5.355667509019564,4.3708835
1.70040060215325,2.724121
1.237480644121698,2.7736998
1.0920962896970714,2.7958736
1.0277742824696947,2.8632307
0.9568951159196342,2.939581
1.343960845750786,2.8399897
2.4657521017828294,2.8648357
3.7027946165080188,3.0716982
4.0,3.3346539
4.0,3.4061642
3.71483346312972,3.3036394
3.0908921415040016,2.9780006
0.20700185941403504,2.680995
0.04589999999999961,2.1007547
2.305767008614792,2.9590607
7.804257890341534,6.7594533
15.232821866853076,13.468971
20.90305516417837,25.359333
26.27542750425571,26.763655
26.70644645095312,27.081158
23.52977898008476,23.987415
17.849016264760973,19.132542
11.334779033592302,11.934759
6.7999,5.299359
4.0,3.5491295
4.0,3.776435
4.0,4.0616493
4.0,4.135975
4.0,4.1298933
4.0,4.0696583
4.0,4.0183353
4.0,3.948102
4.0,3.8028917
4.0,3.565301
3.6760826183489854,2.7996235
4.0,2.45469
4.0,2.5755577
4.0459,3.4919796
5.7442,6.6423073
9.2785,10.286646
14.6488,13.963053
22.8103251312083,20.63425
27.48499515786382,27.890598
27.23351932867162,27.69572
24.34265106976532,24.115623
18.903103974605617,19.524906
14.0062,12.727755
6.8458000000000006,6.2142715
4.0,4.0858335
4.0,3.8459396
4.0,3.8026276
4.0,3.8355207
4.0,3.8958282
4.0,3.8725195
4.0,3.628025
4.0,3.3599052
4.0,3.140854
4.0,3.1573982
0.442997439741978,3.101241
0.0,2.1915903
0.0,1.3411093
0.862377756710865,1.5856543
2.9934288177883825,3.5182219
8.4915,8.691451
13.7241,14.799379
21.6648,22.309204
25.984689902006266,27.245937
26.139590193137217,27.999691
24.10457386908252,25.29377
20.52648195198562,20.248526
13.7767,12.918736
6.7999,6.4241157
4.0,4.2283773
4.0,3.8825684
4.0,3.9758034
4.0,3.9433317
4.0,3.666051
4.0,3.4215202
4.0,3.2903728
4.0,3.2567425
4.0,3.041379
4.0,2.9109182
4.0,2.9415913
4.0,2.928011
4.0,3.0295858
4.0459,3.8227673
5.881899999999999,6.7559247
9.2785,11.008669
12.4456,15.372719
16.1635,19.752462
19.5601,21.336578
21.7174,22.057428
25.7566,24.707777
21.5797,24.811878
14.2816,17.102917
7.0294,8.4537735
4.0,3.6179762
4.0,3.6056433
4.0,3.7357292
4.0,3.763812
4.0,3.6564255
4.0,3.6037817
4.0,3.435442
4.0,3.1286364
4.0,3.0776033
4.0,3.048689
4.0,2.7805262
4.0,2.5984335
4.0,2.5806942
4.0459,4.1706734
7.5343,9.577152
15.0619,17.42728
22.4977,24.271168
28.0516,29.380146
30.989200000000004,32.22391
30.897400000000005,32.602913
27.8221,30.170624
22.0846,24.573093
14.5111,16.584013
7.1212,7.911377
4.0,4.6087384
4.0,4.100362
4.0,4.009757
4.0,4.0621204
4.0,4.1056232
4.0,4.041645
3.02057317653915,3.8180914
1.481923054388405,3.3824186
2.145075337922533,2.7976427
3.2677011468960515,2.7032003
2.6950768455945173,2.8088655
1.7599197687295085,2.8723946
0.5645492207357137,2.8622503
0.680124434749402,3.472434
3.812691686861754,6.9192996
10.439927504255708,13.182063
18.35255165309469,19.302986
24.414222285558623,25.517586
27.13597462830472,29.275314
26.993436222557254,29.377228
23.868,25.812786
18.148475344490983,19.983036
10.62087534449098,11.982877
3.323996879613153,4.600346
0.3465394375498452,2.3321514
0.16377851129623622,1.9497566
1.051750861964818,1.867034
0.7436159082070031,2.2633286
0.22896541957537053,2.3723955
0.08299041176491606,1.9568634
0.23125022052224153,1.6436453
0.20256755679682925,1.6568613
0.16535365052020445,1.6295223
0.15079365079365026,1.5648308
0.07535667767814402,1.5026827
0.20422750425570868,1.4129896
4.0,1.6393309
4.0459,3.5880423
6.7081,6.2035913
11.8948,10.051575
16.025223109056252,14.955155
23.85975259574859,23.466928
27.597442427959862,28.80259
27.7151472003723,28.308374
24.683538842320925,25.113396
19.19918583844684,19.736666
12.400658864206475,12.559641
7.3048,5.9003277
4.0459,3.879734
4.0,3.5537977
4.0,3.7881699
4.0,3.870637
4.0,4.013592
4.0,4.1078205
4.0,4.1127386
4.0,4.0330563
4.0,3.9635754
4.0,3.8968
4.0,3.844736
4.0,3.8231974
4.0,3.9884024
4.0459,4.842655
7.258900000000001,8.512874
13.1341,13.480615
19.4224,18.705343
24.041245059161863,24.61812
19.027630365631964,26.62106
18.1305,21.820496
12.393,18.660156
8.1702,13.007276
8.180343531235483,8.286144
5.6565334213764835,5.6142554
0.0,3.3342543
4.0,2.1924467
4.0,3.12636
4.0,3.0442
4.0,3.399603
4.0,3.2413445
4.0,3.1548538
4.0,3.131444
4.0,3.2836466
4.0,3.4961157
4.0,3.3768425
4.0,2.8807278
2.9297042030511964,3.436082
2.615391117785963,3.170434
6.350519581249504,5.521549
10.077049190045123,12.888591
16.745988063029525,18.24459
20.304737223495884,23.176533
23.46195802448545,26.46817
22.50134314913723,26.953945
18.97589687961316,20.790325
13.0356,16.283148
9.1341,9.873605
4.920398937056678,4.779299
1.4803756807136228,3.0175333
4.0,3.0462885
4.0,3.68147
4.0,4.32199
4.0,4.5540466
4.0,4.5106773
4.0,4.416018
4.0,4.2863646
4.0,4.0930996
4.0,4.133396
4.0,4.16916
4.0,4.2155046
4.0,4.1336946
4.0459,4.6659603
7.1212,7.3768682
14.098,14.922489
20.32471534361224,22.215233
26.187655990333308,27.468994
28.792122869208335,30.33514
28.5796674503134,30.29587
25.872982933915413,27.60434
20.92118860875579,22.566294
14.808942033097225,15.215039
7.5343,7.555345
4.0459,4.7088065
4.0,4.3364806
4.0,4.1300983
4.0,3.8228283
4.0,3.6746492
4.0,3.6349354
4.0,3.7385607
4.0,3.9146204
4.0,3.9246187
4.0,3.8781471
4.0,3.8808708
4.0,3.971179
4.0,4.3545747
4.0459,5.6504626
7.5802,9.68082
14.9701,16.070618
19.20658465546803,22.29509
24.82194641921522,27.128613
27.673792807580362,29.984638
27.60702135240595,29.927752
24.56549252440571,26.857586
19.04946911219454,21.003212
11.552910930628546,13.120117
4.798535950358835,5.8727355
1.4852947190189152,3.504631
1.574232278996318,2.6850042
1.3487797153826246,2.5540943
4.0,2.3879614
1.2412353818974946,2.8722506
1.2544050740319346,2.5909214
0.2244135591603289,2.2263823
0.0,1.7315235
0.0,0.9432726
0.0,0.7036047
0.0,0.57203674
0.08163343130524225,0.46382332
0.8473415892059624,1.0267954
1.0860846990879356,2.1396732
3.514203937100019,4.154971
7.854434798547827,8.321836
13.015380513362787,13.644458
22.0672547855093,18.27309
27.59728181102443,25.877724
27.374714213960857,27.822296
24.711411221018125,24.514122
19.8448365376716,19.264393
12.153488391994566,12.2541065
5.895382862859921,5.425492
4.091800000000001,3.1909037
4.0,3.307352
4.0,3.5707426
2.903731889472814,3.4368687
4.0,2.9883099
2.0088527770540363,3.2036333
1.0939007447311937,2.866743
0.17808520605245803,2.1829376
1.2685636296669482,1.5900383
3.891534568903575,1.6864052
2.1060186815782735,2.338334
3.054410953384549,2.0920086
4.0,2.3053274
4.0,2.9330902
2.7979251312083004,4.8211093
6.9376,7.4066186
13.826043531235484,11.332446
24.765946966572848,23.507318
22.95346762657817,27.784468
19.646378482253024,24.39182
19.777729637081865,19.381413
15.823894222222224,16.55566
9.386441331667038,10.359423
3.6435325583037095,5.0307956
1.0582271875990852,3.0970364
2.513911790934925,2.5630713
4.0,3.1597624
4.0,3.9711428
4.0,4.1092196
4.0,4.009403
4.0,4.15254
4.0,4.3245406
4.0,4.4717746
4.0,4.478853
4.0,4.384878
4.0,4.347411
4.0,4.6970005
4.0459,6.1810203
7.672000000000001,10.596827
15.4291,17.24202
20.2801007447312,23.461502
26.376833351965182,27.983746
30.400822222222224,30.840702
30.88979111778596,31.302528
29.336800000000004,28.807722
23.5993,23.448969
15.934,15.901393
8.039200000000001,7.9815674
4.091800000000001,4.862508
4.0,4.042638
4.0,3.8266659
4.0,3.8349838
4.0,4.0174513
4.0,4.2984896
4.0,4.2672043
3.3333747428293545,4.11957
2.8520141452258,3.696683
4.0,3.2638626
4.0,3.419176
4.0,3.714408
4.0,3.7865715
4.0459,3.8680277
5.508734227006553,5.981221
6.973136188741149,10.524673
12.717190639403633,14.925184
16.065,19.77069
23.797574617912208,21.898489
29.165216823643483,28.17377
26.00866790849992,27.195847
16.26922750425571,19.012604
12.127943149137232,11.85643
4.282165771363184,5.898111
0.3973600586510049,2.1666908
0.09214398387086398,1.5274229
0.0,1.3351192
0.0,0.9469652
0.3682414747313807,1.0298233
0.6804557739665089,1.5336609
2.11158461013731,1.9471054
2.1138128401327947,2.288272
1.1374819918421917,2.457487
0.5360653626011231,2.165619
0.3450700904279511,1.7429705
0.32232890009296256,1.445837
0.7896526250746358,1.4733343
1.1253933433426866,2.0595846
2.77123393780197,3.5291262
7.256086222222223,7.000802
13.1274,11.834381
19.933693650793654,22.393862
26.65387204446921,27.118023
27.62898654667057,26.053959
25.0988472003723,23.06131
19.664037004289742,17.87577
12.109224434749402,11.314749
5.572641153319291,4.5751815
4.137700000000001,2.7151794
3.3981747001620963,2.704136
2.613523183176831,3.0460262
1.501838760306919,3.1693382
1.7066355356230787,2.992694
4.0,3.0023727
4.0,3.5615644
4.0,4.021701
4.0,4.140992
4.0,4.1101274
4.0,4.0774517
4.0,4.077652
4.0,4.234604
4.0459,5.0703025
7.3507,8.473892
14.6488,15.455588
22.1305,23.053802
28.62484203309723,28.595167
31.8613,31.837406
31.999000000000002,31.834717
29.1532,29.196138
23.5534,24.057259
16.0717,16.454632
8.2228,8.210871
4.137700000000001,4.418696
4.0,3.9676466
4.0,3.8742027
4.0,3.941019
4.0,3.9608278
4.0,3.9530687
4.0,3.910061
4.0,3.9836578
4.0,3.9979506
4.0,3.9926271
4.0,4.0037565
4.0,4.0762987
4.0,4.393946
4.091800000000001,5.7615914
7.7638,10.486313
15.5668,17.822502
23.3239,24.859612
28.40920931459023,30.785229
31.369690222222225,34.349277
32.458,34.599438
29.520400000000002,31.82429
23.8288,25.870258
16.2553,17.362873
8.3605,8.453472
4.137700000000001,4.523073
4.0,3.9196568
4.0,3.7098503
4.0,3.6554432
4.0,3.6775389
4.0,3.750867
4.0,3.7738228
4.0,3.850482
4.0,3.917306
4.0,3.961071
4.0,3.9344835
4.0,3.8547087
4.0,3.8763504
4.091800000000001,4.712211
7.784430910077543,9.025083
14.556152205959483,16.174639
20.025674988153284,22.769358
25.274456677678145,28.483925
28.311296742488743,31.952219
28.352441934326244,32.301987
24.983775621228915,29.05177
19.27135270026404,22.178558
12.572747499265416,13.409967
7.9015,5.7794123
4.1836,3.422533
4.0,3.3532963
4.0,3.4751806
4.0,3.6999207
4.0,3.7705297
4.0,3.7805843
4.0,3.9532976
4.0,3.8430014
4.0,3.8497963
0.6433914936474583,3.7556648
0.9847070854276065,2.6717443
3.3709084735017054,1.955349
2.9297042030511964,2.3920965
3.605009737854857,3.706047
7.7638,7.4559526
15.3832,15.288527
21.8732591350334,22.54511
27.61068632667565,28.731016
32.27412427852686,32.39234
33.0547,33.312424
30.254800000000003,31.074604
24.6091,25.636309
16.622500000000002,17.619068
8.681799999999999,8.632983
4.1836,4.2655478
4.0,3.3093176
4.0,2.7542372
4.0,2.7677078
4.0,2.9007187
4.0,3.0860548
4.0,3.3623018
4.0,3.7037945
4.0,3.904375
4.0,3.997674
4.0,3.9834871
4.0,3.928215
4.0,4.1587477
4.091800000000001,5.96682
8.039200000000001,10.518225
16.1635,17.901894
24.196,25.376465
30.3007,31.53069
33.6055,35.281807
33.7432,35.89319
30.759700000000002,33.189064
24.9763,27.166012
17.173299999999998,18.934216
8.9113,9.556615
4.2295,4.308503
4.0,3.4087276
4.0,2.940609
4.0,2.7779646
4.0,2.810378
4.0,2.9938297
4.0,3.1499577
4.0,3.1983557
4.0,3.3295345
4.0,3.2599468
4.0,3.0625067
4.0,2.7883387
4.0,2.955246
4.091800000000001,5.3615985
8.2228,10.665224
12.5307,18.782215
24.7468,26.3242
30.897400000000005,32.50923
34.294,36.33999
34.477599999999995,37.1426
31.494100000000003,34.727455
25.6648,28.923302
17.6323,20.43528
9.1408,10.593275
4.2295,4.9262857
4.0,3.9725409
4.0,3.6769762
4.0,3.6443138
4.0,3.6021938
4.0,3.6435738
4.0,3.7302265
4.0,3.8081331
4.0,3.8531656
4.0,3.8061266
4.0,3.6853771
4.0,3.64289
4.0,3.9706964
4.091800000000001,5.852513
8.3146,10.776867
16.760199999999998,18.767227
25.0222,26.263264
30.92149461650802,32.37755
34.615300000000005,36.166973
34.7989,36.866817
31.723600000000005,34.248642
25.8484,28.135784
17.8159,19.521711
9.2785,9.889603
4.275399999999999,4.762876
4.0,3.9084072
4.0,3.7475853
4.0,3.7770872
4.0,3.8396568
4.0,3.8870707
4.0,3.9050913
4.0,4.002715
4.0,4.0177784
4.0,3.9615164
4.0,3.9012947
4.0,3.9515877
4.0,4.252408
4.091800000000001,5.1250887
8.3605,9.311571
16.8061,16.870075
23.1360128401328,24.102425
29.306942675779915,30.269327
33.538814075296685,34.55136
34.8448,35.38786
31.8613,32.876
26.032,26.984112
17.999499999999998,18.514242
9.4162,9.1921425
4.275399999999999,4.603932
4.0,3.8122406
4.0,3.6874084
4.0,3.6593084
4.0,3.546462
4.0,3.3542213
4.0,3.138854
4.0,3.079938
4.0,3.1952524
4.0,3.2361202
4.0,3.2307186
4.0,3.3162403
4.0,3.6973543
4.137700000000001,5.041869
8.452300000000001,9.267063
15.404869398871105,16.573385
21.64174133166704,23.221115
27.94697923790215,29.127735
31.61757050187945,33.36215
32.27536238499358,34.2397
29.53378341666042,31.438086
23.305396130725665,25.19048
15.210557669201936,16.346146
8.411732713244266,7.318953
2.722923310268449,3.9457426
1.2196957028222748,3.129487
0.36111626476097314,2.710598
0.021729251120945037,2.1801014
0.6649354127734295,1.5253296
2.849559293871776,1.6436071
4.0,2.3179035
4.0,2.9054413
4.0,3.0968914
4.0,3.2686043
4.0,3.5130634
4.0,3.748989
4.0,4.0235577
4.137700000000001,4.7423787
8.2228,8.270398
16.4389,15.4733
24.2419,22.981499
30.7138,29.306437
34.202200000000005,33.74368
34.4317,34.467037
31.494100000000003,31.59398
25.7107,25.816685
17.8159,17.838673
9.4621,9.042292
4.3213,4.535763
4.0,3.6452656
4.0,3.4603682
4.0,3.4324417
4.0,3.4198084
4.0,3.4646816
4.0,3.516284
4.0,3.5480318
4.0,3.550682
4.0,3.487588
4.0,3.4317245
4.0,3.477357
4.0,3.7378674
4.137700000000001,5.198873
8.3146,9.442791
16.393,16.726307
22.406009164103693,23.918625
28.77069441329416,30.119059
31.864041969918723,34.412895
31.506849050924842,34.937023
28.281162765798506,31.64083
22.63188859496001,25.176662
15.0123188003536,16.669992
8.293267509019564,7.696973
4.3671999999999995,3.7216825
3.7282267598056436,3.0790644
4.0,2.9008532
4.0,2.8686676
4.0,3.080699
4.0,3.2510633
2.7325262452004164,3.158409
0.9908240274511044,2.7519045
1.040184699087936,2.1231632
1.167753385448087,1.7968102
1.4001903882378084,1.7040787
3.6760826183489854,1.7226992
1.5058323021678621,2.3286161
2.9376779751137594,3.1285105
7.1212,6.136999
12.8587,10.677466
17.22735635457686,16.780792
27.147753990357664,27.03733
30.399265771363183,31.890966
30.953833937801967,30.877186
29.257041153319292,28.274961
24.57308248674109,23.242506
17.470733854428033,15.88391
9.5998,7.6571116
3.1118419704699267,3.8543072
0.20422750425570868,3.071269
0.34061438816037715,2.127966
1.9358757424315751,1.506094
2.3013132171331847,1.8873787
4.0,2.1622076
4.0,2.543397
4.0,3.1619473
4.0,3.4913187
4.0,3.4953346
4.0,3.4275217
4.0,3.4238033
4.0,3.7029247
4.137700000000001,5.3762026
8.4064,10.118685
16.4848,17.699892
21.40206944814361,24.69419
28.82262951209414,30.331703
32.75355095239583,34.451073
32.54629193245375,35.263557
26.95832222222223,31.377502
22.17650916410369,24.82909
15.583253489006603,16.888763
8.7736,8.436745
2.5414391841440143,4.0547657
0.004236235814396139,3.0106897
1.7014398074929655,1.8421068
0.0,2.0011272
4.0,2.0342588
4.0,1.5812101
4.0,2.6695127
4.0,3.5260954
4.0,3.7673512
4.0,3.8095827
4.0,3.67478
4.0,3.6618738
4.0,3.9042072
4.137700000000001,4.9059896
8.4064,9.734972
14.995658355239224,17.84328
21.772636537671595,24.739021
28.533816277003652,31.14908
33.94228534150218,36.262245
34.5235,37.752106
31.723600000000005,35.582714
26.123799999999996,29.551352
18.3208,20.815308
9.8752,11.225724
4.459,4.8956733
4.0,3.8390608
4.0,3.7736244
4.0,3.9393682
4.0,4.0731773
4.0,4.2793436
4.0,4.329218
4.0,4.3496275
4.0,4.3346777
4.0,4.324641
4.0,4.249359
4.0,4.225195
4.0,4.5230637
4.1836,5.849596
8.8195,10.468427
16.114091932453746,17.912153
22.611295752103448,24.601295
29.305828672957105,30.80757
32.96768463969011,35.689423
33.127245001899645,37.156395
29.833459799057202,34.885002
23.45698624404728,28.708948
15.05282717647038,19.373837
6.273793568507943,9.208807
2.0251347985478283,3.6867428
4.0,2.601344
4.0,2.8671007
4.0,3.177661
4.0,3.0354395
4.0,3.2241879
4.0,3.1610527
3.7362713041574303,2.9327316
2.355331427208302,2.6805506
2.074941969918722,2.3942661
2.2864429366862957,2.1289606
1.058888594960008,2.0435705
1.1374815410993442,1.9336042
1.8532712395549567,3.2012835
6.7999,6.5296206
9.775800230744206,14.005574
14.714850952395825,17.851227
21.578545462489707,24.540874
25.55568253375014,28.114944
22.3533,27.483803
20.2419,22.4356
12.4848,16.78
10.0521,10.081467
5.3163557739665075,5.5861034
4.459,2.6345224
2.4435358939314256,2.9039078
3.7027946165080188,3.092866
3.45814932385624,3.0947943
4.0,3.1512327
4.0,3.2843628
4.0,3.5310726
4.0,3.4113855
4.0,3.3391132
4.0,3.5621977
4.0,3.6120853
4.0,3.8250647
4.0,4.199731
4.1836,6.0214033
8.9572,11.152591
16.121867257116836,18.54457
24.549697186572217,25.30246
32.2744,31.447704
35.854600000000005,35.76542
36.1759,36.89443
33.1924,34.335754
27.409,28.54798
19.2847,20.645197
10.426,11.506002
4.5508,5.113045
4.0,3.9667473
4.0,3.9448109
4.0,4.041686
4.0,4.10571
4.0,4.240793
4.0,4.3692474
4.0,4.457167
0.0,3.7745419
0.0,3.0917683
0.0,2.4213638
0.0,1.8981934
4.0,2.2270012
4.2295,5.235434
9.1408,11.093287
17.999499999999998,19.261328
26.5369,26.943264
32.917,34.016624
36.4972,38.801586
36.8185,39.622917
29.835,36.703583
23.868,30.392658
15.6519,21.428314
10.6555,11.2298765
4.5967,3.8789272
0.0,2.3569632
0.0,1.8228626
4.0,1.5720072
0.0,1.7760096
0.0,1.677084
0.0,1.3930502
0.0,1.2799702
0.0,1.4673166
0.0,1.6902847
4.0,2.1001177
0.0,2.55235
0.0,2.861702
0.22949999999999982,5.245093
5.2326,10.075439
18.0454,18.737194
26.5369,27.614067
32.917,34.591274
36.4054,38.771404
36.6808,39.607704
29.7432,37.002922
23.8221,30.835463
15.6519,21.899837
10.7014,11.612886
4.6426,4.0638657
4.0,2.4025555
0.0,2.0436068
0.0,1.8147821
0.0,1.7794256
0.0,1.7931433
0.0,1.8901482
0.0,1.981041
0.0,2.1270952
0.0,2.1112146
0.0,2.1381369
0.0,2.3236647
0.0,2.5293102
0.22949999999999982,4.1734457
5.1408,10.412065
17.8159,19.741861
26.123799999999996,27.1884
32.458,33.180428
35.9923,37.020607
36.3595,37.836525
33.4678,35.22807
27.5467,29.189219
19.4224,20.268635
10.1506,10.087065
4.6426,4.18421
4.0,3.3851156
4.0,3.3870087
4.0,3.6467428
4.0,3.7530107
4.0,3.6458635
4.0,3.6849327
4.0,3.7894964
4.0,3.9080305
4.0,3.936489
4.0,4.0366964
4.0,4.056835
4.0,4.2431097
4.275399999999999,4.824674
8.679761467101216,8.846636
15.134776014493925,16.734749
21.28618370385653,24.223854
28.990059571306745,30.788408
33.6325740662256,35.911503
34.38985122599224,37.887245
32.23847576927726,35.837685
26.98412679483005,30.021519
19.435804785375662,21.228382
10.9309,11.286308
4.6885,4.728223
3.4490005416257947,3.643157
2.277309094748924,3.2904472
1.8498891406145166,3.109048
1.526851305477166,2.950263
0.8674082108408161,2.8131294
0.8019081486439905,2.5365067
1.97824965079365,2.4884024
3.8698103321549695,2.8228827
3.8698103321549695,3.266345
2.9297042030511964,3.4342775
3.0606910450719997,3.3974886
3.8427082189928825,3.5456467
2.906841741417338,4.5892982
7.986877965630207,8.532217
16.03347020875845,16.474438
22.637340145010484,22.951817
29.1150372286858,29.806889
33.17018469908794,34.721107
30.547672081422647,34.476658
28.83111054328773,33.27823
26.20797106545312,27.372786
17.64993885644886,19.559319
9.613895170903415,9.847966
4.7344,4.4578233
2.8115923549551347,3.7010155
2.3495657480711696,3.5475216
3.3916760828432455,3.0593119
4.0,2.868394
2.9445792617743844,2.9922752
2.1551559878843882,2.844368
3.1300448558528355,2.495535
2.1956307835352717,2.4946222
0.39183526244103994,2.3771515
0.5418723168895614,1.7820206
1.026889735319367,1.6498594
4.0,2.2969599
3.1917507002837873,4.67832
7.607633810331414,8.619671
15.39087020875845,14.620826
22.47117851129624,22.263906
28.82607002131978,30.484922
32.66822654725836,36.23692
33.592178564333366,37.662384
31.91146725711684,35.61387
27.363100000000003,29.528723
19.1011,20.143785
10.402336134024605,10.29539
4.437193650793651,4.47739
2.346107300730017,3.5746145
1.4690249552638495,2.9872952
4.0,2.4778986
4.0,2.8970537
4.0,3.338605
1.1020308514739199,3.1916924
4.0,2.3398695
4.0,2.7405062
4.0,3.152833
4.0,3.1734762
4.0,3.3580332
4.0,3.8885374
4.3213,6.1690755
9.6457,11.398288
18.5962,19.602856
26.862254029873696,27.17471
33.5596,33.92366
37.0939,38.74588
37.507,39.492706
34.615300000000005,36.40418
28.786,29.882578
20.5699,21.057095
11.4358,11.169256
4.8262,3.8912916
0.0,2.0378447
0.0,1.2508545
0.0,0.81084156
0.0,0.7834759
0.0,0.9674511
0.0,1.1536865
0.0,1.195281
0.0,1.1565447
0.0,1.1642962
0.0,1.4682989
4.0,2.0570536
0.0,2.8001413
0.3672000000000004,5.118243
5.967,10.823748
19.1011,19.498892
27.7303,27.57163
34.202200000000005,35.03676
37.7824,39.884815
38.05779999999999,40.9893
34.9825,38.29857
28.923700000000004,32.04122
20.6617,23.125423
11.4817,12.896766
4.8721,4.606666
4.0,2.431531
0.0,1.9673767
0.0,1.5270023
0.0,1.5342207
4.0,1.6311102
4.0,2.0313025
4.0,2.627985
4.0,3.1134872
4.0,3.288106
4.0,3.275198
4.0,3.4033508
4.0,3.8443413
4.4131,5.9321556
5.9211,12.02093
18.8716,20.218685
27.2713,28.36005
33.6055,35.589317
37.1398,39.990967
37.4611,40.930252
34.477599999999995,38.10208
28.418800000000005,30.16764
20.3863,23.417336
11.4358,12.974971
4.918,5.016508
4.0,3.2694063
4.0,3.1267538
4.0,3.0902185
4.0,3.0499115
4.0,3.4463148
4.0,3.5916042
4.0,3.3051462
3.70279365079365,2.97161
0.8825536625760133,2.6985798
2.782313288848096,2.0413332
2.7095528645091242,2.143404
2.3415004639830688,2.8765726
1.6750496879876113,5.1181083
6.103151699170999,9.552723
14.82179280758036,17.059223
21.8943,23.55738
29.327727176470383,29.66259
36.24544385819615,36.185883
37.1398,37.804207
34.3399,35.316723
28.510600000000004,29.99339
20.4781,21.765951
11.5276,12.413766
4.918,5.0884385
4.0,3.4436464
4.0,3.0646696
4.0,3.0191164
4.0,2.9878683
4.0,3.192628
2.2284131109305108,3.352333
0.5793261331424961,2.7530222
0.009917953253957279,1.9132414
2.014334470869814,1.2001238
1.3487797153826246,1.7391024
1.9358757424315751,1.9878674
4.0,2.5895653
4.459,5.5840044
9.47062003976205,10.116792
15.576241536293384,17.929726
23.7655820320387,24.355446
29.99405134381817,30.033815
31.7628,31.976112
30.55888763315445,31.02828
27.3946007447312,29.020658
23.41975122599224,24.441107
16.67061232240891,17.830523
8.452300000000001,9.526257
4.9639,3.6507998
4.0,3.0686865
4.0,3.2737036
4.0,3.3059988
4.0,3.2695408
4.0,3.245225
4.0,3.218319
4.0,3.2761717
2.120498937056677,3.1670685
0.8817100685308024,2.6575012
1.1862217593651376,2.1956682
0.9838338326959235,2.1734324
0.30988370385652964,2.3623247
0.41548576888315836,3.4280338
6.613134150029215,7.520451
15.059086222222222,17.10769
23.495629637081866,24.334425
29.9268,30.480179
32.7726,33.16978
33.0939,34.317184
29.376000000000005,33.303207
24.93065195105195,28.08013
18.22995886420648,20.1573
11.23561436311249,11.105947
3.4872696989232566,4.6941743
0.2763691121945424,3.4159126
0.01686021108725555,2.8921766
0.2715824906983997,2.2699785
0.7750227643877032,1.9341478
3.18080288339306,2.281146
4.0,3.051465
4.0,3.5999222
4.0,3.922594
4.0,3.5639782
4.0,3.728879
1.7014398074929655,3.4853344
0.8817100685308024,3.1127768
0.95889781549376,4.140978
6.619069823027378,6.5453157
9.508,12.6972
13.0423,16.525726
20.2486,20.40383
21.71936574807117,24.852346
24.01617253481434,26.27188
34.0978893032885,29.819365
29.107300000000002,30.282173
20.983,23.046938
11.35948846996367,13.580666
5.0557,5.4801016
4.0,3.7933512
3.3670195812495045,3.6939
3.3605419009669966,3.6109133
4.0,3.5935106
4.0,3.7929382
4.0,3.9771109
4.0,4.016471
4.0,4.0244484
4.0,3.9694767
4.0,3.9143534
4.0,4.115656
4.0,4.1977425
4.5508,5.11495
10.1506,8.554976
16.97269838739909,17.383545
22.724167199906827,26.004211
30.439362384993572,31.7147
32.846833722267846,35.472076
32.40447106545312,34.16552
30.477877965630206,31.692364
28.510600000000004,25.102545
19.6978,17.450369
9.6584445821505,8.673704
3.3225431912729757,3.6514673
2.0671966511848137,2.933134
1.3613333519651807,2.877799
4.0,2.8966331
2.257936538037608,3.354805
0.6734580623631832,3.2670755
4.0,2.5055323
0.3944824241021152,2.8869133
4.0,2.5752468
4.0,3.1337023
4.0,2.4933453
4.0,2.814062
4.0,2.4116592
4.5049,4.957924
5.6916,10.329201
16.760199999999998,18.902876
21.9469,24.982594
18.9175,25.494211
28.1434,26.475266
35.212,32.012222
33.8809,31.195068
28.4647,26.136576
19.6978,18.053518
11.2981,9.797574
1.0556999999999999,3.5559006
0.0,1.4864321
4.0,0.8889618
0.0,1.7694225
4.0,1.2523918
4.0,2.6578255
4.0,3.326972
4.0,3.497942
4.0,3.6630688
4.0,3.5786247
4.0,3.6638126
4.0,3.9192905
4.0,4.3011
3.156512540877779,5.6363707
7.518915567020624,9.697505
15.606,16.784534
23.9139,23.581778
30.4317,30.221813
33.966,34.885277
34.27551377688777,35.322144
31.12543311317046,32.345905
26.07880358412039,23.463665
19.2847,16.058487
8.8195,8.696451
5.1016,3.87358
4.0,2.9800615
4.0,3.0822582
4.0,3.4192038
4.0,3.6548195
4.0,3.9039488
4.0,3.9777803
4.0,3.838829
4.0,3.676365
4.0,3.7341948
4.0,3.7309084
4.0,3.657443
4.0,3.706749
4.6885,5.267116
10.8391,10.196791
19.63009365079365,18.617077
27.19557656126011,26.80519
34.8448,32.387856
38.1496,36.458706
35.212,33.95501
32.0449,31.066412
29.015500000000003,28.062382
21.3502,21.460922
12.2161,11.844228
5.2393,4.4842467
4.0,3.40444
4.0,3.5957212
4.0,3.7835636
4.0,4.0424757
4.0,4.189932
4.0,4.225089
4.0,4.1062593
4.0,3.996931
4.0,3.9130583
4.0,3.8803377
4.0,4.00253
4.0,4.3947215
4.7344,5.882848
11.0686,10.864239
18.09717117026877,19.462704
26.34682495526385,26.853464
33.30827229801382,33.785458
37.15775599033331,38.234848
37.5698902630784,39.05381
34.97587797511376,36.55737
30.1171,30.627134
21.8551,22.082592
12.5374,12.514231
5.3311,5.387795
3.480400784886564,3.881402
2.849559293871776,3.545539
2.9607214148686065,3.422039
3.70279365079365,3.431921
2.6386214320648502,3.5670528
3.008071847806759,3.538208
3.536892634069199,3.6709194
3.661418448158132,3.7810192
3.3088576627105724,3.7881699
3.5659101484303033,3.6863623
4.0,3.7027931
4.0,4.0766983
4.7803,5.3579783
10.82577621333134,9.911208
17.893555418160254,18.142593
25.6852596723353,25.51051
32.31362598382973,32.157616
36.7643597990572,36.729965
39.31258534150218,37.95627
36.4513,35.60051
30.5302,29.979445
22.1764,22.197521
12.7669,12.448561
5.377000000000001,5.3628974
4.0,4.268923
3.262567695377438,4.085573
2.816482486741089,3.8477945
1.996812277898682,3.6223507
2.959478499553633,3.4043837
3.0808147144319573,3.4226427
3.3088585598534017,3.4765615
1.121075900818422,3.5450983
2.645806110071037,3.1907825
2.9793825917315733,3.2383213
4.0,3.222021
1.058888594960008,3.5061493
4.530331323415296,4.080513
11.2522,8.454414
18.192119768729512,19.406464
24.872285206052457,25.7538
30.858642263306784,31.242163
34.60657466212161,35.994473
35.47023583563313,33.54071
30.062147208283456,30.573755
18.79478004084928,23.560413
17.136853586305257,14.126477
10.022305344217166,9.7508545
2.4980759008184226,4.6735
1.1862217593651376,3.4793406
2.246566008175906,3.3478203
1.3478152636920697,3.2106457
0.41853646119752064,2.951418
4.0,2.41366
4.0,3.32306
4.0,3.6930885
4.0,3.6683464
1.6734723581721838,3.2992249
2.6890532801479896,2.6951847
0.47413581453190545,2.708436
1.0277742824696947,2.5690098
1.0242372286857968,3.6667948
7.224312355662818,6.5076966
16.393,12.462796
24.770332846822345,22.090061
32.00519199795191,33.018288
35.95115470556965,36.161278
35.06365086196482,34.474422
31.210987179004647,28.35931
23.75610393710002,23.247105
19.024478499553634,15.904826
11.6653,8.659751
2.077918461367764,3.8250303
0.056667008614793346,2.920394
0.08299047827919814,2.1722488
0.44025957130674165,1.8146143
2.1104710654531207,2.031623
4.0,2.7720156
3.564590326425602,3.4967985
0.6960844759950717,3.471942
0.07093021971606994,2.7130737
0.9096793028761532,1.6926794
1.189926882625329,1.7129297
4.0,1.9196606
1.7599197687295085,2.9826393
0.4131,3.893136
5.0557,5.5552793
7.258900000000001,8.012541
4.452300000000001,12.227482
4.865399999999999,13.9566345
13.5472,16.91382
23.0485,17.959112
27.9598,18.589739
15.3373,19.575989
7.7638,10.73237
7.1212,5.6375127
4.5967,3.145791
4.0,2.9009962
4.0,3.1739511
4.0,3.3424978
4.0,3.4484758
4.0,2.9922667
4.0,2.3909922
4.0,2.1768732
4.0,2.630169
4.0,3.038497
4.0,2.9614315
4.0,2.6448803
4.0,2.431219
4.275399999999999,3.2736807
5.1934000000000005,7.0785885
7.6261,10.896141
10.426,13.84957
19.0552,15.868059
16.4848,20.488928
23.5075,19.707386
26.9041,21.17865
29.4745,26.142925
21.0748,20.984589
10.566213475919849,11.086639
5.1934000000000005,4.1773205
4.0,3.1378841
4.0,3.1243095
4.0,3.3780317
4.0,2.8277855
4.0,3.4220953
4.0,3.629407
4.0,3.5304003
4.0,3.8150444
4.0,3.772726
4.0,3.7263565
4.0,3.718566
0.0,3.6445436
0.5508000000000006,3.124854
10.3342,5.165235
15.7963,14.387493
17.448700000000002,22.186523
22.218591549718923,23.263653
30.705879870159848,31.42729
32.34692654725836,30.944277
29.780050333261464,29.776505
23.64757462830472,22.969814
15.151045838435945,17.553415
8.305874662121612,8.697435
4.777658559853401,3.5112
4.0,2.6234894
4.0,3.2208424
4.0,3.6105614
4.0,3.887228
4.0,3.776988
4.0,3.8705482
4.0,3.9552832
4.0,3.798131
4.0,3.7354832
4.0,3.8044605
4.0,3.8256645
4.0,4.326438
5.1475,7.7953753
11.960730406183432,13.885659
20.01920916410369,21.553047
28.692953246892273,29.042608
37.3693,36.307243
40.94949999999999,40.581192
41.178999999999995,41.29799
38.0119,38.175117
31.907200000000003,32.039898
23.4616,23.931644
13.7308,14.878756
5.7442,6.4725857
4.0,3.9387426
4.0,3.7912312
4.0,3.940917
4.0,4.1112194
4.0,4.2663393
4.0,4.3854675
4.0,4.4518356
4.0,4.414645
4.0,4.365393
4.0,4.3047533
4.0,4.2603207
4.0,4.6081634
5.2393,8.044655
9.993338222478366,13.259549
18.0387,20.118235
26.5302,26.37529
32.87347462830472,33.15022
36.42377101595247,37.652016
37.22082882196561,38.338425
35.755846697520305,35.65795
25.370991088399386,29.383888
19.48437656126011,19.63413
12.5374,10.690887
5.5147,4.575996
4.0,3.5781841
4.0,3.3131847
4.0,3.5092545
4.0,3.259735
4.0,3.4105968
4.0,3.5193644
4.0,3.5161638
4.0,3.4541798
2.219353586305255,3.3116083
1.574232278996318,3.3345127
4.0,3.005066
4.0,3.7677822
5.3311,7.1006036
12.7669,13.409365
22.2682,21.841383
31.0351,29.870607
37.2775,37.11538
39.6184,41.372
35.3497,40.29936
32.1826,36.773743
26.9959,30.33272
20.983,22.7914
8.8587,12.987733
1.7441999999999993,4.390187
0.0,1.2885265
0.0,0.9179888
0.0,0.7635994
0.0,0.887269
0.0,1.0698309
0.0,1.1155529
0.0,1.1029844
0.0,0.9333229
0.0,0.8435011
0.0,0.79954624
0.0,0.8231964
0.0,1.3061018
1.4229000000000003,4.3871903
9.2259,11.060744
19.1862,21.435402
27.999,29.705942
34.6086,36.69609
38.1429,40.503384
38.3724,40.77866
35.1594,37.267776
28.8711,30.970858
20.1501,22.61754
10.1898,13.149186
1.9277999999999995,4.2505093
0.0,0.46900368
0.0,-0.11627579
0.0,-0.24284649
0.0,-0.42278957
0.0,-0.5743761
0.0,-0.5120735
0.0,-0.0929451
0.0,0.51143456
0.0,0.65146637
0.0,0.7085047
0.0,1.0146017
0.0,1.8650389
1.4687999999999999,5.606377
9.2718,12.727542
23.2321,21.158096
32.0449,29.904627
38.56269999999999,37.525814
42.1429,42.147617
42.3724,43.432335
39.1594,41.20194
32.825199999999995,35.4581
24.1042,26.779396
14.2816,16.487011
4.061942675779916,6.9911675
0.7628957521034447,3.7228212
0.9362000261360102,2.6861858
0.44025957130674165,2.313549
0.5979578903415348,2.1048622
2.004472298013818,2.0527716
3.1693597241731855,2.4930573
2.7349481811669474,2.8542194
4.0,3.0575666
4.0,3.1467285
1.651822427950222,3.0667524
0.02477268451458947,2.741561
3.376096415378802,2.302308
5.560600000000001,4.331891
13.4554,10.336749
21.6792314272083,19.896294
28.92228020814529,28.598618
35.56842882196561,36.6812
39.1546353818975,41.319336
39.96891419195089,42.271915
38.4709,39.55553
32.1826,33.538776
23.6452,24.799065
13.9603,14.495699
5.9278,5.9580197
3.70279365079365,3.505412
4.0,3.1762896
4.0,3.3858871
3.501386388631241,3.5805845
4.0,3.4636898
4.0,3.5864105
4.0,3.7689743
4.0,3.8103142
4.0,3.6372786
4.0,3.471218
4.0,3.6746225
4.0,4.1867723
5.6524,7.7057004
13.639,14.312798
23.5075,23.139091
32.2744,31.502209
38.792199999999994,39.12165
42.3265,43.0112
42.3265,43.509228
38.9758,40.375854
32.6416,33.931595
23.9206,25.33162
14.1898,15.525931
6.0196000000000005,6.6400046
4.0,3.645916
0.8850858384468374,3.3282537
0.4734372286857962,2.8276796
0.4931141363393703,2.2378635
0.966427187599086,2.043911
0.0,2.008521
0.0,1.3483219
0.0,1.0149126
0.3944824952106849,0.87079525
0.6921671999068248,1.2806749
4.0,1.8356724
4.0,3.6095915
5.698299999999999,7.3393316
13.4554,13.197588
21.904769679551887,21.677574
31.7695,29.94203
37.65098638863124,38.023827
40.20623227065637,41.938698
40.55427184780676,42.226837
37.04529051912424,39.197876
31.26139190304471,32.807716
23.5534,24.34053
13.9603,14.963901
6.0196000000000005,6.5488434
4.0,3.7762423
4.0,3.5665054
4.0,3.545436
4.0,3.4307823
4.0,3.3162775
4.0,3.4885511
4.0,3.4530144
4.0,3.3019733
4.0,2.9938717
4.0,2.927271
4.0,3.2693882
4.0,3.9790573
5.698299999999999,7.866547
13.3177,14.423655
22.7731,22.120697
31.2187,30.68614
37.5529,37.87121
39.8938,38.796326
40.99539999999999,41.841026
37.8742,38.997414
31.7695,32.245865
23.4616,23.473356
12.8128,13.731083
5.716667458612626,6.013155
2.2454308971014836,3.6446905
2.6314425139886737,3.1161356
4.0,2.999793
4.0,3.3830843
4.0,3.6959162
4.0,3.6709576
4.0,3.3839855
3.779266629195181,3.3108368
4.0,3.1841183
3.831885341502179,3.0656624
0.9908240274511044,3.158248
0.18941228138151267,3.1578941
2.0314141764208618,4.620859
10.91496737791876,10.336294
19.239051951051948,20.120325
27.612253125462395,27.190952
33.6906,34.364655
37.0872,38.093964
35.44022577450624,36.40465
28.152990367140177,32.72781
22.847735835633127,25.184093
16.343588896560014,19.048702
8.163138308720018,10.504049
5.9737,4.595626
3.3670195812495045,3.3159904
4.0,3.3663712
4.0,3.5244255
3.1553910883993854,3.7147322
3.024326794830051,3.680976
4.0,3.546627
4.0,3.6337948
4.0,3.8568516
4.0,3.9421377
4.0,3.9946785
4.0,4.1511564
4.0,4.547023
5.9278,6.923873
13.9144,13.802532
23.5075,22.192947
31.723600000000005,31.011751
37.5529,36.093475
40.1692,40.321903
41.178999999999995,43.234123
37.8742,40.6524
31.6777,33.808388
21.7174,22.632515
13.5013,12.895815
5.881899999999999,5.577645
4.0,2.747673
2.9607222491543403,2.8223038
2.074941969918722,2.8877707
3.8535412115731376,2.8141308
4.0,3.0384808
4.0,3.3932495
4.0,3.4510288
4.0,3.018609
2.219353586305255,2.8104162
0.10526577136318416,2.3629112
1.6323124647666472,1.6292372
4.0,2.7061634
6.0196000000000005,5.7182665
12.975091045072,14.536135
19.77681626476097,23.695614
23.81279052355095,28.93622
31.999000000000002,35.044155
37.91419149364746,38.83321
38.37782577450624,42.13906
35.58562305438841,37.132904
31.3564,32.385956
17.19244696657285,22.630146
11.2981,12.434875
4.933998295093726,4.7840075
4.0,3.1219711
4.0,2.6927156
4.0,2.97021
4.0,3.3048391
4.0,3.3032103
4.0,3.2426128
4.0,3.2969513
4.0,2.9737482
3.4333352899456724,2.7697496
0.9908240274511044,2.3409386
1.1283584476155983,2.0154076
0.6182784225091531,2.5224562
4.0931757424315744,6.0093107
11.932459799057202,13.728042
20.58604133166704,23.258558
29.81738919578379,30.620792
36.37047971538263,37.71785
38.84921111453771,40.961304
38.61668817926012,39.658577
34.86972482535693,35.476303
30.4384,29.350859
18.7339,19.120441
12.4456,10.149488
4.842429305799389,4.175824
1.7820124612325845,2.9403734
4.0,2.736596
4.0,2.9771852
4.0,3.1773615
4.0,2.4092999
4.0,2.314972
4.0,2.5318298
4.0,2.5185318
4.0,2.8413267
4.0,3.3818836
4.0,3.5290947
0.0,4.1197863
2.2032000000000007,7.4361944
14.3734,12.940261
23.8747,21.587132
31.310500000000005,26.871628
35.854600000000005,34.071136
38.1955,37.99187
38.4709,38.172752
35.9464,35.16443
27.07814758272448,28.84981
18.8257,20.925385
11.103850861964816,12.029852
4.3240419699187225,4.751611
4.0,2.7523546
4.0,2.999895
4.0,2.4370222
4.0,2.3034277
4.0,3.0517225
4.0,3.2228966
4.0,2.849413
4.0,3.3615475
4.0,3.595662
4.0,3.8867378
4.0,4.0360413
4.0,4.4253364
6.3409,8.402121
12.490253246892271,15.527203
21.197712461232584,23.328054
29.27022744502751,30.628872
35.51407315228651,37.518295
38.40903765079366,40.836517
38.84528914061451,41.131218
33.4678,38.609543
31.402300000000004,32.78929
23.8747,25.51244
14.7865,15.503094
6.3868,6.7516685
4.0,3.3694134
4.0,3.2554789
4.0,3.435485
4.0,3.7037077
4.0,3.8904924
4.0,4.0577927
4.0,4.069728
4.0,4.0568876
4.0,4.170786
4.0,4.1970987
4.0,4.184949
1.3324197803211,4.254347
6.4786,6.088329
12.503541153319292,13.1777935
22.38027061512431,22.009819
32.89876199167801,30.0371
38.1037,37.378265
39.1594,40.890427
39.6643,40.595444
38.1955,37.744373
31.4482,31.104149
24.1042,22.957666
14.6488,13.718084
6.4786,5.594075
4.0,3.1582518
4.0,3.365096
4.0,3.7090178
4.0,3.9591503
4.0,4.0118732
4.0,4.016383
4.0,3.9907322
4.0,3.907033
4.0,3.912425
4.0,3.8901157
4.0,3.918642
4.0,4.410726
6.7081,6.9761877
13.646828237062836,13.797493
24.413726794830048,22.51556
34.1104,31.186785
40.3069,38.868523
43.5199,42.72391
43.474,42.987976
40.0774,39.610428
33.6973,33.28557
25.0222,24.71128
15.1537,15.0651
6.570399999999999,6.4334817
4.0,3.748395
4.0,3.4932537
4.0,3.5520506
4.0,3.7523327
4.0,3.921876
4.0,3.9582434
4.0,3.811161
4.0,3.8202791
4.0,3.799368
2.355331427208302,3.4529037
1.4690249552638495,2.9769773
0.8158683428021263,2.8833513
6.524108264264243,5.1075683
15.475,13.722149
22.66174790766592,23.529377
31.72765122599224,31.726015
39.13728212103524,38.890083
43.7035,42.576523
43.61169999999999,42.939735
40.0315,39.663948
31.7695,32.56481
23.5075,23.79163
14.6029,14.0646715
6.5245,5.9246407
4.0,3.4592028
4.0,3.677886
1.6077757231312901,3.585967
0.32232890009296256,3.1357107
1.0481880630295244,2.3853168
4.0,2.1227865
4.0,2.4839401
4.0,2.889161
4.0,2.978095
4.0,3.0701218
4.0,3.3174152
0.6243386332574694,3.7690802
2.9763549383841266,5.2328753
11.58919745820726,10.850249
21.3435,20.12835
30.42706409943036,28.795086
37.95828717900464,37.269775
43.5199,41.91394
41.8675,42.43557
37.048,38.616966
30.759700000000002,31.83742
23.6911,22.732546
14.6488,13.36575
6.6622,5.2974515
3.111079661954223,3.23804
4.0,3.7062368
4.0,3.869215
4.0,3.85777
4.0,3.2212772
4.0,3.154111
4.0,3.4426994
4.0,3.8748093
4.0,4.086671
4.0,4.173752
4.0,4.251213
4.0,4.5849853
6.983499999999999,6.880307
14.31802241403399,14.157224
23.29437364860608,23.102194
32.9764510954911,31.954226
40.4446,39.34041
43.7035,43.139305
41.2708,42.852386
37.2316,38.521156
33.0547,31.588497
25.0681,23.85881
15.1996,14.341279
6.754,5.8274026
4.0,3.009924
4.0,2.9764585
4.0,3.3189278
4.0,3.5314503
4.0,3.6186228
4.0,3.692626
4.0,3.8163881
4.0,3.8743134
4.0,3.7928114
4.0,3.7075014
4.0,3.7836027
4.0,4.305256
7.1212,7.598997
15.7504,15.634603
23.65804992233072,24.541348
33.09254214882876,33.230625
40.0774,40.159164
41.683899999999994,43.509872
39.5266,40.586327
35.8087,37.271313
30.759700000000002,31.437517
23.1862,22.726357
13.9603,13.510883
6.754,5.4784307
4.0,2.8658504
3.70279365079365,3.359151
1.589451086665747,3.746747
4.0,3.5241127
4.0,3.6035948
4.0,3.3861485
1.5530046150026457,3.1010246
0.7725926440808646,2.5980177
0.6129903671401724,2.0920525
1.27992678038264,1.8588562
2.1004595867281726,2.167492
1.0490785643333655,2.9468517
4.956622427950221,5.813679
13.382746966572848,13.337245
22.56617119229065,22.39463
32.66481565871796,31.115913
39.614891547310876,38.969543
42.625799775088375,42.562057
41.60647235817218,42.804947
38.167072081422646,39.62368
33.04010420305119,33.049976
25.4353,24.444439
15.5668,15.001271
6.8458000000000006,6.5939426
4.0,3.8303576
4.0,3.7276325
1.2770829900472673,3.8781881
3.45814932385624,3.2766447
1.4541853382377585,3.210722
0.6688053063360258,2.9787369
1.0939007447311937,2.6718473
0.7572568938630813,2.5295067
0.01686021108725555,2.3447552
0.0,1.7954521
0.2573587018296628,1.5009794
4.0,2.1817818
7.396599999999999,6.200247
16.2553,13.101262
24.4791314272083,22.082472
34.7071,31.061205
40.2124585598534,38.622986
41.97956998769575,42.381706
41.086045007861095,42.431038
37.55750124305968,38.95162
31.177481811024435,32.91558
23.04912641987534,24.804392
13.06140393710002,15.237265
3.6806738097442597,6.509731
2.8054840553241274,3.4775581
3.3049924551002707,2.9783163
4.0,3.1227474
4.0,3.4637938
4.0,3.5362997
4.0,3.5229788
4.0,3.3722925
4.0,3.1854305
4.0,3.0915432
4.0,3.0937986
4.0,3.1918707
4.0,3.6434326
7.4884,6.2701454
16.347099999999998,14.285859
22.972427281234285,23.613491
31.75872882196561,32.112583
37.59341993603391,39.381218
40.48679168686175,42.76291
40.27586337179226,42.620926
37.58547856433336,38.986168
34.1104,32.957634
25.4812,24.912785
14.240692354955137,15.332723
6.9376,6.5193243
4.0,3.4616194
4.0,3.2028713
4.0,3.2354221
4.0,3.3054266
4.0,3.1735096
3.901053403308442,3.067708
3.2331058300038773,2.7783175
4.0,2.4053774
2.5091990260599797,2.318779
0.8315588098717406,2.1590567
0.6182784225091531,1.89462
0.05581795325395689,2.1142168
4.036572837922998,4.447268
15.042352101782829,12.096117
23.268287139679984,22.123348
33.00117106545312,31.09465
39.11956447849012,39.158386
41.159243995359546,42.83764
40.895678142128816,42.762653
38.70490553662155,38.92621
34.294,32.593155
25.527100000000004,24.546314
15.6127,15.046736
3.3805974397419796,6.4204154
3.094674251819219,3.1960258
3.4124860497405862,2.6488638
4.0,2.7145844
4.0,3.1141376
4.0,3.2055683
4.0,3.2194347
3.963786588690189,2.9541492
4.0,2.557704
2.8128153770981363,2.4377403
4.0,2.1428537
4.0,2.4485598
4.0459,3.4737434
7.672000000000001,7.326694
16.5307,15.547008
25.710501463454293,24.69904
34.6612,33.152916
40.8118,40.480965
44.070699999999995,44.1105
43.88709999999999,44.123474
40.4446,40.01257
33.8809,32.433117
22.955360250598048,23.832735
11.78497173490795,15.0806
4.911483940423148,5.9850717
4.0,2.8958359
4.0,2.8625832
4.0,2.9623442
2.40162331026845,3.0265532
0.472738958611032,2.725215
4.0,2.201397
4.0,2.6091976
4.0,3.0518122
0.0,2.5160284
0.0,1.5093918
4.0,1.4871855
4.0459,2.6672049
7.9933,7.5977383
17.2192,16.17084
27.2713,25.46747
35.9923,34.536682
42.3724,41.372368
45.8149,44.531166
45.8608,44.523674
42.3265,41.281006
35.671,34.92301
26.628700000000002,26.320164
16.393,16.855097
7.213,7.4305167
0.0,2.7755814
0.0,1.587677
0.0,1.1267004
0.0,0.7128954
0.0,0.56446934
0.0,0.65749454
0.0,0.9114294
0.0,1.0893469
0.0,1.288167
0.0,1.3855715
0.0,1.5568342
0.09179999999999922,2.456378
4.222800000000001,6.1231575
17.586399999999998,13.008776
27.409,23.524986
35.3956,31.269297
41.22489999999999,38.057175
41.178999999999995,39.300034
41.4085,37.04696
36.0841,33.994423
31.7695,26.65496
21.0289,21.986725
12.7669,12.288092
6.7999,4.90568
4.0,1.6450491
0.0,1.6696329
0.0,1.2575369
0.0,1.4284973
4.0,1.7385321
4.0,2.3160753
4.0,2.3946514
4.0,2.2990532
4.0,2.4106083
4.0,2.9773264
4.0,3.554183
4.091800000000001,4.1452856
4.3146,8.25832
17.8159,17.396301
27.9598,26.628807
36.6349,35.591858
42.8314,41.913933
45.8608,44.229027
44.392,43.994576
42.0511,40.373856
34.615300000000005,33.885033
26.032,26.179203
16.2553,17.319801
7.3048,7.49264
4.0,3.2256794
4.0,3.005701
4.0,3.163885
4.0,3.5093899
4.0,3.5300913
4.0,3.3707438
4.0,3.4528131
4.0,3.7309284
4.0,3.7883568
4.0,3.900422
4.0,4.154723
4.091800000000001,4.739193
8.452300000000001,6.4795847
17.9536,13.578593
26.38389441329416,23.124146
36.6808,32.650917
42.9232,40.082
46.0444,43.858864
45.6772,44.210358
41.913399999999996,40.98259
35.303799999999995,34.621185
26.353299999999997,25.925688
16.2553,15.962804
7.3048,6.704513
4.0,2.9287033
4.0,2.9199467
4.0,3.1799822
0.0,3.2227716
4.0,2.2232199
4.0,2.6253996
4.0,3.665101
4.0,3.8074741
4.0,3.7361708
4.0,3.7466936
4.0,3.965662
4.137700000000001,4.46614
8.59,6.7705736
17.27210288339306,14.773504
26.852304370031643,24.547764
36.9562,34.043335
43.1986,41.204254
46.2739,44.724815
45.9067,44.97354
42.1429,41.68483
35.441500000000005,35.236824
26.491,26.640299
16.4389,17.014805
7.396599999999999,7.750075
4.0,3.389371
4.0,3.5649548
4.0,3.8629332
4.0,4.002412
4.0,4.0906553
4.0,4.1289206
4.0,4.0181456
4.0,3.8763046
4.0,3.7745543
1.651822427950222,3.6217756
0.34570808677965204,2.9337673
0.4853236339435334,2.9148598
5.798332319465577,5.178064
16.31928562404711,13.671272
24.729438842320924,23.853699
33.096643540567555,33.328796
39.78483583563313,40.649406
44.40304356898722,44.364166
45.5395,45.01448
41.8675,42.171406
35.2579,35.991425
26.3074,27.252382
16.2553,17.194841
7.396599999999999,7.861743
4.0,4.0065613
1.709754705569651,3.8793993
0.5837814952022722,3.4108534
0.2733746621216113,2.8323727
0.06394817247411133,2.4183302
1.6149194151134907,1.8556557
0.5245076565079803,2.3289804
0.0,2.4080458
3.783305846809105,1.8081121
4.0,2.4959116
4.0,3.321476
1.5789142139608607,4.135785
7.485690519124234,6.7269177
18.0454,14.187516
25.26670618340559,23.962942
33.80123126643823,33.37767
39.12373722349588,40.574142
42.0630791065587,43.75965
35.62696103175723,42.0283
37.51177599705067,37.447464
30.19145277705404,32.61077
19.14048394042315,22.070095
6.951539575214717,12.944513
6.5245,5.303924
4.0,3.3627605
4.0,3.3384323
4.0,3.232215
4.0,3.7099066
3.8847420330972238,3.7895365
4.0,3.5079412
2.9198004606883288,3.2373037
3.8847420330972238,2.9227667
0.4246137893219917,2.8436327
0.0,2.3984976
0.0,1.9553328
0.6465935127496802,2.5242252
7.170581587416145,6.7292166
17.999499999999998,15.780994
24.736247499265417,25.288473
33.145080458545294,34.23029
39.95575775300574,41.087917
43.90445198875572,44.4451
45.0346,44.860344
41.45439999999999,41.904343
34.890699999999995,35.637043
26.0779,26.865627
16.1635,17.12235
7.396599999999999,8.02545
4.0459,3.122943
4.0,2.8510427
4.0,3.235156
4.0,3.3814201
4.0,3.0806112
4.0,3.0077648
4.0,3.6450672
4.0,3.9296875
4.0,3.8047152
4.0,3.5448809
4.0,3.5882874
4.1836,4.1863184
8.9572,8.1232815
18.229,16.772161
27.96324007869588,26.37435
36.5431,35.66192
42.6478,42.14137
45.6313,44.959488
45.2641,44.72287
41.638,41.237373
35.0743,34.755547
26.2615,26.17461
16.3012,16.924545
7.5343,7.8519497
4.0459,3.473899
4.0,3.3638926
4.0,3.670784
4.0,3.9235926
4.0,3.69419
4.0,3.7964716
4.0,3.8398209
2.4575591350333976,3.5298462
1.7557210562794303,2.920105
4.0,2.6166258
4.0,3.3025017
4.2295,4.8514833
9.049,9.881661
18.3208,18.367424
25.697413130839376,27.317421
34.945378827587675,36.30503
41.13348338917088,42.472733
43.8585794486042,45.280083
43.7675591350334,45.340645
41.31408261834898,42.39695
35.028400000000005,36.26268
26.2156,27.669836
15.917414363112488,17.739016
7.5343,8.337969
4.0459,3.7461357
3.951487302202951,3.423792
1.0118862440472807,3.4710312
0.21538168767699695,3.2210817
2.4400352857576504,2.6504602
4.0,2.764742
3.1604672329023575,3.415616
2.7640647472358726,3.3385
3.4490005416257947,3.047101
4.0,2.9750967
4.0,3.3388805
4.275399999999999,4.1983814
9.049,8.031384
18.1831,15.709509
24.44643863325747,24.582687
32.70389183400808,33.24894
38.55581741034624,38.114796
41.35260301407416,42.101013
40.90207612405151,44.316765
37.388923633943534,41.04454
30.998079495857624,34.433792
22.01797204446921,25.95563
12.1176,16.283897
7.005533854428032,7.0728846
4.0459,2.9217453
4.0,3.1241283
4.0,3.4238758
4.0,3.43849
4.0,3.4810638
4.0,3.5374794
4.0,3.4108305
4.0,3.1682863
4.0,2.8284435
4.0,2.8330994
4.0,3.0529842
4.275399999999999,3.5598373
9.1408,7.231558
18.229,15.727697
27.7762,25.37785
36.0382,34.199905
41.913399999999996,41.11666
44.7592,44.22489
42.41614965079365,44.205185
38.27646935940222,40.694168
31.769886391425615,34.37039
23.002667827249475,26.233084
12.441312840013454,17.236536
4.593188594960009,8.281348
4.0459,3.177352
4.0,3.1684036
3.901053403308442,3.4356098
2.273886326675653,3.429987
2.6950768455945173,3.1517315
4.0,3.08996
4.0,3.381197
4.0,3.4505062
4.0,3.2622108
4.0,3.2463226
4.0,3.3391008
4.3213,3.6187258
9.1867,6.8074117
18.1831,15.26359
27.684399999999997,24.886461
35.854600000000005,33.839035
41.27546400466453,40.839066
41.66535533655132,43.941475
38.79011451361586,42.685497
34.425,38.850853
27.523365717308,30.90873
18.077155418160256,20.940723
14.4193,12.807796
7.258900000000001,6.435698
4.0459,3.1418161
2.4213864880512403,3.0549212
4.0,3.2691393
4.0,3.1542244
4.0,3.1171837
4.0,3.117322
3.0493902222222236,3.1352968
0.6680306224914396,2.9283905
3.225433692449826,2.1400537
0.6250972479789496,2.170782
0.030965336158512713,2.0343523
4.275399999999999,2.1565027
7.3048,6.209974
14.0062,10.95937
21.758686244047283,19.806568
31.876935412773435,28.461857
37.0514726322093,35.978127
40.59520785250793,40.167572
41.8675,43.716408
25.9861,37.594982
18.917562765798507,24.938541
16.0191,20.08532
8.55568041130541,7.03037
7.0294,4.7313356
1.7587763673057673,2.8262987
1.1815961307256657,2.555767
4.0,2.2276306
0.0,2.726982
4.0,2.2719374
4.0,2.0657206
4.0,1.8120251
4.0,2.3674679
4.0,2.7282305
0.0,2.4225283
4.0,1.9272528
4.3671999999999995,3.5461988
9.049,9.646754
17.9077,18.79347
27.363100000000003,26.631096
35.7628,34.65074
41.638,40.877636
44.392,43.60039
44.11659999999999,43.368828
40.3987,39.632866
13.028181047749692,23.872307
20.065,16.537167
12.262,10.416485
3.3965999999999994,5.0397224
2.772576109783964,1.110033
4.0,1.2185116
4.0,2.7138758
4.0,2.7601137
4.0,3.3822107
4.0,3.5880527
4.0,3.1251955
4.0,3.666565
3.4229048659556423,3.707675
4.0,3.2574883
4.0,3.6514444
4.4131,4.4161544
7.58241232240891,9.631973
14.785225830277662,17.143373
24.11813957521472,24.310045
32.26647987015984,31.824484
38.34682811032749,38.736656
41.25343884232092,41.619667
40.556002211516116,40.871555
35.97500325291652,36.93373
25.56456479701966,29.318058
19.50535598788439,18.849955
10.605132981008111,11.094037
3.6644046150026472,5.2491455
1.2609286729571014,3.0138235
4.0,2.4840899
4.0,3.1922874
4.0,3.6549606
4.0,3.774705
4.0,4.0061846
4.0,4.035495
4.0,3.7465553
4.0,3.3580132
4.0,3.300044
3.564590326425602,3.394127
0.7379341500292149,4.037614
6.052070497655654,7.322403
15.080439437549844,14.9121275
24.621756070560235,23.33353
33.304424027451105,31.607327
38.69898045854529,38.827507
39.401176119858,41.450592
40.382372537338135,40.39784
35.0676,36.597347
29.6973,29.832851
21.2058,21.691044
12.35479270699937,12.763423
4.708095702822275,5.53099
1.7436224279502213,2.3699045
3.3605419009669966,2.242218
3.8372962550173053,2.8590488
4.0,3.2913084
4.0,3.5025883
4.0,3.8000383
4.0,4.031742
4.0,4.0776196
4.0,4.0285397
4.0,3.9861288
4.0,4.1247005
4.459,4.627415
9.8293,8.570199
16.822060500396354,16.471355
26.83865210178283,24.567417
34.91705210178284,32.629158
40.6004591350334,39.234226
42.75232976965725,42.15551
41.43929786586959,41.729412
37.17436409943036,38.343727
30.583242263306786,32.446014
21.477027772882707,24.76245
12.74877765079365,15.537552
7.104534568903576,7.0460863
4.091800000000001,3.1780043
4.0,3.140132
4.0,3.221054
4.0,3.2694426
4.0,3.1844969
4.0,2.8160677
4.0,2.614727
4.0,2.5939465
4.0,2.630495
4.0,2.6895332
4.0,2.9991112
4.5049,3.765974
9.8293,8.245298
18.8257,16.829226
28.1434,25.364265
36.0841,33.589737
41.683899999999994,40.303818
42.65408638863124,42.428337
39.00425277705404,42.002747
35.374273479515004,37.410637
29.447330816822834,31.512203
19.883850764930724,23.17206
11.459958062363183,14.120051
7.5343,6.3629413
4.091800000000001,3.3015175
4.0,3.1514378
3.471233854428034,3.3577852
4.0,3.3410015
4.0,3.5375166
4.0,3.6573591
4.0,3.6125956
4.0,3.4999943
4.0,3.404935
4.0,3.3843956
4.0,3.4678288
4.5508,3.9295998
9.9211,8.200882
17.30868255089872,16.86342
27.642220691706367,25.49208
36.1759,33.995735
40.7364214148686,40.736294
41.18614584664965,43.47321
36.69545134381817,41.17557
34.04601377688777,36.33284
28.269229637081864,30.627686
19.386660211087257,22.969631
13.5367718296381,13.438532
5.8495510954910985,5.9723635
4.091800000000001,2.9425144
4.0,3.010415
4.0,3.2432976
4.0,3.1859808
4.0,3.3814955
4.0,3.48454
4.0,3.4077148
4.0,3.279005
4.0,3.2261782
4.0,3.139161
4.0,3.3498287
4.5508,3.950204
10.0129,8.253536
18.9634,16.787859
28.327000000000005,25.721313
35.8087,34.345634
42.097,41.066544
44.119113475919846,44.04732
43.1068,42.5315
35.6251,39.348244
30.5302,31.970955
20.1568,21.986784
11.4358,11.693182
7.7179,4.52879
2.943814145225801,2.6120977
4.0,2.7912703
3.1642772969141326,2.852583
4.0,2.8618479
4.0,2.9417439
4.0,3.0899925
4.0,3.103735
4.0,3.0303125
4.0,3.0664015
4.0,3.1025782
4.0,3.2777224
4.6426,4.099334
10.2424,8.945557
19.3306,17.553091
27.895485696749976,26.00425
34.61029665118482,34.278107
38.88944147088221,40.84118
40.85275022052224,43.401684
40.23339140806204,42.49726
36.85161626476097,38.528706
30.574737801822444,32.37426
22.161829783825915,23.419027
12.786958447615598,14.672786
3.1670999999999996,6.149053
0.09179999999999922,2.819316
0.0,1.2480755
4.0,0.8246803
4.0,2.591052
4.0,2.137333
4.0,2.3097858
4.0,2.7225313
4.0,2.8289728
4.0,2.6646328
4.0,2.2977018
4.0,2.2839327
4.6426,3.6421804
10.2424,8.613919
19.1929,18.06218
28.4647,26.633307
36.4054,34.69181
42.0511,41.202522
44.2084,43.6177
41.683899999999994,41.811993
36.2677,37.787025
30.0253,31.473204
21.0748,21.916183
14.0521,13.482488
3.9474,6.475427
0.1377000000000006,1.797265
4.0,1.0349522
4.0,1.5089426
0.0,1.5605774
0.0,1.3802328
4.0,1.3869829
4.0,1.7339735
4.0,1.8985395
4.0,2.0060024
4.0,2.0096884
0.0,2.1903849
4.6885,3.945508
10.426,9.826815
19.4683,18.367981
27.6520510954911,26.648375
35.19165835523923,34.581833
40.48122951209414,41.29476
35.94984353123549,42.76355
37.4965718296381,40.694237
35.25333047345049,37.36965
30.111852864509125,31.753338
19.0485,23.285284
15.5668,12.9110365
7.9474,6.029872
1.1965888965600122,3.611638
4.0,2.9742422
4.0,3.1409035
4.0,3.3849173
4.0,3.3082457
1.7820124612325845,3.390998
2.64700414690404,3.0203104
4.0,2.6905203
4.0,2.8375301
4.0,2.9597893
2.6386214320648502,3.1981764
0.7344000000000008,3.6571198
7.789936618337055,6.225976
16.497159570083518,14.6191025
25.416026547258355,23.740913
33.91960702717605,32.165833
40.54962076218262,39.47673
44.53480109807962,42.917145
45.8608,42.7422
41.913399999999996,38.352074
34.5235,29.85422
25.4353,22.768692
16.73711455464436,15.240787
8.131,6.762846
4.137700000000001,3.5962152
4.0,2.6269283
4.0,1.8078642
4.0,2.4008083
4.0,2.845251
4.0,3.2235317
4.0,3.4648113
4.0,3.3922844
4.0,3.0269709
4.0,2.9850063
4.0,3.325448
4.8262,3.7003412
10.9768,7.8915873
20.524,16.687515
30.346600000000002,26.320168
38.7463,35.56395
44.6674,42.1333
47.5591,45.120064
46.9624,45.070595
43.0609,41.84373
36.13,35.86641
27.087700000000005,27.719917
17.173299999999998,18.37422
8.4064,9.195979
4.137700000000001,4.132083
4.0,3.7056646
4.0,3.809085
4.0,3.0261679
4.0,3.0305748
4.0,3.2415943
4.0,3.4606247
4.0,3.6393938
4.0,3.5133162
4.0,3.4823647
4.0,3.5266962
4.8721,3.960494
11.1145,6.8997183
20.6158,16.126265
30.3007,26.530514
38.516799999999996,36.15248
44.3461,42.529003
47.1001,45.366867
46.5493,45.074425
42.6937,41.348793
35.9464,34.62549
27.087700000000005,26.101711
17.2192,16.967659
8.4064,8.040555
4.1836,3.5497522
4.0,3.4948206
4.0,3.6773396
4.0,3.4356375
4.0,3.1808195
4.0,3.4937935
4.0,3.574049
4.0,3.4817944
4.0,3.321309
4.0,3.183096
4.0,3.1376095
4.918,3.6150713
11.1604,8.179856
20.6158,17.55292
28.40115958672817,27.335098
35.35598583844684,36.60393
41.20773583563313,42.617012
44.86588340572321,45.385384
46.3198,45.443077
42.4642,42.186497
35.7628,35.383682
26.95,26.784206
17.173299999999998,17.463873
8.3605,8.175741
1.5323797153826249,3.5727797
0.0,3.3001604
1.6879552737311112,2.210353
0.2427627816344824,2.2914553
4.0,2.1828861
4.0,2.9908133
4.0,2.6882744
0.0,3.1587343
0.28057612405151744,2.4599562
0.4678588255476548,1.6178408
4.0,1.5067005
4.918,3.2078943
11.1145,8.480943
20.524,17.88582
27.040458809871744,27.21989
35.564800744731194,36.203426
41.302300744731184,42.41401
46.16881040970859,45.350647
46.1362,45.435097
42.4642,42.272503
35.3956,35.527428
24.5632,26.188194
16.8061,16.128237
8.3605,7.550503
4.1836,3.3159466
1.497848777761499,3.2577353
0.804366407120126,3.0879765
0.9028742129636473,2.4296045
4.0,2.0429764
4.0,2.648902
4.0,2.9579878
4.0,2.7924576
4.0,2.6954584
4.0,2.4002552
2.2284131109305108,2.3991556
1.8898058037354364,3.2331648
9.199415166902307,7.327436
19.688209314590228,17.747015
26.61084515356329,26.997967
34.40673863325747,35.724922
39.23539515786382,41.785416
43.97300437003164,40.97351
43.7953,43.87272
23.7303,36.14746
24.3796,23.751686
22.9108,22.600693
12.6684,14.280021
4.085099999999999,5.707078
4.1836,1.4669933
4.0,1.7707376
4.0,2.6610594
4.0,3.0961628
4.0,3.1617327
4.0,3.2978182
4.0,3.3747816
4.0,3.3169708
4.0,3.426818
4.0,3.3100414
4.0,3.4224901
0.8879460142833793,4.465736
7.310251305477166,8.366787
16.813573938144057,17.502232
25.444062076235387,26.98862
32.73058622222222,35.183777
38.82943831673654,41.06427
39.93589063940363,43.797318
41.14796249284998,43.316673
37.003819978542005,40.93663
29.558051699171003,35.295296
22.10867421296365,25.898485
16.0258,15.750023
5.933251305477166,7.478477
0.1836000000000002,3.4610825
0.24740886239597337,2.3204556
4.0,2.0220547
4.0,3.1456795
3.2638505634734365,3.5480356
2.1138128401327947,3.646
4.0,3.3949385
1.969533316978044,3.3652506
3.989794967592447,3.0894423
2.3738133930026084,3.1174812
0.16377851129623622,3.3269901
5.0557,3.8816156
11.1604,8.746242
20.2486,16.72069
29.5663,25.562252
36.50421764467816,34.258995
41.12425598788438,40.785896
42.444924456786545,43.65635
39.029437228685794,42.838776
37.0872,38.8627
30.354756354576857,32.125835
21.8092,22.769135
13.5931,13.743112
4.3146,5.7823586
4.2295,1.489975
4.0,1.1570339
4.0,2.300331
0.0,2.6790419
4.0,1.4284229
4.0,1.5103884
4.0,1.8447304
0.0,1.5393238
0.0,0.96223164
0.0,0.78201294
4.0,1.0142355
5.0557,2.6299143
11.0227,8.019644
19.8814,16.89017
28.9696,25.832277
36.6808,34.122223
42.097,40.85107
44.5756,43.52195
43.9789,42.807518
38.13017825506788,38.85624
29.935361031757232,32.26258
19.432713656991133,24.050528
13.868609164103695,14.83169
4.742835814531905,6.6221867
4.2295,2.5693302
4.0,2.6678858
4.0,2.8419485
4.0,3.1406698
4.0,3.1220007
4.0,3.201501
4.0,3.2484722
4.0,3.182479
4.0,2.8762722
4.0,2.765954
4.0,2.7239227
5.1016,3.3216553
11.0227,7.6710668
19.6978,16.969685
28.6483,25.576479
36.2218,33.706924
41.45439999999999,40.354843
39.93619193245375,42.08291
38.60398731025446,40.70831
34.870943995359546,35.9836
22.18693375268196,29.387905
16.209400000000002,18.55274
13.6849,10.486419
7.8556,5.2530594
4.2295,3.3533773
4.0,2.891532
4.0,3.224739
4.0,3.4793491
4.0,2.7827587
4.0,2.788888
4.0,2.8429775
4.0,2.7524261
4.0,2.322363
4.0,2.357586
4.0,2.4530888
5.1016,3.2259731
11.0227,8.942927
19.6978,17.78203
28.602400000000003,26.093056
36.2218,33.93716
39.7561,40.115143
38.20777512327047,40.60995
33.52643039548571,38.37592
33.8283,36.20382
11.801533312027573,27.598482
19.03425475902037,16.223246
16.0717,11.8928995
6.402421432064851,6.438185
4.137700000000001,3.538538
4.0,3.442133
4.0,3.4756947
0.0,3.4150896
0.0,2.2741108
0.0,1.6008892
4.0,1.7254448
4.0,2.1048756
4.0,2.3666916
4.0,2.598075
4.0,2.4994745
2.8247591350333963,3.094699
2.067377120074104,5.613023
5.698299999999999,7.555146
5.2393,10.986546
10.5178,13.425895
21.9928,19.197308
30.071200000000005,26.966923
31.907200000000003,30.675213
34.4317,30.374146
31.47023385442803,32.847683
20.74893047345049,24.71162
13.757921822505818,14.849269
5.23578859496001,7.520317
0.5362935685079417,3.281888
0.7000087347786774,2.3617954
1.4779507649307249,2.3001957
0.9908240274511044,2.7908592
0.7572568938630813,2.63373
0.5331690776078055,2.4976225
3.3981747001620963,2.2622843
4.0,2.9545183
4.0,3.3297186
1.5996228378064288,3.6660557
0.5252281103275003,3.135231
1.4951236339435336,3.0974035
8.8195,6.3648353
16.832243995359544,15.897859
25.3435,23.476082
31.93722443036915,28.870903
29.22016360691744,32.446102
35.79417958427973,31.31132
39.15796665678917,35.830147
31.527912930138278,35.397858
14.614916823643483,20.409637
19.645383940423148,16.702291
11.490135814531904,14.272649
7.0294,7.694488
4.2295,3.539569
4.0,3.2341309
2.2590743444470363,3.3669605
1.864846222222221,3.0609245
4.0,2.7919445
4.0,3.1753159
3.109815695029681,3.3180952
2.277309094748924,3.2170944
4.0,2.8767328
4.0,3.1018991
4.0,3.5565996
1.456764901844675,4.47175
6.6827824952106845,7.3168297
15.2808824906984,13.897203
24.91582978382592,23.096474
31.643988070476105,30.996431
36.5823,37.25058
33.120750952395824,40.173725
31.6318,31.555748
21.573,31.416508
15.483925650793651,21.285252
16.572891686861755,16.800262
11.949605454599885,11.477633
7.8556,5.8392754
2.49814992233072,3.4945612
1.1530454624897075,3.1786804
0.0,2.7977781
0.9327647833529049,2.17513
2.772576109783964,2.3176384
4.0,2.9906893
4.0,3.7130117
4.0,3.8292274
4.0,3.7862892
4.0,3.843934
4.0,3.8829107
5.1016,4.452978
10.9309,6.8138347
17.9077,13.083772
25.9861,21.235592
32.7793,29.467516
36.4972,35.399963
37.33624992233072,37.42852
32.3224595539706,36.724358
29.958941959354803,32.172867
26.858200000000004,27.432606
20.983,19.982021
12.2161,14.102846
7.7638,8.070057
4.275399999999999,4.9984627
4.0,4.314452
4.0,4.1364555
4.0,4.1670036
4.0,4.042856
4.0,3.996786
4.0,3.9148273
3.966521823126829,3.8133688
3.5000738801926587,3.7001553
4.0,3.6386528
4.0,3.9805431
4.552901146896051,4.0928497
8.696071719496661,7.0733666
16.197426780382642,13.480037
26.73567933361076,22.452028
33.07242624520042,30.742018
35.93571451791522,36.295067
39.825590326425605,37.98266
37.04760826426424,38.419224
33.1133445821505,34.78292
12.0717,30.001734
17.400182618348985,16.23697
14.6029,14.302283
8.039200000000001,8.284618
4.275399999999999,4.3666134
4.0,3.8634539
4.0,3.8850145
4.0,3.8616629
4.0,3.9369116
4.0,3.9006977
4.0,3.899825
4.0,3.8406506
4.0,3.7624607
4.0,3.717062
4.0,4.167554
5.1475,4.6746044
10.1047,8.343895
17.56049467129753,15.226015
22.240018614534563,25.979763
31.8613,28.330381
34.1104,33.881493
38.425,36.360638
38.05779999999999,37.674797
35.2579,34.29335
29.520400000000002,29.849728
22.0387,23.629807
13.18,14.432574
4.564484655468031,7.113961
1.2267244567865578,3.2522602
3.40727894755347,2.2817059
4.0,2.6428795
2.384230236665557,3.2128448
2.552894860373746,3.0673618
1.8841329810081096,2.9060984
1.9826123224089098,2.5835257
2.6230757408889467,2.4947443
3.6122345600174715,2.577445
4.0,3.030302
4.0,3.6110516
2.0439006596845104,4.584303
8.2228,5.7981715
14.4652,11.742494
27.6385,24.81049
34.064499999999995,33.580723
39.8479,38.329395
35.4874,39.021156
37.0939,34.237564
27.937799775088376,31.072332
23.90693804783384,25.220968
16.782765717307996,20.367603
9.792317539649977,11.972011
4.175351699170999,6.1420207
1.4801818110244316,3.1913185
3.4581502472847347,2.38976
3.552711285768776,2.955554
4.0,3.3595362
4.0,3.5123034
4.0,3.6798115
4.0,3.7157106
4.0,3.5941753
4.0,3.5565586
3.4961364277864053,3.5329933
3.3916760828432455,3.5189075
4.618574742829353,4.3045835
9.01598419367564,9.816468
14.763356677678145,17.87632
23.607353679468527,23.25496
31.37834940904262,29.848925
37.9114251312083,36.36377
40.34071935014957,39.67119
39.29920495058784,39.512177
35.88015835523923,36.069683
29.327322414033993,29.898352
18.1831,20.069664
10.55383981334777,11.045584
5.185266078457197,5.760056
3.7402960610768616,3.2266474
3.376096415378802,2.8308773
0.9995831891441327,3.137765
1.2951288177883828,2.9916687
0.2266865116991461,2.9205961
0.0,2.6055355
0.6937333120275717,1.9082861
0.7015801192828466,2.1186361
2.386546697520302,2.3330774
4.0,2.8831682
2.6314425139886737,3.5294619
3.373812277898681,4.4595294
7.672992706999372,8.574535
15.5103824906984,15.507427
23.91851451361586,23.839565
31.340772316889563,30.879107
36.06673884232093,36.003372
37.65185738553719,38.619644
18.08410702717604,32.388527
16.2027,23.762123
22.36413928554533,18.678032
23.4616,22.732655
14.1439,14.259539
4.911117410346232,6.484677
4.3213,2.812541
1.8275271663891175,2.640915
0.7758332580427698,2.7173786
0.16377851129623622,2.372941
0.22668654667057453,1.8968439
0.2341145136158609,1.7568493
0.08163343130524225,1.8582954
1.0057288219656133,1.7608023
1.589450528951538,2.2695475
2.0176251312083,2.6798687
2.020917962056904,3.1240978
4.3540257554181805,4.3731246
8.73931421396086,9.62693
16.003360058651005,17.519705
25.41909628969708,25.011156
32.98903661833705,32.847076
38.6648906405898,39.367073
40.01481419195089,41.986584
40.958392141504,41.370884
36.3595,37.959602
30.071200000000005,31.322466
23.28768658869019,23.068737
15.8422,15.375337
4.805472044469211,7.628023
0.3672000000000004,3.2943802
0.0,1.8538265
4.0,2.004053
4.0,2.2325363
4.0,3.6925545
4.0,3.8802986
4.0,3.8861094
3.989793953421069,4.086338
0.47833433095961375,4.0009747
0.7637024914445742,3.022563
3.2638505634734365,2.7198696
5.5147,3.9934015
11.4358,9.485153
17.26600557712629,18.05375
27.476405194425787,25.799408
35.716899999999995,33.302708
40.94949999999999,39.728394
43.38219999999999,42.736553
42.4642,42.675438
37.9201,38.98405
31.081000000000003,32.922874
23.4616,24.134506
15.6127,15.59598
8.55464854006676,7.6043572
1.1217652746397118,3.93933
0.0,3.3667355
0.0,2.0837545
2.40162331026845,1.4049463
4.0,2.151145
4.0,3.0871477
4.0,3.2511196
4.0,3.2066126
4.0,3.261218
4.0,3.0179682
4.0,2.5656424
5.3311,3.5366812
11.1604,8.294893
20.0191,18.955109
28.740100000000005,27.083431
36.1759,34.916107
41.45439999999999,40.322563
43.88709999999999,42.714493
41.95929999999999,42.015873
39.5266,37.900642
28.1434,29.86114
22.0387,21.473347
10.8783,14.04542
7.9474,5.1906943
4.4131,3.4487314
4.0,2.6800337
4.0,3.0260248
4.0,3.5788603
4.0,3.7227688
4.0,3.7487059
4.0,3.535636
4.0,3.147416
4.0,2.4341927
4.0,2.5110426
4.0,2.3682308
5.6065000000000005,3.5982332
11.7112,10.51298
19.655041900967,19.068266
29.0614,27.222424
36.4972,35.207603
41.638,41.387566
43.7953,43.7103
42.18879999999999,42.872997
37.8283,39.140816
32.3662,32.446335
25.4812,24.141117
16.5766,15.496148
8.7736,6.729778
4.4131,3.5627794
4.0,3.6198215
1.1530450078610937,3.797059
3.4594570603290773,3.5197163
0.1764812387034933,3.122013
0.5101668495891563,2.5996857
0.2585360770215974,2.1397696
0.5979578903415348,1.8160152
0.11533687605807152,1.8030682
0.0,1.6112919
0.0,1.2954502
5.6524,1.9651814
11.7112,7.901499
17.95737253481434,17.080025
26.57449365079365,26.018366
36.4054,34.32733
41.638,41.01084
44.11659999999999,43.69184
43.5199,43.175934
39.9397,39.556137
33.6973,32.921486
25.527100000000004,24.7631
16.622500000000002,16.15988
8.865400000000001,8.022009
4.459,3.8530617
4.0,3.5269775
4.0,3.474555
4.0,3.430974
4.0,3.6871395
4.0,3.7326584
4.0,3.454195
4.0,3.2950058
4.0,3.1841888
4.0,3.1447763
4.0,3.2509584
1.9219671798931248,4.1246777
11.7112,8.4800415
20.2027,18.053204
28.923700000000004,26.862774
36.3595,34.76026
41.5003,40.86819
39.84119999999999,42.944035
36.5823,41.237373
29.3301,33.797882
26.9892,28.247599
23.4616,22.193075
15.6127,15.280253
8.4064,7.29102
4.459,2.632947
4.0,2.939004
4.0,3.428422
4.0,3.4217339
4.0,3.3509665
4.0,2.811431
4.0,2.8107157
4.0,3.212449
4.0,3.1005602
4.0,3.0802498
4.0,3.2204084
5.468800000000001,4.5746584
6.63799724797895,10.195635
19.2388,18.148531
22.521298222222224,26.116798
34.5235,32.25168
40.94949999999999,39.395424
43.2904,42.392307
38.792199999999994,41.715714
33.376000000000005,36.21331
22.2615,28.92009
17.8092,19.293137
10.8783,11.930232
7.676054992159441,5.3454785
4.459,3.7532196
4.0,2.4114294
4.0,2.8056211
4.0,3.3670368
4.0,3.4115448
4.0,3.403181
4.0,3.3303518
4.0,3.2450352
4.0,3.165063
4.0,2.9671984
4.0,2.6842947
5.611601098079619,6.050388
7.629317953253957,11.504975
15.87239671663731,17.086529
25.297949414275756,23.853634
35.716899999999995,31.708988
40.8577,38.845398
43.2445,42.476387
42.6019,42.709984
37.048,38.63369
27.409,29.145206
22.4977,21.187868
15.5668,14.326209
8.4064,7.142593
4.459,2.9635897
4.0,3.1933985
4.0,3.0022545
4.0,3.009532
4.0,3.1715803
4.0,3.0022774
4.0,2.673091
4.0,2.576519
4.0,2.697503
4.0,3.1070347
4.0,3.5147486
5.6065000000000005,4.6198134
11.4817,9.738959
19.0093,17.502798
26.25367044178035,24.585892
30.04428481538183,31.865276
36.53027937378786,37.37569
38.905589195783776,40.07083
38.07172750425571,39.46032
35.028400000000005,36.00878
29.3827,30.219408
22.63788195198562,23.971352
14.092617962056906,15.297943
8.681799999999999,7.6977935
4.5049,3.4516773
4.0,3.226387
4.0,2.83175
4.0,3.0839834
4.0,3.299384
4.0,3.3298597
4.0,3.2739067
4.0,3.251954
4.0,3.244296
4.0,3.2021704
4.0,3.3620653
5.698299999999999,4.1603737
11.6194,9.622208
18.870752205959484,18.111345
26.22172286920834,25.388887
31.85069280758036,31.97578
36.82984817247412,37.43012
41.89150414690404,40.234936
41.95929999999999,40.782925
37.5529,36.92531
30.3007,30.734606
15.5601,20.81874
12.4915,10.147083
8.1769,4.956424
4.5049,3.2098532
4.0,2.8969984
4.0,3.1082554
4.0,3.2292194
4.0,3.2348146
4.0,3.1654263
4.0,2.6472464
4.0,2.4690657
4.0,2.653473
4.0,3.1525564
4.0,3.464614
5.7442,4.777633
10.7014,9.671376
19.7437,17.017902
28.327000000000005,25.733274
33.285919978542005,32.99843
37.09605955397059,38.67962
39.49501776810331,41.02382
38.96755169917101,40.52954
34.427196794488644,36.911674
26.44831795325396,31.127672
15.9273,22.22445
9.0031,10.409222
8.5441,4.2571373
4.5508,2.3853378
4.0,1.9226084
4.0,1.8082342
4.0,2.3379183
4.0,2.6953707
4.0,2.4128408
4.0,2.5032883
4.0,2.7686605
4.0,2.9925575
4.0,3.0900383
4.0,3.4338026
5.7442,4.5895333
11.6194,9.974199
19.6978,17.872196
26.858200000000004,25.064901
34.5694,31.867918
38.287299999999995,36.68657
40.6741,40.77787
41.638,40.391953
38.425,37.656155
32.5039,31.909092
24.7468,24.646835
16.347099999999998,16.029219
8.865400000000001,7.9083195
4.5508,3.6249695
4.0,3.1661243
4.0,2.9655685
4.0,2.9448166
4.0,3.030035
4.0,3.120782
4.0,2.981123
4.0,2.6970663
4.0,2.7205048
4.0,2.7794552
4.0,3.0418997
5.7442,4.403773
11.5735,10.399623
19.6978,18.573317
28.0516,25.990952
35.212,32.728416
40.2151,38.839878
42.6019,41.568096
42.0052,40.94226
38.56269999999999,37.543636
32.458,31.853651
24.0583,24.04771
14.7406,14.741272
8.681799999999999,7.5334134
4.5508,3.4411974
4.0,2.4400635
4.0,2.353796
4.0,2.6851273
4.0,2.7473507
4.0,2.922018
4.0,2.8683147
4.0,2.5506315
4.0,2.5768156
4.0,2.6884441
4.0,2.882162
5.6524,4.3062916
10.5178,9.092864
18.6421,16.587257
23.5008,24.899725
34.890699999999995,31.368128
39.2512,37.244125
39.021699999999996,39.44761
38.287299999999995,34.33953
33.5596,35.08838
29.015500000000003,27.71664
16.845046697520303,20.418924
15.0619,12.204856
8.8195,7.039168
4.5508,2.7835293
4.0,2.3826876
0.0,2.1190472
4.0,1.5307217
0.0,1.7646132
0.0,1.5305443
4.0,1.0808735
4.0,1.3630753
4.0,2.0280304
4.0,1.8775558
4.0,2.460063
4.8262,4.470034
9.024713288848096,7.2987165
18.8716,15.215322
19.6519,20.334301
18.9175,23.648743
24.422857662710573,27.001102
16.024366849589157,29.351694
33.2686904782792,26.02884
24.125360531227862,32.031654
18.11652744502751,23.752234
18.30125210178283,18.020658
11.348842427959864,14.878379
8.6359,7.7083044
4.5508,3.6013489
4.0,3.4037514
4.0,3.336382
4.0,3.4712477
4.0,3.8006096
4.0,3.8601265
4.0,3.8628607
4.0,3.6746817
0.0,3.5703459
4.0,2.5035667
4.0,2.9636688
1.4229000000000003,3.7590628
9.7375,7.1749635
17.4946,16.053558
25.9861,26.659698
31.1269,31.03762
31.38388569674997,35.381176
38.21639603574958,34.536858
37.31801993603391,36.93014
33.59598654667058,34.177956
28.308513759973494,29.408733
20.6091,22.692305
12.756368482105197,14.666831
6.864737814473126,7.201735
4.5967,2.9021559
4.0,3.0522528
4.0,3.4855928
4.0,3.4730425
4.0,3.4071789
4.0,3.4683037
4.0,3.5496511
4.0,3.583684
4.0,3.735733
4.0,3.8804512
4.0,4.18686
5.836,5.0694075
11.7112,10.330267
17.96644992233072,17.572495
28.0057,24.28447
33.324865170077864,31.012297
34.933567199906825,35.919403
36.61182296993466,38.418568
36.904470021319774,37.36188
34.03782309237714,34.164917
28.50500797042973,29.323996
20.95517268451459,22.618763
12.76195022052224,14.541013
5.664537004289749,6.7750597
4.6426,2.3444548
4.0,2.3606644
4.0,3.0779972
4.0,3.3903542
4.0,3.4852304
4.0,3.4705486
4.0,3.4583483
4.0,3.5114098
4.0,3.5801926
4.0,3.6607475
4.0,3.794486
5.881899999999999,4.7707386
8.355057950912963,10.305835
16.205825858125582,17.438015
24.18321626476097,23.939545
30.294936733034447,29.921385
34.84262302856408,34.886974
36.5823,37.59529
36.1692,36.72391
32.7267,32.989807
27.01204622222222,28.038223
23.1403,20.443174
14.1439,13.918283
5.191968948913141,7.018742
4.207189384482788,2.7320604
2.088242675779915,2.3839836
3.963786588690189,2.5478907
4.0,2.7973557
4.0,3.1777563
4.0,3.3633204
4.0,3.4201965
4.0,3.4132433
3.5329421488287647,3.1658897
4.0,2.7766876
3.7228687508663114,2.8804598
3.064955273731112,3.7830667
8.978709094748924,9.331011
13.704046527789878,15.008044
24.5632,20.144367
27.317592827936583,25.55066
37.74269199795191,34.894104
34.923779237902146,40.886673
34.23514770201249,35.91993
30.421398387399094,34.210842
13.691060845750783,25.967
10.963370497655651,16.898123
6.506421473324819,11.345985
7.5343,6.1652107
4.4131,3.4127684
4.0,3.3632145
4.0,3.460473
4.0,3.4663525
4.0,3.5007353
4.0,3.4772463
4.0,3.5456305
4.0,3.5473118
4.0,3.6300993
0.07225312546239593,3.6532545
0.5187573855371888,2.938507
4.8262,4.10865
6.001249255899389,8.318341
11.626165771363183,12.792878
23.296159135033395,18.768124
29.8876,31.766043
21.3043,26.707283
15.230712461232583,25.158497
26.930359296809584,26.78647
12.91948340572321,27.847996
19.97514014501048,18.08737
19.980411688093387,20.670242
10.5111,13.406668
8.727699999999999,6.59948
4.5508,3.2423983
4.0,3.1070032
4.0,3.3937645
4.0,3.5918179
4.0,3.6381502
2.6482033126331803,3.5144815
2.6950768455945173,3.0233755
4.0,2.7738428
4.0,3.0513964
4.0,3.3099957
4.0,3.5599508
5.9737,5.33075
12.1243,11.650106
17.388921759365136,19.7174
24.848837223495885,26.402096
31.179565771363187,32.680954
36.87116577136319,38.19051
38.462174662121605,40.749577
36.22992331026845,38.93515
25.4812,32.804012
24.93389794586042,23.637302
20.2027,21.178663
4.865399999999999,10.763563
4.8262,4.449822
4.0564495423524125,3.0652103
4.0,3.0240936
4.0,3.1413155
4.0,3.2547808
4.0,3.5312376
3.3049924551002707,3.352971
4.0,3.1901217
4.0,3.0042944
4.0,3.365963
4.0,3.1960611
0.0,2.999936
5.9278,3.9159393
11.5276,9.843176
20.1109,18.962135
20.4714,26.631853
23.5008,25.277222
22.1764,27.952688
26.509249190045125,29.524836
39.064955936507936,38.414627
14.207272081422644,30.3273
23.11164327376035,22.93652
12.6751,17.174843
9.3244,9.748849
0.5508000000000006,5.671354
4.091800000000001,1.991559
0.0,2.4949894
4.0,2.5468311
4.0,3.4179688
4.0,3.997243
4.0,3.9501886
4.0,3.9066525
4.0,3.853692
4.0,3.0510082
0.481841331667038,3.0833702
0.24276272725734316,3.7610102
1.9385670086147933,4.0638905
8.254995115919634,7.9263506
15.34617949585762,15.452614
22.830791163543985,22.020723
31.0743,28.97762
36.320811688093386,34.568363
37.40981953117823,37.72256
34.3399,34.164112
30.667900000000003,32.033356
23.599929513073945,26.769096
15.710251257320154,21.264322
10.256507085427607,11.5697365
5.881899999999999,5.8903565
4.275399999999999,3.50278
4.0,3.6745481
4.0,3.7436037
3.2331058300038773,3.7599354
0.20422750425570868,3.6149588
0.1385700213197758,2.76612
0.4347991269155074,1.9099779
2.603981786465333,1.6281929
4.0,2.2809849
4.0,3.5606823
4.0,3.8195333
4.7344,4.3408446
6.624176367305767,9.046053
16.495779715382625,16.52861
24.64085165309469,25.59128
28.538013759973495,30.187487
32.64853227899632,28.667599
26.8123,32.254623
24.0124,29.529146
27.684399999999997,27.986038
13.571294616508018,24.826109
11.49809183400808,16.639284
13.59086214309519,13.438084
9.508,7.271407
4.7803,3.859416
1.1964188003536016,3.708187
1.5540136805536147,3.086647
1.5996228378064288,2.6229038
4.0,2.7196932
4.0,3.5156202
4.0,3.6553907
4.0,3.7519588
3.811620281996678,3.7275286
2.999330952015553,3.664195
1.463083373698046,3.347538
1.9826925244057083,3.7779846
5.434174282469694,6.182357
11.07545269988446,10.829511
12.189705306336023,16.72918
30.34336762657817,22.915169
36.12092717647038,36.04641
38.6478,40.339035
36.8118,39.554832
29.1006,33.350803
18.0618909025235,20.890913
16.919695752103447,18.126892
11.446901375785671,13.856464
8.9113,7.421898
4.7803,4.105008
4.0,3.8988037
4.0,3.9955416
1.6077757231312901,3.792636
1.7820124612325845,3.0800362
3.5791269217556643,2.7243252
4.0,3.0460386
4.0,3.2236967
4.0,3.6651602
4.0,3.9309826
3.1642772969141326,4.0716343
1.8360000000000003,4.3753877
8.321638958611032,8.670498
17.545005536621552,17.447247
23.968440145010483,25.952236
31.441500000000005,31.735922
36.5823,36.5953
39.03748677360162,39.118168
38.08737253733813,38.271843
34.384369060433144,35.14804
27.632769112194538,30.258757
20.44484784289433,22.599617
13.26532495526385,14.103325
9.1867,6.835446
4.7803,3.6979513
0.7750227643877032,3.6528845
0.442997439741978,3.394639
0.7244879169606158,2.885725
0.0,2.763465
1.27992678038264,1.9891014
4.0,2.4464893
4.0,3.2946215
4.0,3.6781101
4.0,3.6709518
2.968181883589441,3.9998074
2.8103536625760146,4.739493
8.559080040849281,9.172673
15.7896,16.509834
24.2811,23.471466
31.2579,29.764515
34.194363396783295,33.8627
39.7102,37.43048
40.1233,38.158123
38.05779999999999,35.901344
31.2187,29.784317
23.386221414868608,22.927917
15.379691547310886,14.904885
6.183443995359545,7.2752085
4.8262,3.5059109
4.0,3.351038
2.495081774293597,3.4009333
3.1757145803112383,3.25914
3.4581502472847347,3.1572304
4.0,3.150425
4.0,3.2729673
4.0,3.564125
4.0,3.709075
4.0,3.7626972
4.0,3.929597
5.9737,5.0151305
11.9407,10.334572
17.72892105627943,18.340443
27.017513288848097,25.624262
31.770259467680262,32.66855
36.538812840013456,38.131535
42.38788534150218,40.73227
38.31186750901957,40.900692
33.70336414706161,36.747105
27.53402186685308,30.397219
24.494989384482786,23.366875
16.31742930579939,15.347645
9.508,8.417915
4.8262,4.0204725
4.0,3.4904022
3.1909867087339485,3.5090704
3.0343442661823072,3.3850508
3.3282082455754,3.206112
4.0,3.1398363
4.0,3.333685
4.0,3.5456314
4.0,3.692956
4.0,3.7697477
4.0,3.9495716
5.9737,4.868615
11.803,9.794919
16.00749422222222,17.734886
24.270482441270147,24.588966
31.88299724797895,30.852907
37.17323573073654,37.074394
40.24749718657222,40.41616
40.261,39.978264
37.0939,37.836708
32.136700000000005,31.562471
24.7009,24.368309
16.8061,15.634899
9.3703,7.800556
4.8721,3.3186207
3.2318264599813187,3.3414087
0.2638524830618305,3.5240088
0.396471192290651,2.7611961
0.7252819991673025,2.1178656
1.667277058604407,2.0641937
4.0,2.4800186
4.0,3.229434
4.0,3.4204197
1.793621125511402,3.648281
4.0,3.5861483
5.774662423003491,4.506743
10.932528107944446,9.271671
17.65984925589939,17.203701
28.6483,24.912392
35.8087,32.32686
40.94949999999999,38.48063
43.474,41.630978
43.015,42.04492
39.6643,39.415077
33.835,33.829422
26.123799999999996,25.895248
17.5405,16.779484
5.7375,8.456272
0.8720999999999997,2.8192244
4.0,1.850379
4.0,1.9237432
4.0,2.6517715
4.0,3.2841997
4.0,3.273963
4.0,3.2505188
4.0,3.1742344
4.0,3.0704622
4.0,3.0615768
4.0,3.2463093
6.0196000000000005,4.3802366
12.0784,10.626544
20.3404,19.078281
28.786,26.865242
36.0382,33.86934
41.1331,39.6127
43.61169999999999,42.554455
43.1527,42.49437
39.8938,39.208424
34.0186,33.43242
26.3074,25.837276
17.7241,17.422977
9.8293,9.251426
4.918,3.8232517
4.0,3.5702581
0.6937333120275717,3.8161507
0.48676360691743525,3.571684
0.0,2.7238827
1.9826123224089098,1.7992496
1.8232782550678746,2.0120516
4.0,2.259201
3.030585920669413,2.6664658
1.058888594960008,2.770648
0.5418723168895614,2.6154776
6.0196000000000005,3.0471678
12.0325,8.521843
20.2027,16.991028
28.5565,26.086761
35.671,33.859463
40.71999999999999,40.10373
43.075537259174205,42.93358
42.58523456890357,42.776516
39.343,39.626755
33.5137,33.778496
25.8484,25.960182
17.3569,17.156998
6.527152625074636,8.797225
4.8721,3.9292936
4.0,3.3366833
4.0,3.1706743
4.0,3.1703014
4.0,3.25278
4.0,3.2347174
4.0,3.1638613
4.0,3.1261854
4.0,3.1938019
4.0,3.278634
4.0,3.4618216
5.9278,4.282336
9.647075742431577,9.0914755
16.9602909025235,16.847685
24.971535381897496,24.24461
34.18667881480619,30.816885
39.802,36.419594
37.58197966195422,36.32421
36.73148463969012,36.91076
33.71629119986687,35.931152
27.88192750425571,32.139584
20.30950618340559,23.945625
13.141289140614516,14.875231
9.4162,7.2820897
4.8262,3.6888494
4.0,3.219511
4.0,3.2181425
4.0,3.2798548
4.0,3.2206106
4.0,3.324398
4.0,2.97225
4.0,3.090188
4.0,3.2297
4.0,3.3408985
4.0,3.6005554
5.881899999999999,4.5470104
11.6194,9.600388
19.4683,17.470299
27.684399999999997,24.97665
34.6612,31.328579
37.1398,36.156334
38.73889649434373,37.42253
36.7267,37.600914
32.1747633967833,32.117233
26.982613680553605,32.609936
21.99292934766772,25.197592
16.29099395342107,16.299187
9.508,8.781825
4.918,3.9082184
4.0,3.2394857
4.0,3.30093
4.0,3.500842
4.0,3.5720673
4.0,3.5806093
4.0,3.6388617
4.0,3.5650196
4.0,3.6199713
4.0,3.6637383
4.0,3.7656593
5.761209226565164,4.7596626
9.882931427208302,9.332212
17.09577171949666,16.591478
24.94287876877966,23.941841
31.30372460219101,30.063114
35.828355730675355,35.1063
37.757224335764725,38.166046
34.22438935654564,36.44526
30.643542295612924,33.86599
26.135797603982223,30.3236
21.444106344053687,23.723461
15.7963,15.032009
9.5998,8.016176
4.918,4.021387
2.959478499553633,3.4342375
4.0,3.2539778
4.0,3.332674
4.0,3.4093933
4.0,3.3000202
4.0,3.3795671
4.0,3.51865
4.0,3.4917088
2.6698035841203893,3.347515
4.0,3.255334
1.6524,4.636986
3.7638,5.9960055
13.4095,7.8254857
18.7798,23.874584
25.2058,25.461193
19.147,25.904575
34.294,28.668928
40.49049999999999,29.292845
37.0021,31.295675
30.959376561260115,32.14167
19.86931935014957,24.113422
13.848947907665922,13.987737
8.329778499553633,7.669802
3.3790693988711045,3.3358707
0.44025957130674165,2.774807
0.21538168767699695,2.3664274
1.1631510697653145,1.9858408
2.959478499553633,2.256997
3.069489303288499,2.7681732
4.0,3.0987024
4.0,3.372262
4.0,3.4075394
4.0,3.4980516
0.0,3.3311434
4.8721,2.0090084
4.8721,4.0001183
6.692137650793651,6.01943
8.86169154971892,10.529679
6.446253385448087,15.525694
19.96536969892325,17.292356
22.191696709839533,24.042253
30.020052864509125,24.092083
27.01640995285429,26.499287
17.081306263214895,24.720558
14.92965184902003,18.434814
9.292872358172184,13.116517
5.321249000713743,7.526156
3.1202911177859622,3.8437347
4.0,3.0943499
4.0,3.6793375
0.5137410192917233,3.9639883
2.655397186572218,3.364812
0.8307305955097082,2.655015
4.0,2.518734
4.0,3.5753117
4.0,3.536312
2.405106973478114,3.4576254
4.0,2.792344
2.0695508261903957,3.1593199
6.345189153594323,5.2127852
7.362555164178366,9.747028
21.284536618337054,14.815584
31.231475900818424,28.001068
36.515495243224905,34.486763
37.467953121598654,37.243782
36.06987050187945,35.511826
31.831556893863088,32.50411
27.3946007447312,28.458035
21.35259893705668,22.871906
12.15811935014957,15.63995
3.8819022115161097,8.334246
4.3671999999999995,3.5699425
4.0,3.222911
4.0,3.8291893
3.3140134759198485,3.9387455
1.5348831323225163,3.5489244
1.8616378144731272,2.9274683
0.7086652746397117,2.529478
1.399215005135808,2.0394764
3.111079661954223,2.1183462
4.0,2.7175694
4.0,3.4142218
1.3856738097442598,3.9121027
10.24991033215497,6.201217
14.857579785808513,12.367155
21.593384655468032,22.773909
29.02381309703641,30.524124
34.42109280758036,35.247856
35.72891682364348,36.844017
35.202347290191035,35.608566
31.685175621228915,31.982092
26.37557898008476,27.372108
19.771521473324817,20.883072
12.980072537338136,13.45851
7.198479584279727,6.148957
4.7344,2.6535416
4.0,3.1009073
4.0,3.4906578
4.0,3.5462513
4.0,3.4056778
4.0,3.2868872
4.0,3.267024
4.0,3.5335884
4.0,3.2981691
4.0,3.0837355
4.0,3.8989735
5.7442,4.0282774
7.587597525751728,8.876349
15.102069112194542,15.870163
23.473959570083515,23.529442
26.893671829638095,26.560707
26.88455210178283,29.801718
34.5235,33.9348
34.5694,34.317917
34.5235,32.38079
28.1434,26.409054
24.4714,21.807274
16.4848,15.779447
9.2326,8.309732
4.9639,3.883048
2.782313288848096,3.3436832
4.0,3.0550146
4.0,3.0854979
3.963786588690189,3.2745543
4.0,3.1049662
4.0,2.9389105
3.225433692449826,3.2260284
0.0,2.9890738
4.0,3.2459507
4.0,3.6679182
3.7968521017828305,4.3428674
7.283523289376021,7.087304
15.46377360415984,12.99774
18.9634,19.524231
23.1862,23.193958
29.7958,26.19277
30.163000000000004,30.678123
23.9665,27.980114
16.347099999999998,23.030487
15.8881,20.557251
14.098,16.356995
11.5735,11.190321
8.3605,7.189364
4.918,4.08593
4.0,3.4462137
4.0,3.2145138
4.0,3.4937134
4.0,3.625082
4.0,3.7403755
4.0,3.6407995
4.0,3.5896416
3.7362713041574303,3.699174
2.761634010938783,3.674284
1.2271740662256025,3.6559086
5.001041211573138,4.032696
6.25963375268196,6.4770813
15.333788594960009,16.511625
24.37012241403399,25.12901
31.265503584120395,30.711512
36.09183142720831,30.242308
37.4744389753461,35.3659
34.110749414275745,37.380672
33.26245806236318,30.551086
27.77303415002921,30.112751
20.341029513073945,23.254553
12.82414817247411,14.686247
5.479333937801971,7.050565
2.125573938144056,2.864191
4.0,2.4834404
4.0,3.105297
1.8498891406145166,3.4027777
4.0,3.1182394
4.0,3.3025064
4.0,3.7731514
4.0,3.864955
4.0,3.787856
4.0,3.8021107
4.0,3.5676012
5.7442,4.6989536
7.168092706999372,7.5893764
12.7143,13.049984
20.634339437549844,19.477547
27.39660820788224,26.078373
29.234392807580363,32.032406
28.44629108839939,32.279694
27.0850508261904,29.856853
24.53388737084852,27.388605
27.100607656507982,25.396534
19.638465296433623,21.69173
13.053574282469697,12.92181
9.508,7.22051
4.9639,3.7080936
4.0,3.213932
4.0,3.3508177
4.0,3.6003428
4.0,3.4219408
4.0,3.318902
4.0,3.5388432
4.0,3.6421947
3.3282082455754,3.597392
1.526851305477166,3.4104671
0.637275487663711,3.2081614
2.486322765972764,3.7442217
9.543471829638095,6.7579975
14.946536077021598,13.375456
21.7566,20.694326
27.4941,30.59868
34.09669511591964,36.10868
35.58815106976531,37.2032
35.518892644080864,36.02233
31.596709237273338,32.968803
26.02657572313129,27.05669
20.70653973673509,22.192131
16.209400000000002,15.31352
9.245405846809104,8.746737
3.733854943098491,4.226736
1.9793397367350973,3.3361502
3.996647525553593,2.8754349
4.0,3.0521965
4.0,3.566162
4.0,3.7568474
4.0,3.637391
4.0,3.5456152
4.0,3.6584482
4.0,3.818513
4.0,3.8871222
4.4276448993258,4.3817635
4.908019125002724,7.6801257
13.567782495210684,12.290024
20.94190873477868,19.9324
23.844527281234285,29.484648
24.93370500819676,26.978834
33.66727815628619,33.26533
35.77414817247411,37.523422
32.9103,33.532707
25.704,27.863295
19.996683613418647,21.077755
13.05798047998822,13.71368
6.889050826190397,6.8655205
2.69867872558215,2.6899242
4.0,2.3206968
3.837295266445926,2.7713633
4.0,3.0753956
4.0,3.557682
4.0,3.7484102
4.0,3.8118277
4.0,3.6651096
4.0,3.516245
3.1452443751925685,2.8563585
2.5517099528542833,2.7709932
3.496432698502284,3.7181063
6.570399999999999,6.631401
12.8587,11.862101
15.7045,17.66166
14.3734,20.596764
12.2161,21.044125
14.1898,19.480701
20.3863,18.640717
25.0681,20.706038
22.6354,20.110218
20.3404,16.85481
15.7045,12.977301
8.492413625542284,8.911006
4.918,4.727391
4.0,3.966773
4.0,4.0226965
4.0,4.070263
4.0,4.0621176
4.0,4.126751
4.0,3.9175978
4.0,3.9142065
4.0,3.2964592
4.0,3.4489431
4.0,3.8108063
5.6065000000000005,3.5902224
10.426,7.9271774
16.75733988739765,15.043217
26.032,22.619854
31.8613,28.036201
36.1759,32.178886
39.9856,34.437576
39.3889,34.932384
37.3234,32.515068
32.6416,29.203106
24.5632,24.94868
17.1274,18.182028
9.7375,11.811253
5.0098,5.577537
4.0,4.1335526
4.0,4.013608
4.0,4.015997
4.0,3.968318
4.0,3.98872
4.0,3.9920225
4.0,4.053281
4.0,3.9891577
4.0,4.179428
4.0,4.588377
5.468800000000001,5.9375696
10.135078814806196,9.916462
16.418114075296685,14.92934
23.872082618348987,24.578234
25.31849603574958,25.839474
31.30653360335578,32.271725
33.33207380974426,32.22451
35.64740996342394,36.560974
35.819249542352416,32.81366
29.228543341724887,28.860666
24.434929832011854,22.56865
17.1274,17.261532
9.2326,8.879381
4.9639,4.136755
4.0,3.473916
4.0,3.4664555
4.0,3.438898
4.0,3.4892082
2.4400352857576504,3.436141
1.325701238866321,3.0610304
4.0,2.679718
4.0,2.5675974
4.0,3.2521734
3.4333352899456724,3.4349737
1.8638587018296615,4.3431907
7.326989356545642,8.719528
15.41781162141293,16.21302
23.24880185941404,21.54836
29.722984815381835,28.56968
32.85687050187945,31.048126
34.10896894891314,34.728683
34.70127002131977,36.199425
34.05009264035028,35.325912
29.539512464766652,32.860085
23.33011537709813,24.305136
12.515658062363183,15.992466
4.368405803735437,7.8423533
1.6942288219656128,2.8718262
2.6950768455945173,2.2447338
3.054410953384549,2.4244928
3.7564056186460277,2.773942
4.0,2.9830608
4.0,3.1792765
4.0,2.9017115
3.891534568903575,2.4658308
2.332294413294159,3.2076445
4.0,2.8594685
4.0,3.2368393
5.2393,4.1572638
5.873659799057203,7.6430225
7.9407,11.6427965
10.8676820320387,15.386303
15.779588391994569,18.789982
19.62309334334269,22.783154
26.023759799057203,25.69528
27.016838633257468,27.99085
21.274898748790672,27.473177
14.555939736735096,15.620546
11.254852625074635,18.342892
7.959896941898871,12.214208
7.258900000000001,6.827225
4.5049,3.95708
3.5316251826793863,3.2337341
4.0,3.0647106
4.0,3.398758
4.0,3.5011663
4.0,3.4188251
2.505667476602701,3.4237719
4.0,3.034277
4.0,3.5174274
1.4690249552638495,3.6324663
0.8348738097442592,3.3834085
1.8117083660154059,3.2351904
7.4425,4.804202
14.1898,7.268543
20.81703821987748,14.527297
24.034195962892007,21.967628
26.193026086710223,23.967573
31.0743,27.463665
27.60524784289433,32.619133
15.4224,26.79461
16.4848,19.686045
8.48358311215311,10.949181
3.8789914666136003,6.709565
4.814413559160329,4.912082
0.9179999999999993,3.4741144
2.495081774293597,2.4289255
0.34698481538183046,2.8984308
3.1642772969141326,2.7947235
0.9803448507745038,2.8378983
1.2770829900472673,2.6581125
0.0,2.4071026
1.399215005135808,1.6064548
2.9445792617743844,2.0232744
1.9957188902027436,2.8133888
1.615941118142361,3.1244526
5.2393,3.5409632
5.860591045072,4.4981465
8.3958824906984,7.312539
5.799119768729509,7.9277205
11.513304615002646,9.753585
30.286127849178925,20.21384
38.32536969892326,31.675303
37.20151101589254,37.00874
33.35331565871795,34.840263
26.92950165079365,29.102888
19.913865296433627,22.162586
13.339333722267847,14.237311
7.28867872558215,7.1360416
3.02847106545312,3.4271383
0.7468184613677646,2.8527594
1.70040060215325,2.414217
3.3140134759198485,2.5376644
2.6099428819352557,3.0019045
2.584934224295221,3.0610485
2.4248795842797275,2.9166746
3.8413547590203727,2.914112
2.9607214148686065,3.0231476
2.772576109783964,3.06769
2.822597486408103,3.1044178
5.3311,3.8528004
9.09711232240891,8.34579
16.25620557712629,16.346352
27.0418,24.788944
31.6777,29.594032
38.1037,33.220318
40.1692,36.23491
31.894689303288494,32.477215
28.02174267577991,30.124184
29.630228964164523,29.347982
21.877715439920955,24.68547
13.901226575760903,15.578801
9.9211,8.117538
5.0557,4.1266136
4.0,3.4558754
4.0,3.344471
4.0,3.5590677
4.0,3.6790133
4.0,3.650774
4.0,3.76616
4.0,3.8229122
4.0,3.7999306
4.0,3.8391943
4.0,4.0561247
5.2393,4.536034
9.000390519124235,7.640734
18.27470146345429,14.794918
26.9959,23.280342
31.815400000000004,29.60851
35.1661,33.962177
39.0676,36.7851
36.46941164548683,38.99925
33.344325243924544,36.38304
26.12954526370838,28.944857
21.66964711053617,20.351612
14.323939807492966,14.091351
8.15489902605998,7.28075
3.467359135033396,3.391839
4.0,2.6096811
4.0,2.8323765
4.0,3.0777302
4.0,3.415162
4.0,3.967639
4.0,4.082572
4.0,4.0913
4.0,4.0106487
4.0,4.0170393
2.9445792617743844,4.048232
5.5147,4.5295944
8.162755418160254,8.964804
15.010328900092963,17.1581
23.134536733034444,24.362137
29.840416630216083,30.294447
33.37815864234768,34.40713
35.94855864234768,36.387775
36.43497253733813,36.160164
31.3956,34.041092
27.233338347693483,27.258629
20.89601378932199,21.021976
14.067080040849282,14.403444
4.938459672335298,7.641355
2.3739382224783654,2.8790627
1.3953142139608605,2.5295506
4.0,2.4485817
4.0,3.0179539
4.0,3.286478
4.0,3.7932425
4.0,3.7647228
0.44025967233529784,3.381297
0.0,2.4273672
2.918563824504682,1.5708151
0.6342244347494024,2.7596912
1.6044746621216124,3.4342499
6.83305026857651,8.052255
9.5472,11.870788
23.55213646119752,21.208931
29.591943326038873,29.300991
35.2053,34.62377
35.9856,36.761223
34.4709,34.71677
30.9366,30.280718
26.58305195105195,28.83568
19.42877995242573,21.729847
12.93013833008128,13.2346
4.668041934326234,6.6695447
4.9639,2.186305
4.0,2.4881172
4.0,3.262928
4.0,3.5399122
3.622851528900039,3.5513525
1.1083678272494737,3.3693857
4.0,2.638792
4.0,2.9722881
2.655397186572218,3.4078827
3.5910334213764816,3.3758402
0.5309996814941584,3.3390255
2.676988179260123,3.6117935
5.845834222222223,6.461611
12.320556070560231,13.075868
18.16178293391541,19.488573
28.93763003155852,26.904762
33.16572309237714,35.212883
33.925038086525795,36.954082
35.6184,36.785263
31.2579,33.99971
24.419736733034444,28.133453
18.54269023626017,21.472073
12.10067886168476,13.399844
5.508,6.4574423
1.6702013757856715,2.0182934
1.179747880675455,1.7235336
3.2318264599813187,2.0864391
4.0,2.6686583
2.9099095144025338,3.3167963
1.8232782550678746,2.987131
0.013911688093386942,2.5989523
0.022486773601627874,1.929142
0.0,1.5699902
2.0484234595152166,1.5380344
3.7564056186460277,2.4619198
0.3672000000000004,3.7156458
0.6791905235509521,3.3931694
5.285200000000001,4.7279234
6.6555,6.413138
10.62425134381817,12.372843
19.70842672056364,17.260115
34.31322309237714,24.91109
34.61248622222222,31.786945
34.7526489799432,31.366306
30.043190204251594,30.396273
22.43398810143187,25.75052
13.53591162141293,16.017244
7.918039595587123,8.098522
4.918,3.4319715
3.360540994681246,3.0598288
2.512733810331415,3.0825996
0.6804557739665089,3.0236616
0.0,2.6003876
0.005289902006266445,1.75558
0.41047283792299893,1.5364323
1.0911950513299011,1.8606462
2.5280650408168963,2.1570568
2.7349481811669474,2.589264
1.7599197687295085,2.9976034
2.516800744731194,3.1957417
8.951304370031643,5.559219
14.87067106545312,11.17509
19.71963049536782,18.058945
27.275981811024444,24.02788
37.048,29.849936
38.1955,33.93136
37.3693,34.566856
34.7071,32.901306
28.2811,28.891085
23.36776146710121,22.783863
13.844395752103445,16.036665
6.507335835633127,8.586285
2.563813680553613,3.600933
0.7855804585452972,2.5249596
0.07093021971606994,2.2728844
0.186158262355411,1.815382
0.09214398387086398,1.673212
0.0,1.5219069
4.0,1.2092657
4.0,2.405117
4.0,3.1564407
4.0,3.160327
0.8943896375423037,3.4826956
2.8746505289515376,3.7382898
6.336943540567557,6.487606
13.245555650446793,11.549362
20.16394584664965,18.813847
25.861056070560235,24.800243
30.071200000000005,30.288502
4.085099999999999,12.374873
16.4322,19.04561
18.36,22.9029
16.65028370385653,20.855465
12.42289743974198,16.501644
8.155465362601124,11.482384
4.183248979943203,6.698997
0.9547244303691507,3.2173738
0.49877923790214673,2.2170076
0.13105270026404092,2.2313309
0.21257886168476148,2.0097065
0.5425993687595749,1.8714113
0.19104444124176112,2.0048513
0.24334226330678455,1.8058739
0.041322285558621275,1.6834612
0.012451257320153175,1.489541
0.396471192290651,1.4981861
2.685439595587125,1.9564266
3.5688156950296808,3.37043
3.9962916868617544,5.687798
8.57187765079365,9.1244755
10.7865,13.982541
10.300316823643485,17.481808
10.165463371792256,19.333275
24.41216723290236,20.448887
25.9402,24.734285
16.02592934766772,23.262594
19.156186049740587,17.428955
21.778889637542303,15.025617
14.142616630216075,13.874316
3.0480976039822245,7.635198
1.0581128400134556,2.9327545
0.15699451971360112,2.2900724
0.28964869581179187,1.9550152
0.32232890009296256,1.9722519
0.7628959628920047,2.019391
0.6937333120275717,2.2918472
0.04787204178247784,2.141985
0.0,1.5964241
0.143125830277663,1.1530333
0.3977986751859799,1.3841486
0.17755022222222294,1.8860788
0.911916264760972,2.7736607
1.7910367330344474,5.4131947
3.8096999999999994,8.197037
8.464914388160377,11.029408
13.29407898008476,15.546983
18.66941587890694,20.22502
22.91410500819676,23.102192
24.26441257683968,25.705788
22.01706533615852,23.546719
28.641600000000004,22.916586
22.2156,23.116837
13.4487,15.157056
5.820250333261465,7.791999
1.6055126904085633,2.8846521
0.7945479060664624,2.186347
0.0,2.2094755
0.0,1.6837721
0.0,1.2671909
0.15130806187473844,1.2055969
0.0038862222222224574,1.3350124
0.0,1.2263699
0.0,1.1587839
0.0,0.971365
1.7232952432249018,1.4344788
2.0748526250746355,3.4923868
6.2424,6.2725577
14.7201419593548,14.682015
18.1871670086148,19.368603
27.54,27.888422
32.7267,32.20064
37.1331,35.676796
37.7298,35.402245
33.3234,32.730392
28.458,27.726254
20.655,21.405048
15.4291,13.498041
9.6916,6.748376
3.5997841936756387,4.1259527
3.2677011468960515,3.2146482
1.3180366183370555,2.845852
0.6804557739665089,2.6042986
0.5830383300812816,2.2048836
0.30063935617841686,1.9813948
0.6734580623631832,1.6868868
0.043762932702751556,1.7935238
0.25149320886067095,1.4458818
0.06007562122891308,1.4959021
1.7546725348143415,1.5505066
5.377000000000001,3.1600418
6.0129,7.16355
14.266976527911371,11.212893
19.29987933361076,14.777722
24.481713656991133,18.017273
32.048335243452215,31.159958
37.30531569502968,34.031673
37.3693,33.40267
34.29933271324427,30.30846
20.8912,26.652822
13.130965040816896,12.900475
6.361838633257468,12.179177
5.294454943098491,5.6375856
2.348975742431575,2.751299
0.5245078525079396,2.3006372
4.0,1.82483
4.0,2.8390474
4.0,3.6712923
4.0,4.042818
4.0,3.9931526
4.0,3.9298487
4.0,3.8911428
4.0,3.9224052
4.0,4.1199694
4.5049,4.5444403
7.672000000000001,5.9789333
9.5931,8.715337
18.6813,14.489386
24.5565,22.547062
27.2646,26.314226
30.615300000000005,27.464119
34.1104,29.51782
25.0681,26.447311
24.5632,21.974495
20.7994,17.87003
10.7014,11.675436
8.131,5.6666346
4.6426,3.798172
4.0,3.7810745
0.0,3.5751991
0.0,2.9692278
0.0,2.3735008
0.0,2.4403706
0.0,2.2359276
0.0,2.3514614
0.0,2.6098251
0.0,2.428441
4.0,2.6310701
0.8262,3.8395643
5.0949,5.1604714
7.9866,9.592772
11.8489,13.956056
15.7963,17.741652
24.0975,20.147577
30.385800000000003,25.774132
37.0939,27.52012
37.1857,28.613356
31.310500000000005,29.781439
23.6452,24.081917
15.6127,16.758785
8.727699999999999,9.711235
4.6426,4.601687
4.0,3.680976
4.0,3.6697035
4.0,3.8273592
4.0,3.971839
4.0,3.9904547
4.0,3.909915
4.0,3.7051077
4.0,3.7594156
4.0,3.8352194
4.0,3.7168484
4.7803,4.252466
9.2785,7.4320693
17.2651,12.950444
26.3074,24.691296
33.5596,31.314987
36.65848938448279,33.73455
36.2186650408169,33.570534
26.799126575760905,30.05539
15.679496255017304,25.593956
19.8355,21.480886
20.6617,18.307795
15.8422,13.732
6.163680119282846,8.918552
1.1913746621216124,3.8524961
1.8488228692083357,2.4559927
3.4333352899456724,2.481596
4.0,2.9663334
4.0,3.2651844
4.0,3.564619
4.0,3.5941591
4.0,3.6565475
4.0,3.675582
4.0,3.874609
4.0,4.1286535
4.6885,4.7240515
8.6359,7.0176935
15.3832,12.149443
17.9077,19.400372
21.9469,22.97203
26.2156,26.887863
23.1403,28.46911
15.1996,25.35744
21.2584,20.90264
25.2517,19.478657
26.1697,17.098042
16.5724926340692,15.97273
6.007183373698045,9.057751
3.5274971865722176,3.6844788
4.0,2.9470634
4.0,3.4347105
1.0118862440472807,3.5647182
1.2094365376715963,3.0251112
2.603981786465333,2.5666065
4.0,2.557598
4.0,3.159628
4.0,3.730894
4.0,4.079035
4.0,4.4041758
5.2393,5.9290075
10.6555,9.959638
18.7339,17.3931
27.2254,22.222466
28.5957,27.460098
33.9727,29.72008
31.028400000000005,34.538994
39.5725,35.957336
28.7793,33.570683
23.8221,25.389584
19.2388,18.900402
15.9799,16.091915
5.0949,10.113117
0.7803000000000004,3.5362635
0.0,1.7294912
0.0,1.7852812
0.0,1.9609156
4.0,2.439536
0.0,2.9671078
4.0,2.8661442
4.0,2.8433523
4.0,2.8718548
4.0,3.0517273
4.0,3.2445364
5.1934000000000005,5.048866
6.3342,9.247886
17.1274,14.940717
25.3435,24.744663
33.4219,31.372923
37.0021,35.86776
38.9299,36.578087
35.2579,34.245983
30.622,31.347277
26.9959,29.022684
23.0026,21.453793
16.0717,16.825886
9.322650563473436,8.300887
4.9639,3.570015
4.0,3.0264063
4.0,3.0741386
4.0,3.480588
4.0,3.6756716
4.0,3.7415857
4.0,3.641098
4.0,3.5159082
4.0,3.2279024
4.0,3.2011433
4.0,3.9205103
5.2393,5.801479
10.7932,8.254356
16.785442695496542,14.50423
24.40175052895154,22.065643
31.401053246892275,28.492739
36.7637559878844,33.817192
39.73599202325374,37.24205
41.95929999999999,37.267643
37.4611,38.497
30.50538280934783,31.973425
22.062026086710222,19.978603
12.253018981942995,13.476712
7.026690519124235,6.1064653
2.4025197687295083,2.6290178
2.64700414690404,2.2867785
3.8372962550173053,2.4442854
4.0,2.8943167
4.0,3.229723
4.0,3.5190954
4.0,3.8762865
4.0,3.9294424
4.0,4.0293827
4.0,4.1838913
4.0,4.260886
4.06212930579939,4.42223
4.396068342802125,6.6728477
8.76002283780643,10.494038
13.972778768779662,14.9932785
13.955730473450489,21.059935
9.246527454541432,22.043472
9.393497439741978,21.740425
16.03395635457686,21.019947
18.09165802448545,21.45645
18.33171590626793,19.602964
13.059001859414035,15.792419
11.212862727257344,10.900079
5.750579952425732,7.026399
2.247963396783298,3.6400013
0.5418723168895614,2.9346142
0.2341145136158609,2.612586
0.9525717349079503,2.2326937
0.4347991269155074,2.3829794
1.28372231977856,2.2553806
1.9651796733440001,2.3683786
0.9742478973147275,2.5970802
1.8010205584609977,2.40868
3.1439765612601107,2.5231113
2.608751182268664,2.9571571
4.7803,3.660797
5.198208734778677,6.339294
11.556788391994566,13.303005
22.094837223495883,20.392214
28.854471192290653,24.4301
34.1496,29.751251
37.2708,34.041035
33.50334825362576,34.87577
33.70732426152814,31.231905
28.633903974605616,28.63718
21.97667872558215,22.37194
15.108758864206475,15.120592
6.207489153594324,8.006719
0.8773899020062661,3.2245483
1.0057288219656133,1.9050798
0.9672951762112145,1.9799433
0.7396183843543636,2.2866106
0.7436157698755714,2.3207035
3.3088585598534017,2.116354
0.17755026857651046,2.6365814
1.823277645925062,2.052291
3.0305867677551266,2.262392
3.054410953384549,2.8287506
2.677016452140487,3.2241402
5.1475,3.0945635
6.440753679468527,6.814575
15.8881,10.368498
20.9371,16.862852
25.93893646119752,23.884638
30.123493650793655,32.539036
34.62564507722867,35.185905
34.12842896416452,35.49106
28.8740963623814,33.022934
27.087700000000005,25.778816
21.3502,20.620964
14.9701,14.168857
6.677715005135807,7.779955
3.4501035841203898,3.4632406
4.0,2.7276278
4.0,2.8535223
4.0,3.3623123
4.0,3.443263
4.0,3.743637
3.481712168762181,3.7148504
1.28372231977856,3.3098087
0.16377851129623622,2.7015886
4.0,1.9025707
4.0,2.9500246
4.8262,3.5769854
9.4621,8.369148
14.8324,16.70108
27.3172,24.307577
34.5694,32.268738
37.7365,36.890865
39.370661991678006,39.051064
40.49782296348177,39.245102
36.56698188358944,33.782402
33.0088,31.98768
25.4353,25.392801
17.586399999999998,16.30575
10.0129,8.261478
3.6495435186266665,3.7053614
4.0,2.824154
4.0,2.9484882
4.0,3.5418062
4.0,3.8325634
4.0,3.7263136
4.0,3.6612654
4.0,3.632166
4.0,3.562892
4.0,3.602168
4.0,3.8104067
4.8262,5.067975
8.9572,10.388328
16.12071858086211,16.993332
27.087700000000005,24.2392
34.064499999999995,31.412132
36.6349,37.902107
36.5431,39.495537
36.6349,38.682224
37.0021,33.713654
30.4384,28.27984
24.4714,22.60342
17.661145059161868,17.999321
9.9211,8.660836
2.499672358172182,3.5024242
0.32420733301627536,2.5928812
0.0,1.9050741
0.0,1.1825361
0.056667008614793346,0.9762707
4.0,1.1898699
4.0,3.2531252
0.7252819991673025,3.4038992
4.0,2.81744
3.71483443090108,2.780961
0.23987085745386771,3.389636
0.5644080618747385,2.95405
4.17466031613243,3.920683
11.426472837923,10.582078
20.97976762657817,21.008087
21.573,25.726196
23.0877,24.913769
29.6973,27.934605
27.807951653094687,31.424618
30.998346014283378,33.165443
29.559600000000003,25.775646
21.717142813108584,20.912981
14.227566078457198,13.680059
7.529295990613406,7.005437
4.067271833002746,3.060954
3.967889904649505,2.5691586
4.0,2.8805857
3.2677011468960515,3.213172
0.2733746621216113,3.1741838
0.0,2.314086
0.6032062632148936,1.3586788
3.638792847564412,1.7227392
4.0,2.615449
2.964450952395824,3.0323277
4.0,3.0316792
1.7854082108408154,4.3971906
5.828453404346004,7.137806
16.554384980238517,15.940565
25.9402,22.213356
31.723600000000005,28.036228
37.8742,34.088173
41.06995622691308,32.808
37.50199665118482,36.151302
35.850312840132794,38.64058
31.530996908165164,34.54503
24.650689493767764,27.280392
17.232601738637094,19.474854
9.6916,10.373736
4.7803,4.8027368
4.0,3.3376045
4.0,3.181324
4.0,3.1032724
4.0,3.0667562
2.999330952015553,3.066248
1.793621125511402,3.0246067
2.959479333610764,2.6371298
2.608751182268664,2.7218857
2.9781374994964445,2.8194923
2.903731889472814,3.0490637
3.2662352857576504,3.567358
6.391584639690115,5.4859414
15.51738859496001,9.111719
22.61874641921522,21.128597
30.216838347693475,30.472406
34.335396794488645,35.654186
33.2316,37.114098
34.7004,33.43139
33.0021,28.795303
27.081000000000003,26.727058
21.4854362358144,21.573372
12.381621473324818,14.701466
5.602690639403633,7.1463284
3.2435990260599787,2.7781458
4.0,2.487486
4.0,3.2096462
4.0,3.7055674
4.0,3.8180475
3.0581774861730633,3.7494717
1.27992678038264,3.316041
1.1631510697653145,2.8821259
1.325701238866321,2.4928675
4.0,2.510066
2.561188608755794,3.242796
1.1485289000929626,3.5804396
4.135523028564082,4.460163
12.428881541099344,6.711024
17.4879,14.4621315
23.844586773601627,21.670895
21.03105864234768,27.484005
22.996243937699443,26.687387
27.403407970429726,27.460732
29.3301,28.25164
22.697111015892546,24.351849
14.86472283780643,17.304054
11.595295752103445,11.15878
7.635881774293597,7.0955014
4.163823283381003,3.8571653
4.0,3.3198576
4.0,3.673665
4.0,3.8281612
4.0,3.702651
4.0,3.4609118
4.0,3.4058304
4.0,3.4831696
4.0,3.6413288
4.0,3.6204815
4.0,3.8544436
4.5049,4.102787
6.3868,5.60248
10.255801738637093,9.233152
18.7339,13.90739
25.3435,21.174297
33.789100000000005,25.698158
30.3925,31.741367
26.242507141372876,28.16849
18.5962,20.73001
16.253960250598045,12.98583
23.724535730736537,16.300207
14.818000744731194,15.215596
7.396599999999999,6.821498
4.1836,4.0855427
4.0,3.5417423
4.0,3.321333
4.0,3.5645638
4.0,3.6705065
4.0,3.9093657
4.0,3.5955267
4.0,3.7120895
3.1909867087339485,3.1045017
4.0,2.6252708
2.619491932453748,2.6391325
4.1836,3.3285465
2.4014905716294823,4.705042
6.0655,3.856533
10.2883,6.5463176
20.983,15.052721
24.13282873452322,24.695545
28.9696,26.679972
22.4518,30.24587
23.516905344217164,24.7245
22.023912461232584,24.302074
18.86594147473138,17.985271
10.098,13.850254
1.8966536794685265,7.0925355
0.9840652746397112,2.8552666
0.3298610317572308,2.2215033
0.9672951762112145,2.0091686
0.4678586423476787,2.230013
1.2998905716294828,2.091339
1.27992678038264,2.3549013
1.697287179004645,2.2167063
1.8498891406145166,2.0693178
2.208047110536169,2.3159714
2.900028107944445,2.4553766
1.4070260867102249,2.738474
3.2413132888480956,3.264451
4.344122969934658,5.680624
14.5770584476156,10.101501
22.244451086665748,20.62173
24.95968791696061,28.784794
31.931348644863924,31.88373
34.559048253625754,35.922195
35.925581687677,34.150505
25.54282728123429,28.14333
21.0289,21.15026
13.761547200372302,13.7773485
7.830159672335298,8.548757
4.131,4.222707
0.6308137768877753,1.8554258
1.041073479515008,1.2378464
4.0,1.6938543
4.0,2.944044
4.0,3.4638624
4.0,3.3597345
4.0,3.1247158
4.0,3.397974
4.0,3.3129435
3.637464004664528,2.9898424
4.0,3.05931
4.6426,3.7886753
8.2228,5.878995
10.412713680553615,10.7456045
13.12033830872002,16.246534
23.1403,19.582342
31.6318,25.991919
39.7102,30.444159
37.1398,35.416016
34.064499999999995,28.180769
30.897400000000005,25.837465
22.1764,20.083778
10.950046966572849,11.580841
7.809699999999999,4.5945034
4.5508,2.8442087
4.0,3.1498795
4.0,3.3497543
4.0,3.3596964
4.0,3.2813816
4.0,3.0737696
4.0,3.2025843
4.0,3.5619812
4.0,3.659649
4.0,3.6869392
4.0,3.7392397
4.6426,3.9221783
7.672000000000001,5.961445
16.2553,11.477089
22.2682,21.13774
29.8876,25.246122
37.3234,30.901457
39.3889,34.736
36.4054,35.124523
35.9005,31.495031
26.84137966195422,28.6501
19.147,19.164158
11.474790531457884,11.361486
7.982073604159838,5.84156
3.4023391113548485,2.7328234
4.0,2.3776312
4.0,2.840767
4.0,3.5259838
4.0,3.6852465
4.0,3.4507713
3.8332385883554725,3.5069227
4.0,3.2170086
1.68484812179174,3.53716
2.570677965630207,3.1838884
1.3478152636920697,3.0752392
4.3671999999999995,3.2551394
6.6622,5.8606925
9.2785,8.613161
15.1078,12.210903
16.9438,18.136023
14.6488,20.643442
14.7406,21.125172
17.2192,19.810879
18.8716,18.885452
15.8881,16.953924
17.2192,13.412394
11.1604,10.445839
5.0373492558993895,6.415361
4.5049,3.7505417
4.0,3.4888496
4.0,3.666978
4.0,3.8210268
4.0,3.9097853
4.0,4.1430635
4.0,4.1138144
4.0,3.9487371
4.0,3.9282799
4.0,4.0260744
4.0,4.264883
4.4131,5.0019727
7.9474,6.084415
11.5276,10.400691
16.083371304157428,15.973061
18.034611938954946,21.09859
22.9567,23.905241
10.904653125462396,22.412487
11.190862423003493,13.848481
15.2455,13.636284
11.582958140215853,14.8016615
9.755860455502326,12.393799
5.263565336158512,8.607288
3.240858701829662,4.9798317
4.204230910077543,2.9617615
4.0,3.3082218
4.0,3.7096548
4.0,4.0764637
4.0,4.2770433
4.0,4.1603403
4.0,4.2265377
4.0,4.178046
4.0,4.2192144
4.0,3.969284
4.0,4.5013275
4.1836,4.292598
5.6524,6.6294093
10.0129,10.487064
16.0258,15.284178
22.110723283381,20.384403
21.36224115331929,25.748707
23.28851122101813,25.470322
17.08003331202757,26.664597
18.118464901844675,22.067207
25.7392547855093,20.344149
20.0776477920372,20.82275
14.7865,13.955991
5.19088215760358,7.1181774
2.079132278996317,3.5888538
2.796939905337048,2.860836
2.1138128401327947,2.8814077
0.9855800408492819,2.8963299
2.5280650408168963,2.499895
3.6854250071207204,2.6505175
4.0,2.8760586
4.0,2.9983292
4.0,3.318102
4.0,3.8125143
4.0,4.472406
4.7803,4.827345
10.1506,9.534694
18.6421,17.713266
27.5467,26.504932
35.0743,33.44395
38.884,38.593224
41.683899999999994,40.457283
42.0052,40.052696
38.792199999999994,33.723957
32.6875,29.97834
26.353299999999997,24.437366
16.760199999999998,15.635786
9.3703,7.198138
4.5508,3.6465034
4.0,3.3525639
4.0,3.538456
4.0,3.6390505
4.0,3.8235197
4.0,4.114724
4.0,4.154125
4.0,4.0336676
4.0,3.9633512
4.0,3.734868
4.0,3.7084808
0.6425999999999998,4.180828
8.865400000000001,8.045424
16.0717,12.266933
23.9206,20.71716
29.2909,27.07805
26.0779,31.608347
22.0846,29.734154
27.454899999999995,27.474
23.5534,26.660418
16.58459105275538,21.127548
10.574679715382624,15.03785
6.6562914936474575,8.97918
5.451540103693081,4.1764374
1.3765070271760447,2.5858812
2.727684984532761,2.0433788
1.8916503744904052,2.456993
3.3605419009669966,2.6157112
4.0,2.9494467
4.0,3.6496477
4.0,3.5594482
4.0,3.2635088
4.0,3.3732824
2.363411015892547,3.265172
2.7579905191242347,2.9292498
4.459,3.2918625
4.309219350149572,6.2728033
2.5462292279438046,10.199164
4.488181541099345,12.964657
8.452300000000001,9.517894
13.734105008196751,10.467042
17.450858825547655,18.765257
21.39036911219454,22.475647
24.66293834769348,23.420574
19.265059296809586,25.93692
12.028934680149137,19.128239
10.94885599033331,10.817686
6.508932302167863,6.1727257
2.3635605003963533,3.4403534
1.3487797153826246,2.6931686
1.6230967376991021,2.6262798
0.8615401036930805,2.7123346
0.31546717989312434,2.562749
0.04294729019104082,2.1967726
0.15079365079365026,1.5449877
0.4966525957485892,1.4701586
0.3701916868617534,1.5858545
1.463083373698046,1.6444635
0.6311776507936511,2.0582104
1.3512652746397116,2.7154512
4.6080481724741125,6.4576764
13.25583765079365,13.456762
18.74782750425571,18.685116
24.426129513073946,27.181858
31.701848644863915,26.305412
35.90561417642086,33.460365
35.94512577450624,35.137924
32.036651699171,32.314682
24.916188063029523,25.439144
16.720491997951918,18.145443
10.131177645925062,10.41197
6.830542936686296,4.4866753
1.6150919088724365,2.9309082
0.5418723168895614,2.221548
0.04787204178247784,1.891819
0.13005759912301862,1.6482935
0.18453673303444695,1.5658617
3.3670195812495045,1.7414532
4.0,2.6941452
4.0,3.0427418
4.0,3.3362808
4.0,3.4224567
4.0,3.6857395
4.6426,4.144985
8.0851,6.0046697
13.9144,10.2415085
22.0846,18.026405
28.510600000000004,25.543013
36.3136,30.243687
37.1857,33.808712
36.2677,33.051445
34.202200000000005,30.81519
27.3172,27.096464
12.913005074031934,19.808823
3.5597308168228334,11.694145
3.8666825507305216,5.0178123
4.137700000000001,2.4785376
0.0,2.9165602
3.8548964943437323,2.380124
4.0,2.8050537
4.0,3.7120867
4.0,3.8646374
4.0,3.788681
4.0,3.8669348
4.0,3.7208395
2.914853489006605,3.438427
0.6433914936474583,3.3154535
4.4131,3.0013065
5.836,5.5798783
8.3146,8.441901
9.2326,10.156407
16.7143,11.663998
22.932923459515216,17.291508
33.13922242795022,30.081924
39.35622076218262,34.992775
36.906734680149135,36.865746
32.12887044178035,29.283169
25.4353,24.466095
16.760199999999998,18.653671
6.123014213960859,8.579138
2.13237201778235,3.2491417
1.9826123224089098,2.3664322
0.8548494090426182,2.372469
0.637275487663711,2.287074
1.2751883919945666,2.0969286
4.0,2.2588463
3.25231040970859,3.0963411
4.0,3.003665
4.0,2.9842787
4.0,3.3388605
4.0,3.6960506
4.5967,4.2202444
8.8195,6.1924314
12.2161,10.656588
19.3306,15.314224
29.6122,21.424158
37.0939,28.567764
31.1269,33.490158
31.204127849178924,30.043724
29.533909381615935,29.510729
25.66676574807117,25.677761
18.140250374490407,19.761341
10.71900065968451,12.316329
3.8865679373930018,5.874869
1.483490571629483,2.6365986
1.7170411533192915,2.283
1.0794933433426852,2.2478933
0.146692524405708,2.2464218
2.1238452637083807,1.75733
4.0,2.2977438
4.0,2.9342632
4.0,3.1668234
4.0,3.2817698
4.0,3.441822
4.0,3.5886545
2.521929512094136,3.7978115
5.1475,3.9783678
3.3868777567108648,6.911532
9.483609094748925,10.092995
16.578228107944447,15.469395
18.841427281234285,21.655502
25.343562765798502,24.120506
12.893782591731574,26.869104
8.039262765798506,18.70067
11.30500806187474,14.765347
16.136330816822834,11.650839
8.807083373698045,9.57184
4.650664783352903,5.0581093
3.5851505634734373,2.8709326
1.589450528951538,2.813651
1.1945628804851296,2.6194773
1.2047818110244322,2.4148817
0.8473415892059624,2.490281
2.456390263078397,2.281128
3.7927361340246044,2.5560694
3.682754992159442,2.923501
3.8847420330972238,3.0813284
3.7927361340246044,3.04803
2.772576109783964,3.5472765
4.385567458612627,3.9467936
5.702981811024432,5.625262
12.833524335764723,13.045712
21.99355946768026,21.44205
27.25795270026404,26.055506
29.449580355194804,27.946442
33.038372537338134,29.272816
31.671,34.834595
24.5106,29.601688
21.77579687961316,20.865639
19.145589902006265,16.230171
13.188925650793651,11.326305
4.956212690408563,4.6657014
2.290833316978043,2.2504244
1.7767444749854384,2.0747776
3.4699241304781907,2.2978
4.0,2.8126564
4.0,3.1891203
4.0,3.3801327
4.0,3.3922558
4.0,3.187296
4.0,2.8899002
2.918563824504682,2.8559418
2.512733810331415,2.6693363
4.5508,3.577857
8.3605,6.114792
9.67793804783384,11.925944
21.27281057337894,17.228401
18.85513087220197,26.423826
23.1862,17.733116
18.473174617912207,25.919476
27.392672537338136,26.87382
20.454956677678144,26.767023
20.75635840608632,19.789928
14.867185650793653,16.740372
10.46819154971892,10.456042
5.780624585241062,5.577744
4.275399999999999,2.762827
4.0,2.8882065
4.0,3.0466805
4.0,3.2396498
4.0,3.3982124
4.0,3.47573
4.0,3.5100203
4.0,3.4077377
4.0,3.327217
4.0,3.2616549
4.0,3.3395395
4.0365251826793855,3.7059212
6.609848377235242,6.3708906
10.229452829336296,11.174041
19.316455418160253,16.249512
30.781313288848096,26.87691
34.1104,31.29948
20.4781,31.346914
14.413820778704268,17.188122
27.184342427959862,23.76403
27.637493519037864,25.395472
22.211650861964817,22.226124
16.209400000000002,14.881645
7.5802,7.5425315
4.275399999999999,3.3798428
3.1757145803112383,3.2403708
2.7095528645091242,2.9454231
4.0,2.7170544
4.0,3.058076
4.0,3.649907
4.0,3.7914524
4.0,3.794959
4.0,3.851388
4.0,4.338465
4.0,4.583167
4.5508,4.902082
9.5539,7.9947557
17.8159,14.096963
14.533133854428032,12.06552
27.2254,16.428295
36.2677,33.059555
40.49049999999999,36.31626
39.1135,34.96064
34.1104,31.573143
30.4384,27.626276
25.3894,26.39708
16.760199999999998,18.75161
8.131,9.601088
4.275399999999999,4.3007383
4.0,3.6917715
4.0,3.8697634
4.0,3.9464607
4.0,3.91393
4.0,4.0601025
4.0,4.178399
4.0,4.078085
4.0,4.026697
4.0,4.114299
4.0,4.228426
4.5508,4.7161493
9.508,8.8004055
17.67105340330844,16.80457
26.5828,24.49206
33.06495706032908,30.605679
37.4152,35.80052
32.71963830872002,23.305664
37.4611,31.865368
29.876338303079365,32.495766
25.892130595509705,28.100037
21.02765324689227,20.88052
16.57187700563016,13.825271
7.7179,7.449875
4.2295,3.503213
4.0,3.4294453
4.0,3.6613398
4.0,3.9126253
4.0,4.0893507
4.0,4.0612154
4.0,4.042385
4.0,4.0488214
4.0,4.0940523
4.0,4.0567036
4.0,4.12531
4.5049,4.67985
7.396599999999999,7.022121
13.8685,9.808549
18.7798,16.352135
28.602400000000003,23.181095
31.907200000000003,31.206823
38.884,32.344322
37.4152,35.10445
36.4972,31.722008
30.576100000000004,28.47051
22.2223,21.657312
15.0619,13.380969
8.039200000000001,7.296781
4.2295,3.5547438
4.0,3.315319
4.0,3.2814913
4.0,3.534831
4.0,3.814622
4.0,3.866887
4.0,3.798729
4.0,3.77287
2.419058355239226,3.565549
4.0,2.6724148
4.0,2.8116827
4.459,4.0988026
8.3146,8.21984
17.5405,14.6629925
25.8943,24.250134
32.917,29.760256
37.2775,35.220257
40.4446,37.185303
38.884,38.143692
34.693926575760905,35.36921
29.17968621470905,32.061596
19.675226086710225,23.149372
10.121536876058071,13.069784
4.240708862395975,5.7351394
0.23147204178247804,2.232647
0.6773430310277941,1.3362389
0.6197918340080815,1.7566481
0.1888689489131412,2.089838
0.032141959354799354,1.9673738
0.453308207882241,1.684907
1.7139175396499748,1.8161116
4.0,2.3539553
4.0,3.2298107
3.989793953421069,3.2205448
1.1603919979519155,2.9699898
0.5229481724741127,3.911787
4.571259672335298,6.765934
10.7865,12.645614
19.8747,17.531227
27.98524193432624,26.09187
33.90559356850794,31.96888
35.8769360770216,35.166016
30.621806263214893,34.785946
23.69233148974212,28.742424
20.776322969934657,24.380075
15.344775621228914,18.476389
10.8783,10.71592
5.795833692449825,4.73734
1.919712461232585,2.3866854
0.18886906043314156,2.5489664
0.360470497655653,2.112051
3.6401229634817636,1.9473658
2.3495657480711696,2.6923437
3.995277005630161,2.892253
2.5280650408168963,2.854598
1.0057288219656133,2.6605673
0.7500254769650923,2.185956
0.0,1.7315388
0.1038429934437648,1.4053993
1.2571111145377056,2.847392
4.808903252916519,6.8002334
13.00663722349588,12.369581
23.02068562404711,21.241182
31.24731254087778,28.174862
32.94240165079365,33.931633
35.322903937100016,35.383015
18.4585,34.397957
23.82609351274968,20.084885
23.226853651937617,22.684547
11.442559189701557,17.70691
7.002878511296237,8.272157
2.0144296370818626,3.9840336
2.6009997750883773,1.8539543
2.533969069198866,2.1207209
4.0,2.5572567
4.0,3.4048805
4.0,3.4562206
4.0,3.3183575
4.0,3.1373434
4.0,2.8940926
4.0,3.1786623
4.0,3.0685415
4.0,3.500619
3.0042951709034167,4.033514
6.831279584279726,5.530556
15.6586,11.09161
24.7927,19.895584
33.1006,28.280956
39.3889,33.932053
37.3693,37.862976
30.60072328937602,24.437279
37.4611,34.87188
25.0681,26.111658
14.425878306712043,20.229416
7.9933,10.79443
6.1573,4.63552
4.137700000000001,3.5233755
4.0,3.4195938
4.0,3.2832298
4.0,3.2898722
4.0,3.7463312
4.0,3.7949476
4.0,3.5606804
4.0,3.6251726
4.0,3.7075596
4.0,3.4248466
4.0,3.3143644
4.1836,3.5284576
5.9737,4.7753873
3.1212,5.21398
10.5637,10.106387
17.9077,16.66949
27.363100000000003,22.2691
19.9732,27.268806
14.4652,23.388094
18.0454,19.500532
20.3863,17.539341
15.475,15.333977
9.3244,9.68792
6.7081,6.142395
4.091800000000001,4.244176
4.0,4.2298326
4.0,4.1210604
4.0,4.006157
4.0,3.7550583
4.0,3.7920933
4.0,3.933485
4.0,3.5825768
0.0,3.4816008
0.0,2.5941505
0.0,2.2951689
4.3671999999999995,2.9612494
4.589999999999999,5.8170366
5.8752,8.480103
18.4126,11.614158
27.1336,21.571793
25.1599,28.250381
20.8912,26.081532
24.0124,24.995
24.5632,23.247234
23.3239,19.227419
20.6158,17.313791
14.0062,12.684331
5.649459293871776,7.627375
4.091800000000001,4.0641727
4.0,3.6977654
4.0,3.9559278
4.0,3.8795233
4.0,3.9890785
4.0,4.0755997
4.0,4.04292
4.0,4.027442
4.0,3.9677134
2.705932270656371,3.7487469
4.0,3.552061
1.3074896375423055,3.9737616
6.287170441780352,6.05357
13.423111815301242,10.094945
22.9567,18.421963
30.20164620862237,24.845146
34.575978306712045,32.62773
37.68559665118482,35.202904
37.53545277705404,35.307068
34.7017197803211,35.872963
28.44136790849992,31.280855
20.20973895861103,24.313705
11.56979154971892,15.30522
3.5664419593547994,6.898213
0.1857967944886454,2.4638672
0.381953679468527,1.5904446
1.0481880630295244,1.6720657
3.103505194425784,2.0466013
4.0,2.693738
4.0,3.5872507
4.0,3.3706102
4.0,3.4119568
3.450307856480821,3.2703724
0.31546717989312434,3.1004267
1.4611045030626997,2.3416758
4.3671999999999995,2.4628
5.667718244488557,6.178823
11.424083945475685,10.430636
21.62986725711684,17.202108
29.734398312713303,26.238285
32.921875680713626,32.578682
36.66388318914413,34.505226
33.84650002613601,35.46
28.045691493647453,31.297617
25.59372433576473,25.574724
19.57441776810332,20.19033
9.432901859414034,11.6048975
6.0196000000000005,4.121503
4.0459,3.0108652
4.0,3.0891533
1.3458881792601236,3.1478329
1.121075900818422,2.7651634
4.0,2.3304214
4.0,2.8173122
4.0,3.089404
4.0,3.5409756
0.472738958611032,3.6337767
0.9838338326959235,2.599556
4.0,2.0840673
4.1836,3.7227373
6.5245,7.163326
9.4162,9.716101
12.9964,15.911646
19.1011,20.089602
27.454899999999995,23.9417
34.1563,28.163992
29.75083401093878,30.80598
28.2352,26.874645
22.72520367189722,23.71999
16.5766,17.80329
11.2063,11.447375
6.9376,5.790381
4.0459,3.5715618
4.0,3.4447956
4.0,3.6385794
4.0,3.9021149
4.0,4.0232363
4.0,3.9822016
4.0,4.0187445
4.0,4.0247345
4.0,4.173031
4.0,4.582733
4.0,4.5626554
4.2295,4.6888213
6.1573,6.347972
8.727699999999999,8.685837
15.1996,12.439122
20.3863,20.881
28.74905024728473,24.22232
31.631413217133186,29.316679
32.21371246123258,29.315243
28.3948827539391,28.93906
25.181508852396217,24.840631
18.70963372226785,20.074879
12.39334777361072,12.333894
7.1212,5.6003537
3.6846928475644134,3.328145
4.0,2.8151207
4.0,2.9981012
4.0,3.589243
4.0,3.8299751
4.0,3.8420744
4.0,3.7731867
4.0,3.6476212
4.0,4.2317963
4.0,3.7527266
0.0,3.6495762
4.1836,2.8313942
5.560600000000001,6.2514915
6.4786,10.779016
14.8783,10.579774
26.032,19.569069
26.4451,27.159523
17.547822963481764,26.626305
19.672359672335297,18.764961
24.959588391994565,25.092808
22.9108,23.632282
11.4817,13.063456
4.700216052069397,8.89406
3.435793460134514,5.56713
3.8969736041598395,2.7576027
4.0,2.5504856
4.0,3.054716
4.0,3.4116173
4.0,3.669407
4.0,3.836588
4.0,3.564291
4.0,3.3991737
4.0,3.2649393
4.0,2.9430647
4.0,2.9952726
4.1836,3.287446
5.698299999999999,4.343221
7.142282809347828,7.324539
10.079430910077544,9.774153
17.2651,13.14691
22.873175135332644,20.193512
30.455744375192573,29.009058
20.7535,27.168839
27.684399999999997,16.556374
23.9206,20.906147
15.5209,15.929256
7.0753,9.811199
0.5967000000000002,4.670254
0.0,2.264742
0.0,1.8393755
0.0,2.2072687
4.0,2.2097054
4.0,2.800765
4.0,2.9252186
4.0,2.999401
0.0,3.2650146
0.0,2.5988493
4.0,2.5308762
4.0,3.0040827
0.1836000000000002,3.4093924
6.2032,3.7212133
10.3342,6.404619
12.1702,13.470728
13.1341,17.624088
13.6849,19.754309
20.8453,21.24244
19.4683,20.881271
18.5044,18.762928
16.4848,15.873589
12.7669,12.269425
9.508,8.648984
4.3671999999999995,4.784772
0.0,3.154397
0.0,2.704235
4.0,2.774642
4.0,3.3325806
4.0,3.8338537
4.0,4.0172224
4.0,4.0153008
4.0,4.040783
4.0,4.1487417
4.0,4.2711344
4.0,4.267131
4.137700000000001,4.3380275
2.2097062632148923,4.2488556
4.380345223540594,6.9106045
9.241035814531903,12.489656
17.5797,17.950747
31.78001122101813,22.841242
31.815400000000004,29.084558
19.9732,25.200684
18.4585,19.840448
23.6452,18.398647
16.5766,14.495876
11.5735,8.236305
4.5508,4.3469887
4.0,3.6360435
4.0,3.6965551
4.0,3.6635132
4.0,3.6257362
4.0,3.4607115
4.0,3.1446743
4.0,2.7833529
4.0,2.9162827
4.0,3.1263695
4.0,3.4255114
4.0,3.714859
4.1836,3.7740002
5.377000000000001,3.1180668
8.865400000000001,5.720734
13.083586244047282,13.509997
20.33545022052224,20.750282
27.904572837923,25.829891
33.724952483061834,29.29344
34.262521352405955,31.654243
34.41867581433102,30.309395
24.462025182679383,23.871738
13.740595242447425,15.335613
7.889083373698045,8.641778
6.356595409374835,3.4075775
4.0,2.8813953
4.0,2.7819195
4.0,3.1991653
4.0,3.4338427
4.0,3.2664452
4.0,3.0603046
4.0,2.80056
4.0,3.3515654
4.0,3.2093077
4.0,3.4486809
4.0,3.8260193
4.275399999999999,4.17867
8.3146,6.207288
16.1176,10.641588
19.5993,19.275482
31.0351,24.45443
35.716899999999995,30.64884
38.83809999999999,32.68548
38.9758,32.18013
31.54,27.782936
25.9861,26.109268
19.0552,17.717144
10.4719,9.723291
6.295,3.9772577
4.0,3.1047564
4.0,2.8468351
4.0,3.215392
4.0,3.7723665
4.0,3.92453
4.0,3.900384
4.0,3.296608
0.0,2.7323027
4.0,2.3943691
4.0,2.837346
4.0,3.262271
4.275399999999999,3.4481945
8.5441,4.8559465
17.1274,11.980229
25.6189,23.137339
32.825199999999995,29.176077
34.753,33.37358
39.0676,35.028915
38.83809999999999,35.89489
33.8809,32.58513
25.6189,26.673298
17.311,15.592248
11.6653,9.985364
6.2032,4.6233416
4.0,3.0687094
4.0,3.3101282
4.0,3.6598759
4.0,3.7819014
4.0,3.913045
4.0,3.9633007
4.0,3.886323
4.0,3.27528
4.0,3.5911016
4.0,4.081108
4.0,4.16856
4.275399999999999,4.3821945
8.6359,6.8889036
17.448700000000002,14.83552
26.5828,25.536135
33.0088,31.380098
39.3889,36.463726
40.3987,38.95594
38.7004,38.50756
34.8302042030512,35.049446
27.1336,29.189472
17.035667827249473,18.503479
10.214795243224902,10.964588
5.836,4.394226
4.0,2.7103481
4.0,2.7485867
4.0,2.8317738
4.0,3.0208778
4.0,3.6927547
4.0,3.6878881
4.0,3.6684637
2.428373752796345,3.4742403
1.68484812179174,3.054698
1.68484812179174,2.682826
2.890157531155168,2.6780462
4.258345059161867,3.2206411
6.626871239554956,6.676895
14.996745001899644,14.428054
23.60101941511349,22.969131
29.93547380974426,30.022257
34.563669112194546,35.035873
36.761485708462224,36.89342
35.87849867518598,35.805344
33.59267937378786,32.642612
26.32510808677965,27.873802
17.146623092377144,20.0569
9.59414147473138,10.557919
4.972342513988672,3.6999893
1.1862217593651376,2.4095697
0.2715824906983997,2.1546097
0.08299047827919814,1.7401915
0.0,1.4799137
0.10336965079365079,1.1662359
1.0083660784571968,1.2634935
2.0055668384851835,1.9834204
4.0,2.2278652
4.0,3.1867943
4.0,3.7948189
4.0,4.104596
4.275399999999999,4.464768
8.865400000000001,8.476286
17.448700000000002,16.554333
26.4451,24.725796
33.9727,31.992144
35.441500000000005,36.47233
38.28799276898489,38.299446
38.2414,38.09317
35.2579,34.39309
30.346600000000002,28.960571
22.2682,21.96923
13.639,13.068379
6.2491,5.6431837
4.0,3.7235384
4.0,3.6095457
4.0,3.8063498
4.0,3.897892
4.0,4.0428705
4.0,4.135722
4.0,4.0768995
4.0,4.067341
4.0,3.983636
4.0,4.013029
4.0,4.05713
4.2295,4.2773676
8.8195,7.9169765
17.4028,16.385126
26.491,25.08323
32.549800000000005,32.30192
38.1496,38.043163
40.7659,40.371437
39.5266,39.455635
37.1857,35.36152
30.897400000000005,29.50954
23.0026,21.971363
13.9603,13.164989
6.2491,5.194713
4.0,2.6422853
4.0,2.7552462
4.0,2.8370295
4.0,3.311658
4.0,3.599203
4.0,3.8102112
4.0,3.8014517
4.0,3.7988157
4.0,3.7638884
4.0,3.6680822
4.0,3.7160158
4.2295,4.019369
8.4982,7.033061
16.3012,15.340506
26.123799999999996,25.219728
34.5694,33.011856
39.1594,37.26639
37.8283,39.08212
35.3497,35.474983
32.6416,31.695711
28.327000000000005,26.388618
20.524,19.651371
13.2718,11.008383
6.0655,4.5850616
4.0,3.2139397
4.0,3.1957512
4.0,3.286025
4.0,3.2780037
2.9607214148686065,3.1233072
4.0,2.8587694
4.0,2.9284859
4.0,3.144186
4.0,3.3411741
4.0,3.7486858
4.0,4.088829
4.2295,4.5017424
8.865400000000001,8.54613
17.1274,16.806904
26.2615,25.179577
34.477599999999995,33.08189
35.8087,37.947426
39.4348,39.487087
38.1955,38.904575
34.753,34.523643
29.7958,28.623602
21.5797,21.093956
12.9046,12.1371975
5.04017317653915,5.127987
2.355331427208302,3.5137424
0.7500254769650923,2.9710417
0.21257898008475884,2.541131
0.056667008614793346,1.9739609
0.03214193432623347,1.5762014
0.3476236339435328,1.4840517
1.7232952432249018,1.5339518
2.7579905191242347,1.9622335
1.1567170942076022,2.4552603
2.1361289641645183,2.359726
3.3709093816159363,2.4836311
4.1836,3.261815
6.704396362381402,5.5990534
9.096275742431574,12.666573
17.137194719018915,14.244903
30.615483940423154,27.165255
35.8993417010766,34.14269
39.31670486595564,37.910496
37.966,37.55717
34.294,34.566475
28.1434,28.679981
20.3863,20.356432
12.1243,11.891312
5.9737,5.066017
1.8520241029743456,3.4178047
0.5418723168895614,2.894
0.04663389032202225,2.3187246
0.0,1.6304293
0.15079365079365026,1.2045603
0.5209116931350106,1.330534
1.756771170268772,1.7921314
2.1417188779208765,2.3071995
1.798904950587831,2.6561403
0.7855804585452972,2.720623
1.2196957028222748,2.5203152
4.1836,2.8551683
7.138926245200416,7.2988276
13.429005306336023,15.128907
22.77045051627044,23.460503
32.13558405532413,30.218098
36.3136,35.953377
38.83809999999999,37.481773
37.3693,34.24166
35.2579,32.68914
30.1171,26.368889
21.2584,18.589252
12.9046,10.618905
5.7442,4.4341936
1.5298622566153615,3.0722618
0.48676360691743525,2.7467852
0.16377851129623622,2.2478552
0.13055488489842126,1.8382082
0.6182784225091531,1.6685143
1.3142099634239433,1.8906927
2.3380475827244727,2.3631382
1.4611045030626997,2.7507458
3.755063397632151,2.6869307
4.0,2.9667196
4.0,3.415225
4.1836,3.9972172
7.602074742829354,7.0407968
14.913514517915226,14.680376
25.6648,22.959133
34.2481,30.524553
39.6184,36.677208
41.638,40.208263
39.4348,39.96682
37.048,36.310596
30.2089,30.542738
21.3502,22.366962
12.5374,12.786627
5.6524,5.2327394
1.3180366183370555,3.4602642
0.34061438816037715,2.8528595
0.0,2.1835918
0.0038862222222224574,1.5461845
2.3380475827244727,1.2204609
4.0,2.1868448
4.0,2.8634653
4.0,2.9976263
4.0,2.843521
3.7671581298899195,2.7930822
4.0,3.0911684
4.1836,3.635335
5.771274066225603,5.897474
13.643808734778675,11.671581
22.75815259574859,21.263866
31.52790123886632,31.962132
36.83287235817218,38.079758
38.20323142720831,36.28232
39.10390931459023,37.48079
32.8711,34.710945
27.684399999999997,25.62369
21.4879,19.452063
8.606463457167298,10.93124
1.6644429934437657,3.999401
0.0011079704297252135,1.9776716
3.8089201858865316,1.482008
4.0,2.688509
4.0,3.3912268
4.0,3.5817184
4.0,3.5233622
4.0,3.4087448
4.0,3.3779068
2.999330952015553,3.3982515
0.134048253625755,3.2761612
4.0,2.4656096
0.405746450953119,3.3489132
4.222800000000001,5.6381516
12.7602,12.0451975
21.8484,21.636887
30.260518461367766,28.834513
32.16893804783384,34.42392
35.27025957008352,36.72801
34.683548777761494,36.57096
32.05302331026845,32.97188
27.9598,27.62559
21.1666,19.382744
11.826643858196146,11.045865
1.4229000000000003,4.494192
0.0,2.5217085
0.0,1.4523573
1.3613333519651807,1.2501106
4.0,2.1286726
4.0,3.1716585
2.782313288848096,3.4398193
3.1553910883993854,3.256176
3.513209737854856,3.0990038
2.7349481811669474,3.1252527
3.552711285768776,3.0631886
2.1956307835352717,3.1779842
0.6450128400134556,3.624817
4.810572316889561,6.345257
13.11342744502751,13.504536
22.033107970429725,21.65361
29.3087902042516,27.642338
32.454967199906825,33.286102
34.832719350149574,36.719383
29.584549190045124,35.726128
23.738568622392748,27.296955
18.51027117026877,23.032059
16.323802491444575,16.194176
8.438854474388538,9.41047
5.1934000000000005,3.5490122
2.0671959906134045,2.9377346
0.5484271764703799,2.8414602
0.48676360691743525,2.494648
1.554013130839376,2.0861044
1.8147886039536267,2.479167
0.8092895942569331,2.7613811
0.5557379491915455,2.4939308
1.0993189819429965,2.0972786
1.378775658015046,2.193018
1.27992678038264,2.3411827
1.116532319465577,2.4829216
3.9749952664459247,3.1162739
5.614905074031935,7.4195337
13.1643618333638,14.60458
22.507444850774505,22.09079
30.346600000000002,28.992079
25.73977966195422,29.947311
36.7267,34.898247
35.212,36.508816
33.5137,32.239967
29.428600000000003,29.154337
20.2486,21.424969
12.1702,12.1129675
5.4229,5.0579844
4.0,3.505519
4.0,3.3882694
2.7095536519376164,3.3285046
1.286570615349918,3.3059254
1.6230967376991021,2.9596891
1.1274469665728475,2.7820892
0.052870470799545544,2.5765896
1.7170411533192915,1.8359756
3.616214363112489,2.1965408
3.480400784886564,2.7904482
3.1909867087339485,3.1138916
4.137700000000001,3.5096083
8.5441,7.5797706
17.2651,15.515123
26.353299999999997,24.250431
32.825199999999995,31.665846
37.4152,37.44229
36.589,39.868156
36.0841,36.876854
33.376000000000005,34.35019
27.5467,27.902287
20.6617,20.256607
12.262,11.733401
5.4229,4.5919766
4.0,2.8726158
4.0,3.3410282
2.327696644172832,3.5145798
2.1652522904863094,3.2488737
2.787186214709049,2.9790478
4.0,2.9855642
4.0,3.3008194
4.0,3.598709
4.0,3.6340513
4.0,3.6456766
4.0,3.759575
4.137700000000001,4.193713
8.11441436311249,8.049683
15.021278358372186,15.96306
26.353299999999997,24.195444
33.5137,31.79331
37.3234,37.644226
38.05779999999999,39.67229
38.1037,38.967987
34.3399,34.60235
28.694200000000002,28.025362
20.5699,20.779251
11.9866,11.904708
5.285200000000001,4.798405
4.0,3.1460314
4.0,3.0976982
4.0,3.212494
4.0,3.5782795
3.251027849178927,3.7143984
4.0,3.4702473
3.5329421488287647,3.4573956
3.0606910450719997,3.3460941
3.069489303288499,3.129671
4.0,3.0334625
4.0,3.390747
4.137700000000001,4.1576033
8.4064,7.998514
17.0815,15.447069
26.2615,23.696844
33.9727,31.618597
39.3889,37.886105
41.3167,40.832012
40.1233,39.6798
36.3136,35.956093
29.5663,29.272888
20.7994,20.905964
11.8948,11.40811
5.2393,4.1161013
4.0,2.3844395
4.0,2.645275
4.0,2.7670708
4.0,2.9264326
4.0,3.0959558
4.0,3.1685562
4.0,3.4278078
4.0,3.533968
4.0,3.4041128
4.0,3.375432
4.0,3.5948372
4.137700000000001,4.3972096
8.3605,8.416791
17.035600000000002,16.013695
26.2156,24.407478
33.8809,32.255325
39.0676,38.357536
39.1135,40.59687
38.33319999999999,39.33454
34.6612,33.23393
28.8778,28.752213
21.2125,20.514725
12.0325,11.478218
5.1934000000000005,4.258403
4.0,2.2822456
4.0,2.4714994
4.0,2.9565344
4.0,3.4878082
4.0,3.721116
4.0,3.6152306
4.0,3.4756956
4.0,3.4584856
4.0,3.4611511
4.0,3.4990368
4.0,3.6916018
4.137700000000001,4.494228
8.3146,8.450176
17.035600000000002,16.100023
26.1697,24.734241
33.8809,32.649918
39.1594,38.68794
41.5462,41.20967
40.7659,40.43331
36.8185,36.609917
30.1171,30.098904
21.3961,21.844051
12.0784,12.596561
5.1475,5.020879
4.0,3.371213
4.0,3.4228048
4.0,3.4503832
2.4248795842797275,3.4547796
4.0,3.1735601
4.0,3.1304092
4.0,3.3127584
4.0,3.3238287
2.2374833615277545,3.19036
3.626834227006553,2.8745823
4.0,3.0081587
4.137700000000001,3.9257793
8.268699999999999,8.131657
16.8979,15.958818
26.032,24.584007
33.789100000000005,32.634315
39.0676,38.931465
41.4085,41.32647
40.4446,40.473732
36.4513,36.434494
29.749900000000004,29.968714
21.0289,21.715778
11.803,12.464847
5.0557,4.9979386
4.0,3.4656954
4.0,3.477623
4.0,3.5899658
4.0,3.6618328
4.0,3.7191286
4.0,3.7965431
4.0,3.814351
3.591034367890787,3.6675577
4.0,3.3149157
4.0,3.243104
4.0,3.3803034
4.091800000000001,3.923398
8.2228,8.123337
16.534833421376483,16.002232
26.1697,24.313953
33.8809,32.418633
39.2512,38.49472
41.638,41.09683
40.71999999999999,40.494602
36.6349,36.684395
29.749900000000004,30.248611
20.983,21.939491
11.6653,12.567263
4.9639,5.0860143
4.0,3.4918823
3.3670195812495045,3.4945211
4.0,3.4257088
4.0,3.4195862
4.0,3.5306015
4.0,3.705017
4.0,3.7603064
4.0,3.6939268
4.0,3.34937
4.0,3.1199684
4.0,3.376258
3.5879364277864045,3.8546839
5.938190640589797,6.872761
12.809007333016275,13.330853
21.76660506751104,21.12803
29.204214176420862,27.344618
34.29629252440571,31.970415
36.51307815628619,36.95715
35.179728110327495,37.03963
31.639790571629483,32.895054
22.481824430369148,26.450901
14.061934222222222,17.650185
7.0653030140741615,9.116026
1.3731684821051946,3.3576746
0.7896526250746358,2.2713795
0.0,2.137209
0.2969633717922573,1.5971537
0.5682325583037091,1.723834
1.478943531235485,2.0661182
2.477470441780353,2.4220734
3.7711927689848963,2.7190723
4.0,2.977189
4.0,3.2437658
4.0,3.478197
4.0,3.8123436
4.091800000000001,4.098999
7.185796415378801,6.7740326
16.1176,13.147001
24.8845,22.006626
32.2744,29.296732
35.9464,34.69625
37.8283,37.599167
37.048,36.667324
33.9268,33.883423
27.5008,28.122246
19.2388,20.640121
10.6555,12.165827
4.7803,5.2516885
4.0,3.5397654
4.0,3.3952723
4.0,3.431055
4.0,3.462513
4.0,3.4654999
4.0,3.3904848
4.0,3.348691
4.0,3.414338
4.0,3.4306288
4.0,3.4089327
4.0,3.5459442
3.875105846809104,4.2035284
5.4584361887411506,7.6249046
15.03988188358944,14.011453
24.9763,22.02539
32.1826,29.42904
34.51017621333134,34.849174
35.042495170903415,36.698647
33.399532846822346,35.851707
30.217851069765324,32.717873
23.68973792045101,27.168308
16.17497428114876,19.31615
7.6576045030627,10.209674
3.9292828093478285,3.893426
4.0,2.786561
1.8659162770036541,2.9688349
1.3613333519651807,2.9552498
1.7672736486060732,2.6676645
1.45714925589939,2.5691586
0.5101668495891563,2.5940151
0.054974628304719886,2.2127962
0.1888689489131412,1.5823917
4.0,1.35396
3.7550624230034924,2.6268492
3.5237292019517756,2.2700872
0.1450295130739434,3.5291882
3.1370460142833796,8.805016
9.5931,11.781935
20.43584314913723,20.354652
27.048193650793657,27.218254
29.36995026857651,28.191284
27.685284475995072,28.46862
21.01650820788224,26.722256
21.0681,22.492733
10.8324,19.61938
7.764429513073943,11.206144
4.951685206052457,6.189852
2.002551086665747,2.8594637
1.286570615349918,2.4402218
1.121075900818422,2.6739292
2.1506739537111006,2.6585665
2.355331427208302,2.83002
4.0,2.9087868
4.0,3.3500805
4.0,3.3312502
4.0,3.0844278
4.0,3.0894108
3.0230758143310155,3.0524387
4.0,3.0779018
0.29272672056363547,3.2872143
3.3965999999999994,6.0367975
11.1996,11.650508
19.166223092377145,19.914335
25.749900000000004,25.385857
32.114948644863915,31.423185
34.1955,34.31325
32.2677,33.924786
27.4482,27.00567
23.9665,22.663881
11.346292524405708,12.534541
5.42519252440571,6.57318
0.8394627272573434,2.2311125
0.5309996814941584,1.5121536
0.7500254769650923,1.6343021
0.6649354127734295,1.956522
4.0,1.9785719
4.0,3.021183
4.0,3.777649
4.0,3.8189964
2.191121822505819,3.5948381
0.46299351274968004,2.9084234
4.0,2.0356264
1.823277645925062,3.1172562
0.04589999999999961,3.476983
3.2589000000000006,4.5829835
12.201355773966508,10.971615
20.398956070560235,20.477715
28.94193595035884,26.349277
33.179113130839376,31.44871
36.1063361340246,30.444904
32.58361935014957,32.23297
24.56647434444704,26.625568
21.36430708542761,20.623104
17.045028884583427,15.276172
7.67325229048631,7.2765613
4.5049,3.210413
1.27992678038264,2.9738588
1.317079785808513,2.6587257
4.0,2.2714825
4.0,2.8415346
4.0,3.3560495
2.930943088194997,3.6211042
2.0971248253569374,3.0757408
2.088242675779915,2.7182436
4.0,2.4674683
3.3773946712975285,3.044159
4.0,3.1199217
3.974187882795949,3.4452753
4.216065296433628,5.7320156
12.179928098583424,11.300666
20.768408366015407,19.064785
27.76993085147392,25.920265
31.264668270678044,26.570087
32.5527100685308,31.05147
30.96883818093844,30.194857
27.347281999167308,27.855509
22.964877058604404,21.956947
15.9507082455754,15.210202
6.293637920451007,7.32461
1.504483189144132,3.211606
1.2534629967443376,2.281497
1.9358757424315751,2.2787542
1.5701815775288335,2.3859892
0.8249411284347179,2.4856424
0.9439442038670389,2.034768
1.5540136805536147,1.7556782
4.0,1.9976664
0.7173545242323609,2.7306366
0.28057612405151744,2.179099
0.0,1.5114756
1.1815961307256657,1.068183
0.6119217118456728,2.0407162
3.90895946768026,5.4911366
11.939416630216078,12.08865
22.75784293668629,20.990833
31.815400000000004,28.183285
37.048,34.286736
37.3693,37.097633
36.589,36.615334
31.6318,33.10428
25.2517,26.30949
17.861800000000002,18.425425
9.7375,9.47442
4.5049,4.041831
4.0,3.3046875
4.0,3.3012857
4.0,3.5643702
4.0,3.6935654
4.0,3.8026648
4.0,3.7745
4.0,3.785718
4.0,3.798379
4.0,3.7919579
4.0,3.6911373
4.0,3.7370148
4.0459,4.3709574
7.5343,7.691881
15.7045,14.283485
24.5632,22.731058
31.815400000000004,30.429073
35.5792,36.150623
31.85668624404728,36.925735
32.52304696657285,35.68508
30.10184364182912,31.834478
24.082891045072,25.581964
17.6323,17.297745
9.245630105700812,8.624416
4.459,3.8735237
1.458137557529751,3.0884647
0.8490080950969787,2.6387863
2.246566008175906,2.2165604
0.4755342222222225,2.485652
4.0,2.200451
0.0,3.7272663
3.638792847564412,2.0014305
0.8274207787042673,2.7721262
0.0,2.3509283
0.006348979943203048,1.4218521
1.189926882625329,1.4296522
0.4226132253550361,3.126791
3.470180355194797,5.751143
9.38083375268196,10.090132
5.1362116214129285,14.682492
9.199933832695924,14.795289
12.2161,18.216887
3.991866078457196,19.77198
10.901421414868608,15.244863
6.2491,13.970382
11.236763397632153,10.995072
5.2548896375423055,9.73693
7.5802,6.7706704
4.4131,4.6368756
4.0,3.5854015
4.0,3.6720753
4.0,3.7130299
4.0,3.7258701
4.0,3.8640146
4.0,3.5724068
1.0277742824696947,3.177372
0.42867949585762055,2.6855516
3.747005967936067,1.5615034
4.0,2.3295212
4.0,2.8379803
4.0459,3.2374344
6.6163,4.4017086
10.1506,8.6868725
20.7535,16.29477
25.9402,26.961018
28.570094477318086,30.762926
30.961660455502333,30.59297
30.87306907760781,30.226591
29.576196737699107,27.818544
23.4616,21.308489
13.938985338237758,14.177628
7.6261,6.717296
1.421080644121698,3.6159506
4.0,2.7520971
4.0,3.56425
3.2677011468960515,3.746914
0.5101666567891829,3.4371672
1.4344756807136232,2.6522398
1.9521388564488582,2.5501022
1.526851305477166,2.5399218
3.083332698502284,2.5489454
4.0,2.796956
3.6640831121531097,3.2474852
1.68484812179174,3.1180372
0.7727705018794442,2.8867264
2.759218384354364,3.758852
7.445152625074636,7.9683604
15.7450197803211,16.816343
22.13456700861479,23.64832
26.8515,24.698448
26.9892,27.574184
18.6599902042516,24.964506
17.448700000000002,20.043894
18.30747621333134,16.254517
14.632081541099344,14.714376
7.570647582724472,8.32786
4.3213,3.5627089
4.0,3.5230436
4.0,3.8271723
3.480400784886564,3.9779491
1.7232952432249018,3.8218927
4.0,3.377221
4.0,3.4889345
4.0,3.6977425
4.0,3.8142862
4.0,3.8019257
4.0,3.661562
4.0,3.721095
4.0459,4.1202965
6.67768846996367,6.9292955
12.363136537671595,13.289183
23.09853928554533,20.777622
28.418800000000005,27.227427
33.8809,31.787527
36.3136,34.395313
34.94360288339306,33.214558
31.723600000000005,30.474375
25.4812,24.598438
17.4028,16.934605
9.3244,8.474278
4.3213,4.501832
4.0,3.9917278
4.0,3.9815674
4.0,3.7784843
4.0,3.737197
4.0,3.8109818
4.0,4.059844
4.0,4.117197
4.0,4.151807
4.0,4.143446
4.0,4.1203566
4.0,4.0686855
4.0459,4.308627
7.3507,6.7371616
13.804283361527755,13.795764
21.10867548766371,21.74195
29.037473733409044,28.694824
34.19868859496001,34.5512
34.99736249284997,36.871357
33.98229036714017,35.0604
29.755618461367767,30.765469
23.42381932867162,24.401463
15.642478725582151,16.165916
9.2326,7.5315914
4.3213,3.7398958
4.0,3.598713
1.8873532468922711,3.731556
1.0233531215986513,3.291356
0.17755026857651046,2.6452074
0.20256755679682925,2.0054045
0.23125022052224153,1.6718245
0.7468184613677646,1.6051683
1.68484812179174,1.8891506
2.5718651700778654,2.3535204
3.616214363112489,2.7627172
4.0,3.1331387
4.0,3.8946447
7.1671,6.7490983
15.0619,13.462392
20.788628821965617,21.616016
28.792423054388408,28.436241
27.688620558461,32.579315
32.783748136467445,33.48018
31.71031368055361,33.169895
27.98841179093492,28.82093
23.737,22.490955
16.622500000000002,14.959376
8.066691088399386,7.6954427
4.275399999999999,4.1036367
4.0,3.5436964
4.0,3.781621
4.0,3.955717
4.0,4.0088778
4.0,4.034466
4.0,4.0343466
4.0,3.9419336
4.0,3.7565775
4.0,3.5819845
4.0,3.6153955
4.0,3.7861948
4.0,4.182269
7.1671,6.6969585
13.763642881935256,13.67527
20.59159724797895,21.758253
28.540296289697075,28.534546
34.23197872558215,34.41256
36.719446208622365,37.27131
37.2775,36.0266
33.0088,32.051
26.032,25.91204
17.448700000000002,17.861055
8.9113,8.943586
4.2295,4.4347444
4.0,3.8089952
4.0,3.7801619
4.0,3.9717493
4.0,4.1241703
4.0,4.198208
4.0,4.209715
4.0,4.1674423
4.0,4.0978994
4.0,3.9951067
4.0,3.9167614
1.4187693594022193,3.8625813
1.0993189819429965,3.7350035
3.910852625074636,5.478666
11.878981999167303,11.814268
20.113192524405708,20.225937
27.59771417642086,27.119717
32.73211663021608,32.928085
34.79573415002921,36.18473
33.57446337179226,35.728004
29.259863371792264,31.936035
22.458838958611032,25.109127
14.301824027451104,16.093061
5.796069448143608,7.3006325
1.1188112210181274,3.316186
0.23296762657816927,2.4448442
0.0,2.037013
0.009558406086320304,1.585103
0.14465195105194795,1.4467068
0.8893112210181275,1.6566696
1.615941118142361,2.151435
1.7546725348143415,2.5725565
2.4400352857576504,2.760085
4.0,2.8938122
4.0,3.4191227
4.0,3.8404713
2.4248795842797275,4.0882053
4.137762765798506,5.7909346
11.292336733034446,11.60445
20.013507970429725,19.697605
27.741508862395975,26.694164
33.076526133142494,32.778046
35.206557890341536,35.816116
33.987562492849975,35.220627
29.61934584664965,31.30342
22.68381576987557,24.635815
13.92154584664965,15.993207
5.050028900092961,7.119503
0.4040503332614662,3.1325283
0.04828576888315794,2.0837774
0.0,1.611023
0.01686021108725555,1.3571205
0.0,1.3054638
0.0,1.1121826
0.0,0.9873018
0.005289902006266445,0.7952528
0.06394817247411133,0.89605904
0.01686021108725555,1.0139341
0.0,1.0028753
0.453308207882241,0.93433094
0.11243957521471692,1.9030819
3.0959395752147163,4.0445538
11.171438860906548,9.836066
19.834089902006266,18.735268
27.303051653094684,25.751017
32.72651741034623,31.606836
34.86695452423236,35.055336
33.58866506794194,34.78234
29.38133780182244,31.013773
22.823681811024432,24.317303
14.340249050924845,15.918279
5.4674378018224425,7.2741256
1.555583945475684,3.497223
0.1385700213197758,2.6371384
0.03411377688777506,1.9990683
0.5158891535943226,1.5110941
0.6618446307606494,1.6123714
0.0,1.7893019
0.043762932702751556,1.2769804
0.7444161432499321,1.2743549
1.1056508261903968,1.7636032
2.9000272848587905,2.1270657
4.0,2.718564
4.0,3.3530579
4.0,3.9283342
6.482399465670009,5.9420977
13.35577044178035,11.924092
20.075237223495883,20.321796
27.50155946768026,27.273201
32.88304320462459,32.981895
34.95498276443671,36.004364
33.78448624404728,35.224964
29.598321759365135,31.19834
22.90022850988365,24.462051
14.845115166902309,15.857531
7.385782591731573,7.273622
3.1021509523958226,3.8040247
2.5718651700778654,3.2101107
1.4888834166604177,3.1444206
0.8348738097442592,3.0094433
0.45745169917099915,2.6408005
0.39912744502750996,2.244197
0.2733746621216113,2.0243406
0.25149320886067095,1.8238792
0.4678588255476548,1.6699772
1.1788232893760213,1.8293438
3.069489303288499,2.2178192
4.0,2.8737726
4.0,3.9713364
6.252820691706367,6.2475967
12.698718877920877,12.059064
19.45183087220197,20.313984
26.891316264760967,27.130264
32.595767827249475,32.833267
34.32487930287615,36.09845
33.160430031558526,35.30749
28.909300744731205,31.22974
21.95817428246969,24.449974
13.909830473450487,15.719824
6.297398937056677,7.0967813
2.3559222222222225,3.6610212
1.9131829339154116,3.0098467
1.8648468402794318,2.890893
1.6807088523962133,2.9186573
2.7325262452004164,2.8685741
2.3495657480711696,3.0976515
2.1866154399209563,3.1600971
2.495081774293597,3.0559254
2.3196559903333096,3.0133781
2.074941969918722,2.9309206
1.9131829339154116,2.8213568
2.0352054545998826,2.8037853
3.7940832430095632,3.0403538
6.304429832011854,5.3477497
11.835493460134517,11.6639185
19.26596490184468,19.903168
26.48526911219454,26.69172
31.263325830277665,32.400787
32.4972,35.212967
30.477600000000002,33.892937
25.9794,28.910755
20.105136733034445,22.249363
12.572528821965614,14.336627
3.9474,6.4290624
0.34446345716729887,2.6737108
0.02592309237714474,1.7635412
0.10526577136318416,1.6086779
0.5016191250027244,1.6864567
0.30556005865100566,2.036147
0.1674596778010784,2.0614424
0.13605372958804018,1.8807201
0.012451257320153175,1.6953897
0.0,1.446826
0.0,1.1645737
0.0,1.2167759
0.08435165309468573,1.3121862
0.016489635982223305,1.9773312
2.6622000000000003,3.683549
10.306190204251594,9.118401
18.819,17.27671
26.0253,24.077032
30.890700000000002,29.841164
31.303800000000003,32.63789
29.789100000000005,30.917942
25.37974729019104,26.873123
20.260214213960857,21.025417
14.4193,14.097158
3.5993969418988705,6.618728
0.14216209623804588,3.1609125
0.47623375268196,1.7163534
1.2610061834055895,1.7539845
1.8010205584609977,2.3927126
1.040184699087936,2.8266087
0.6380390790820112,2.7218742
0.16377851129623622,2.3541012
0.009558406086320304,1.8970032
0.03371834021066178,1.3935871
0.0,1.1940413
0.08662963708186311,0.74002457
0.12708244127014723,1.1313276
0.03371834021066178,1.9162188
2.5703999999999994,3.912489
10.190143983870865,8.563903
18.66286475605069,17.290066
26.18167910655871,24.241348
31.879535950358843,29.851494
32.60020553662155,32.488956
32.43959108839938,31.73593
27.89665622691308,28.16495
21.386509314590228,22.32288
13.81307729691413,14.388802
7.4425,6.7330427
3.54210785648082,3.856018
2.1060193501495714,3.3136568
1.6734723581721838,2.907011
1.399215005135808,2.612033
1.764120762182623,2.419176
3.4961364277864053,2.410284
2.783532000998246,2.6765642
2.685439595587125,2.7207546
2.3415004639830688,2.6710243
2.392341701076603,2.572301
2.277309094748924,2.5932808
4.0,2.6068869
4.0,3.1837196
3.104309963423942,4.945651
8.370660211087255,9.177893
17.748793568507942,16.938526
25.70531993603392,24.535248
31.00347201778235,30.268408
26.037099028137106,32.332127
27.216725131208303,28.972462
25.497160500396355,25.765198
18.702908366015407,21.052212
11.616750826190398,13.286576
3.476218340210661,5.874967
1.102110452012763,2.9117594
1.7546725348143415,2.3864489
1.70040060215325,2.8296375
2.3380475827244727,2.8598375
0.360470497655653,2.9769382
0.04828576888315794,2.4274883
0.0,1.6898212
0.20700185941403504,1.0261726
0.15543886090654802,1.1864071
0.0,1.2239571
0.0,0.8766422
0.0,0.9717159
0.0,1.6577711
2.2682968796131533,3.9063435
9.58254010369308,9.570448
18.13349154971892,17.790749
25.467770497655653,25.283665
30.639472081422653,30.846407
28.080605261522145,33.576485
29.85227123955496,31.006556
24.92053981334777,29.160841
22.13455499215944,22.147284
14.7865,14.645827
7.4884,6.930773
4.0459,4.17243
4.0,3.7418985
4.0,3.8437338
4.0,4.025896
4.0,4.053068
4.0,4.031129
4.0,3.95302
4.0,3.9014587
4.0,3.8993883
4.0,3.8538504
4.0,3.8243608
4.0,3.8748055
4.0,4.1908846
6.4327000000000005,6.333567
14.0062,12.231731
19.61196944814361,20.555576
27.27224370342641,27.69434
34.7071,33.714622
33.95542873452322,37.09463
31.7864902630784,35.76924
29.390534224295223,31.618689
23.8893372591742,25.02563
15.5209,16.451944
7.5802,7.8988004
4.0459,4.329438
4.0,3.8847866
2.026409164103695,3.941104
0.9250494142757493,3.6858578
1.167753385448087,3.028616
2.218222222222222,2.7342958
2.0055668384851835,2.9096613
1.0939007447311937,2.9251442
1.6807088523962133,2.612462
3.7228687508663114,2.567995
3.0606910450719997,2.9782124
4.0,3.213358
4.0,3.980198
6.3868,6.735801
11.541972358172185,12.686273
18.564453990357663,20.370462
25.728772684514592,26.94894
30.66946862239275,32.5868
32.67877466212161,35.694046
31.5067341983882,35.061893
27.292997247978946,30.884857
21.0100740662256,23.711277
13.319075742431576,15.016759
5.207671719496661,6.6722627
0.36635340434600394,3.634758
0.0,2.5411196
0.2427627816344824,1.6246271
0.530277343966171,1.697773
0.37019154971891943,1.975975
0.8027272812342883,1.8937836
2.346107300730017,2.082242
4.0,2.5886545
4.0,3.1390057
4.0,3.2621965
2.6386214320648502,3.230874
1.8073709366978044,3.0970287
0.6649354127734295,3.1305084
2.3213531254623962,4.6614804
9.791338347693474,9.772444
18.1764,18.423822
25.4286,25.361084
30.294000000000004,30.49737
32.142451257320154,32.530605
31.149722969934658,32.59298
27.27327380974426,29.282228
20.91350996342394,23.052912
12.230030031558522,14.821651
4.260379302876153,6.520215
3.4753232833810035,3.294859
2.903731889472814,2.8800907
0.7945479060664624,2.924716
0.7685478855506354,2.5278835
0.6921671999068248,2.1843119
0.44025957130674165,1.995595
0.5711846554680307,1.8471489
0.7173545242323609,1.7295628
1.5864039371000196,1.7607346
4.0,2.137949
4.0,2.8226023
4.0,3.2539282
4.0,3.5941362
6.295,5.5224833
12.819817644678162,10.638528
18.67457049765565,18.611458
25.972670497655656,25.251526
30.683193208860672,30.878119
32.292472684514586,33.618095
31.20918651169915,32.613823
27.53614749926541,29.019432
21.535904950587827,23.28836
13.025405261522144,15.552469
3.3048,7.227896
0.3782825507305212,3.0999746
1.3180366183370555,2.0173683
0.8027272812342883,2.2131977
0.481841331667038,2.252859
0.7532370042897494,2.0627317
2.277309094748924,1.9620638
3.996647525553593,2.275444
4.0,2.8456278
4.0,2.8929348
3.587063286237223,2.9964333
2.218222222222222,2.9959726
1.6323124647666472,2.8237534
2.0561472707766857,2.963457
3.853993650793651,4.663609
11.77561311093051,9.512764
18.68031269040856,17.905678
24.82365259574859,24.147661
28.671833351965184,28.314573
27.677924955263848,26.777548
22.868041900967,24.36832
15.4291,19.793064
10.1965,14.421456
7.0753,8.091002
4.6885,4.3922386
4.0,3.4647923
4.0,3.1912851
4.0,3.4220037
4.0,3.6632614
4.0,3.6564426
4.0,3.4689684
3.2677011468960515,3.3646536
2.145076014493924,3.1288967
1.2751883919945666,2.6623116
0.0,2.1821022
0.36111626476097314,1.2865639
0.06698755079125718,1.3818779
0.13005759912301862,1.623415
1.3228525957485875,2.9276276
4.012544630760649,5.6909113
6.189754474388537,9.712799
12.81403148974212,13.706585
13.607253990357666,18.909565
7.133197603982224,18.736378
13.40943346334096,16.24786
13.559241153319292,15.495411
12.288434839472853,12.115517
9.521594477318086,8.546558
4.943203312633179,4.8175073
3.0230758143310155,3.1876087
4.0,3.1200857
4.0,3.4798622
4.0,3.6041794
1.149377120074103,3.5352945
1.7347787255821512,2.9590616
0.7701650679419352,2.5432339
0.03214193432623347,2.1823301
0.0,1.5291424
0.360470497655653,1.2261705
1.3953142139608605,1.5678072
1.478943531235485,2.1611261
1.651822427950222,2.7248049
3.5601039371000205,4.8781514
9.452119125002724,10.303604
18.233681811024432,19.482162
27.5926,25.068287
31.362615377098138,32.47213
31.269421056279434,34.23697
29.911132846822348,32.006943
21.47118199184219,25.567364
15.553513680553614,17.869604
8.44874565079365,11.060089
3.0534664071201263,4.8594556
1.8648468402794318,2.8168755
2.452882862859923,2.3308039
0.8977805133627879,2.6092882
0.30556005865100566,2.3948994
0.804366407120126,1.9366999
1.2922738690825177,1.931365
4.0,2.0278292
3.405976842195807,2.4475794
4.0,2.4767828
4.0,2.5516062
4.0,2.7067766
1.764120762182623,2.700306
0.5273901931372169,2.5349512
1.1302267022398418,2.9283981
2.6622000000000003,5.053943
8.5374,8.5391655
13.44656293270275,13.992775
14.723238842320926,19.616087
11.677488070476103,20.156528
9.043619936033917,17.80031
7.62012724731988,14.869277
4.76851355916033,11.524142
3.2424566776781436,7.1025734
1.0754299916342411,3.6283798
0.588992640350277,2.1248198
1.5540136805536147,2.1077223
3.6228505768999604,2.2488804
2.1674979458604167,2.955987
2.061669151830511,2.9173765
4.0,2.5980825
3.3553614671012166,2.9029655
1.4099592968095855,2.9621
1.6879552737311112,2.4702444
1.2047818110244322,2.2374945
0.3374415362933849,2.069808
0.3578905235509531,1.6980562
0.38392426152813997,1.6883392
2.005938180938438,2.7066488
7.537743531235484,5.916157
13.015512464766648,11.568563
19.484027281234287,21.871807
22.644279495857617,27.849506
26.237142295612923,29.206936
26.082675997050668,28.574696
21.619627320417028,22.806028
18.164596361582777,18.380674
11.545686326675654,13.141531
4.12939365079365,5.582422
1.9337105432877255,3.2304535
2.6314425139886737,2.7758455
4.0,3.042056
4.0,3.6027164
4.0,4.067816
4.0,4.2344303
4.0,4.078103
4.0,3.7408133
4.0,3.7311392
4.0,3.7394533
4.0,3.7037287
4.0,3.885559
4.0,4.1650677
5.698299999999999,6.353977
11.45989365079365,11.87886
17.958201243059687,19.166645
25.369047880675453,26.26955
32.24062645998132,31.218273
34.8448,33.6267
33.4219,32.630104
28.8778,28.73429
22.2223,22.632954
14.098,14.529918
6.7081,6.6580315
4.0,4.095213
4.0,3.8098125
4.0,3.8316755
4.0,3.9324799
4.0,4.030156
4.0,4.0508623
4.0,3.9051447
4.0,3.8865643
4.0,3.985489
4.0,3.9711876
4.0,3.9267607
4.0,3.9383526
4.0,4.1776543
5.790099999999999,6.4919844
12.6751,12.451823
19.62880611007104,20.58313
25.80312641987534,27.181955
32.7793,32.601616
34.615300000000005,35.68495
33.2842,35.126263
29.015500000000003,30.830421
22.2682,23.89991
14.098,15.47554
6.6163,7.0599575
4.0,4.0506306
4.0,3.7452736
4.0,3.6743116
4.0,3.6469946
4.0,3.6613894
4.0,3.6021328
4.0,3.54177
4.0,3.2752628
4.0,3.140129
4.0,3.0548573
4.0,3.0424185
4.0,3.2526379
4.0,3.8595877
5.790099999999999,6.6656766
12.8587,12.9119005
21.2125,20.82906
26.85036969892326,28.16595
31.97593200099825,33.978794
35.0743,36.71884
33.7432,35.978786
29.3827,31.879547
22.5895,24.748522
14.2357,15.55364
6.6622,6.6500106
4.0,3.7689104
4.0,3.6523056
4.0,3.739007
1.0375217291101464,3.6228123
0.7758332580427698,2.8004532
0.0,2.1387796
0.0,1.369834
0.0,0.71016884
0.31546717989312434,0.4434929
1.2412353818974946,0.733572
4.0,1.1145802
4.0,2.0396929
4.0,2.7310143
5.377000000000001,5.429387
10.9309,10.527507
18.2749,18.815245
22.846413776887776,25.653898
28.652682550730525,29.801445
29.40527119229065,32.251713
32.3662,30.962065
27.5008,28.080418
21.2125,21.66452
13.3636,13.371809
6.3868,5.859766
4.0,3.7182474
4.0,3.4586592
4.0,3.5561304
4.0,3.5753374
4.0,3.5528297
4.0,3.4554262
4.0,3.2097788
3.376096415378802,2.958846
3.501386388631241,2.77668
4.0,2.6512547
4.0,3.1726198
2.1776118153012423,3.4422712
1.4541853382377585,3.4657307
2.728353385448086,4.792354
9.816013130839377,9.110943
16.57165022052224,17.283092
23.581488101431862,23.896183
29.054207027176048,29.093323
32.323441900967,31.812958
28.923700000000004,31.066376
24.9763,26.74121
19.7437,20.051466
13.0423,12.014325
6.3409,5.465963
4.0,3.700616
4.0,3.261034
4.0,2.9103403
4.0,2.8674889
4.0,3.038269
4.0,3.0767937
4.0,3.3071108
4.0,2.9832878
4.0,2.8574533
4.0,2.7808695
4.0,2.8083944
4.0,2.9561377
4.0,3.381999
5.6524,5.8190384
12.8128,11.837518
21.3961,20.376797
28.6483,27.662125
33.2842,33.672653
35.1202,36.701653
33.7432,35.892323
29.3827,31.61342
22.4059,24.650568
14.0062,15.85555
6.4327000000000005,7.1898274
4.0,4.275157
4.0,3.964571
4.0,3.8680859
4.0,3.7699308
4.0,3.4733963
4.0,3.372837
4.0,3.384038
4.0,3.4007397
4.0,3.5408678
4.0,3.6261234
4.0,3.7146912
4.0,3.8801632
4.0,4.2719555
5.560600000000001,6.659856
12.4915,12.749776
20.9371,20.945763
27.871626759805643,28.250559
33.0088,33.940014
34.7071,36.59619
33.376000000000005,35.57595
28.9696,31.182558
22.1305,24.220379
13.8226,15.427553
6.3409,7.0300846
4.0,4.386717
4.0,3.8943682
4.0,3.7946587
4.0,3.8282948
4.0,3.8880672
4.0,3.9393349
4.0,3.9136963
4.0,3.7809858
4.0,3.7880592
4.0,3.704114
4.0,3.772026
4.0,3.9789953
4.0,4.478372
5.5147,6.345006
12.5374,11.711442
19.646665170077867,19.93546
25.78593925030333,27.03035
33.18117360415984,32.834785
35.028400000000005,35.9384
33.5596,35.157284
29.0614,30.832771
22.1764,23.88359
13.7767,15.208689
6.295,6.969531
4.0,4.436799
4.0,4.054473
4.0,4.0302916
4.0,4.1045494
4.0,4.1438513
4.0,4.13612
4.0,4.135436
4.0,4.052164
4.0,4.0139284
4.0,4.0437546
4.0,4.1025114
4.0,4.17367
4.0,4.487052
5.468800000000001,6.2017984
12.262,11.681927
18.76087533792253,19.96816
24.76178004084928,26.669308
32.5957,32.246708
34.4317,35.708664
33.0547,35.108467
28.694200000000002,30.771563
21.8092,23.762897
13.5472,15.011789
6.2032,6.8522787
4.0,4.299863
4.0,3.8957663
4.0,3.804326
4.0,3.83805
4.0,3.9128933
4.0,3.9851503
4.0,3.9680119
4.0,3.9557562
4.0,4.013547
4.0,4.0494766
4.0,4.0607634
4.0,4.1371317
4.0,4.361365
5.377000000000001,5.945863
12.0784,10.955466
17.718719531178234,18.772493
23.93628047998822,25.253368
29.277195115919632,30.484838
32.522059135033395,33.703487
32.66850714137287,33.43344
28.418800000000005,29.255514
21.4879,21.375149
13.2718,12.905368
6.153947525553595,5.860615
3.682754029873694,3.7871847
3.1439765612601107,3.3078098
3.501386388631241,3.3171072
4.0,3.4029274
4.0,3.5055838
2.999330952015553,3.5996485
2.308185740864035,3.3200245
2.452882862859923,2.927638
4.0,2.8063812
4.0,3.2990808
4.0,3.7456188
4.0,3.9639225
4.0,4.4146237
5.3311,5.980646
11.8948,10.936455
20.2027,18.955723
24.62504968798761,25.892715
30.660070441780356,31.171486
33.9268,34.108727
32.5957,33.73173
28.327000000000005,29.94969
21.5338,23.430351
13.3177,14.859757
6.1114,6.765844
4.0,4.3230066
4.0,4.0139713
4.0,3.9716892
4.0,4.0264177
4.0,3.9802513
4.0,3.880252
4.0,3.7658129
4.0,3.7221794
4.0,3.936697
4.0,4.084284
4.0,4.10795
4.0,4.145174
4.0,4.495675
5.2393,6.233286
11.7112,11.355736
19.8814,19.346664
26.340376059986966,26.62975
31.723600000000005,32.308712
33.5137,35.3457
32.1826,34.798954
27.913899999999998,30.628973
21.2125,23.706364
13.1341,14.965073
6.0196000000000005,6.7261596
4.0,4.299181
4.0,4.09221
4.0,4.0874157
4.0,4.1013517
4.0,4.016595
2.1506739537111006,3.8551073
4.0,3.4304495
4.0,3.5339537
4.0,3.8950882
4.0,4.0188284
4.0,3.9646816
4.0,4.0058355
4.0,4.4674397
5.1934000000000005,5.9649234
11.5735,11.051555
18.614150700283787,19.1613
23.85248469908794,25.955061
31.24279365079365,31.208895
33.376000000000005,34.344807
32.0449,33.773136
27.8221,29.68647
21.1207,22.82763
13.0423,14.184677
6.0196000000000005,6.559387
4.0,4.519024
4.0,4.2029486
4.0,4.1487226
4.0,4.1858664
4.0,4.1475525
4.0,4.084278
4.0,4.0504646
4.0,4.059273
4.0,4.144084
4.0,4.1383133
4.0,4.0719194
4.0,4.1277905
4.0,4.469738
5.1475,6.1073647
11.4358,11.053665
18.036396908165152,18.850063
23.741601243059684,25.399384
29.597930783535276,30.610415
33.238299999999995,33.692238
31.907200000000003,33.3413
27.6385,29.424839
20.9371,22.78367
12.9046,14.298108
5.9278,6.6279035
4.0,4.486323
4.0,4.0942574
4.0,4.100257
4.0,4.1756363
4.0,4.2007856
4.0,4.202713
4.0,4.2308025
4.0,4.2095747
4.0,4.23645
4.0,4.1933517
4.0,4.0638313
4.0,3.922245
4.0,4.100705
5.1016,5.739054
11.344,10.822749
19.4683,18.774172
23.76162328937602,25.474413
29.27713830872002,30.765842
32.08132458524106,33.72363
31.907200000000003,33.148907
27.6385,29.375093
20.9371,22.968666
12.8587,14.498463
5.881899999999999,6.744924
4.0,4.58444
4.0,4.1785593
4.0,4.140272
4.0,4.119197
4.0,4.114955
4.0,4.15814
4.0,4.293352
4.0,4.254321
4.0,4.0763493
3.3049924551002707,3.8847332
3.272835423974305,3.5385103
4.0,3.4444818
4.0,3.820242
5.0557,5.4868307
11.2063,10.538848
19.2847,18.56146
24.214937814473128,25.488964
30.399735423974306,30.840681
32.962900000000005,33.86243
31.6777,33.673103
27.454899999999995,30.056229
20.7535,23.459812
12.7669,14.947802
5.881899999999999,6.9519806
4.0,4.6263475
4.0,4.297532
4.0,4.25531
4.0,4.306687
4.0,4.3179603
4.0,4.2798643
4.0,4.2866125
4.0,4.3931794
4.0,4.3625383
4.0,4.2288246
4.0,4.120816
4.0,4.182581
4.0,4.385736
5.0098,5.775551
11.0686,10.359198
19.0093,17.9074
22.749802491444576,24.736647
27.26441741034623,29.827501
29.945114213960863,32.534653
29.09212716638912,32.399174
24.522175680713623,28.761757
17.615581541099345,21.849209
9.774880644121698,12.878413
3.0652883919945655,5.7827215
0.9370595700835178,3.8214846
0.1764812387034933,3.1638966
0.09214398387086398,2.424448
0.052870470799545544,1.8672237
0.0,1.6056862
0.0,1.2472181
0.041322285558621275,1.1782866
0.24799116354398798,1.3465605
0.27098565079365144,1.6467056
0.42055946768026153,1.8232183
1.121075900818422,1.9909277
0.06524784289432972,2.5081272
0.44025957130674165,2.5737019
2.591090810896466,3.8867426
9.420467257116837,8.037648
16.845483940423147,15.749939
22.160772316889563,22.92459
27.3946007447312,28.232796
30.25829794586042,31.07755
29.736725755418185,31.204618
25.815174251819222,27.914957
19.523819581249505,21.413918
12.320321823126829,12.951135
5.7442,6.053071
2.096014222222223,4.283679
0.8690871396799835,3.6319847
0.20256755679682925,2.8307552
0.0,2.0621958
0.15079365079365026,1.2146683
0.3067935685079419,1.5347128
0.1405906394036336,1.9776154
0.09912951307394202,1.933981
0.6433914936474583,1.7845984
2.078264478490121,2.1347046
1.574232278996318,2.7394533
0.9250494142757493,2.969122
0.7396183843543636,3.0950966
1.3539413316670377,3.9945478
6.669411688093388,7.3436418
14.4126,14.15819
21.2976,20.355705
26.72315262507464,25.030008
28.83441709420761,28.135738
27.31000702717605,26.68948
22.87563255830371,23.955107
16.25159154971892,17.711527
8.714254474388538,9.682888
3.7159251312082997,4.237585
0.8977805133627879,3.1425161
0.02135134381816961,2.703946
0.0,2.0344744
0.0449902362601744,1.4586267
0.0,1.3991241
0.0,1.2955599
0.056667008614793346,1.1189775
0.2969633717922573,1.3085432
1.2159617363017432,1.669774
2.796939905337048,2.2795353
4.0,2.9300823
3.75103375144524,3.3949242
3.3864806806287824,3.7293568
3.7262272848587923,4.7829885
7.880185338237759,8.324923
14.485659571306742,15.143632
20.8386,21.387045
26.050861502679368,25.81404
28.183820778704273,29.054562
26.89871993603392,28.911589
22.6490281103275,25.107574
16.32080221151611,18.717018
9.119473479515008,10.607071
5.360543341724884,4.7708197
2.782313288848096,3.6853704
2.219353586305255,3.3885155
0.9882006596845105,3.2596817
0.11099687961315219,2.949234
0.0,2.1844263
0.0,1.4410172
0.0,1.2457447
0.0,1.0309925
0.0,0.99194527
0.0,1.0144863
0.0,1.0274754
0.15079365079365026,1.1706886
1.0277742824696947,1.8113823
3.6655265757609037,3.8494463
10.2883,8.019142
16.479565170077866,15.455453
21.45413700428975,21.919582
26.652232846822347,26.848804
27.82309270699937,29.75675
26.22952745454144,29.306011
22.10289140806204,25.319355
15.768730365631964,18.850864
8.583117410346233,10.677521
2.353318461367765,4.6062565
0.0,3.1147747
0.5209116931350106,2.1870565
1.2685636296669482,2.121169
1.5691696703020757,2.3672953
1.4393947190189156,2.5505514
1.4462914666136015,2.5902653
0.9672951762112145,2.5600529
0.42935812265651485,2.3142939
0.0,1.9205236
0.0,1.3787918
0.0,0.91583633
0.02592309237714474,1.0243454
0.2585360770215974,1.5005684
1.641840103693081,3.111412
8.136278358372184,7.344047
17.301409314590227,15.5756035
21.74000249144457,22.882902
26.745073479515007,28.12796
28.896500063645057,31.003094
28.470764478490125,30.791819
25.31402224915434,27.292377
19.49363456001748,21.097372
12.1702,12.995432
4.472551095491098,6.0659842
1.9946252439245473,4.1646166
1.1020308514739199,3.3971033
0.6129903671401724,2.9588213
0.5237880704761047,2.5326433
0.7628959628920047,2.2976027
0.651829183461599,2.133771
0.966427187599086,1.9378834
1.0911950513299011,1.9184303
0.220450333261466,1.972148
0.0,1.6372643
0.1796927298660851,1.319375
0.197059189701557,1.5803261
0.08983831673653597,2.029644
0.839665771363185,3.70399
6.547322969934659,7.7207346
14.317503014074164,15.627363
20.7927,22.277252
25.57706700861479,26.875076
28.26970821084081,29.668959
28.477549922330724,30.037844
25.045032000998248,26.983114
19.304304865955643,20.863232
12.1702,12.714272
5.6524,5.957919
3.8548964943437323,4.308261
3.3333747428293545,3.783452
3.3864806806287824,3.5922174
3.682754029873694,3.5769787
3.262567695377438,3.6471539
4.0,3.6436243
3.3049924551002707,3.7509413
2.386546697520302,3.781849
2.111583940423147,3.5725975
2.727684984532761,3.403492
2.5422435689872227,3.4702454
2.637425093075878,3.586444
2.8225982950937265,3.894414
3.0808417010766025,5.1244717
8.675377965630208,8.792813
15.04992678038264,16.06066
20.63656475605069,22.365574
25.632540654388432,26.7219
27.826389153594324,29.655394
27.16233583563313,29.831137
23.693550764930723,26.667221
18.04354711053617,20.469597
11.180770249220892,12.318489
5.6065000000000005,6.008156
3.1300448558528355,4.5255394
2.4400352857576504,4.040228
2.6374243193615943,3.7797737
3.18080288339306,3.6851168
3.2331058300038773,3.7549438
2.533969069198866,3.7826118
2.612329650793651,3.6856794
4.0,3.5434465
3.3605419009669966,3.8549862
2.9198004606883288,3.8157177
3.3864806806287824,3.6603441
3.1300448558528355,3.7595663
3.3670195812495045,4.037136
4.6885,5.328558
10.1047,9.550982
17.782420812841284,16.968044
21.590211221018127,23.474998
27.610711645486823,28.261967
31.241515056815715,31.272518
29.946306336523364,31.317043
26.1697,27.877909
19.7896,21.662876
12.1243,13.477091
5.6065000000000005,6.490798
4.0,4.605574
4.0,4.2362194
4.0,4.2242165
4.0,4.26791
4.0,4.296419
4.0,4.303438
4.0,4.2866163
4.0,4.2687626
4.0,4.2655096
3.966521823126829,4.1034193
2.419058355239226,3.7618036
2.257936538037608,3.4674911
1.9597426954965425,3.5815496
2.258541118142359,4.917196
7.374026086710225,8.948209
14.274925983829732,16.257702
20.6126368109794,22.492168
25.54192367353143,27.067719
27.71851355916033,29.90601
26.68989320886068,29.969389
22.688848695811792,26.387453
16.477917410346233,19.769413
9.45012678038264,11.326339
4.2152511822686645,5.185467
3.111079661954223,3.9365263
3.5804483772352427,3.4886284
3.1439765612601107,3.3752298
1.887353558320802,3.1795588
0.381953679468527,2.7882357
0.0,2.1257124
0.0,1.4230957
0.0,1.0374546
0.0,0.82774925
0.0,0.7784071
0.0,0.89078903
0.0,1.0962486
0.10907941767050922,1.534503
0.8481932088606712,3.253337
6.485649220735715,6.427379
14.318213285965072,13.070063
20.69325759912302,19.86486
25.50057851129624,24.774767
27.37367941767051,27.354774
26.163,26.862873
22.1697,23.370197
15.812086773601628,17.594406
8.242178511296236,9.84697
2.5278951762112154,4.2232428
1.8222161092601432,2.8915462
1.9013297696572522,2.7842913
1.823277645925062,2.8442783
1.881986345544533,2.802823
3.7685036718972196,3.0048704
3.0493902222222236,3.1432238
3.9460241338378683,3.4858942
4.0,3.6619015
2.9607214148686065,3.828495
3.3605419009669966,3.6474276
4.0,3.5764656
3.2471856967499786,3.8944616
3.0908921415040016,4.0489683
3.540152205959483,4.892855
9.6457,8.588432
17.173299999999998,16.332623
20.78214010369308,22.928219
25.449741589205964,27.484257
25.58450002613601,29.21604
22.098872017782348,26.911709
21.38079441329416,22.27849
17.772144855852837,18.542412
11.6194,11.685972
4.099634224295221,5.800333
4.0,4.285796
4.0,3.9328613
4.0,4.0743666
4.0,4.269745
4.0,4.3662996
4.0,4.4032907
4.0,4.3207455
4.0,4.2942705
4.0,4.3142376
4.0,4.272808
4.0,4.1763783
4.0,4.1744967
4.0,4.4226456
4.5049,6.0613613
9.4162,10.556063
16.6684,18.000755
21.83979441329416,24.681316
26.30239665118481,29.911198
30.054534568903577,33.005177
29.1991,33.249443
25.3894,30.262648
19.1929,23.579931
11.7571,14.932491
5.5147,6.913802
4.0,4.484141
4.0,4.0536375
4.0,4.0391197
4.0,4.140112
4.0,4.222743
4.0,4.2492294
4.0,4.270612
4.0,4.211252
4.0,4.063386
4.0,3.6345778
4.0,3.2186737
4.0,3.0730639
4.0,3.3244638
4.5049,4.566877
9.3703,9.116789
16.7143,16.533997
22.850327849178925,22.766369
27.7762,26.513683
29.4745,27.235882
27.363100000000003,26.514536
21.442,21.957405
17.7241,15.605266
11.8489,10.717468
5.560600000000001,5.2059116
4.0,2.9096794
4.0,3.267252
4.0,3.5947466
4.0,3.8809233
4.0,4.025717
4.0,4.105728
4.0,4.135277
4.0,4.1781445
4.0,4.2010965
4.0,4.1100454
4.0,3.8841753
1.3487797153826246,3.7386522
0.01797534449098137,3.5181284
0.5048999999999992,4.0886383
5.75059365079365,6.4490433
13.656708086779652,13.89011
20.196,21.307137
25.05213765079365,26.857386
27.586691493647457,30.660645
27.149461736301745,31.470324
23.800888603953627,28.387215
17.421095243224904,21.758066
9.309582990047268,12.782447
2.128832558303708,5.502542
0.5882472003723027,3.2453632
0.9847070854276065,2.343625
0.8893112210181275,2.1555862
0.8893112210181275,2.0879202
1.996812277898682,2.0306702
2.3415004639830688,2.2881117
2.0671966511848137,2.4866953
3.0305867677551266,2.3769388
4.0,2.4659185
4.0,2.8628216
3.5158387233667217,2.9521646
2.246566008175906,2.8476915
4.0,2.9240055
3.507774251819219,4.3186665
7.226611815301243,7.5739646
13.631163396783297,13.661894
19.107493650793653,19.954304
24.03202363394353,24.632092
25.98286762657817,27.603352
25.08643036563197,27.528072
21.45202426152814,23.909315
16.006247907665923,17.829485
10.888141900966996,10.206348
5.468800000000001,4.9063697
4.0,3.8724346
4.0,3.743886
4.0,3.797308
2.761634010938783,3.8566093
3.5910334213764816,3.6639147
3.8698103321549695,3.6015167
4.0,3.6609068
4.0,3.7939997
4.0,4.006233
4.0,3.9824572
4.0,3.8730707
4.0,3.8879375
4.0,4.286025
4.459,5.2452655
9.4162,8.951281
16.98094121157314,16.263445
21.32153984185145,23.050898
28.447880680628785,28.309084
30.84173346312972,31.846012
30.163000000000004,31.950811
26.2156,28.655334
19.8355,22.58006
12.1243,14.262329
5.560600000000001,6.698918
4.0,4.606283
4.0,4.290146
4.0,4.2334623
4.0,4.1967287
4.0,4.1739826
4.0,4.229436
4.0,4.1934795
4.0,4.104088
4.0,3.9882603
4.0,4.063348
4.0,4.2303066
4.0,4.324481
4.0,4.5737185
4.4131,5.417699
9.3703,9.77546
16.8061,17.318853
22.90607700563016,22.90794
27.2713,26.837666
29.9794,30.18383
29.841700000000003,32.861748
26.2156,29.422411
19.8355,22.504326
12.1702,13.776683
5.560600000000001,6.2760367
4.0,4.3270464
4.0,4.00307
4.0,3.9809809
4.0,4.0842743
4.0,4.1558514
4.0,4.229396
4.0,4.1620855
4.0,3.996356
4.0,4.0394897
4.0,3.9987707
3.240782809347829,3.7374563
3.7550624230034924,3.561432
3.1693597241731855,3.7995129
3.773177756481349,4.7853665
7.760939887397649,8.691143
15.33768338917089,16.061386
20.33896684958916,23.005604
25.384019936033916,28.39632
27.637137920451007,31.81093
26.56554010369308,31.691181
22.83293003155852,27.789942
17.337478255067875,20.860363
11.89990109807962,12.311241
5.560600000000001,6.056663
4.0,4.748616
4.0,4.3824496
4.0,4.306214
4.0,4.303096
4.0,4.3226385
4.0,4.334255
4.0,4.358996
4.0,4.3264275
4.0,4.3077917
4.0,4.212203
4.0,4.048854
4.0,3.7824411
4.0,3.6844435
4.3671999999999995,4.7841053
5.049000000000001,9.168429
16.5766,17.561815
23.5534,24.825394
28.4647,30.055315
30.576100000000004,33.82509
29.6122,30.721437
25.7566,29.864388
18.7339,22.409264
11.5735,12.753706
5.468800000000001,5.496932
4.0,3.0564241
4.0,2.5602303
4.0,2.5954504
4.0,2.9128857
4.0,3.1426363
4.0,3.201208
4.0,3.2508717
4.0,3.3676605
4.0,3.628889
4.0,3.6860065
4.0,3.5009031
4.0,3.2595835
4.0,3.3876247
4.3213,4.4369965
8.865400000000001,8.432172
16.2553,16.551239
23.0944,24.417307
27.913899999999998,29.779036
30.0253,32.465073
29.1991,32.472363
25.4812,29.240667
19.3306,22.88374
11.8489,13.9905205
5.5147,6.514515
4.0,4.0758257
4.0,3.6553936
4.0,3.5540962
4.0,3.6646051
4.0,3.8286066
4.0,3.956212
4.0,3.9102812
4.0,3.792739
4.0,3.597087
4.0,3.5331535
4.0,3.6255293
4.0,3.6311617
4.0,3.6933584
4.3213,4.341673
8.7736,8.510539
16.209400000000002,16.702026
23.1403,24.19659
28.0057,29.56233
30.2089,32.126553
29.336800000000004,31.77182
25.527100000000004,28.317778
19.4224,22.04873
12.0325,13.595483
5.6065000000000005,6.0260196
4.0,3.8079443
4.0,3.3960705
4.0,3.2041235
4.0,3.2421398
4.0,2.9298782
4.0,2.7985926
4.0,2.932663
4.0,2.958848
4.0,3.0238008
4.0,2.95216
4.0,2.8759947
4.0,2.9200096
4.0,3.2175617
4.275399999999999,4.881292
4.865399999999999,9.588341
16.4848,17.214
23.4616,24.736492
28.3729,30.683712
30.4384,34.151443
29.5663,34.367725
25.8484,31.0318
19.6519,24.273987
12.0784,15.304585
5.6065000000000005,6.850334
4.0,4.2084
4.0,3.8394432
4.0,3.6041603
4.0,3.4261827
4.0,3.236637
4.0,3.0577393
4.0,2.985157
4.0,2.8499632
4.0,2.8294106
4.0,2.7846994
4.0,3.0160599
4.0,3.2039328
4.0,3.492424
4.275399999999999,5.1139693
8.727699999999999,10.05773
16.209400000000002,17.780672
21.40392893763425,25.06747
25.23134788067545,30.153885
28.872553651937622,32.808777
28.355360073084007,32.66397
25.6189,29.050861
19.4683,22.355421
11.9866,13.71715
5.6065000000000005,6.392108
4.0,4.497604
4.0,4.137371
4.0,4.1216774
4.0,4.1499577
4.0,4.1205864
4.0,4.107603
4.0,4.136443
4.0,4.1839542
4.0,4.176134
4.0,3.9166126
4.0,3.6501799
4.0,3.561284
4.0,3.9749603
4.2295,5.23306
8.5441,9.597422
15.8422,17.08184
19.34019036714017,23.662266
24.440408366015408,28.571667
28.2741466975203,31.644335
29.107300000000002,31.91483
25.4812,28.636492
19.4224,22.260532
12.0325,13.736554
5.6065000000000005,6.369369
4.0,4.4111996
4.0,3.8081226
4.0,3.6647778
3.837295266445926,3.669446
3.4699241304781907,3.5922098
1.1815961307256657,3.4808378
1.2913231090562505,2.981594
2.6314417414173388,2.581771
4.0,2.8490696
4.0,3.5338945
4.0,3.751237
4.0,3.6063652
2.890157531155168,3.7529078
1.1665595700835176,4.570049
5.806049687987612,7.661261
13.348976527911372,14.995451
18.93587101595247,21.938465
23.7214904782792,26.644913
26.03993834769347,29.293379
25.23835270026404,29.325094
21.630714176420863,25.870213
15.71814065438843,19.286983
8.594842427959865,10.753649
2.6369300315585225,4.5346293
1.9099481062302406,2.975399
1.1815961307256657,2.7367802
0.9122357307365387,2.7205057
0.9603577744375968,2.797986
1.3613333519651807,2.4027033
0.8893112210181275,2.3399096
1.4690249552638495,2.1868677
2.8225982950937265,2.1039457
1.7672736486060732,2.3930464
1.1603919979519155,2.292985
0.6243386332574694,1.9933538
0.0,1.7386141
0.0,1.1739426
0.22949999999999982,1.634718
4.086357890341533,3.4122114
12.967866153711046,10.729608
18.661478511296234,20.457453
23.629450333261463,25.039019
25.7392820320387,26.877514
24.9237,26.225006
21.2058,21.885578
14.6421,14.778566
8.26177024696903,8.08516
4.226639887397649,3.2509565
2.888924585241062,2.4078045
1.5378987487906723,2.8095236
1.325701238866321,2.7481308
1.6271908108964652,2.4760704
2.954509827210334,2.4657793
1.9793397367350973,2.6517553
1.28372231977856,2.5435781
1.0624627657985055,2.1708956
0.5418723168895614,1.8256063
0.35724641921521894,1.5887737
0.20422750425570868,1.3425989
1.5108285098836518,1.4773245
2.3842295120941355,1.4998112
2.4116116454868255,3.5222054
5.652773869082517,6.016455
12.523965296433628,13.330263
18.6813,19.902021
23.5926,23.96647
24.0057,22.534283
23.0877,20.384571
20.2878,17.923454
15.3765,14.654724
7.9407,9.165726
1.908255650446792,3.4494333
1.121075900818422,2.0563517
2.096014222222223,2.4923506
1.8498891406145166,3.115343
0.6380390790820112,2.9291964
0.16957204446921104,2.368804
0.04663389032202225,1.7713757
0.043762932702751556,1.6717491
0.3323825507305216,1.8429422
2.4248795842797275,1.9701662
4.0,2.6495228
4.0,3.3834715
4.0,3.7631655
4.0,4.467669
4.1836,4.737323
7.6261,6.6161137
13.3636,11.35049
20.2945,17.626724
24.681347907665923,26.872456
27.807312461232584,30.945833
27.47404652778988,30.475153
24.560260107586075,27.405151
18.61262141486861,21.591167
12.2161,13.464346
5.698299999999999,6.343538
4.0,4.2647104
4.0,4.0335226
4.0,4.189972
4.0,4.402542
4.0,4.5435524
4.0,4.3606234
4.0,4.046754
4.0,3.8978071
4.0,3.9153461
4.0,3.9150496
4.0,3.875513
4.0,3.8459616
4.0,4.0129604
4.1836,5.370556
8.268699999999999,9.828884
15.6586,17.514742
22.6354,24.861687
27.684399999999997,30.447248
29.9794,33.19246
29.336800000000004,32.888367
25.7566,29.41494
19.6978,23.018835
12.262,14.590968
5.7442,6.7018905
4.0,4.15967
4.0,3.804636
4.0,3.4706469
4.0,3.2578793
4.0,3.1677723
4.0,3.1977816
4.0,3.438527
4.0,3.6680164
4.0,3.7629862
4.0,3.7528381
4.0,3.6371136
4.0,3.4663982
4.0,3.675932
4.1836,5.218793
8.1769,9.954416
15.475,17.801456
22.4518,24.942913
27.5008,30.278572
29.7958,33.045254
29.1532,32.64907
25.6648,29.064411
19.6519,22.545036
12.262,13.84575
5.790099999999999,6.347417
4.0,4.466347
4.0,4.1130447
4.0,3.9045439
4.0,3.8907614
4.0,3.9599972
4.0,4.044303
4.0,4.095001
4.0,4.073107
4.0,3.9972677
4.0,3.6341314
4.0,3.4678183
4.0,3.4696255
4.0,3.9785604
4.1836,4.732472
8.1769,7.755704
15.1996,13.8449745
18.930275900818422,20.611374
23.91708859496001,24.88062
25.85308181102443,26.58063
24.89611421396086,25.12955
22.20239664417284,21.46562
18.53872396238028,15.946402
12.0325,9.617186
5.790099999999999,5.0664177
4.0,3.7734413
4.0,3.6495495
4.0,3.7239275
4.0,3.805109
4.0,3.7645245
4.0,3.5794659
4.0,3.3801765
4.0,3.48287
4.0,3.4754295
4.0,3.595458
4.0,3.7329702
4.0,3.7435093
4.0,3.8054419
4.137700000000001,3.9243345
7.396599999999999,5.2706594
12.5374,10.118677
16.591508366015407,16.332882
24.223355336551325,24.74153
28.1970314272083,26.166254
28.4161585598534,25.32335
24.27893227065637,23.041122
18.35683981334777,18.460653
12.219726759805644,10.295304
5.881899999999999,4.5292
4.0,3.2578354
4.0,3.5361023
4.0,3.9330177
4.0,4.1395044
4.0,4.2346125
4.0,4.1579075
4.0,4.1279716
4.0,4.059742
4.0,4.0554457
4.0,3.907257
4.0,3.781743
2.820151095491097,3.8446007
2.111583940423147,3.617938
1.3054533854480876,4.206826
3.6628244303691506,6.301998
9.411472041782478,10.850827
16.6617,20.72701
23.023553650520203,25.00404
25.056229637081863,24.32267
23.6385,22.845556
20.4255,19.158205
14.5962,14.234489
7.9407,7.452183
2.4581306224914385,3.020977
4.0,1.7257824
4.0,2.6692734
4.0,3.5182657
4.0,3.7119007
4.0,3.7786264
4.0,3.7710438
4.0,3.6660633
4.0,3.2525148
4.0,3.077591
4.0,3.024394
4.0,2.4755268
4.0,2.3653307
4.0,2.4658508
2.701742881935255,2.6844883
3.3971104520127646,4.2223663
7.345257950912963,8.064751
14.690086244047285,12.791645
20.214679106558712,18.862
23.288626720563634,21.424257
22.99467987015985,21.476828
19.153393650793653,18.92006
14.803201859414036,13.7849655
8.375133355165541,9.738748
2.5529957521034454,3.7674732
0.9672951762112145,2.1381073
0.7244879169606158,2.2280064
0.9882006596845105,2.2091007
0.9233379204510062,2.3066368
1.6765720814226466,2.0764055
4.0,2.349432
4.0,2.7604141
4.0,3.1956224
3.7927361340246044,3.0297651
3.2985528293362965,3.0713863
2.1821116454868257,2.6494904
4.0,2.3918676
0.929333409289022,2.7477398
0.5137586423476783,2.8113813
2.120913109926475,4.2558804
6.265241331667038,7.5060134
11.280288101431868,12.611807
17.8092,21.220675
23.9139,23.662899
24.34504817247411,25.76353
21.46427886168476,23.262287
15.580739575214716,19.0533
8.413165771363184,11.339802
2.0347540767699943,4.6382203
0.40245478550929903,2.41953
1.0277742824696947,2.0387144
2.7579905191242347,2.452752
2.542243191272977,3.1912174
1.6487361887411502,3.5177336
2.145076014493924,3.3419418
1.9034834057232093,3.2007313
2.111583940423147,3.1035671
3.480400784886564,3.0195885
4.0,3.1182356
4.0,3.4484034
4.0,3.9406567
4.0,4.2293024
4.091800000000001,4.453344
6.3868,6.0129476
11.8489,10.215501
19.9273,17.513378
26.119868632852068,28.942574
28.697341900967004,31.634426
28.9696,29.722124
25.6189,26.038761
19.7896,20.4761
12.5374,12.684197
5.9737,5.8829474
4.0,4.0585957
4.0,3.6691732
4.0,3.3399687
4.0,3.1231546
4.0,3.0986032
4.0,2.9396849
4.0,2.7202702
4.0,2.6146154
4.0,2.7064333
4.0,2.7995405
4.0,2.9230309
4.0,3.1989737
4.0,3.7211971
4.091800000000001,6.07869
7.8556,10.88926
15.2455,17.735666
22.36,24.34909
27.5926,29.120802
30.1171,31.834936
29.658100000000005,31.800829
26.2615,28.425074
20.3404,22.266613
12.8587,14.051864
6.0655,6.3980007
4.0,4.1847334
4.0,3.9007473
4.0,3.7644482
4.0,3.7006016
4.0,3.830409
4.0,3.9525871
4.0,3.9492054
4.0,3.8863125
4.0,3.948884
4.0,3.979022
4.0,3.9620056
4.0,3.9887
4.0,4.262293
4.091800000000001,5.8197517
7.809699999999999,10.487153
15.1537,17.610502
19.18494112843472,23.991268
24.50004010369308,28.865253
27.378106183405592,32.13675
27.5454535583208,32.086327
24.13067825506788,28.688389
18.155495243224905,22.061424
10.85937061512431,13.150756
5.034913247868106,5.8601875
4.0,3.8543959
3.103505194425784,3.5134907
2.384230236665557,3.33772
1.3613333519651807,3.0569515
0.8473415892059624,2.6766272
0.7572568938630813,2.348054
0.442997439741978,2.1046782
0.2656308722019727,1.7972794
0.4539978154937607,1.5256271
0.4138272473198814,1.5243711
1.0911950513299011,1.5353298
4.0,1.873867
4.0,2.6129742
1.9931297696572532,3.2277355
3.3730354127734294,4.3817205
9.65623375268196,7.6037393
16.10324745731624,15.112751
21.448160845750785,21.036358
25.712328107944444,23.23322
28.435222249154343,28.057222
26.123799999999996,26.154867
20.1568,18.896713
12.7669,11.28175
5.9737,5.1704926
3.236944158103208,3.549612
3.054410953384549,3.250001
4.0,3.2298222
4.0,3.6343975
4.0,3.916685
4.0,3.8153667
4.0,3.748186
4.0,3.8704166
4.0,3.5094118
4.0,3.6004038
4.0,4.1741962
4.0,3.6409855
4.0,3.8699942
4.091800000000001,3.6572247
6.754,4.864018
12.5374,8.561932
15.742818414482482,15.812593
21.46862445678656,21.360695
25.599259296809585,24.497383
25.394154705569655,24.985106
21.97214269549654,21.733074
18.12895753115517,15.658622
11.682644375192568,10.52719
4.761782298284256,4.51455
3.140175123270465,3.1150055
2.3969815874161444,2.8634586
1.6734723581721838,2.9417171
1.3846055771262922,3.0463362
0.2763691121945424,2.9294748
0.5440544743885383,2.4380274
1.1714398418514556,2.070774
2.930943088194997,2.3569784
4.0,2.9653215
4.0,3.3643875
4.0,3.7022657
2.820151095491097,3.6590452
2.026409164103695,3.4232721
1.7159206252635304,3.5441217
4.765512461232584,5.738955
11.82299467129753,9.803794
17.70738839199457,15.764819
24.80397428246969,24.48175
27.54213047345049,29.340212
27.270736450154374,29.682941
23.72218299004727,26.360975
17.38165486926993,20.572424
10.541126086710223,12.204444
6.135200515663361,5.307749
2.3495657480711696,3.6873426
0.9568951159196342,3.296651
0.8307305955097082,2.722742
1.1603919979519155,2.0422964
0.6937331131704578,1.8945179
0.07093021971606994,2.086092
0.0,1.3171902
0.0,1.1185398
0.0,1.000165
0.24276272725734316,1.0318718
0.9742478973147275,1.2400064
2.2227499223307206,1.8269129
1.5338787687796618,2.3200989
0.8617683428021259,2.8329916
2.124493650793651,4.3704004
6.241490236260176,7.748837
9.87805840608632,12.8069935
17.437411621412927,19.075542
24.94071365699113,24.517033
26.384800744731194,28.369118
23.450811938954946,26.251633
17.64041932867162,20.626846
10.389436537671596,12.598015
4.4771116454868265,5.4192014
1.7799052615221438,3.660696
1.478943531235485,3.1855917
1.4344756807136232,3.1449003
0.992573733409035,3.1130886
0.5187573855371888,2.9729357
1.2318554181602543,2.5055695
0.8682476134368482,2.4660501
1.157635243452214,2.378477
1.2913231090562505,2.442603
1.9185777591648652,2.3792648
3.8332385883554725,2.4378443
3.536892634069199,2.8944721
2.5174478871649004,3.132286
2.5550990260599793,3.3267603
3.998753558320802,4.8808665
8.664798387399092,8.430462
14.171945153563287,14.10599
24.408335835633125,24.77552
26.14838533823776,28.605383
27.469171719496657,28.197056
25.150423183176834,25.356642
19.848174251819216,19.364786
12.730619581249504,11.597751
6.3868,5.3051963
4.0,3.891284
4.0,3.5990648
4.0,3.6300917
3.8372962550173053,3.6625004
3.111079661954223,3.5890713
2.1506739537111006,3.429453
0.5979578903415348,3.1449413
0.179692807580361,2.3266163
0.3476236339435328,1.6132603
0.396471192290651,1.5161924
1.157635243452214,1.3149452
4.0,1.8543177
4.0,2.5055866
4.0459,3.8853664
6.570399999999999,6.5486965
12.262,10.842956
17.925713909504616,16.632725
26.523481278045104,26.503986
27.444229650793652,28.872793
26.20042716638912,26.939693
21.63707428114876,20.714598
18.99520561864603,15.523663
11.803,9.309784
5.9737,4.4639974
4.0,3.4772196
4.0,3.3104792
4.0,3.2090425
4.0,3.2212963
4.0,3.34027
4.0,3.440074
