Actual_Power_MW,Predicted_Power_MW
4.0,4.002116
4.0,4.000141
4.0,4.0021243
4.0,4.002374
4.0,4.002001
4.0,4.0034103
4.0,4.005098
6.4786,6.3810024
15.3832,15.444322
25.2976,25.166996
33.789100000000005,33.659405
37.5988,37.713562
40.6741,40.365967
36.1759,36.8789
33.2842,32.604656
22.9567,22.824116
16.9438,17.04342
8.7736,8.849526
4.2754,4.296336
4.0,4.0064697
4.0,4.000798
4.0,4.0010176
4.0,3.9983234
4.0,4.0034804
4.0,4.003112
4.0,4.0016193
4.0,4.0034604
4.0,4.0089407
4.0,4.005682
4.0,3.9951928
4.0,3.9977732
5.9737,6.117307
13.8226,13.752772
22.7272,22.695562
31.3105,31.063463
36.3595,36.169193
35.0676,35.072205
33.8283,35.1733
30.1104,30.201935
22.95,23.054163
18.229,18.323421
9.508,9.608317
4.2754,4.307051
4.0,4.0171065
4.0,4.00255
4.0,3.9973629
4.0,3.998782
4.0,4.0004125
4.0,4.0014634
4.0,4.000206
4.0,3.9982767
4.0,4.0008116
2.99433928554533,3.0617154
1.9358757424315745,1.9756341
1.2159617363017436,1.2992829
2.987167199906825,2.9977524
10.646766627506077,10.353922
20.19550702717604,20.694042
30.1171,29.812212
36.3595,36.591156
38.4709,38.499645
38.1037,38.07668
35.0743,34.919674
27.7303,27.661572
19.4224,19.510036
9.0031,8.601886
4.2754,4.3009825
4.0,4.0238705
4.0,4.004371
4.0,4.001183
4.0,3.9905713
4.0,4.001672
4.0,3.9989805
2.542243568987223,2.6719952
0.4853556504467932,0.47747168
0.9054244567865576,0.9536619
4.0,3.9781778
4.0,3.9852905
1.6672770586044063,1.7396373
2.9757926440808644,2.5572903
11.041680513362788,11.1044855
20.676608148644,21.19452
30.11535056347344,30.796104
37.8742,37.92677
40.3069,40.34954
38.1037,38.340816
35.7628,35.64596
29.1532,29.460016
20.4781,20.65189
10.4719,10.731975
4.3213,4.3492723
4.0,4.012479
4.0,4.0046825
4.0,3.9993246
4.0,3.9812987
4.0,3.9943817
3.202456226913083,3.2705986
3.094674251819219,3.1761014
2.1450753379225334,2.2215512
2.4051069734781145,2.2601676
4.0,3.9532917
4.0,4.013411
4.0,3.9702256
6.2491,6.198282
12.86061458031124,12.784218
20.6617,20.76632
29.6581,30.134447
31.2646,32.244476
35.9464,36.16069
34.65946875086631,35.284084
33.41122965079365,34.100407
27.411769069198865,28.146461
19.147,19.478659
10.1506,10.298538
4.3672,4.4021106
4.0,4.007985
4.0,4.004678
4.0,3.997435
4.0,4.0044656
4.0,4.000998
4.0,4.0037055
4.0,4.004694
4.0,4.005249
4.0,4.0070853
4.0,4.00723
4.0,3.996812
4.0,3.9923184
5.9737,6.0154567
11.9866,12.2448225
21.4879,21.292906
27.868,28.561691
33.1006,32.704227
35.4874,35.958393
32.458,33.165634
27.868,28.147577
21.0289,21.415985
19.1929,19.043015
10.2883,10.482225
4.3672,4.4140244
4.0,4.0053215
4.0,4.0031075
4.0,4.0079837
4.0,4.006557
4.0,4.003104
4.0,4.004073
4.0,4.0023546
4.0,4.0010424
4.0,3.9959996
4.0,3.9977887
4.0,4.006183
4.0,4.007227
6.3868,6.3483562
13.09587020875845,13.512252
25.3435,25.003895
32.5957,33.021374
39.1135,38.4706
42.1429,42.06844
40.7659,40.95872
36.1759,36.414818
28.2352,24.839277
17.448700000000002,17.707329
9.967,10.098768
4.3672,4.332873
4.0,3.9725509
4.0,3.995104
4.0,3.993175
4.0,3.9739642
4.0,3.961789
4.0,3.9992697
4.0,3.9566453
4.0,3.8229222
4.0,3.945348
4.0,3.9683912
4.0,3.9890606
4.0,4.008999
5.836,5.8738728
13.1341,13.073093
19.4224,18.337282
23.5467,24.01686
33.6447,33.84228
36.0315,35.753975
35.9856,36.084972
36.4054,36.187965
28.6942,28.723076
19.7437,19.402372
8.6359,8.916354
4.3213,4.2775536
4.0,4.013869
4.0,4.0067472
4.0,4.0123415
4.0,3.9893734
4.0,4.0057244
4.0,4.0055246
4.0,4.0065775
3.5751597534100945,3.6253717
4.0,3.9313755
4.0,3.9800203
4.0,4.0017223
4.0,4.011528
5.6983,5.8168745
13.0423,12.942782
22.1305,22.198153
29.5663,29.617313
22.6746,23.108171
27.5859,26.504534
29.0088,29.463785
28.0449,27.91524
22.3533,22.585852
12.3012,13.137449
9.3703,9.148068
4.2754,4.171255
0.0,-0.07699228
4.0,4.003257
4.0,3.8716512
4.0,3.994354
4.0,3.983182
4.0,3.931407
4.0,3.9052145
4.0,3.837327
4.0,3.799603
4.0,3.8151577
0.0,-0.047667924
4.0,4.0200624
2.1114,2.1099505
10.7865,11.133357
20.0583,20.243132
27.4023,27.18502
31.671,32.045
35.2971,35.03324
30.753,30.931068
30.8448,31.682467
24.5173,24.550856
17.77,17.395613
10.0588,10.019111
4.459,4.374393
4.0,3.9939764
4.0,3.9820004
4.0,3.9812663
4.0,3.987371
4.0,4.0021243
4.0,3.9970064
4.0,3.9981825
4.0,3.998999
4.0,3.9997387
4.0,3.9996538
4.0,3.9701004
4.0,3.9813163
4.459,4.7608633
6.983499999999999,6.8023477
9.8752,9.54865
10.6555,10.6153145
9.4621,9.646252
15.8881,16.27209
11.803,12.004395
13.7767,14.496231
10.8391,11.6052
11.1145,11.148991
6.983499999999999,6.9151626
4.2754,4.215266
4.0,3.8648016
4.0,3.8712587
4.0,3.1012068
4.0,3.9540243
4.0,3.9312675
4.0,3.8929
4.0,3.895226
4.0,4.004729
4.0,4.0056367
4.0,4.0041795
4.0,4.005024
4.0,4.01359
5.4688,5.315262
10.1965,10.023691
16.209400000000002,16.503023
21.6715,21.455889
27.4549,25.52681
19.9665,19.372435
23.1336,21.567474
26.622,25.035656
22.1305,21.179924
15.3373,15.202522
8.8195,8.355716
4.2754,4.2580056
4.0,3.8854816
4.0,3.9852748
4.0,4.0041914
4.0,4.0026226
4.0,4.002255
4.0,4.0004544
4.0,4.0046906
4.0,3.997927
4.0,4.0022435
4.0,4.0036373
4.0,4.0027304
4.0,4.0095882
5.9737,5.9864554
14.098,14.168292
23.4157,23.21324
26.8515,27.659784
32.4972,32.78678
36.1692,36.507267
35.2053,35.42829
28.5498,28.821665
22.032,22.405924
15.0093,14.417979
10.7014,10.80272
4.5049,4.464226
4.0,3.9464278
4.0,3.87558
4.0,3.8617585
4.0,3.8759923
4.0,3.944902
4.0,3.9966345
4.0,3.9987698
4.0,4.0001307
4.0,3.983638
4.0,3.9526038
4.0,3.8150835
4.0,3.8675587
1.9278,4.5740614
9.5472,9.839246
19.3698,19.743437
27.1728,27.167072
33.507,33.982098
35.2971,35.404324
32.7726,33.68158
30.4317,31.028849
25.0614,24.818155
16.2945,15.687172
6.7473,7.0143104
0.459,0.564425
0.0,0.023657165
0.0,-0.0016974093
0.0,0.007586447
4.0,4.0131063
4.0,3.8803666
4.0,3.8976724
4.0,3.9225829
4.0,3.9652305
4.0,3.9820058
4.0,3.975991
4.0,3.906698
4.0,3.987091
6.0196000000000005,6.0776033
13.18,13.023751
18.819,19.291956
26.8974,27.079523
32.9103,33.680027
33.1398,34.22954
31.671,31.979027
27.4482,27.102102
26.3074,26.217962
19.5142,18.520412
10.9309,10.811998
4.5508,4.595543
4.0,4.0111704
4.0,4.009293
4.0,4.003414
4.0,4.001932
4.0,3.9997494
4.0,4.0013113
4.0,3.9992893
4.0,3.9792867
4.0,3.9664624
4.0,4.0022373
4.0,4.001764
4.0,4.010928
5.9737,6.0054746
14.2816,14.14682
24.4714,24.025204
32.917,32.569916
33.507,34.00411
32.6808,32.85351
29.6514,29.574594
24.6942,25.05176
22.2156,22.338633
15.2847,15.406435
6.426,6.6347775
4.5508,4.555536
4.0,3.8698227
4.0,3.8919704
4.0,3.8812559
4.0,3.913436
0.0,-0.039850116
4.0,4.0019794
4.0,3.8929813
4.0,3.8831022
4.0,3.917186
4.0,4.00803
4.0,4.002393
4.0,4.013459
6.0196000000000005,5.91131
9.18,9.599222
19.0944,19.317333
27.3105,27.226719
10.8324,13.056727
16.209400000000002,15.427726
13.0815,13.637165
14.3275,13.446952
11.0227,10.875312
7.4884,7.2360945
6.0655,5.930104
4.3213,4.2392507
4.0,3.9289272
0.0,-0.068076104
0.0,-0.07519967
4.0,4.0186057
0.0,-0.032811027
0.0,-0.08183241
4.0,4.0264363
4.0,3.9394171
4.0,3.8817399
4.0,3.9625251
4.0,3.925867
4.0,3.885169
5.5147,5.505847
11.7112,11.662688
18.0454,17.959942
17.3043,17.456402
27.1269,24.97678
27.4482,26.758377
28.917,28.327955
28.2744,26.543333
20.3337,19.588543
12.9897,12.521622
6.426,6.231447
0.459,0.37299764
4.0,4.0360785
4.0,3.9022145
4.0,3.9486268
4.0,4.0044007
4.0,4.0026145
4.0,4.0045524
4.0,4.0038004
4.0,4.004983
4.0,4.0044193
4.0,4.002625
4.0,3.9993389
4.0,4.0078483
5.7901,5.8599277
13.11229365079365,12.708023
22.2682,22.08435
31.4482,31.717781
38.3332,37.56101
40.8118,40.45588
41.0413,40.485786
33.8283,35.00315
25.7499,25.645933
20.2486,18.874384
10.9309,10.800674
4.5967,4.4261656
4.0,4.009051
4.0,4.003962
4.0,4.003243
4.0,4.003785
4.0,4.0047493
4.0,4.002255
4.0,3.968534
4.0,3.9944537
4.0,3.9908626
4.0,3.9973497
4.0,4.0014915
4.0,4.004436
6.0196000000000005,6.037223
13.361844266182306,13.530831
23.737,23.755894
32.5957,32.94781
37.966,37.868935
39.6184,39.664936
40.0315,39.995132
36.0841,35.68973
29.8876,29.784847
20.7535,20.566473
11.6194,11.475844
4.6885,4.6682053
4.0,4.023844
4.0,4.0050297
4.0,4.002972
4.0,4.003098
4.0,4.0025887
4.0,4.0025444
4.0,4.002683
3.755063397632152,3.7072973
4.0,3.9653633
3.833238588355473,3.8924093
4.0,3.962725
3.544799465670009,3.6171725
5.8819,5.819781
12.670789493767764,12.658446
23.8747,23.776228
31.4482,31.477432
36.1759,36.58304
38.0578,37.97215
37.1857,37.69194
32.1826,32.339897
29.0614,28.697187
21.0289,20.837324
11.4358,11.363033
4.6426,4.544689
4.0,4.0095663
4.0,4.004722
4.0,4.0017524
4.0,4.0040107
4.0,4.008011
4.0,4.0039
4.0,3.9984388
4.0,4.001659
4.0,4.0034375
2.509199026059979,2.4249446
1.39531421396086,1.4020394
0.8893112210181273,0.8432273
3.574934470869814,3.0947096
10.147465040816895,9.55318
17.960835423974306,18.023764
28.9237,28.90149
36.9562,37.00326
39.7102,39.672527
41.3167,41.314404
37.6906,37.385937
30.8974,31.13826
22.4977,22.412018
12.1702,12.029555
4.7803,4.821423
4.0,4.020676
4.0,4.0056787
4.0,3.977865
4.0,4.005719
4.0,4.0017166
1.6487361887411498,1.7778233
0.9534358356331272,0.90539443
1.0911950513299011,1.0301427
2.2284131109305103,2.1694896
3.86574007869588,3.8428917
2.609942881935256,2.6736739
3.387778814806196,3.2866046
6.2032,6.0914145
13.8685,13.931596
24.3337,24.284105
33.4678,33.443462
36.9562,37.0626
39.1135,39.031902
38.5168,38.61441
36.84480821899288,36.505375
30.2089,29.933125
20.7076,20.533272
12.0325,12.001255
4.7803,4.760173
4.0,4.010119
4.0,4.0116353
2.495081774293597,2.4259763
2.685439595587124,2.6621606
4.0,3.9937928
4.0,3.9902573
1.8659156587179533,1.92486
0.664162492849972,0.7336681
0.9250494142757496,0.93873835
1.3787756580150454,1.3715761
2.6314417414173388,2.561197
4.0,4.0171866
4.988491045071999,5.3419967
13.283112355662816,13.229394
23.0026,22.888948
30.6679,30.873283
38.4709,38.142864
40.72,40.280743
43.015,42.89343
39.7102,39.25903
32.7793,32.880592
23.3239,23.318901
12.721,12.892828
4.8721,5.0185294
4.0,4.011079
4.0,4.0039606
4.0,4.0015717
4.0,4.004039
4.0,4.0036535
2.944579261774384,2.8627796
1.574232278996318,1.4784473
1.869126030966978,1.8874986
2.7823132888480964,2.6952653
2.11047106545312,2.1081164
3.2471856967499777,3.2043004
2.263628937634252,2.3230984
3.246038222478365,2.873667
10.487957753005745,10.93275
24.15389946567001,23.802172
32.0908,32.095398
40.4446,40.129055
43.7035,43.70082
43.2445,43.13843
39.1135,38.821205
31.7695,31.5943
22.1305,22.118147
12.262,11.979587
4.8721,4.904242
4.0,4.0068603
4.0,4.0077367
4.0,4.0049877
3.73627130415743,3.7129347
2.944579261774384,2.8605502
1.8360361615999303,1.8374258
2.1473141919508905,2.1777954
2.831167509019564,2.705765
2.617104370031643,2.7214234
2.150673953711101,2.2701514
1.1020308514739203,1.0794139
1.6765720814226457,1.7705579
2.9930815775288333,2.6837883
8.481283189144133,8.858383
18.12814720828345,18.935583
27.02518791696061,27.987783
36.68319893705668,36.808235
43.2904,42.989464
42.8314,42.950962
39.5266,39.31621
32.3203,32.369736
23.0026,22.988594
12.5833,12.561829
4.8262,4.8059072
4.0,4.0079517
3.9228372591742,3.9728568
4.0,3.9715247
4.0,3.997
4.0,4.0046477
4.0,4.000124
4.0,3.9830377
3.3760964153788016,3.324021
2.4388674251876745,2.292091
1.4690249552638497,1.4653581
0.9664268214277124,0.91316694
0.5209116931350103,0.42940947
2.40281169313501,2.3522696
9.98314133166704,10.405295
18.947072537338133,19.988514
31.062496130725663,30.947151
40.8118,40.97393
43.7494,43.77368
43.9789,44.139824
39.9397,39.71769
31.608342033097227,31.44356
21.5797,21.697546
10.535151988755713,10.515735
4.918,4.82164
4.0,3.9782279
4.0,4.0050316
4.0,3.9987621
4.0,4.001707
2.7823132888480964,2.7533543
4.0,3.97752
4.0,4.0024133
1.463083373698045,1.4834757
0.5209116931350103,0.44283763
0.4783341983882008,0.42547584
0.9908240274511052,0.89468086
0.9054244567865576,0.9199283
4.169330783535271,3.8632247
13.106510953384548,13.293556
25.573,25.341862
35.0743,34.66939
39.8938,39.83511
42.6019,42.143837
42.4642,42.355087
39.8479,39.54312
33.0088,32.90651
23.5534,23.644596
12.9505,13.102642
4.9639,4.9561734
4.0,3.9894624
4.0,4.000594
4.0,3.99207
4.0,3.9960957
4.0,3.9997647
4.0,3.9993412
4.0,3.999051
4.0,4.001919
4.0,3.9899645
4.0,3.9674208
4.0,3.9873483
2.384230236665558,2.2726557
5.057328107944445,4.8354745
14.191901146896052,14.164205
23.602574344447035,23.42529
32.506036538037606,32.941357
36.84758068062878,37.297894
40.3528,40.56893
38.1037,38.65092
34.9366,34.775677
30.0712,29.721445
21.8551,21.524338
12.7669,12.654664
5.0098,4.906208
4.0,4.0077286
4.0,3.9824646
4.0,3.987479
4.0,4.003904
4.0,4.0052752
4.0,4.002392
4.0,4.001885
1.6518224279502218,1.775319
0.2070018594140344,0.22673187
0.0449902362601752,0.07447797
0.2427627816344821,0.32669827
0.0753566776781433,0.16937418
1.488873837303473,1.491084
8.25464645095312,7.935208
20.444949050924848,20.816458
31.42588324300956,31.861967
38.1955,38.542854
41.638,41.758057
41.5003,41.669067
37.7365,37.968147
31.3564,31.334929
22.6354,22.454079
12.4456,12.489354
4.9639,4.9461927
4.0,4.0088253
4.0,4.0091085
4.0,4.0042815
4.0,4.0036464
4.0,4.0034947
4.0,4.006162
4.0,4.0042977
4.0,4.005992
1.864846840279432,1.9220339
0.6137450772286748,0.50524575
0.1970591897015576,0.2462566
1.7546725348143406,1.7485758
3.181919762500188,3.0737486
11.492657669201936,11.559202
19.16598051336279,20.312073
29.398215005135807,29.249304
37.01652509307588,37.629227
41.9593,41.98336
41.638,41.73008
36.9103,36.85575
30.0253,29.932327
21.7174,21.559187
11.6653,11.70777
5.0557,4.839064
4.0,4.002081
4.0,4.0030107
4.0,4.0034466
4.0,4.0032296
4.0,4.0027995
3.3709093816159355,3.3148944
2.642214117800733,2.6568983
2.2318135652163256,2.2073717
1.7232952432249025,1.6591965
1.306566792724687,1.2763319
0.3223289000929629,0.29243517
0.2585360770215977,0.30342153
2.208466849589155,1.6076771
8.291036077021598,8.679535
17.424989356545645,17.932833
29.376,29.161196
37.13107466212161,37.90066
42.9748952810593,43.522713
43.933,44.14444
39.802,39.296818
32.2285,32.164112
22.6354,22.42078
13.3636,12.807155
5.1475,4.909924
4.0,3.999508
4.0,3.9987738
4.0,4.00501
4.0,3.99606
4.0,4.001506
1.6549089394423475,1.7946786
0.0829904117649162,0.036972318
0.424613789321991,0.44371688
1.4423490509248449,1.5112526
1.434475680713623,1.51109
1.3381863914256158,1.505506
2.338047582724473,2.319133
4.874201146896052,5.02894
10.680254869269929,11.283044
20.5173,20.66225
28.96236541957537,29.3441
38.21050618340559,38.87174
43.31661267048837,43.37723
44.29242692175566,44.769733
40.9954,40.972164
34.064499999999995,34.115738
24.5632,24.753052
13.6849,13.79684
5.1475,5.0975595
2.594451988755712,2.674645
1.2010623849935746,1.2137498
1.4849053442171662,1.5507091
0.8716070271760447,0.918628
0.7532370042897492,0.75341046
1.0839891957837893,1.0295465
0.650292706999371,0.70330244
0.3098837038565302,0.30228788
0.0070580244854537,-0.011001821
0.0,0.14243227
0.0,0.14401726
0.0,0.12909268
1.2852,1.2123449
6.9309,7.699595
18.6354,18.556799
30.7071,30.319336
38.711674282469694,38.924866
45.1264,45.2225
44.7133,44.77232
40.9036,41.083675
33.8809,34.21134
24.2878,24.755337
13.384495266445926,13.717715
4.436743858196147,4.543518
2.8520141452258003,2.8692648
2.9037318894728137,2.8381445
3.225433692449826,3.2419183
2.9681818835894416,2.8814886
2.8520141452258003,2.8470247
2.609942881935256,2.6150181
3.155391088399386,3.1613832
3.236943273760351,3.1712604
1.701439807492966,1.6612186
0.0898383167365368,0.15597789
0.2266865466705752,0.33496866
0.1305549383841262,0.29215276
1.9575596778010789,2.2817416
8.471923633943533,8.755156
18.45722577450624,18.999376
30.0186,29.987818
37.98099912691551,37.86231
44.05387966195422,44.594425
44.6674,44.462746
40.9495,41.04243
33.9268,34.200005
24.3796,24.784428
13.585024133837868,13.84765
4.42010288339306,4.6551456
3.080814714431958,3.072135
3.891534568903576,3.8781154
4.0,3.995185
4.0,4.016265
4.0,4.002731
4.0,4.000384
3.0493902222222227,3.0536077
1.874481047749692,1.8161241
0.9560297838259144,0.89550567
1.0993189819429972,1.023171
1.4978487777614986,1.4323336
0.6380390790820106,0.659865
2.518416264760973,2.2362866
10.056145838435944,10.07578
20.71388583844684,21.463923
32.46701976872951,32.45839
41.6476195812495,41.371063
45.2641,45.06298
44.9887,44.85632
41.1331,40.996353
34.1104,34.150265
24.5632,24.789528
13.7767,13.79131
4.5378528293362965,4.7308407
3.842708218992883,3.9081988
4.0,3.9735432
4.0,3.9937494
4.0,4.003112
1.9826123224089096,2.0484405
1.1265359503588352,1.1121863
0.7173546595466432,0.7195888
0.3767131099264744,0.38273138
0.0466338903220224,0.03339345
0.0,-0.0015309782
0.0309653361585124,0.1719924
0.3450700904279506,0.41067386
2.2735080867796515,2.2267482
8.331063457167298,8.569375
18.4059,18.885775
28.47472426152814,28.18485
38.79282641987534,38.9988
45.10139526644593,45.161934
45.0346,44.91755
41.1331,41.1459
34.1563,34.210403
24.5632,24.756483
13.7308,13.781115
5.2852,5.428074
4.0,4.0008974
3.4699241304781907,3.4427402
2.696282298284256,2.6831214
2.4575591350333967,2.423172
1.4099592968095855,1.4720262
0.5302773439661704,0.43774128
0.1796928075803606,0.21464165
0.0566670086147929,0.024287563
0.0,0.14365378
0.0,0.15131135
0.0,0.14621979
0.0,0.16787809
1.782746450953119,1.607707
7.863148695811793,8.471626
17.865867008614792,18.539803
30.6612,30.2413
38.36059613072567,38.65409
44.9428,44.917736
44.6215,44.45392
40.7659,41.11592
33.6973,33.713905
24.2878,24.76695
13.6849,13.758116
5.2852,5.351654
3.664083112153109,3.5880742
3.702794616508019,3.651564
2.923513247868106,2.8726926
3.854896494343733,3.8910823
4.0,3.986219
2.655397186572217,2.7210412
0.664162492849972,0.7807236
0.0682974582072614,0.04706692
0.0,0.025115347
0.0482857688831579,0.11296227
0.5245076565079808,0.50377494
0.6319388423209253,0.78059876
1.84143646119752,1.5840261
6.274541934326233,7.6411867
15.300282816129208,15.329247
33.2842,32.96184
41.3626,41.199684
44.392,44.34616
43.5199,43.31528
39.0676,39.23795
32.8711,33.102386
24.3337,24.67369
13.6849,13.815806
5.2852,5.440779
4.0,4.006816
4.0,4.0070286
4.0,4.0039763
4.0,4.0037103
4.0,4.000456
4.0,4.003999
4.0,4.0044875
3.640122963481764,3.6174057
2.923513247868106,2.781909
2.7446419704699268,2.6002939
2.594451988755712,2.5676332
4.0,4.016272
6.1114,6.0841513
13.7308,13.9140835
25.7566,25.79546
35.1661,34.725483
42.3724,42.41923
44.2543,44.415478
43.0609,43.052334
39.6184,39.320847
33.3301,32.877075
24.9304,24.918491
14.098,14.346198
5.377,5.3881426
4.0,3.8449101
4.0,3.9717498
4.0,3.9774692
4.0,3.9880507
4.0,3.9841814
4.0,3.9932961
4.0,3.998111
4.0,4.003985
2.6230757408889462,2.7041016
1.261949687987611,1.3229897
0.5645492207357141,0.52566373
0.7055136569911344,0.7121247
2.519112930138274,3.008025
11.1537,11.4237585
22.87739694189888,22.728031
32.0024726322093,31.661554
39.01752682142771,39.492092
45.5491195812495,45.611412
45.8608,45.521927
42.3724,41.94302
35.1202,34.77529
25.2517,25.224285
14.2816,14.36384
5.4229,5.3738613
4.0,3.9639022
4.0,4.0019007
3.811620281996678,3.9062936
4.0,3.9814024
4.0,4.007901
4.0,4.0031915
1.554013680553614,1.5535506
0.4629935127496797,0.41469342
0.0,0.015733045
0.0,0.12739938
0.3374415362933846,0.38865322
2.286442936686296,2.298131
4.825714145225801,4.6926026
10.833770615349918,11.276816
21.665978482253024,21.428965
32.0841,31.853033
39.1986,39.179924
43.25796527463972,43.04185
46.3657,46.318848
42.6019,42.5221
35.4874,35.710728
25.7107,25.502272
14.557,14.468362
5.5147,5.4361906
4.0,3.9802651
4.0,4.0009856
3.552711285768776,3.6125412
2.373812670488368,2.302391
1.3603657173079962,1.4344368
0.7572570337488046,0.7668051
0.5101668495891554,0.42372033
0.1888690604331411,0.211834
0.0,0.002967352
0.0,0.11986593
0.1280725373381355,0.29742774
1.1356553365513244,1.2126579
6.029857060329077,6.2176647
13.849245001899645,14.255211
22.75382445678656,23.364407
33.110058140215855,33.421677
40.636605074031934,40.58258
45.607013288848094,45.79794
46.5952,46.576847
42.6937,42.905796
35.4874,35.71492
25.7566,25.89879
14.6029,14.482702
5.5147,5.4246225
4.0,3.9947174
4.0,4.001636
3.083332698502285,3.2676682
2.4283737527963454,2.4093714
1.559059799057202,1.5678185
1.292273869082517,1.315837
1.4690249552638497,1.4525564
3.0080718478067587,3.0224137
4.0,4.0133896
4.0,3.9891353
4.0,3.994276
1.955396035749578,2.016
2.811475680713623,2.3654754
10.311516277003657,10.747491
20.9292633967833,21.046963
31.74767421296365,32.053543
39.984180458545296,39.71106
45.08213501048366,45.026817
46.8247,46.839714
42.9232,42.794476
35.6251,35.58831
25.8484,25.903921
14.6947,14.789616
5.5606,5.4653873
4.0,4.0089755
4.0,4.001574
4.0,4.001048
4.0,4.005672
4.0,4.0001016
1.6972871790046442,1.7721965
1.0401846990879362,1.0091966
1.3170797858085126,1.3403665
3.714833463129719,3.648011
4.0,3.9783041
3.5000738801926587,3.4419553
2.2898723024686127,2.27635
4.884984984532761,4.8966436
13.584255987884388,13.807121
23.391595752103445,23.742302
32.49168520605246,33.099827
39.9018647833529,40.207287
46.2739,46.225727
45.9526,45.966988
41.0872,41.3937
34.064499999999995,34.16405
25.0681,25.047031
14.4652,14.49445
5.5147,5.4571357
4.0,4.0026684
4.0,4.0049973
4.0,4.0031557
4.0,4.0011325
4.0,3.9994516
4.0,3.9971173
4.0,3.9931006
4.0,3.993276
3.73627130415743,3.7228644
3.644112355662818,3.5824232
4.0,3.9312391
4.0,4.001428
4.887911015892547,4.5548606
13.394682990047269,13.592415
23.005115908207003,23.179657
32.61056337179226,33.221294
40.34201193895495,40.706455
46.5493,46.670437
46.2739,46.139774
42.3724,42.479084
35.212,35.021736
25.5271,25.31001
14.557,14.432142
5.5606,5.4233427
4.0,3.918757
4.0,3.8901734
4.0,3.9662359
4.0,4.0035715
4.0,4.0033994
4.0,4.0047894
4.0,4.0014324
3.0908921415040016,3.2844136
0.7725926440808645,0.7630459
0.0286267022398424,0.04335369
0.07093021971607,0.009366161
1.2010623849935746,1.2010151
4.118226030966978,3.7561107
11.4035281103275,12.1027565
22.106878861684763,22.189451
31.92467208142265,32.116817
41.5003,41.389
45.9526,45.883793
45.9526,45.86863
42.2806,42.074295
35.212,35.268787
25.573,25.542673
14.6029,14.493815
5.5606,5.4436197
4.0,3.9128327
4.0,4.0045433
4.0,3.9999998
3.9228372591742,3.9786744
2.4680937705393373,2.4294925
2.084915166902308,2.0767746
0.868247499265417,0.8486926
0.4024547855092991,0.37141934
0.2014628532915302,0.20158333
0.3944824241021144,0.409506
0.6773430310277946,0.7068078
1.2459334633409596,1.4075794
3.5783806441216983,3.4182544
11.84324147473138,11.954001
22.97853049536782,22.864826
33.27535598788439,33.116993
42.8773,42.745247
46.0903,46.171024
45.8149,45.833008
41.9593,41.814503
34.9825,35.211056
25.3894,25.294537
14.5111,14.536876
5.5606,5.4616456
4.0,3.904397
4.0,3.9870725
4.0,3.9948115
4.0,4.002879
4.0,4.0037003
1.7128763673057663,1.774487
0.8216383030793633,0.85911936
0.4966525957485884,0.4325965
0.7055136569911344,0.7556926
1.4611039746056178,1.5098903
2.1821116454868257,2.22907
0.650292706999371,0.77589023
3.655089594256933,3.8986454
12.891170497655652,12.486261
24.26934788555064,24.306412
34.29674196991873,34.66166
43.015,43.045635
46.4116,46.54168
46.0444,45.843517
42.1429,42.10524
35.0743,35.27474
25.573,25.615171
14.6029,14.449787
5.6065000000000005,5.613909
4.0,3.97327
4.0,3.987412
4.0,4.0008044
4.0,4.003023
4.0,4.002697
4.0,4.002774
4.0,4.001741
3.0644600730840064,3.0565693
2.005567486256573,1.9062024
1.3875237344479845,1.3969359
1.407026086710225,1.4459181
1.0410734795150078,1.118444
3.643113656991135,3.9433067
12.51377886168476,12.787197
25.056272302468614,24.98348
35.7932624230035,35.6628
43.2445,43.00863
46.5493,46.487312
46.228,46.128014
42.3265,42.072388
35.212,35.216785
25.573,25.594784
14.6488,14.72134
5.6065000000000005,5.5847073
4.0,4.008048
4.0,4.0049367
4.0,4.002144
4.0,4.0011606
4.0,4.001354
3.1808028833930604,3.2645757
0.8348738097442598,0.9014593
0.3223289000929629,0.2965941
0.063948172474112,0.0050147995
0.0,0.0020975545
0.1033696507936507,0.14699493
0.0,-0.014270512
2.8043620962380458,3.1054833
11.7963,11.989002
22.25693830307937,22.368788
32.670179936507935,32.796852
41.387191045072,41.57887
46.1821,46.28194
45.769,45.89431
42.0511,42.043777
35.1202,35.246933
25.4812,25.143373
14.6029,14.430161
5.6065000000000005,5.58736
4.0,3.9577448
4.0,4.0025153
4.0,4.0026503
4.0,4.001162
2.1361289641645174,2.252707
1.8819863455445327,1.8095434
1.4099592968095855,1.4079435
0.664162492849972,0.7007222
0.0,0.03493477
0.0,-0.0041365037
0.3611162647609726,0.36750895
0.6403311924818902,0.7458088
3.9723359503588354,4.3091216
12.3012,12.216625
20.8845,21.3429
31.95290626321489,31.90352
41.13637434444704,41.54994
46.6411,46.650692
45.769,45.807846
41.3167,41.346523
34.3858,34.440083
25.5271,25.262302
14.8324,14.871415
5.6524,5.607647
2.8520141452258003,2.8399007
3.1110796619542227,3.216696
3.5804483772352422,3.5799057
4.0,3.9385724
4.0,3.999509
4.0,3.9948711
4.0,3.9870508
3.722868750866311,3.7041306
1.525848136467444,1.5106481
0.5273901931372164,0.4305818
0.6426259838297321,0.6806321
1.853090640589797,1.8950169
4.917210543287726,4.9867983
13.116243031027794,13.456114
23.04568622222222,22.949081
32.400229637081864,33.119316
40.43554720828345,40.527637
46.203471833002745,46.593452
45.3559,45.421146
40.3987,40.430397
34.1104,34.42401
25.7107,25.598299
14.7865,14.719088
5.6524,5.6149087
4.0,3.994161
3.390376059986968,3.4401982
4.0,3.9599411
4.0,3.9998333
4.0,3.997788
4.0,4.0004406
3.360541900966997,3.3200307
3.3864806806287824,3.2464998
2.048423787858045,2.101215
0.0600756212289131,0.0627937
0.2398708574538672,0.32715148
4.0,3.9955845
3.9346782550678734,3.7589955
10.74037024696903,11.441929
23.49989023626017,23.208977
35.90386474723587,35.79904
43.1068,42.848736
45.3559,45.32802
45.4018,45.01575
41.1331,40.805157
34.8448,34.661423
25.0681,24.901775
14.6947,14.798807
5.5606,5.4183903
4.0,3.8986437
4.0,3.868888
4.0,3.8436427
4.0,4.001039
4.0,4.0028486
4.0,4.000329
4.0,4.002069
4.0,4.004678
4.0,4.0036035
3.4059777564813487,3.4511747
2.191121822505818,2.2173276
4.0,3.977036
7.3507,7.6140265
17.3569,17.331104
28.0975,27.854128
37.1857,37.199623
43.7494,44.000458
46.8247,45.984783
46.2739,45.725327
42.3265,41.611904
35.0743,34.911686
25.4353,25.241821
14.557,14.688133
5.5606,5.49939
4.0,3.9099426
4.0,3.8839822
4.0,3.8927174
4.0,3.9233117
4.0,3.898398
4.0,3.9777374
4.0,3.9703515
4.0,4.002021
4.0,3.9955494
4.0,3.9976425
4.0,4.0008516
4.0,4.013775
7.3048,7.43308
17.311,17.70684
27.8221,28.119675
37.4611,37.48206
43.8412,44.02874
46.9165,46.179646
46.7788,46.170753
38.6019,38.863182
31.5333,31.849241
21.6648,21.47252
10.4652,10.602612
5.6065000000000005,5.6732845
4.0,3.9821062
4.0,3.9201236
4.0,3.8518603
4.0,3.810009
4.0,3.968732
4.0,4.0012603
4.0,3.9981258
4.0,4.0050325
4.0,4.0029416
4.0,4.0065346
4.0,4.00466
4.0,4.011717
7.4884,7.352354
17.2192,17.015438
26.1697,26.407295
35.1661,35.17988
43.6576,43.874447
45.9067,45.956272
46.9624,47.01952
42.6937,42.389957
35.9923,35.57219
25.9861,25.851507
14.9242,15.211503
5.6065000000000005,5.706419
4.0,3.979268
4.0,3.9179034
4.0,3.884899
4.0,3.8776393
4.0,3.888457
4.0,3.9834383
4.0,4.004667
4.0,4.003998
4.0,4.0036173
4.0,4.002106
4.0,4.012719
4.0,4.0106993
7.213,7.1175885
16.347099999999998,16.33634
25.0681,24.755074
33.4678,33.52257
41.8675,41.173737
42.9232,42.66179
43.8871,43.850727
39.9397,39.551735
31.1728,31.572033
23.6452,23.042723
13.2259,13.342076
5.5606,5.3272023
4.0,3.9352338
4.0,3.898484
4.0,3.8985312
4.0,3.9837487
4.0,3.976123
4.0,4.001385
4.0,3.9984365
4.0,4.000651
4.0,3.9961429
4.0,3.9965649
4.0,3.998934
3.2433438581961465,3.267062
6.941654029873694,6.695886
16.8979,16.730059
26.2615,26.38293
36.2677,36.669365
42.3265,42.35609
45.31,45.469894
44.1625,44.080177
39.3889,39.019554
33.4219,32.962963
24.9304,24.524137
14.4652,14.490434
5.6065000000000005,5.6430607
4.0,3.9353938
4.0,3.8222497
4.0,3.8925667
4.0,3.9830759
4.0,4.004076
4.0,4.0047803
4.0,4.006291
2.642214117800733,2.737813
2.2363487951896346,2.2372868
2.9099095144025333,2.799426
2.785968063536309,2.723928
3.946024133837868,3.9795895
6.197952864509124,6.3756833
15.305671719496662,16.20106
25.32992283780643,25.529758
34.91625835523923,35.255417
42.556,42.92531
46.4116,46.42023
46.1821,45.98443
42.8773,42.401287
35.441500000000005,34.779327
25.9861,25.961292
14.3275,14.296414
5.7442,5.915958
2.619491547310886,2.6757202
4.0,4.0139
4.0,3.9272
4.0,4.0083175
4.0,4.0026507
4.0,4.002189
3.433335289945673,3.4448843
1.2150286729571007,1.3142344
0.1038429934437652,0.17446834
0.3399791065587109,0.2684808
2.291014517915225,2.2802365
0.779078142128817,0.82132554
3.4159560705602336,4.140771
12.552429227943804,12.588789
23.775290236260176,23.524214
33.504627176470386,34.0671
42.64128394042314,42.77961
47.605,47.871975
46.5952,46.720924
41.0872,41.17772
34.8448,35.078236
24.9304,25.180332
12.0784,12.03413
5.7901,5.7416115
2.898792827936584,2.9039574
1.9782496507936504,1.999614
2.944579261774384,2.8167524
2.273886326675653,2.3311296
1.5833577530057434,1.5387151
1.7820124612325845,1.8238286
1.908869987695748,1.908533
2.7349481811669474,2.7144687
4.0,4.0135474
4.0,4.0009685
4.0,3.9973502
3.407278947553471,3.4617891
5.784000463983068,5.244348
14.021180040849282,14.265735
24.8426670086148,24.812504
34.67369694189887,34.503246
43.622743191272974,43.97185
48.2476,48.43358
47.7886,47.753742
43.6117,43.500515
36.0382,35.882767
26.4451,26.376406
15.1996,15.439784
5.7901,5.8183546
4.0,3.8547094
4.0,4.001134
4.0,4.005939
3.3709084735017054,3.3171296
2.048423787858045,2.086431
2.308185740864036,2.1969905
4.0,3.9668567
4.0,4.008415
4.0,3.9961145
4.0,3.9924114
4.0,3.9996886
4.0,4.0169187
6.441954943098491,6.5125785
14.71206615371105,15.063659
24.33012585812558,24.838646
32.59937085745386,33.45636
39.30187599705067,39.2051
45.5103082455754,45.6939
45.1264,45.08318
40.3528,40.10423
35.5792,35.647976
26.3533,26.419786
15.1537,15.176334
5.836,5.862318
4.0,3.996008
4.0,3.9999113
4.0,3.9978673
4.0,4.003526
4.0,4.004651
4.0,4.002162
4.0,3.9928179
4.0,3.9972272
4.0,3.9940445
4.0,3.9956474
4.0,3.9960241
2.014334470869814,2.0454688
4.359363396783298,5.2390065
14.11090765650798,14.713993
25.5908902042516,25.54819
34.9299,34.75667
41.81562724731988,41.21941
47.485610953384544,47.836838
47.8804,47.593807
43.9789,44.06008
36.7267,36.80483
26.8123,26.372452
15.4291,15.423659
5.8819,5.75645
4.0,3.9503229
4.0,3.9986565
4.0,3.9838724
4.0,4.005625
3.640122963481764,3.6099336
2.645806110071036,2.6468399
1.1797478806754549,1.1903268
2.3842295120941355,2.3171985
3.2677011468960515,3.2061572
3.2523104097085893,3.253501
3.155391088399386,3.2325747
3.638792847564413,3.5749543
8.4064,8.410277
16.082811114537705,16.168577
26.5302,26.455528
35.9856,35.786602
43.74824500786109,43.595383
49.7623,48.96454
49.2115,48.78822
44.6674,44.136215
36.9562,36.91461
26.8582,26.630035
15.6127,15.538436
5.9737,5.933132
4.0,4.008367
4.0,3.9980252
4.0,4.004439
4.0,4.001684
4.0,4.000477
4.0,4.002349
2.4610693988711034,2.4362555
1.554013680553614,1.5369651
1.9957188902027445,1.9706581
2.7823132888480964,2.6870024
4.0,3.9910133
4.0,4.0068464
7.365429460792505,7.508433
18.008928884583426,17.859612
29.20161347591985,29.221899
37.53764364182911,37.494987
44.216131427208296,44.30565
48.9361,49.056625
48.3853,47.73601
44.1166,43.831245
36.589,36.90083
26.7664,26.197943
15.475,15.760595
5.9278,5.8973446
4.0,3.9464815
4.0,4.0030813
4.0,4.001607
4.0,4.004756
4.0,4.001791
4.0,4.0010138
4.0,3.998605
3.831885341502179,3.8876324
1.5975869493131205,1.5056889
1.2799267803826408,1.2923194
1.0375217291101462,1.106135
0.8977805133627882,0.968966
4.241637004289749,5.0335526
12.876408086779652,13.172438
28.26952396238028,28.070053
38.3332,38.233036
44.6674,44.23783
48.5689,48.440895
48.1099,47.89134
44.0707,44.08773
36.589,36.885033
26.5828,26.304253
15.2455,15.347137
5.7901,5.7684965
4.0,3.895433
4.0,3.899202
4.0,3.9982312
4.0,3.896949
4.0,3.8991003
4.0,3.9981868
4.0,4.0000625
4.0,3.9873395
4.0,3.9818904
4.0,3.991559
4.0,3.9908907
4.0459,4.0183682
7.9933,7.892878
17.9077,18.036707
29.3368,29.304678
38.9299,38.995693
45.3559,45.270756
47.9263,47.899776
47.9722,47.209454
43.6576,43.81823
36.3595,36.573578
26.4451,25.889774
15.1996,15.399313
5.7901,5.907921
4.0,3.8686354
4.0,3.8985522
4.0,3.852647
4.0,3.8490727
4.0,3.8884225
4.0,3.886245
4.0,3.9167244
4.0,3.8968453
4.0,3.9081886
4.0,3.9089377
4.0,3.901925
4.0459,3.9260442
3.6261,4.0983095
11.6127,12.313103
17.2584,17.638966
23.2254,21.957294
23.5993,22.983896
38.884,35.866962
41.8675,41.545837
28.5106,27.63421
19.3765,18.047308
12.262,12.071468
9.508,9.111183
4.3672,4.34213
4.0,3.914626
4.0,3.9004476
4.0,4.0125837
3.756405618646028,3.7137132
1.501838760306919,1.5127381
0.0466338903220224,0.1931116
0.0449902362601752,0.0414572
0.0309653361585124,0.07037427
1.027774282469694,1.0712802
1.1677533854480873,1.2205852
0.7252819991673028,0.81298697
1.8258052615221445,1.9141932
4.811904615002646,5.104729
14.430220625263532,14.491979
21.22049105275537,21.810822
30.11232028199668,30.490097
37.2316,36.661255
44.6215,44.166214
44.6215,44.360813
41.0413,41.107525
34.3399,33.547447
25.2976,24.08229
14.7406,14.658102
5.5606,5.2818975
3.5013863886312406,3.2879467
2.014334470869814,2.002107
1.5864039371000194,1.53675
0.5830381809384382,0.63176847
0.1038429934437652,0.211342
0.0,0.020377235
0.0,0.006234069
0.0600756212289131,0.029297492
0.0405129301382738,0.0273358
0.1823798701598455,0.2768964
0.5158891535943231,0.4238094
1.6618411181423602,1.8067399
4.630897815493761,4.867371
14.342323673531435,14.42481
25.3827,25.487967
34.99828677360163,34.91711
42.62558469908794,42.88196
48.3394,48.218876
47.4673,47.082256
43.4281,42.940105
35.7628,35.52764
26.0779,25.826607
15.1996,15.425119
5.9278,5.9348893
4.0,3.9224524
4.0,4.006498
4.0,4.003701
4.0,4.005043
4.0,4.008864
4.0,4.0035353
4.0,3.9968014
4.0,3.997255
4.0,3.9959652
4.0,3.9974396
4.0,4.007904
4.0459,3.9824448
7.03691033215497,7.109555
15.780388608755796,16.002441
26.544988179260123,26.63787
36.27386084575079,36.663673
45.82544854006676,45.90995
49.0279,49.031628
48.2476,47.61419
43.933,43.827072
36.5431,36.9169
26.7664,26.188248
15.475,15.557799
5.9278,5.863833
4.0,3.9094493
4.0,3.9004133
4.0,4.0017157
4.0,4.0054383
4.0,4.001458
4.0,4.001169
4.0,3.9979553
4.0,3.9994464
4.0,3.9994736
4.0,4.002334
4.0,4.004939
3.854820185886532,3.928166
6.973947582724474,7.02795
17.211985162864796,17.274324
27.77333988739765,28.656218
37.89435328014799,37.85121
45.5368585598534,46.051033
49.3033,49.12791
48.7066,48.024353
44.3461,43.93047
36.8185,36.840595
26.95,26.431503
15.6127,15.760594
5.9278,5.821566
4.0,3.9530659
4.0,3.9915047
4.0,4.0015726
4.0,3.9921503
4.0,4.0012145
2.6135224140339908,2.688378
0.2969633717922578,0.33964065
0.0301836134186482,-0.015324501
0.0939967944886446,0.14279139
0.5645492207357141,0.54253775
1.7170411533192924,1.7759227
0.6961927069993711,0.8050671
3.8925723168895616,4.5507493
11.46258111781371,12.32159
24.054725858125583,24.104914
36.21295598788439,36.749332
43.2904,43.20699
46.6411,46.53819
44.851,45.0205
41.4544,41.749065
35.8087,35.58604
26.3533,26.063738
15.2455,15.366584
5.8819,5.841613
4.0,3.9279556
4.0,3.9093282
4.0,3.9862263
4.0,4.0055313
4.0,4.0044184
4.0,4.00433
4.0,4.003941
3.099718614534561,3.2789977
2.810369679551888,2.7323341
3.5013863886312406,3.424211
3.058177486173064,3.0154328
2.1241644784901204,2.0703156
6.3707529177270805,6.786091
15.968359828677176,16.450031
27.214750861964816,27.183126
37.67182182250582,38.12929
45.1264,45.367336
44.5297,44.308796
41.7231,42.016422
36.8185,36.686874
34.890699999999995,34.731934
25.8025,25.758223
14.8783,15.0679245
5.8819,5.840549
4.0,3.906117
4.0,3.9081469
4.0,3.8633935
4.0,3.9000041
4.0,4.0044622
4.0,4.0026293
4.0,4.0033484
3.0506448993258,3.0752385
3.8413547590203727,3.8765767
4.0,3.9796839
4.0,4.002078
3.065221520069255,3.0801995
6.335896651184815,6.4335146
15.109691908872437,15.572475
26.77422893763425,27.2131
36.2677,36.679573
44.2084,44.367065
46.5493,46.55555
45.4936,44.8792
42.1429,41.393818
35.441500000000005,35.029964
26.3074,26.1614
15.1996,15.526884
5.9278,5.95191
4.0,3.9327552
4.0,3.8815627
4.0,3.8831663
4.0,3.9195573
4.0,3.9928973
4.0,4.003878
4.0,3.998111
4.0,3.994949
4.0,3.999061
4.0,4.000798
4.0,4.0045695
2.0439388564488583,2.0743747
5.991935950358835,6.259945
15.549768342802126,15.82285
27.49555365193762,27.930986
37.2775,37.415127
43.7953,43.9213
46.7788,46.076496
47.8345,47.038033
43.2445,42.81451
36.0382,35.79966
26.1697,25.99063
15.1078,15.475495
5.8819,5.823059
4.0,3.9343708
4.0,3.8939753
4.0,3.874914
4.0,3.8907754
4.0,3.8857112
4.0,3.9805298
4.0,3.9979424
4.0,3.996033
4.0,3.9973536
4.0,4.00082
4.0,3.9955347
2.3554282370628363,2.3571339
5.924495176211215,5.9825687
17.886367509019564,18.111563
29.30144854006676,29.50666
39.6643,39.467266
46.2739,45.91611
49.2574,49.12665
48.6148,47.721462
44.3002,43.961052
36.7267,36.883625
26.5369,25.987211
15.1996,15.411768
5.8819,5.8483286
4.0,3.957826
4.0,3.8910918
4.0,3.8470335
4.0,3.9955723
4.0,3.9906888
4.0,4.00074
4.0,3.9911113
4.0,3.990209
4.0,4.002785
4.0,3.995033
4.0,3.9986649
4.1377,4.0911784
9.049,8.846627
19.4224,19.339624
30.0712,30.071735
39.802,39.51771
46.1362,46.222927
49.0279,49.214935
48.2476,48.17928
43.933,44.052055
36.3136,36.587875
26.3074,25.977633
15.1078,15.3328
5.8819,5.8408194
4.0,3.9350905
4.0,3.9051108
4.0,3.8488986
4.0,3.847767
4.0,3.9977734
4.0,3.995906
4.0,4.0003533
4.0,4.003182
3.756405618646028,3.7182145
3.2677011468960515,3.2406454
4.0,3.960383
4.1377,4.0969176
8.9572,8.791756
17.999499999999998,17.962824
29.5204,29.351171
38.3332,38.396095
43.5199,42.99735
45.4477,44.796925
44.8969,44.556202
41.3167,41.10593
29.4286,29.850775
22.2682,21.943384
13.2259,12.964879
5.6983,5.6703987
4.0,3.9090438
4.0,4.004541
4.0,4.00155
4.0,3.9960265
4.0,3.9963286
4.0,3.9962492
4.0,4.005989
4.0,4.00208
4.0,3.9997215
4.0,4.00191
4.0,4.00045
4.1377,4.1074705
8.9113,8.792993
19.147,19.402908
29.1073,28.977003
36.9562,37.02369
43.2445,43.0387
46.5034,46.401344
46.3198,46.05118
40.1233,40.35581
35.028400000000005,34.638462
23.0026,23.057014
13.5931,13.220372
5.7442,5.858067
4.0,3.9326234
4.0,3.8756626
4.0,3.8441236
4.0,3.9985013
4.0,3.9851367
4.0,3.994737
1.2998905716294824,1.3756609
0.7628957521034448,0.72259843
0.9250494142757496,0.95010966
0.1888690604331411,0.22673325
0.0,0.030080417
0.4469649018446744,0.37010244
4.778937801822442,5.4760303
15.31508498023852,15.735541
27.9139,28.12349
36.5431,36.918446
43.6117,43.664024
46.687,46.40383
44.6674,44.474285
37.8283,37.543793
33.376000000000005,33.31515
25.9402,25.16752
15.0619,15.388529
5.8819,5.845397
4.0,3.9406354
4.0,3.9420516
4.0,4.0021496
4.0,4.002159
4.0,4.0027027
3.2318264599813182,3.2781126
1.5833577530057434,1.5261266
0.424613789321991,0.40090814
0.0,0.018627757
0.0,0.022990394
0.7086652746397115,0.6786503
3.180817644678162,3.085282
5.785486244047282,6.23726
15.728765336158514,15.955963
26.86226700861479,26.825405
37.40105541816025,37.555275
46.4575,46.353428
46.3198,46.31847
44.7133,44.75819
42.3265,41.764404
35.9464,35.527176
26.4451,26.374338
15.3832,15.18161
5.9737,5.9847693
4.0,3.7989757
4.0,3.8367777
4.0,3.923515
4.0,4.000637
4.0,4.0002646
3.281829305799389,3.276802
0.9054244567865576,0.957734
0.650292706999371,0.6797147
1.0588885949600089,1.0878057
1.5378987487906726,1.5399576
2.2080471105361696,2.2159317
3.006197486408103,2.782019
5.926645462489708,6.2460423
16.174611114537708,16.383242
27.424006183405588,27.237564
38.72947966195422,38.771084
46.2739,46.314262
47.1919,47.40384
45.6772,45.360905
40.4446,40.17784
34.7989,34.928608
25.8943,25.893559
15.0619,15.558225
5.9278,5.890568
4.0,3.9364674
4.0,3.9005806
4.0,3.8907068
4.0,3.8993762
4.0,3.9983637
4.0,4.0007787
2.551709952854284,2.6921592
4.0,4.020127
3.9952770056301614,3.9994493
4.0,3.9646175
4.0,3.986831
4.1836,4.1430984
8.1769,8.310703
19.6519,19.442331
31.19283040618344,31.064291
39.24888255089872,39.57187
45.08624526370839,45.045723
49.4869,49.06277
48.2935,47.50484
42.9691,42.37075
30.3858,30.561754
23.3239,23.267708
14.6029,14.610794
5.9737,5.8403583
4.0,3.907374
4.0,3.9065893
4.0,3.8951428
4.0,3.9212804
4.0,3.9797416
4.0,3.9957805
4.0,3.9953914
4.0,3.9956977
4.0,3.9915292
4.0,3.9931319
4.0,3.9416766
4.2295,4.220699
10.1965,10.430516
20.8912,21.074308
31.4482,31.557144
39.42459395342107,39.60636
45.9067,45.842705
49.0279,48.855072
42.7855,42.879128
35.6184,35.633366
27.9072,27.661232
21.8025,21.58728
11.1537,11.437696
5.9278,5.736041
4.0,3.932717
4.0,3.9086025
4.0,3.8856869
4.0,3.979962
4.0,3.9986267
4.0,3.9989119
4.0,3.999791
4.0,4.00374
4.0,4.0047727
4.0,4.002207
4.0,4.006167
4.2295,4.250732
10.1506,10.4650955
20.8912,21.106014
32.3203,32.557457
41.4544,41.14577
47.5132,47.166958
50.2672,49.136288
49.4869,48.398792
44.9428,44.031094
37.2775,36.717434
27.0877,26.231497
15.6127,15.484619
6.0655,6.070433
4.0,3.9384668
4.0,3.8698657
4.0,3.9610069
4.0,3.9808664
4.0,3.9956014
4.0,3.9982967
4.0,3.9995668
4.0,4.0024605
4.0,3.9968011
4.0,3.9964123
4.0,4.0009527
4.1836,4.2514772
9.5998,9.732055
20.06196769537744,20.109901
31.7236,31.609465
40.5823,40.228844
47.1001,46.683712
49.9459,48.63313
48.9361,48.3154
44.4838,44.044373
36.6349,36.797863
26.491,26.156752
15.2914,15.549747
5.9737,5.9463544
4.0,3.919236
4.0,3.885488
4.0,3.8551347
4.0,4.0020866
4.0,4.0029693
4.0,4.00073
4.0,3.999974
4.0,3.998827
3.928287882795949,3.975296
4.0,3.966699
4.0,4.00774
2.9716822982842555,2.944801
7.412115005135808,7.625458
18.9488042030512,19.091522
29.7958,29.85327
37.7824,38.151665
43.6576,43.876537
47.6509,47.796066
48.3394,48.29841
44.0707,44.23345
36.4972,36.75538
26.3074,26.373125
15.1996,15.243736
5.9737,5.987328
4.0,3.9011328
4.0,3.9033399
4.0,3.957038
4.0,3.9875436
4.0,3.9938116
4.0,3.988423
4.0,3.9829292
4.0,3.9913945
3.3760964153788016,3.3020217
3.2062803991881217,3.2159739
3.5645903264256025,3.5690234
4.2754,4.2434382
5.569035814531905,5.802002
15.597315567020624,15.477141
28.66347849955364,28.933151
39.4348,39.6561
45.8608,45.923454
48.0181,47.79063
48.4312,48.00314
44.2543,43.823368
36.4972,36.753822
26.4451,25.94995
15.2455,15.391233
5.9737,5.945299
4.0,3.913761
4.0,3.8851883
4.0,3.9058945
4.0,4.007517
4.0,4.004043
4.0,4.001734
4.0,3.999019
4.0,4.0019016
4.0,4.001054
4.0,4.0071707
2.6314425139886737,2.7420466
2.6203559365079365,2.4991066
6.581511114537705,6.79943
19.4683,19.082233
28.5106,28.686754
37.3234,37.2922
43.474,43.232574
47.4673,46.438225
46.228,45.784317
42.0511,41.971985
35.3956,35.340508
24.9304,24.75021
14.6029,14.3989725
5.7442,5.829781
4.0,3.971033
4.0,3.913527
4.0,3.9077694
4.0,3.9117272
4.0,3.9124596
4.0,4.0063014
4.0,4.0068474
4.0,4.0020695
4.0,3.9680877
4.0,4.001129
4.0,4.007245
4.1377,4.1334267
8.0851,8.079403
13.40831471443196,13.308724
21.1207,21.24777
31.3105,31.492868
33.1465,32.939697
37.9201,36.56371
40.72,39.880863
36.9562,37.076366
30.3925,30.305645
25.4812,24.305473
13.6849,13.860113
4.8721,5.0798607
4.0,4.015226
3.692101738637093,3.7497523
2.2318135652163256,2.2533913
2.259074344447036,2.278794
2.7579905191242347,2.712099
1.305612558711475,1.3337903
0.4678586423476784,0.47293383
1.3758633967832976,1.5383283
1.525848136467444,1.5535799
1.1283584476155977,1.2103515
1.0588885949600089,1.1057097
0.9532388423209252,0.94305587
6.033978998246064,6.1044836
11.803,11.604038
20.3404,20.139553
35.3497,34.44492
43.8412,43.235817
46.228,45.925602
44.0248,44.132812
38.6545,38.266087
31.5859,31.426788
20.7535,20.665215
13.5013,13.294338
5.7901,5.551757
4.0,3.926657
4.0,3.9481735
4.0,4.0189457
3.391676082843246,3.445431
3.010570249220892,3.0074127
1.7347787255821507,1.6679237
1.41876935940222,1.4780518
0.9925737334090357,0.9835373
0.9672951762112146,0.9494616
0.4755342222222222,0.49079716
0.0991295130739428,0.16794072
3.0520974864081025,2.8185556
2.300176124051517,2.2680054
11.682666407120124,11.591995
20.5173,21.22394
35.2971,34.55639
40.40973886090655,40.259327
46.9165,46.714443
45.9526,45.604504
39.1594,39.020275
30.3466,30.293991
23.2321,22.550472
14.098,14.054713
5.7901,5.6712155
4.0,3.997958
3.494824278526862,3.4387782
3.030585920669413,3.00511
2.1551559878843887,2.1862707
1.2150286729571007,1.3441826
0.5830383300812807,0.5756889
0.3786759970506677,0.38703498
0.4098030140741615,0.39236346
0.5425993687595742,0.4669485
1.0410734795150078,1.069776
2.6314417414173388,2.6903887
2.524683940423148,2.5159264
7.661228821965613,7.038037
17.436167179893125,18.011177
15.757611688093387,16.699528
30.46581377688777,30.497988
40.57705286450912,40.55129
42.8773,42.787426
40.6282,40.396095
33.1006,32.92204
25.8943,26.17946
23.2321,22.675144
14.1439,14.108115
5.7901,5.7770596
4.0,4.0040865
4.0,3.9995823
4.0,4.0028634
4.0,4.00627
4.0,3.9919784
3.637464004664528,3.608965
1.709754705569651,1.691941
1.361333351965181,1.4141545
1.481923054388404,1.4914086
1.0490785643333649,1.0853919
0.6243386332574687,0.70072174
0.9549723168895616,0.8924103
6.477712281381511,7.012834
16.4322,16.53271
27.2646,27.574734
37.35500461500265,37.091805
45.4936,45.419163
47.6509,47.309166
46.0444,45.71924
41.7757,41.274094
34.4317,33.52406
25.1599,25.0494
14.4193,14.415886
5.8819,5.9008594
4.0,3.9549897
4.0,3.9936304
4.0,4.0029855
4.0,4.0076084
4.0,4.00326
3.2164919030447088,3.2760284
1.887353558320802,1.877133
1.1274469665728482,1.1666878
0.0793811178137083,0.05263612
0.0,-0.008995639
0.0,0.020789357
1.3508495533672125,1.4364831
7.387272837922999,7.723921
17.375891199866878,17.233786
28.732387179004643,28.94788
39.6643,39.439445
46.228,46.138817
46.9165,46.636417
47.9722,47.723328
42.4642,42.650105
34.890699999999995,35.078262
24.655,24.767511
14.6488,14.82431
5.9278,5.9002643
4.0,3.9590783
4.0,3.920499
4.0,3.9118161
4.0,3.9886267
4.0,4.004569
4.0,4.028089
4.0,3.995593
4.0,3.9849303
4.0,3.988443
4.0,3.994696
4.0,3.996697
4.459,4.424059
10.5637,10.339781
20.3404,20.14078
31.3105,31.35436
39.9856,39.904724
45.9067,45.877247
47.9722,47.203907
45.6313,45.32558
41.9593,41.54629
35.716899999999995,35.657288
25.7107,25.46219
14.557,14.432049
5.836,5.8857946
4.0,3.9050236
2.356485376396625,2.3575633
0.3167116214129296,0.31188682
0.1954141764208626,0.3395452
0.4987792379021467,0.4539868
1.4423490509248449,1.4682895
4.0,4.0242815
4.0,4.008794
4.0,3.9965281
4.0,3.9999247
4.0,3.9996688
4.4131,4.4363875
10.426,10.49597
21.1666,21.299036
31.6318,31.780977
38.374096651184814,38.81505
39.8871,40.525227
40.31669524244742,40.663433
39.8479,39.697823
37.3693,37.73569
28.5565,29.013807
21.7633,21.424183
12.7669,12.741341
5.836,5.645391
4.0,3.9480247
4.0,4.0266223
4.0,4.019327
4.0,4.0153203
4.0,4.006266
4.0,4.0054955
4.0,3.996664
4.0,4.002615
4.0,3.973403
4.0,3.9046218
4.0,3.9711676
0.9950653626011235,1.0357369
7.930235835633127,8.288741
17.84372147332482,18.278582
27.999,27.953108
36.78459760398222,36.669086
43.99811411780073,44.13782
48.1558,47.772396
46.4116,46.44173
38.1037,37.837364
32.1826,32.082382
22.7731,22.251839
13.0423,12.897962
5.7442,5.683431
4.0,4.029364
4.0,4.0120277
4.0,4.005095
4.0,4.0036173
4.0,4.0013056
4.0,4.0021996
4.0,4.002505
4.0,4.004871
4.0,4.0054755
4.0,4.0018454
4.0,4.003453
4.5508,4.552576
10.4719,10.465468
19.0093,18.991354
31.6318,31.738098
40.6282,40.20417
42.17819272986608,42.313717
45.193024335764726,44.980473
45.769,45.672916
40.3069,40.00248
29.6122,29.314217
22.5436,22.437061
13.4554,13.286251
5.7442,5.8101964
4.0,4.014327
4.0,4.0189366
4.0,4.014177
4.0,4.011704
4.0,4.0030227
4.0,4.003928
4.0,4.00382
4.0,4.00189
4.0,4.0050697
1.7546725348143406,1.8358232
0.0674236735314348,0.08030333
0.4593439838708633,0.46557444
6.006816264760972,5.90307
16.838678564333364,16.543367
28.624589356545645,28.179352
36.80339786586959,37.00871
45.8608,45.571808
47.048953651937616,47.08541
36.9729082455754,37.617203
37.5059397367351,37.483376
28.6942,28.494465
24.4714,24.046598
13.92988846996367,13.905555
5.836,5.813234
4.0,4.0182247
4.0,4.014205
4.0,4.0041304
4.0,4.0028734
4.0,4.00442
4.0,4.007223
3.783305846809105,3.9041064
3.2164919030447088,3.2467768
3.638792847564413,3.5768342
2.263628237062836,2.2867148
3.1110796619542227,3.1895201
3.053451988755712,3.043804
5.392727281234287,5.685023
17.04710002613601,16.936306
31.38501844815813,30.991537
39.2971,39.255108
45.0805,44.93114
46.8247,46.813812
43.9789,44.097816
39.3889,39.104523
33.0547,32.15363
22.36,22.92615
11.3899,11.55558
5.6983,5.5801325
4.0,3.9395118
4.0,3.9992335
4.0,4.0103064
4.0,4.0104685
4.0,4.0107036
4.0,4.004039
4.0,4.003821
4.0,3.9979374
4.0,4.001355
4.0,4.0007043
4.0,4.0084743
4.459,4.473009
7.743234560017472,7.818081
15.1537,15.078598
24.85781411780073,24.466467
31.42017184780676,31.844551
42.8314,42.712765
46.9624,46.505352
44.5297,43.916832
38.4709,38.129215
28.2352,28.52337
23.2321,22.732061
13.8685,14.206965
5.7901,5.935864
4.0,3.9977405
4.0,3.9239533
4.0,3.8436882
4.0,3.9883156
4.0,4.003418
4.0,3.999504
4.0,4.000271
4.0,4.003239
4.0,4.0056205
4.0,4.0018196
4.0,4.0023384
4.5967,4.614319
10.1506,10.184983
20.4322,20.313221
30.163,29.932503
38.2414,38.42479
41.7757,42.03039
44.1625,43.87168
33.8809,34.31286
33.2842,33.121502
29.6581,28.913458
22.4059,22.35659
13.7767,13.4245615
5.7901,5.7894945
4.0,3.951715
4.0,3.917354
4.0,3.9094095
4.0,3.9872644
4.0,4.0050025
4.0,4.0058947
4.0,4.005501
4.0,4.0082955
4.0,4.002381
4.0,4.0022936
4.0,4.0031095
0.9112704976556536,1.1562855
7.5276,7.4702916
18.6774684821052,18.614676
30.754452864509123,30.882427
40.1692,40.234245
45.2641,45.243637
47.1001,46.492634
33.9268,34.4161
37.507,36.91776
27.9531,27.58541
19.5993,19.471891
14.1439,14.14378
5.836,5.7699447
4.0,3.9603522
4.0,3.9092073
4.0,3.8983505
4.0,3.9310057
4.0,4.005544
4.0,4.0038595
4.0,4.0020347
4.0,4.0046444
4.0,4.0011287
4.0,4.001249
4.0,4.0013595
4.6885,4.6935287
11.2063,11.261085
21.3502,21.442045
31.54,31.735302
39.2512,39.441895
44.8051,44.8751
45.6313,45.496468
39.6117,40.360626
34.884,34.479332
27.0351,27.421152
20.1501,20.13347
9.4095,9.30615
5.836,5.7031174
4.0,3.9438932
4.0,3.896932
4.0,3.8705773
4.0,3.8370304
4.0,3.8933926
4.0,4.006414
4.0,3.9814942
4.0,4.0027504
4.0,4.0023317
4.0,4.0040607
4.0,4.0034666
4.6885,4.73113
11.0686,10.983564
21.3961,21.311571
31.2646,31.32495
36.029525131208295,36.267284
42.6937,42.913136
45.8149,45.77849
45.4018,44.85214
41.3626,40.92901
32.2285,31.722157
24.6091,24.140202
14.3734,14.669519
5.836,5.8904657
4.0,3.9495606
4.0,3.9434164
4.0,3.935155
0.0,-0.0403367
4.0,4.0576406
4.0,3.9043403
4.0,3.8647473
4.0,3.9778538
4.0,3.9805758
4.0,3.9805758
4.0,4.004376
4.7344,4.780954
11.7112,11.680377
22.2682,22.116835
32.3203,32.456367
40.261,40.280727
45.6313,45.791454
47.6968,47.181236
42.5034,42.385544
37.4085,37.50643
30.3858,30.309774
21.8025,21.755217
15.016,14.976691
6.0196000000000005,6.033535
4.0,3.8936493
4.0,3.9914477
4.0,3.9349508
4.0,3.8248744
4.0,3.9090924
4.0,4.012357
4.0,4.002903
4.0,4.0038915
4.0,4.001769
4.0,4.006153
4.0,4.004682
4.6885,4.721445
10.6555,10.682943
21.2125,21.391191
31.2646,31.43603
39.0676,39.101162
45.0346,44.851295
48.3853,47.77577
46.3198,45.687912
43.3822,42.660713
35.9005,35.497
25.8943,25.722876
15.016,15.011558
6.0196000000000005,6.0016866
4.0,3.9243464
4.0,3.898377
4.0,3.909123
4.0,3.993054
4.0,4.0105643
4.0,4.0086236
4.0,4.007349
4.0,4.006409
4.0,4.002538
4.0,4.0019846
4.0,3.9905212
4.466322963481764,4.5429573
9.317185162864796,9.980583
20.52226875086631,20.570381
31.3105,31.420979
39.5725,39.44048
44.5756,44.344795
47.6509,47.113102
46.3198,45.99628
42.0052,41.636616
34.615300000000005,34.383064
25.573,25.555447
14.7406,15.164624
5.9278,6.056266
4.0,3.960207
4.0,3.8958952
4.0,3.9041731
4.0,3.8290725
4.0,3.9678907
4.0,3.9873862
4.0,4.002793
4.0,4.001627
4.0,4.00002
4.0,3.998816
4.0,4.0063114
4.7803,4.7999864
11.8489,11.691712
22.1764,22.13711
32.412099999999995,32.51523
40.5823,40.283962
44.8969,44.983414
46.228,45.87886
46.0903,45.952316
37.3167,37.50363
34.753,31.099808
25.4812,25.518158
14.7865,15.155543
5.9737,6.088711
4.0,4.005832
4.0,3.980813
4.0,3.942067
4.0,3.9005973
4.0,3.906787
4.0,3.9233508
4.0,4.0056252
4.0,4.0041566
4.0,4.000132
4.0,4.000659
4.0,4.0014153
4.8721,4.886303
11.9407,11.865441
22.2223,22.193304
32.136700000000005,32.148056
39.5266,39.594448
42.8314,42.841072
47.9722,47.099373
43.0542,43.047676
38.3724,38.643166
31.6251,31.971298
21.9402,21.765001
14.9701,14.936786
6.0196000000000005,5.9610004
4.0,3.9281247
4.0,3.9039125
4.0,3.8837175
4.0,3.8967445
4.0,3.8800604
4.0,3.9894507
4.0,4.0046773
4.0,4.0058155
4.0,4.005999
4.0,4.0051403
4.0,3.9986398
4.8262,4.7875733
11.4817,11.569152
21.2584,21.436962
31.4482,31.449202
39.0676,38.970963
44.9428,44.846516
46.4575,45.87509
40.0707,40.66797
38.6937,38.718063
31.671,31.571877
21.8025,21.794495
10.9701,11.256397
6.0655,5.9698305
4.0,3.965638
4.0,3.9449275
4.0,3.8968256
4.0,3.9380443
4.0,3.9161482
4.0,3.8133774
4.0,3.8324313
4.0,4.003084
4.0,4.0074787
4.0,4.003529
4.0,4.003683
4.8721,4.913733
11.5276,11.5805435
20.5699,20.606916
31.7236,31.558134
39.6643,39.330822
45.1723,44.711895
47.0542,46.198296
46.228,45.73073
38.0511,38.32863
31.1661,31.151836
21.5271,21.355042
10.8324,10.899927
6.0196000000000005,5.997152
4.0,3.9610217
4.0,3.9084516
4.0,3.9080038
4.0,3.8386037
4.0,3.9876442
4.0,4.003822
4.0,4.0098424
4.0,4.007755
4.0,4.00451
4.0,4.002035
4.0,4.0081677
3.6070532801479898,3.4685526
9.156118244488558,9.494915
19.713118890202747,19.811863
29.82104269549654,30.039566
39.343,39.272503
43.8871,44.18003
44.7592,44.98579
43.5658,44.173737
40.3528,40.028698
30.2548,30.361883
23.0026,22.564596
14.4193,13.945013
1.9278,1.9323123
4.0,4.1199846
4.0,3.944921
4.0,3.8951614
4.0,3.8780112
4.0,3.8207557
4.0,4.006229
4.0,4.002699
4.0,4.0024776
4.0,3.9993052
3.837295266445925,3.900696
4.0,3.9735723
4.8262,4.761365
11.1145,10.977721
16.9897,17.062998
26.1697,25.993847
34.064499999999995,34.195957
40.6741,40.303444
44.8969,44.692398
43.2904,43.08768
39.5266,39.592278
31.3564,30.976553
23.3239,23.109356
14.098,14.480281
5.9278,6.013217
4.0,3.9580386
4.0,3.928025
4.0,3.9094582
4.0,3.999378
4.0,3.9659002
4.0,3.979981
4.0,4.008982
4.0,3.9983726
3.756405618646028,3.7131798
3.210109314590228,3.2494931
1.554013680553614,1.5310048
1.299953679468527,1.1880811
7.969678861684762,7.9517426
19.445998222222222,19.78174
31.5859,31.34621
37.6906,37.712063
42.3724,42.88555
44.0707,44.26773
43.5658,43.738632
40.72,39.882088
34.0186,33.85574
24.7009,24.533043
9.9144,10.698499
6.0196000000000005,5.9032416
4.0,4.0114775
4.0,3.9585464
0.0,-0.031602807
0.0,-0.004187953
4.0,4.0455832
4.0,3.9176514
4.0,4.0099635
4.0,4.008369
4.0,4.0061665
4.0,4.0019116
4.0,3.9988937
5.0098,4.8796086
12.1702,12.033527
22.4518,22.35197
32.6875,32.76372
40.7659,40.957188
45.8608,45.91254
46.9165,45.988956
45.4477,44.751686
40.5823,39.951187
32.1826,31.92472
23.5534,23.399105
9.4554,10.372658
5.8819,5.7724605
4.0,3.9560375
4.0,3.9758182
4.0,3.9538808
4.0,3.9420457
4.0,3.9110951
4.0,3.8799944
4.0,4.0024476
4.0,4.0020146
4.0,4.0036645
4.0,3.984303
4.0,3.92326
4.7803,4.878853
11.0686,10.9591465
18.9634,19.008953
30.3466,30.292587
38.6086,38.499153
45.0805,44.661575
46.3657,45.74666
45.1723,44.672424
37.8283,37.98356
28.5498,28.362555
19.6911,19.843876
14.0521,13.809161
5.9278,5.8707037
4.0,3.9621072
4.0,3.940808
4.0,3.9327192
4.0,4.010614
4.0,4.009011
4.0,4.0090194
4.0,3.9967394
4.0,4.0026155
4.0,4.000605
4.0,4.005773
4.0,4.0030403
4.918,4.888372
9.9211,9.959606
17.861800000000002,17.948004
28.6942,28.514864
38.5168,38.32632
43.7035,43.749268
46.1821,45.58993
39.933,40.335056
36.8185,36.431614
28.8778,29.006975
23.278,23.130154
13.4554,14.031442
5.7442,5.8830533
4.0,3.9827914
4.0,3.9402637
4.0,3.9544885
4.0,3.9589012
4.0,3.930972
4.0,3.874553
4.0,3.9067838
4.0,3.9645054
4.0,3.8705814
4.0,3.905853
4.0,3.9984388
5.0098,4.9082174
12.2161,12.205001
21.6256,21.6411
30.64423613402461,31.102251
35.93877106545312,36.31342
44.0707,44.08382
46.9165,46.79162
40.392,40.6353
34.9299,34.39263
27.4941,27.560766
18.1764,18.191422
8.5833,8.944769
5.6983,5.723548
4.0,3.9498942
4.0,3.9331043
4.0,3.9418051
4.0,3.934619
4.0,3.9285808
4.0,3.8785977
4.0,3.9009852
4.0,3.9859843
4.0,3.9808416
4.0,3.9127598
4.0,3.9144742
5.1016,4.8635054
12.3997,12.638527
22.5436,22.491743
32.2744,32.33368
40.1233,40.119534
41.61438959425693,41.460304
42.80022946079251,42.999237
43.015,42.931225
38.2873,38.144604
30.3466,29.887617
21.3043,20.896711
13.3177,12.816736
5.7901,5.7475405
4.0,3.9386451
4.0,3.9089231
4.0,3.9722595
4.0,4.004008
4.0,4.0086837
4.0,4.0059285
4.0,4.0000463
4.0,3.9994276
4.0,4.001034
4.0,4.0056276
4.0,4.00306
4.5967,4.6129923
9.9211,9.985855
22.5436,22.122173
29.8417,29.657612
35.938093650793654,35.903748
42.448979673344006,42.196327
48.6148,48.209263
46.9624,46.78663
41.3626,40.91344
28.6875,28.794966
18.6354,18.576353
13.7767,13.662577
5.6524,5.6174026
4.0,3.8849907
4.0,3.9475503
4.0,3.355933
0.0,0.012973623
4.0,4.0451174
4.0,3.9979239
4.0,4.0019946
4.0,4.0061464
4.0,4.0046244
4.0,4.0008345
4.0,4.0018597
5.1016,4.8922796
12.4456,12.566005
22.7272,22.640162
32.412099999999995,32.423794
39.22172224915434,39.52717
42.56060124305968,42.50432
44.8051,45.10475
38.6086,39.180145
38.9299,38.86166
28.5106,28.442188
22.6354,22.293152
13.5013,13.35405
5.9278,5.8875194
4.0,3.9641025
4.0,3.946275
4.0,3.9402082
4.0,3.935422
4.0,3.9390867
4.0,4.0081544
4.0,4.0025997
4.0,4.000411
4.0,4.0061884
4.0,3.9990077
4.0,4.0022626
5.1475,5.0546694
11.514676059986968,11.383959
19.16186249284997,19.664389
28.56914784289433,28.0941
37.92856225661536,37.7398
45.4018,45.109333
45.6313,45.483383
42.3265,41.75864
36.2218,36.570362
29.8876,29.771519
22.4059,22.408463
13.7308,13.404093
5.9278,5.8886876
4.0,3.957174
4.0,3.9338179
4.0,3.9296727
4.0,3.8634691
4.0,3.988738
4.0,4.004265
4.0,3.9723086
4.0,3.9160628
4.0,4.0030727
3.833238588355473,3.8939862
4.0,3.977659
5.1475,5.092438
9.319577120074102,9.027642
17.90172724731988,18.12085
28.028456677678143,27.439175
36.0774,36.254105
40.62854941427575,40.963768
45.2182,44.924484
39.4348,39.831577
33.3301,33.60958
29.3827,29.332478
20.1568,20.261297
12.8587,12.7419
5.8819,5.7506557
2.923514075296686,2.833338
3.2024553487416374,3.1820002
4.0,3.952972
1.9553966730066903,1.7975185
4.0,4.0021896
1.1192576692019367,1.159999
0.1153368760580722,0.16995978
0.3812975257517286,0.3589916
0.6518291834615983,0.6789853
3.5963298320118544,3.5812678
3.854896494343733,3.8366416
2.5992505289515373,2.6174307
5.588421473324819,5.954394
13.4946,13.87121
23.1336,22.899637
36.0315,35.14038
41.37509687961315,40.956284
47.2837,46.987656
46.0444,45.353596
39.9397,39.608326
30.4843,30.359716
22.6813,21.885801
13.2718,12.75627
5.8819,5.8445644
4.0,3.9700654
4.0,3.948075
4.0,3.9263904
4.0,3.9530158
4.0,3.954344
4.0,3.9962635
4.0,4.0127
4.0,3.9883149
4.0,3.9960349
4.0,4.0026135
4.0,4.00327
5.1934000000000005,5.123256
12.0325,11.929987
22.2223,21.98983
32.2285,31.757185
39.8938,39.672817
40.79052328937602,41.05359
45.769,45.647823
43.9789,44.14864
38.9299,38.609814
30.7138,30.220015
21.1207,20.727829
13.6849,13.38275
6.0196000000000005,5.944707
4.0,3.9465744
4.0,3.9335015
4.0,3.9119556
4.0,4.0146556
4.0,4.001149
4.0,4.005617
4.0,3.9990227
4.0,4.002294
4.0,4.0023713
4.0,4.006927
4.0,4.0042863
5.1475,5.122131
12.3538,12.586681
22.4059,22.542677
30.21081458031124,30.408484
36.15633876030692,36.45803
40.54271518305328,40.76955
41.8216,41.97969
43.2904,43.146904
37.6906,37.39861
28.1893,28.407145
23.6911,23.3023
13.7308,13.85583
6.0196000000000005,5.9969335
4.0,3.963952
4.0,4.0053835
4.0,4.0092525
4.0,4.0133295
4.0,4.006137
4.0,4.0065956
4.0,4.0021806
4.0,4.005521
4.0,4.0017323
4.0,3.9994953
4.0,3.9991882
5.1934000000000005,5.1188188
12.4456,12.623622
20.25773095201556,20.472834
30.48640114689605,30.170055
37.966,37.970192
40.632420558461,41.407547
45.1723,45.227524
44.0248,44.180088
39.343,39.263783
32.962900000000005,32.366615
22.4977,22.990255
14.0062,13.517687
6.0655,6.20492
4.0,3.993274
4.0,3.9978411
4.0,4.0219574
4.0,4.0112553
4.0,4.010188
4.0,4.0101004
4.0,4.011543
4.0,4.01077
4.0,4.0119514
4.0,4.005696
4.0,4.0088177
5.2393,5.2225676
12.6751,12.55824
22.40416875086631,22.325317
31.304985920669413,31.2202
36.928660455502325,37.25574
43.40841339300261,43.17007
46.4116,46.21859
41.7298,41.656494
36.6349,36.652958
29.7499,29.432787
21.5797,21.383535
12.8587,12.740699
6.0196000000000005,6.0243816
4.0,4.046579
2.7616340109387827,2.7508304
1.920738308720019,2.0312254
3.685425007120721,3.655385
4.0,4.0018973
2.9000272848587905,2.8970363
1.6549089394423475,1.7050313
2.419058355239226,2.3287532
3.449001463454293,3.3554518
2.7095536519376173,2.711749
1.0410734795150078,1.0995911
1.5226314897421198,1.2717133
8.275262781634483,8.258614
17.630889902006263,18.135014
28.05283148974212,27.628511
35.331022222222224,35.81357
43.7494,43.530304
43.7953,43.956196
44.392,44.11378
39.1594,39.059765
33.0088,32.583725
24.1501,24.07273
14.557,14.523468
6.1573,6.216675
4.0,3.9919853
4.0,3.9329257
4.0,3.8718467
4.0,3.9884324
4.0,4.005569
4.0,4.0012136
4.0,4.0118113
4.0,3.9976616
4.0,3.9966297
1.952138219877478,2.0392325
2.4575591350333967,2.3835375
4.642400541625793,4.537911
9.408898774030137,9.116612
18.69853375268196,19.107252
28.53449867518598,27.934523
37.31256935940222,37.48714
44.5297,44.247757
46.5034,46.375374
43.6576,43.940956
38.3791,38.069622
33.376000000000005,33.146732
24.5632,24.613676
14.4652,14.426699
6.1573,6.1272993
4.0,3.981798
4.0,4.0055547
4.0,4.01941
4.0,4.016066
3.083332698502285,3.256096
2.384230236665558,2.3229368
1.673472358172183,1.7064059
2.263628237062836,2.2909567
2.8201510954910973,2.6875982
1.7483821576035807,1.7178884
0.5073128400134554,0.5177274
2.0941494090426174,1.8709537
8.726693519037864,9.063009
17.229790452386485,17.68048
27.07199674248874,27.47287
35.052865362601125,35.275593
40.0774,40.59618
42.2806,42.36501
42.6019,42.746086
38.5627,37.90101
31.1728,30.878572
22.6354,22.148129
13.0423,12.755383
5.6524,5.52879
4.0,3.8864362
4.0,3.894545
2.5718651700778663,2.4595444
4.0,4.061867
2.6314417414173388,2.7293575
4.0,3.9804251
4.0,3.9144237
4.0,3.9967446
4.0,3.9912739
4.0,3.9982789
4.0,3.9874518
5.2393,5.2902784
8.59,8.579069
14.338812355662816,13.917843
20.308490810896465,19.950802
9.674238842320923,11.925242
13.250365362601125,13.433109
16.0774952810593,17.137938
23.3698,23.367523
30.163,29.857397
25.021813217133182,25.13206
19.111649542352414,19.320206
8.1769,8.332395
5.7442,5.687843
3.536892634069199,3.6065154
4.0,3.9271119
4.0,3.9787323
4.0,3.9788768
4.0,3.9881341
4.0,3.989073
4.0,3.9856524
4.0,3.9932432
4.0,3.9893188
4.0,3.9989307
4.0,3.991247
5.1934000000000005,5.222443
10.62529606107686,10.532623
18.1831,17.872253
25.9861,25.896606
33.9268,32.804493
38.4709,37.03498
32.2744,31.780817
33.651399999999995,33.38185
37.0939,36.962135
26.2156,26.45905
19.9732,19.971325
13.0882,12.75411
5.377,5.2557616
4.0,3.9356196
4.0,4.0058184
0.1226486448639166,0.27026212
4.0,3.9877071
2.341500463983068,2.3417222
4.0,3.9614308
3.783305846809105,3.914759
4.0,3.9764328
3.661418448158132,3.6032856
4.0,3.9274545
4.0,3.992374
1.876183373698045,1.8091563
3.1620135591603296,3.549076
6.6622,7.2688537
6.4327000000000005,7.238135
7.370969987695749,7.785469
28.0516,27.578617
30.18917684559452,30.147625
33.465093512749675,33.252605
28.668882424102115,28.69523
24.109478358372183,23.814724
18.61941565871795,18.857697
8.989693460134514,8.923075
3.09361421396086,2.785914
0.0,0.29533127
0.0829904782791986,0.005616161
1.8275271663891168,1.9057572
3.407278947553471,3.3912601
3.8847420330972247,3.8624299
4.0,3.9679213
4.0,3.9995008
4.0,4.0031877
4.0,3.9996383
3.0493902222222227,3.062218
4.0,4.012106
1.4430652746397117,1.4190503
3.136825476965092,2.6467137
9.034429783825914,8.055656
14.071091199866878,12.244443
20.264327281234287,20.015583
14.51172951307394,14.115866
21.31684463076065,21.626104
25.35143834769348,26.111246
21.109585708462227,21.814459
16.8061,16.914936
14.6947,14.658341
9.967,10.18787
6.0655,6.087067
4.0,3.930547
4.0,3.8895216
4.0,4.005349
2.106018681578273,2.1295307
4.0,3.959809
4.0,4.0089426
4.0,4.010078
2.2182222222222223,2.2803817
4.0,3.962169
4.0,4.003266
4.0,4.005551
5.1475,4.9679093
10.426,10.327979
15.7045,15.689859
26.3074,26.178112
34.890699999999995,35.124336
35.9005,34.696674
35.303799999999995,34.813496
36.13,36.24288
31.7236,31.860304
19.66350697347812,20.075777
15.57209303786431,15.167435
11.4358,11.031245
1.9470945197136007,2.2372048
1.2449935190378647,1.2517978
2.2182222222222223,2.143483
2.7349481811669474,2.61406
4.0,4.011922
4.0,4.012683
0.0,0.010108706
0.0,-0.09767043
4.0,3.98907
4.0,3.9812882
4.0,3.946709
4.0,3.9494274
5.1475,5.026359
9.8293,9.729133
17.999499999999998,17.500608
29.704,29.423676
38.5168,38.17986
41.71334334172489,41.60109
41.77299051912424,41.655045
37.1857,37.03927
27.1795,27.08182
20.68207024922089,20.589079
16.1176,15.946242
10.9309,10.867718
6.0196000000000005,5.911074
4.0,4.003774
0.0,0.043251432
0.0,0.052413795
0.0,-0.012671074
0.0,-0.019766966
0.0,0.036296174
0.0,0.006130238
0.0,-0.022589518
4.0,4.050584
4.0,3.9723783
4.0,3.9849017
5.3311,5.397608
11.7571,11.495823
21.6715,21.545193
31.5859,31.571247
39.5266,39.396584
44.5756,44.48187
46.4575,46.53555
45.2182,45.125347
39.6643,39.760094
31.2646,30.961683
18.36,18.62464
12.8128,12.716667
2.2032,2.0461483
0.0,-0.023801234
0.0,0.0031715129
4.0,3.9696774
4.0,4.0076246
0.0,0.0003590871
4.0,3.9340975
4.0,3.9681783
4.0,3.9911394
4.0,4.0035987
4.0,4.0071454
4.0,4.002317
4.9639,4.914628
8.8195,8.602304
10.0588,10.204875
17.48788966566464,17.160137
37.3693,37.426113
35.3956,35.729027
33.5596,34.2413
45.0805,43.639362
37.966,37.565556
27.5008,27.433762
10.7014,11.601977
7.8556,7.9048443
4.6426,4.752765
4.0,3.9574552
4.0,3.925802
4.0,3.935903
4.0,3.9308527
4.0,3.9094605
4.0,3.8848197
4.0,3.980187
4.0,3.9923465
4.0,4.00489
4.0,4.01157
4.0,4.001936
5.0557,4.9682493
7.5343,7.306389
16.4389,15.501201
31.6777,30.997314
31.6777,31.861702
35.671,34.59936
40.4446,39.99367
45.4936,45.19311
38.22596339763215,37.723385
31.7236,31.491652
14.7865,15.757109
11.0686,11.018051
4.7803,4.514476
4.0,3.9811435
4.0,3.9266922
4.0,3.9313598
0.0,0.011708506
0.0,-0.046140112
4.0,4.0160613
4.0,3.9275854
4.0,3.897528
4.0,3.9178
4.0,3.920314
4.0,3.9556916
5.1934000000000005,4.865477
10.8391,10.605179
12.1243,12.662186
10.7014,11.701523
14.5111,15.385871
22.9567,23.202114
30.163,29.33441
20.3796,21.258036
11.016,12.26636
14.7798,14.552687
14.0913,13.987167
7.7571,7.6677356
5.3311,5.051643
4.0,3.985709
0.0,-0.01154586
0.0,-0.03380273
0.0,0.027052937
0.0,0.007420434
0.0,0.014722559
0.0,-0.00045618412
0.0,-0.0005536683
0.0,-0.06114367
0.0,-0.00690523
0.0,0.055240847
5.1934000000000005,4.8796983
12.4456,12.300405
13.4028,13.661633
7.6653,9.4004545
11.4291,11.642932
21.2976,21.40144
30.2022,29.419905
27.6318,27.884874
24.1434,24.763905
18.4059,19.217981
12.1635,12.880708
5.6916,5.691454
6.0196000000000005,6.008369
2.017625131208301,2.0148666
4.0,3.9634497
4.0,3.9798586
4.0,3.9920416
4.0,3.9919438
4.0,4.007847
0.0,0.019143274
0.0,-0.004817541
0.0,-0.04851158
0.0,0.07098217
0.0,0.02438107
1.1475,1.3224679
10.8391,10.482427
16.3404,16.23427
24.8778,24.86826
29.7432,28.457712
23.5467,24.302025
33.5529,33.793587
30.9825,31.78357
30.7071,30.798532
20.3337,20.851461
10.885,11.765119
9.1867,9.251978
5.2852,5.11635
0.5837814952022728,0.45404384
0.3964711922906515,0.45862094
4.0,3.976684
0.0,0.028932871
0.0,0.0025427516
0.0,0.013666124
0.0,0.017892523
0.0,0.0024307827
0.0,0.03655849
0.0,0.009618498
0.0,-0.0045328755
4.918,4.7759614
7.213,7.33501
11.6653,11.999636
14.7339,14.888554
28.3662,28.45901
38.6478,38.740692
40.1166,40.415592
40.9036,40.806236
32.2677,33.304695
22.9959,23.235628
15.7045,15.796643
9.9211,10.241287
1.836,1.7580255
4.0,4.0985436
4.0,3.9264848
4.0,3.8696473
4.0,3.9269364
0.0,-0.05839454
0.0,3.3073382
4.0,3.9844224
4.0,3.9091616
4.0,3.8978767
0.0,-0.049786728
0.0,-0.008855686
5.1475,4.751749
10.4719,10.590752
14.9701,15.341512
18.1831,17.833197
34.753,34.266483
39.9856,39.64008
40.0315,39.768703
30.6679,30.620878
20.2945,20.703587
13.04775184902003,14.359371
6.858649922330722,7.386283
8.727699999999999,8.757606
5.1475,5.0703115
4.0,4.005071
4.0,3.98856
4.0,4.000143
4.0,4.04247
4.0,4.006839
4.0,4.0055976
4.0,4.0028825
4.0,3.9983506
0.0,-0.037816305
0.0,0.036323223
0.0,0.052274182
0.6885,0.9142703
4.4523,4.674451
16.3012,16.21052
30.3466,29.993519
36.1759,36.196774
38.6545,38.604313
42.7855,42.783226
40.29044334172488,40.094532
31.754929783825915,32.411488
28.62455052895153,27.880125
21.442,21.401571
13.8226,13.489025
6.3409,6.2629256
4.0,4.0058165
4.0,4.012559
4.0,4.004669
4.0,4.0035763
4.0,3.9999514
4.0,4.0079956
4.0,4.0071187
4.0,3.9971435
0.0,0.021616949
0.0,0.041519616
4.0,3.913157
5.377,5.361436
12.721,12.820687
21.6256,21.341019
31.2646,31.324802
39.343,39.27211
44.7133,44.81291
47.0542,47.10927
45.7231,45.908394
36.179653854804585,36.526737
31.54,31.81729
19.4616,19.855684
9.8226,10.220665
6.3409,6.2814703
4.0,4.035487
0.0,-0.08073912
0.0,0.0010759291
0.0,0.009744636
0.0,0.007710905
4.0,4.0146503
0.0,0.065038316
0.0,-0.0049279155
0.0,0.0010271503
0.0,-0.013344079
0.0,0.0025381697
1.3311,1.1215285
12.4456,12.311506
22.36,22.388119
29.4745,29.338394
37.6906,37.41074
41.26120931459023,41.306255
45.0346,44.952812
41.4085,41.7947
38.0119,37.746197
27.5926,27.233711
20.4322,20.063028
9.028181687676996,9.678852
2.0196,1.9843798
0.0,-0.025585804
0.0,3.2675283
4.0,3.9873836
4.0,4.032253
4.0,4.016606
4.0,4.010882
4.0,3.9889228
4.0,4.011121
4.0,4.0163026
4.0,3.9986286
4.0,4.0004516
1.2852,1.2524815
11.5735,11.461915
21.5338,21.486645
30.9433,31.143354
38.2873,38.28169
44.1625,44.1883
46.3657,46.458965
43.1527,42.77327
39.1594,38.594337
31.4941,31.03918
13.9995,14.410272
6.748996651184815,7.196439
2.737078861684761,2.7478054
0.2585361894787282,0.32744995
4.0,3.9911573
4.0,3.929141
4.0,3.9448733
4.0,3.9225652
4.0,4.020789
4.0,3.9941862
4.0,3.8623981
4.0,3.911763
4.0,3.9718108
4.0,3.969802
5.3311,5.3610225
12.6292,12.584657
22.3141,22.15116
31.54,31.765656
38.884,38.78435
41.30683981334776,41.791504
41.980024335764725,42.162567
40.37462613314249,40.493004
36.5431,36.96423
29.0155,28.500696
18.0454,17.784
5.243589153594323,5.64631
5.7901,5.9621515
4.0,4.0012226
4.0,4.004238
4.0,4.0227866
4.0,4.0033517
4.0,3.9534283
4.0,3.924581
4.0,4.006636
4.0,4.0030375
4.0,4.003648
4.0,4.007395
3.6268342270065537,3.6118953
3.1865303954857143,2.7534127
10.179498387399091,9.485079
21.2584,21.55181
29.9335,29.84686
36.81940358412039,36.793427
40.22856537537113,40.082825
40.92197101595247,40.87907
42.07132402745111,41.878044
36.77665122599224,36.658943
31.8613,31.843023
22.9567,22.700485
14.2357,13.744455
6.4786,6.4396653
4.0,3.992916
4.0,4.020095
4.0,4.0105047
4.0,4.0201545
4.0,4.0055795
4.0,4.0012817
4.0,3.9796236
4.0,3.9822516
4.0,3.9786625
4.0,3.9748132
4.0,3.9774728
5.2852,5.4011416
12.4915,12.626115
21.2125,21.125826
30.0712,29.674149
38.5168,38.318798
39.37206506794194,39.830616
40.8969,40.86708
40.77784320462459,41.191345
38.9758,38.986115
31.1269,31.372765
23.278,23.412275
14.6029,14.336903
6.6163,6.5509677
4.0,3.9495885
4.0,4.0090795
4.0,3.9956324
4.0,4.009357
4.0,4.0298953
4.0,4.017422
4.0,3.9782631
4.0,3.9044828
4.0,3.9055479
4.0,3.9024425
4.0,3.7727485
5.1475,5.0095735
10.7473,10.617139
20.2945,19.983408
24.9304,25.029211
37.2775,37.003323
43.474,42.908134
45.5854,45.478416
39.99403581453191,39.948475
34.7004,35.08671
29.528453679468527,29.061255
22.9108,22.652998
10.087058919299585,10.26048
3.409018461367765,3.910973
0.0991295130739428,0.3951816
1.0304300315585218,1.0135763
4.0,3.963977
4.0,4.0140676
4.0,4.0194063
4.0,3.9979286
4.0,3.9989038
4.0,3.9094338
4.0,3.983382
4.0,3.9857953
4.0,3.9654543
5.2393,5.230324
12.1243,11.835729
20.910804865955644,21.13288
30.4384,30.45284
35.5792,35.451435
39.84139245510027,39.76515
41.99987061534991,42.284645
40.17812547696509,40.07644
34.3642033904644,35.107628
26.69468788279595,26.506332
20.92947106545312,20.667149
14.6029,14.076706
6.2032,6.2939186
4.0,4.0349193
4.0,3.9970634
4.0,4.032183
4.0,4.017403
4.0,4.025649
4.0,3.973264
0.0,-0.06811577
0.0,-0.0054083047
0.0,0.0022346782
0.0,0.021523
4.0,4.027812
5.1934000000000005,4.8946524
11.2522,11.287758
16.6684,16.605104
23.5534,23.864628
28.3729,28.374826
35.441500000000005,35.30638
42.42725024728473,42.51772
40.72096238499358,40.62972
33.73559023626018,34.925026
20.845042813108584,21.987286
18.680079870159844,18.879074
11.507238330081282,11.325595
4.891770475843931,4.8056417
4.0,4.0969353
4.0,4.008438
4.0,3.9924188
4.0,4.004967
4.0,4.0102444
0.0,2.587714
0.0,-0.16269471
0.0,-0.018068617
0.0,0.057091627
4.0,2.1438107
4.0,3.9413664
1.3311,1.3363948
12.262,11.791063
21.9928,21.884739
31.1728,30.972372
39.1594,39.28473
43.3822,43.06793
43.39217576927726,43.260838
39.6576,40.036873
37.0021,37.01134
28.7401,28.999252
21.1666,21.496992
13.1341,12.941127
6.295,6.226656
4.0,3.8713467
4.0,3.997663
4.0,4.015187
0.0,0.027949788
0.0,0.0015867985
0.0,-0.017673446
0.0,-0.0061229807
0.0,-0.002210357
0.0,0.004207552
4.0,3.9696932
4.0,3.9816236
5.2852,5.4740376
10.8391,10.665175
18.4585,18.448696
27.0877,27.108065
38.3791,38.29957
43.933,44.063927
43.21933872336672,43.529026
24.13595541816025,24.454813
20.7076,20.499847
22.7731,23.029667
13.240287550791257,13.602185
9.016245223540592,8.793411
5.7901,5.8062153
4.0,4.021597
4.0,3.9945304
4.0,4.014707
4.0,3.8577678
0.0,-0.038111087
4.0,3.930491
4.0,4.0297627
0.0,0.030279769
4.0,4.01843
4.0,4.003921
4.0,4.01563
4.8721,4.897752
10.0588,10.05111
12.0784,12.292213
21.1666,21.530424
35.0743,35.43447
43.015,42.680553
44.11339190304472,44.188046
40.32950249144458,39.995583
35.716899999999995,35.835953
31.4941,30.651537
18.9567,19.265812
7.6653,7.6450076
6.5245,6.4440045
4.0,4.0083933
4.0,4.0309343
4.0,3.930753
4.0,3.933371
4.0,3.880055
4.0,3.9182227
4.0,3.884252
4.0,4.013478
4.0,3.9992745
4.0,4.0071316
4.0,3.9983063
5.0557,4.9273033
11.2981,11.004453
21.0748,21.11366
30.8974,30.844482
38.6086,38.441418
43.5199,43.283348
44.5756,44.299034
39.343,39.868233
37.8283,37.047695
29.3368,29.448288
22.4059,22.129192
14.098,13.946731
6.6622,6.7359705
0.0,-0.054846995
4.0,4.0536623
4.0,3.9140143
4.0,4.0208983
4.0,4.0175514
4.0,4.0108356
4.0,4.0061693
4.0,4.009887
4.0,4.011869
4.0,4.0130515
4.0,4.0042233
5.2393,5.038138
12.262,11.948519
21.4879,21.409557
29.4286,29.347965
34.710464747235875,34.47098
40.3528,40.21416
40.8577,41.27022
40.4446,40.51289
37.9201,37.765526
30.3466,29.846369
20.7994,20.087713
14.1898,13.913933
6.4327000000000005,6.534076
4.0,3.968027
4.0,3.4073958
0.0,0.027557958
4.0,4.040865
4.0,3.9655623
4.0,4.023683
4.0,4.001548
4.0,3.9861264
0.0,-0.043041565
4.0,4.076272
4.0,4.0140085
4.6426,4.6634927
6.9376,6.854898
13.0423,13.002094
21.3502,21.50861
29.7958,29.976978
23.5075,23.99849
30.5761,29.669233
38.1888,37.869297
30.1563,30.041212
21.4812,21.832289
15.1078,15.210879
9.4621,9.3187895
5.5147,5.4364495
4.0,3.9226913
4.0,3.948761
4.0,4.0277047
4.0,4.007295
4.0,3.997409
4.0,3.9184031
4.0,3.8688345
4.0,3.9611695
4.0,3.9624896
4.0,3.8570051
4.0,3.8569953
4.5508,4.350003
7.9015,8.064913
13.5472,13.178846
21.3961,21.24771
31.2187,30.83863
32.7267,33.07166
32.0841,31.582905
26.5302,27.061209
15.9732,17.03787
17.1207,17.735302
14.0913,14.193203
6.2424,6.8004503
1.4688,1.4940859
0.0,0.025190027
0.0,0.07447993
0.0,0.12914053
0.0,0.008638995
4.0,3.9924877
4.0,3.9170728
4.0,3.9499633
4.0,3.8964798
4.0,3.921717
4.0,3.887218
4.0,3.9955645
5.1016,4.6391454
10.7014,10.655894
11.5735,12.524035
19.9732,20.048586
22.4059,22.852013
34.1104,33.643867
40.6282,36.076153
39.2053,39.06045
33.651399999999995,32.472668
25.6122,25.73384
17.861800000000002,18.009634
13.1341,12.686649
6.4327000000000005,6.4851055
4.0,3.9644096
0.0,0.028342515
0.0,0.070867084
0.0,0.02160223
4.0,4.0680084
4.0,3.918397
0.0,-0.049983732
0.0,0.011586731
4.0,4.0413446
4.0,3.8908963
4.0,3.9048722
1.1934,1.1189827
12.0784,11.612244
20.9371,20.926252
30.3925,30.014578
36.13,36.25948
42.7855,43.033432
43.474,43.164635
39.6643,40.17191
38.0578,37.727936
32.549800000000005,32.437893
23.4616,23.358402
13.8226,13.961294
2.9376,2.635873
0.0,0.11872569
0.0,0.0027049626
0.0,-0.06866386
4.0,4.088951
0.0,-0.039899137
0.0,-0.060483035
4.0,4.025547
4.0,3.9007163
4.0,3.9757552
4.0,3.8538828
0.0,-0.0463144
5.1934000000000005,4.961131
11.4358,11.373391
19.5142,19.018644
26.9041,26.272324
33.3301,32.326138
37.4611,37.55156
41.2708,41.136623
39.4807,39.238945
33.5596,33.388363
27.3631,26.794474
18.9567,18.571222
13.3636,12.935037
6.6622,6.620461
0.0,0.03254368
0.0,0.07854243
0.0,0.06622535
0.0,0.011806705
4.0,4.017112
0.0,-0.0012128883
0.0,-0.0019664727
4.0,4.0197906
4.0,3.896946
4.0,3.8479857
4.0,3.9289298
5.1475,4.8343854
12.1702,11.801636
20.8453,21.105537
30.9433,31.122103
38.7463,38.7873
41.3167,41.407234
42.3724,42.71698
40.3069,40.523235
34.41852575541818,34.475273
26.98046242300349,26.981888
23.8747,23.54242
8.3997,9.55366
2.7081,2.8190012
4.0,4.015726
4.0,3.9486263
4.0,4.0231867
0.0,0.019276137
4.0,4.094374
0.0,0.06873277
4.0,3.9913146
2.8520141452258003,2.868285
3.220322614950556,3.1954544
4.0,3.9620483
4.0,3.998658
5.1016,4.972108
11.344,10.95817
18.1831,18.0939
25.1599,25.285858
34.064499999999995,34.17946
39.1135,38.907127
42.5101,42.623817
38.425,38.2914
28.1068365376716,28.380304
24.03443385442803,24.254164
17.602812277898682,17.041252
13.2259,12.589028
6.3868,6.3082876
4.0,3.9065905
0.0,0.057680618
4.0,4.101693
4.0,3.953395
4.0,4.0057087
4.0,3.998894
4.0,3.9777248
4.0,4.0013657
4.0,3.9946897
4.0,3.9677207
0.0,-0.04176375
0.9639,0.8410738
11.2981,11.170015
19.8355,19.646822
30.0253,29.582767
36.9562,36.788025
41.4544,41.618427
41.2249,41.085583
30.0253,29.90267
26.7205,26.661251
11.1145,12.744268
9.5998,10.082736
10.7014,10.645852
5.6983,5.4456115
4.0,3.9904835
0.0,0.0010352026
0.0,0.009980919
0.0,0.041416813
0.0,-0.011642834
4.0,3.9966338
4.0,3.9031756
4.0,3.9736335
4.0,3.914989
0.0,-0.07211785
4.0,4.1226454
0.6426,0.58325654
4.8654,4.3779655
13.4946,13.516077
20.1568,19.566494
12.721,14.37756
19.9732,20.168856
33.3301,32.323463
26.3992,26.017767
21.0289,20.958918
20.3863,20.426102
12.9505,13.528878
8.7736,8.792773
5.6524,5.6949415
4.0,4.023005
0.0,-0.027946562
0.0,-0.027592462
4.0,3.9713314
4.0,3.9855018
4.0,4.0002985
0.0,0.053486317
0.0,0.06966996
0.0,-0.030255284
0.0,0.00636621
0.0,0.08114637
5.0098,4.791164
9.8293,9.842767
13.4095,13.512915
17.0815,17.206657
30.8056,30.500225
31.3497,31.098333
28.917,28.312653
36.4972,35.620193
29.1006,29.104471
21.8943,22.491951
17.999499999999998,17.746382
11.1604,11.073589
6.7081,6.798704
4.0,4.0183177
0.0,-0.067892484
0.0,-0.026774144
0.0,-0.035685383
0.0,0.07628779
0.0,-0.015861314
0.0,0.004392001
0.0,0.0060374774
4.0,3.9682856
4.0,3.8937953
4.0,3.998994
4.5508,4.4829664
8.3605,8.683493
13.2259,12.7019825
16.1635,16.199917
21.9928,22.014517
26.3466,26.410671
29.6122,29.518644
28.6942,28.930748
28.7401,28.49825
21.6256,22.122866
13.9603,13.895668
10.6555,10.760927
5.836,5.651642
4.0,3.943852
0.0,-0.026638253
0.0,-0.08638782
4.0,4.046976
4.0,3.9812415
4.0,3.9134524
4.0,3.947575
4.0,3.9571197
4.0,3.9823134
4.0,3.9581094
4.0,3.9716935
4.5508,4.4345274
7.8556,7.8816724
10.1965,10.266981
13.0423,12.82394
25.9402,25.48317
23.0418,22.619247
21.8025,21.792976
35.5333,34.887836
36.6349,36.794617
20.7468,21.869946
18.229,17.886868
9.639,9.744188
7.0294,7.11432
4.0,3.922787
0.0,-0.0067584473
4.0,4.004823
4.0,3.9641325
4.0,3.9358363
4.0,3.9948444
4.0,3.9988635
4.0,3.9971104
4.0,3.9820628
4.0,3.97211
4.0,3.9750333
5.0098,4.696009
10.6096,10.849976
17.586399999999998,17.647825
27.5467,27.282106
35.0743,34.67795
34.294,34.281273
38.9758,39.204243
40.8577,41.221012
35.58268158741614,35.696342
30.8974,31.025581
22.2682,22.106918
13.967508615021108,13.632569
2.295,2.3969223
4.0,4.0622935
0.0,0.018370025
4.0,4.0618324
4.0,3.9208093
4.0,3.935725
4.0,3.918244
4.0,3.9200988
0.0,-0.040763054
0.0,-0.034586515
4.0,4.043144
4.0,3.8913662
4.8262,4.915157
8.2228,8.241764
18.5503,18.198805
26.6746,26.56942
29.4286,29.734816
29.245,29.34405
20.6617,20.90646
31.5087372591742,31.280643
37.03194727077668,36.729626
22.819,22.962675
14.1439,14.334981
12.0784,11.939183
6.983499999999999,6.690692
4.0,3.9584517
4.0,3.937053
0.0,-0.04340993
4.0,4.067006
4.0,3.9422505
0.0,-0.029848572
0.0,-0.025570152
0.0,-0.050861176
0.0,-0.080550835
0.0,0.05359821
0.0,0.010362772
1.0098,1.1645672
11.8948,11.745056
17.2584,17.137114
26.7597,26.551434
34.2414,34.506016
43.3363,42.529255
45.9985,44.563583
44.851,44.131695
39.7561,38.938175
26.12711614324993,26.658606
14.3275,15.124875
7.7638,7.945285
2.8021329810081106,2.3415713
4.0,3.996736
4.0,4.020033
4.0,4.025027
4.0,3.958703
0.0,-0.06560963
0.0,0.048608456
0.0,0.013348588
0.0,0.036926683
0.0,-0.012663767
0.0,-0.06807312
4.0,4.0953736
4.5508,4.5693197
8.1769,8.398783
17.586399999999998,17.06979
20.6617,20.750174
22.0387,22.852694
27.0877,26.900425
32.5039,32.29945
34.9825,34.709442
36.77232427852687,36.259888
29.2909,29.117773
18.229,17.982384
8.4982,8.42549
5.640776082843246,5.307996
4.0,4.044765
4.0,4.0248475
4.0,3.9918315
4.0,4.003614
4.0,4.0094905
4.0,3.988513
4.0,3.9822185
4.0,3.990406
4.0,3.9975884
4.0,4.015464
4.0,4.0078826
4.8262,4.569236
9.6457,9.689108
15.6127,15.742143
19.4224,19.377197
21.8551,21.940706
27.0877,27.060637
34.3399,34.004063
37.3693,36.92474
32.0449,32.17267
21.5797,21.89428
9.4554,10.0325
11.124757060329078,10.873199
3.078291686861754,3.1551573
3.473852420849786,3.4834614
4.0,3.975455
4.0,4.01439
4.0,4.0093412
4.0,4.011157
4.0,3.9767592
4.0,3.9724956
4.0,3.9440045
4.0,3.9861543
4.0,3.9816172
4.0,3.9803047
4.7803,4.6108346
8.7736,8.724199
14.8783,14.428789
23.4157,23.501587
30.3007,30.731758
33.0547,32.9328
34.3399,33.800606
34.5235,33.6855
19.12963884232092,20.35445
16.9897,17.421705
11.2914,12.218074
7.8556,7.842769
2.0265519510519483,2.153716
4.0,3.9396544
0.0,0.00074543647
0.0,-0.020706568
4.0,4.0080566
4.0,4.013336
4.0,4.003676
0.0,0.08757327
4.0,3.9971297
4.0,3.9690292
4.0,3.9801488
4.0,3.9958625
4.3672,4.3839493
10.2883,10.289822
18.5044,18.039072
24.196,23.637196
27.2254,26.87099
29.9335,29.521677
28.5106,28.128996
23.0026,22.922077
22.2223,22.038092
17.586399999999998,17.15432
14.6029,13.4774885
10.9768,10.81299
5.5606,5.337042
4.0,4.01364
0.0,-0.06039719
0.0,0.012185853
0.0,-0.029276757
4.0,4.049921
4.0,3.969215
4.0,3.967595
4.0,3.9655964
4.0,3.9577038
4.0,3.946023
4.0,3.9768982
0.8721,0.6070682
9.8293,9.262762
17.5405,17.521448
27.6385,27.366253
32.549800000000005,32.45948
37.2775,37.02622
41.179,41.34472
42.6019,42.45863
38.884,38.65585
25.658024602191016,26.301771
20.62822182312683,20.482958
9.795759570083518,9.576206
6.7081,6.8330145
4.0,3.9786804
3.481712168762182,3.3984265
4.0,3.9422083
4.0,3.988741
0.0753566776781433,0.1732227
1.9034834057232084,1.8359855
3.304992455100271,3.260282
4.0,3.9680142
4.0,3.9612355
4.0,3.928832
4.0,3.9330668
4.9639,4.6820593
10.8391,10.705529
18.7339,18.914944
27.5008,27.3637
37.3693,37.517853
41.4085,41.634327
43.8871,44.259068
34.3332,35.19613
32.283586049740585,31.453457
31.18438041130541,30.835247
23.9665,23.645864
14.4652,14.498558
7.0294,6.97451
4.0,3.9391682
2.9545098272103334,2.8439245
4.0,3.979178
4.0,3.9547448
4.0,3.9946845
4.0,3.9794753
0.0,-0.017035732
0.0,-0.024123594
0.0,0.0008811959
0.0,-0.06451003
0.0,-0.053231277
0.7803,0.78072435
9.508,9.49217
9.1341,10.341772
22.2682,21.679594
30.5302,30.459488
20.6091,21.671217
29.2383,28.581617
38.1037,37.546738
33.6055,32.940292
26.163,25.889748
17.204604203051197,16.954473
9.573299681494158,9.521038
6.4786,6.301741
4.0,3.9837906
4.0,4.023963
0.0,0.048048086
0.0,-0.026278263
4.0,4.0478983
4.0,3.9186711
4.0,3.9703965
0.0,-0.0061361734
0.0,0.060032833
0.0,-0.014506187
0.0,-0.023881884
0.8721,0.8238481
6.7014,6.766641
15.1929,15.3257265
24.1893,24.209131
35.1661,34.68589
34.2873,34.633144
34.0578,33.942997
32.3136,32.322956
29.6055,29.17863
25.2976,25.274996
18.7731,18.580091
13.5931,13.6195755
6.754,6.8647923
4.0,3.9746454
4.0,4.0059075
4.0,4.011783
4.0,3.9829488
4.0,3.932294
4.0,3.995258
0.0,-0.054161847
0.0,-0.11591197
4.0,4.064043
4.0,3.9481506
4.0,3.9043474
4.9639,4.868496
11.8948,11.811736
21.7174,21.358963
31.1728,30.921345
38.9758,38.94162
44.3002,43.98151
46.4575,45.87729
43.8412,43.803524
35.50829526644593,35.837727
16.7535,17.036846
14.7798,14.09115
8.0784,7.742954
3.1212,3.3406336
0.0,0.21115735
4.0,4.04419
4.0,4.0133386
0.0,0.057545148
0.0,0.010905301
0.0,-0.059432436
4.0,4.0069613
4.0,3.985401
4.0,3.9828262
4.0,3.9728608
4.0,3.975424
4.8721,4.8779945
11.0227,10.582181
19.6978,19.61396
27.4549,27.401548
35.3497,35.206436
42.1888,42.068165
45.3559,45.16389
41.155665717308,41.417297
31.542638248127048,32.31013
27.464796737699103,27.483913
23.8288,23.276636
11.97897106545312,12.214822
6.295,6.415447
4.0,4.01698
4.0,4.0217605
4.0,4.0158415
4.0,3.9948366
4.0,4.006669
4.0,3.9213104
4.0,3.8976915
4.0,3.9937475
4.0,3.986251
4.0,3.9567075
4.0,3.8940258
4.918,4.7238064
11.3899,11.275502
21.3043,21.298033
30.3007,30.547592
33.651399999999995,33.59436
36.8185,36.921627
35.9005,35.778378
35.6184,35.925392
36.0841,35.701607
25.9335,26.044865
22.819,22.173363
13.7767,13.45782
7.0753,6.860368
4.0,4.0173616
4.0,3.969759
4.0,3.8933132
4.0,4.0052643
4.0,3.9463348
4.0,3.9187438
4.0,3.8669107
4.0,3.9331818
4.0,3.8450248
0.0,-0.119359694
0.0,-0.00057513197
0.8721,0.82920873
11.6194,11.661879
21.2125,20.96149
30.7138,30.51016
38.425,38.433334
43.3822,43.209137
43.49809365079365,43.46065
38.6937,39.47059
34.5694,34.40314
24.7927,24.880774
21.2584,20.536762
15.2914,14.912375
7.1212,7.0623736
4.0,3.9845266
4.0,3.9386826
4.0,3.9184327
4.0,4.008126
4.0,4.0077634
4.0,3.9700513
4.0,3.9920487
4.0,3.9909885
4.0,3.9925923
4.0,3.9918785
4.0,3.992445
4.8262,4.8228145
11.2063,11.170121
19.9273,20.132404
28.4188,27.886305
37.9201,37.750725
42.9691,42.7767
44.5756,44.26115
43.6117,43.784706
35.39098731025446,35.571495
25.829882298284257,25.500257
12.1176,12.657363
8.865400000000001,8.545454
7.0294,6.976871
2.685439595587124,2.7291403
0.7637024914445751,0.79445845
4.0,3.9944777
4.0,4.0175657
4.0,3.996211
4.0,4.006172
4.0,4.000418
4.0,3.9637644
4.0,3.99729
4.0,3.9986222
4.0,4.00019
0.6885,0.6350575
10.885,10.544177
19.3306,19.356207
28.0057,28.009956
33.4219,33.69182
36.9562,37.34794
37.5988,37.750378
40.6282,40.328457
31.67081741034623,31.91923
25.0681,24.55925
19.0552,18.623013
11.9866,11.800837
6.754,6.620839
4.0,4.0143447
4.0,4.004848
4.0,4.0124063
4.0,4.0082407
0.0,0.03967521
0.0,0.08958883
4.0,4.0766153
4.0,4.0081234
4.0,4.0032597
4.0,4.0033092
4.0,3.9908307
4.8262,4.777079
11.1145,11.023632
20.8453,21.157532
29.8417,30.107534
38.0578,37.87623
42.9691,43.073017
40.0315,40.143402
37.6447,38.212017
32.9103,33.06192
26.44545802448545,26.960464
18.7731,19.151525
11.6194,11.284111
7.3048,7.13714
4.0,4.0045485
4.0,4.033993
4.0,3.9359965
0.3399791065587109,0.10082351
4.0,4.01776
4.0,4.005562
4.0,4.0095134
4.0,4.0036044
4.0,3.991531
4.0,3.9696476
4.0,3.9925797
4.7803,4.863068
10.5178,10.505223
17.6782,17.79036
28.786,28.77085
35.5333,35.465366
41.7757,41.72524
42.3724,42.63084
41.4544,41.628437
37.4611,37.403606
23.4549,24.664022
21.220490571629483,21.062384
8.198726133142495,8.787162
3.340082032038701,4.5397215
4.0,3.986739
4.0,4.002367
4.0,4.013767
4.0,3.9525883
4.0,4.0077744
3.225433692449826,3.2702904
4.0,3.9572458
4.0,3.9942727
0.0,0.007204005
0.0,0.009873518
4.0,4.0730014
4.8262,4.6599994
11.4817,11.41799
20.983,21.081972
30.6679,30.746635
38.1955,38.508106
41.208121520069255,41.619247
41.3292945197136,41.861996
43.6117,43.87171
34.5235,34.85145
32.0908,31.742575
22.819,22.518698
14.2816,13.958094
7.0753,7.113448
4.0,4.0432053
4.0,3.8743165
2.5280650408168963,2.429448
4.0,4.021415
0.650292706999371,0.7873202
4.0,3.9846904
4.0,3.992617
4.0,4.0083203
4.0,4.0029364
4.0,3.994363
4.0,4.0021377
4.6426,4.5919104
10.426,10.505748
19.2847,19.449154
29.0155,28.69622
36.9562,36.77214
41.5462,41.57957
35.20581045201276,35.85517
29.246719978542004,29.515572
21.3043,21.267902
15.1996,15.927208
19.1929,18.901373
13.5013,13.257632
5.6065000000000005,5.5219126
4.0,4.0107045
4.0,3.994842
4.0,3.9966636
4.0,3.991413
4.0,3.9990175
4.0,3.9939427
4.0,3.999908
4.0,3.9781945
4.0,3.9924088
4.0,3.9996994
4.0,3.9997466
4.4131,4.4253573
9.9211,9.863689
18.214404203051195,18.293554
23.7829,23.696608
28.312427849178924,27.818317
32.34383335196518,31.94403
33.17548318914413,33.72922
29.052562932702752,28.693914
27.441661427039303,28.091896
25.3435,24.498508
19.77277966195422,19.219952
11.27867764592506,11.701314
5.3872098272103335,5.0806937
4.0,4.074378
4.0,4.014634
4.0,4.0065145
4.0,4.0100408
0.0,3.72745
4.0,3.955421
4.0,4.009188
4.0,4.0129595
4.0,4.0078897
4.0,4.0094194
4.0,4.008517
0.1836,0.4050214
5.7901,5.8397727
8.3146,8.4589815
12.7669,12.930029
17.6323,17.767689
15.9799,15.326869
23.6452,23.05505
26.248173953711103,26.299726
25.31796780104741,24.667706
26.20016242300349,26.008862
21.410449246240667,21.194561
11.8948,11.762049
5.8819,5.9035153
4.0,3.9989817
4.0,3.9967988
0.0,0.10502654
0.0,-0.0029574253
0.0,-0.033935837
0.0,0.001008492
0.0,2.751468
4.0,3.9801114
4.0,3.9596515
4.0,3.9840746
4.0,3.988711
0.6426,0.36208466
8.865400000000001,8.538166
14.7406,14.413712
16.4389,16.389217
22.9567,23.130781
21.19955282933629,21.285505
24.24811537709813,23.520367
23.20261227789868,23.25643
25.50350996342394,25.711298
32.17322518267939,31.684944
24.1042,23.545174
13.735792354955136,13.855492
6.0196000000000005,6.2748747
4.0,4.0347557
0.0,0.004665789
0.0,-0.033968948
0.0,0.05378939
4.0,3.9871323
4.0,3.9773169
4.0,3.9662063
4.0,3.9997396
4.0,4.005703
4.0,4.010137
3.7242082642642433,3.724796
4.1836,4.208335
5.6983,6.1022654
13.7767,13.068037
15.3832,15.7666645
14.0521,14.046805
28.7401,28.362846
30.622,30.448708
29.7958,29.90844
14.3275,15.470052
13.78882645998132,13.956661
17.5405,17.62105
10.8391,10.782102
5.1475,5.001988
4.0,4.000076
4.0,4.006507
4.0,4.024264
4.0,4.0148506
4.0,3.974304
0.0,-0.009934739
0.0,-0.009892906
0.0,-0.015184514
0.0,-0.019745728
0.0,-0.04252309
0.0,0.0062237936
0.459,0.32076183
8.9572,8.470288
17.0815,16.445282
25.8484,26.209387
35.212,33.67033
33.9201,34.782864
22.7664,22.976316
30.4384,29.48647
29.9727,29.188366
23.4157,22.0761
25.9861,24.880413
14.4193,14.364978
2.7999,2.6829624
0.0,0.0602532
0.0,0.017432315
0.0,0.022671169
0.0,0.0018735403
0.0,0.0061876806
0.0,0.0036246155
0.0,0.0020276562
0.0,0.0046828133
0.0,0.0012796497
0.0,0.00084491505
0.0,0.007386029
0.4131,0.22245675
5.8293,5.9742675
13.4946,13.767499
16.4389,16.611923
22.6354,22.571344
25.3827,23.901472
25.2517,24.804071
23.5993,23.336523
15.6586,15.491284
16.393,16.358856
16.0258,16.015118
10.6555,10.753146
4.604823310268449,4.07396
4.0,4.062946
0.0,0.0351663
4.0,4.015683
4.0,4.013982
4.0,4.0161824
4.0,4.0080824
0.0,0.09904485
0.0,-0.037601117
0.0,-0.058395766
0.0,0.013821283
0.0,-0.0056770253
4.2754,4.0948095
6.3868,6.4578905
8.1769,8.044157
18.0454,17.382366
20.6617,20.293108
19.5601,18.75583
26.1171,26.002808
30.2548,29.94692
25.245,25.383884
16.524,16.681023
15.9799,15.900825
11.8948,11.706908
3.8880481217917393,3.4988098
4.0,4.0355725
4.0,4.0163426
0.0,0.027451795
0.0,-0.011252447
0.0,-0.014755948
4.0,4.028906
0.0,-0.031435993
0.0,0.012096467
0.0,-0.031055093
0.0,0.03691049
0.0,-0.024443634
4.5508,4.5713716
7.9933,7.9315877
13.8226,13.364065
26.1697,25.92794
29.6581,30.297588
28.6024,28.27141
29.5596,29.427858
30.3007,30.944643
27.7303,27.637096
25.1991,25.659046
16.9438,16.744978
9.508,9.759185
5.2852,5.300774
0.0,-0.012810485
0.0,-0.033018153
0.0,-0.004842007
0.0,-0.0021231167
0.0,-0.07567223
0.0,0.06236287
0.0,-0.029121421
0.0,-0.02478031
0.0,-0.02778755
4.0,3.9365783
0.0,0.11789019
0.4131,0.25785914
2.2032,2.7805479
8.3538,8.727557
22.3141,21.608185
29.4219,29.646738
35.6643,35.739746
34.425,34.010925
27.4941,27.500854
19.5075,20.687693
18.9567,19.82142
14.526396709839537,14.056656
11.9866,11.28655
6.4327000000000005,6.490708
0.0,-0.024162365
0.0,-0.0063102455
0.0,0.011792682
0.0,0.007815652
0.0,0.0038876855
4.0,4.0071797
0.0,2.571028
4.0,3.9830315
0.0,0.042467725
0.0,-0.0019216196
0.0,0.07214533
4.2295,4.2314544
6.3868,6.678514
9.2326,9.281979
12.6751,12.532842
13.7241,13.392984
23.868,23.850483
36.72,36.03202
34.9758,35.353626
29.1465,29.787941
28.3729,28.267628
15.9732,16.099184
10.1439,10.110213
6.8917,6.7321906
4.0,3.9888463
4.0,3.9742556
4.0,3.9440215
4.0,3.9952428
0.0,0.065696776
0.0,0.06083842
0.0,-0.014325826
4.0,3.9325848
4.0,3.9910676
4.0,4.0150614
4.0,3.9937327
4.6885,4.591971
11.0227,11.002341
20.7076,20.291956
30.9433,30.836065
33.5529,33.76227
26.4384,26.38555
28.6416,28.803074
29.4678,29.150942
34.3858,33.990974
32.917,32.256554
20.655,21.281708
13.927951095491096,13.742337
4.47353902779656,4.8247933
4.0,3.9795032
4.0,3.965751
0.0,-0.06724226
0.0,-0.1069725
0.0,0.017020479
0.0,0.018036075
0.0,-0.015767824
0.0,0.030276772
0.0,-0.08563793
0.0,-0.07363931
0.0,0.09341564
0.6885,0.7393055
11.3899,11.45698
21.3502,20.91691
31.1269,31.107628
35.4348,35.742092
37.3626,37.83186
35.6643,35.661846
29.4678,29.333115
35.2971,34.646004
30.7138,30.504063
23.5993,23.205719
9.9144,10.7664995
7.255547525553595,6.84431
1.920738308720019,1.965198
3.640122963481764,3.484626
4.0,3.9178166
0.0,0.020654786
0.0,0.019315986
0.0,0.020508656
4.0,4.0844355
4.0,3.9498968
4.0,3.9707031
4.0,4.01
4.0,3.9290898
0.6885,0.8124553
11.344,11.45845
21.2125,21.192116
30.9433,31.39166
39.0217,38.98922
44.5297,44.759136
42.1888,41.987415
39.9397,40.184082
35.82262750425571,35.85057
29.13304812179173,28.671194
20.524,20.587158
14.8324,14.540108
6.983499999999999,7.01761
4.0,4.004601
4.0,4.0135164
4.0,3.9819164
4.0,3.8763943
4.0,3.9378946
4.0,3.852312
4.0,3.9392822
4.0,3.9975464
4.0,3.982429
4.0,3.9732666
4.0,3.972
4.6426,4.612894
10.5178,10.575062
19.1929,19.452614
29.2909,29.266233
35.854600000000005,35.67857
39.107048377235245,39.10237
43.0609,42.83407
31.1202,31.65599
33.376000000000005,33.019276
22.08466827067804,22.09983
17.618051182268665,17.075792
11.673532319465576,11.815823
4.304588391994566,4.592155
4.0,4.081767
4.0,4.021685
4.0,4.001154
4.0,4.0093913
4.0,4.0137544
4.0,4.000841
4.0,3.9916968
4.0,3.9962704
4.0,3.9972055
4.0,3.9970906
4.0,3.9960394
4.6426,4.6309085
10.5178,10.581022
19.606,19.569433
29.4745,29.211857
38.1496,38.06592
43.1986,42.95255
46.5034,46.58617
39.68390221151611,39.769855
36.66909781549376,36.644043
33.3301,32.755116
24.6091,24.345263
13.4554,13.787175
7.0294,6.932134
4.0,4.009953
4.0,4.022431
4.0,4.015077
4.0,4.0173287
4.0,3.9109638
0.0,-0.029616494
0.0,-0.074255764
4.0,3.9616225
4.0,3.9065742
4.0,4.000952
4.0,3.9752326
4.5967,4.614345
8.55193422429522,9.117539
12.598889637542303,12.946193
24.28091741034623,24.125834
35.0450914666136,35.11378
38.02001976250019,38.551315
37.75487101595247,38.182186
40.5756,40.238785
38.0426472003723,37.812553
33.792240994681244,33.06598
25.0681,24.821613
14.116696415378804,14.37041
7.1212,6.931297
4.0,4.0072727
4.0,4.0227365
4.0,4.0033464
4.0,4.009485
4.0,4.0094566
4.0,3.919716
4.0,3.9377546
4.0,3.9943357
4.0,4.008809
0.8918495533672125,0.90561026
4.0,3.9979434
4.6426,4.628914
10.7473,10.637207
19.9732,19.732687
27.0418,26.923996
26.2801964153788,26.829256
24.026390810896466,24.12415
24.76752433576473,25.243748
35.4120634571673,34.76997
38.36738394547568,38.15609
33.6055,33.678974
19.6519,19.552555
11.4817,11.035077
6.6622,6.618462
4.0,3.998555
4.0,4.015751
4.0,4.0101757
4.0,4.008651
4.0,4.0093575
4.0,3.9153368
4.0,4.004127
4.0,3.993541
4.0,4.0006113
4.0,3.9966705
4.0,4.002052
4.459,4.486845
9.8293,9.806318
19.2847,19.271206
27.8221,27.997845
35.441500000000005,35.19873
38.06768248674109,38.226902
33.956647270776685,33.538548
31.3254286729571,31.385366
23.770875487663712,23.784788
24.862183243009564,24.498148
18.688,18.41618
12.3079,12.484152
6.0727086150211065,6.2303505
4.0,4.007281
0.8043664071201264,0.47131842
4.0,3.9885294
2.195630783535272,2.2784173
4.0,3.9678817
4.0,4.004043
4.0,4.001014
4.0,3.9988494
4.0,4.003699
4.0,3.9996061
4.0,3.9973564
4.5049,4.457671
9.5998,9.720403
16.62262934766772,16.22694
27.76033528994568,28.06091
34.16005385480459,35.14422
38.11738465546803,38.440132
39.315395243224906,39.155056
41.7298,41.78156
40.4905,40.278282
32.917,32.63622
25.8484,26.018082
15.7045,15.545489
7.0294,7.017173
4.0,3.9824083
4.0,4.013805
4.0,3.997196
4.0,3.9966998
4.0,3.8897438
2.777443518626665,2.7261503
3.544799465670009,3.5341513
1.8916503744904056,1.8545148
1.1274469665728482,1.1360918
0.1759474573162376,0.1601023
0.6688053063360259,0.7215225
3.962423936507936,3.9893434
8.976137814473127,8.694591
18.98961267048837,19.41637
29.08331356521633,29.584661
35.29268565079365,35.574017
40.33729041176492,40.33434
41.76129264408087,41.564224
44.32429365079365,44.26275
40.8118,41.02423
31.28008846996367,30.880484
24.3337,24.212189
15.2914,15.34997
6.252241900966997,6.0560346
2.890157531155168,2.9207144
3.360540994681247,3.2602768
0.8216383030793633,0.87278885
0.9560297838259144,0.9800483
4.0,4.042812
4.0,4.015896
4.0,3.9056318
4.0,3.921913
4.0,3.8370779
4.0,3.9569666
4.0,3.91452
4.5049,4.517482
9.5998,9.553894
18.94671419195089,19.298449
27.326511693135007,27.15192
35.03515918970155,34.817673
41.70618959425693,41.314064
45.99822427852686,45.890034
45.1264,45.117523
39.4348,39.777973
33.1006,32.890903
23.3698,23.932196
15.0619,14.973156
6.8917,6.7529364
4.0,4.030084
0.1000686223927491,0.28056225
4.0,3.9670515
4.0,3.9972596
0.7468184613677651,0.6110136
4.0,3.96298
4.0,4.009263
4.0,3.997881
0.126588101431868,0.3694995
3.360540994681247,3.2451248
1.7841218668530754,1.7879395
4.5508,4.5677342
6.217621352405954,6.413193
15.5601,15.604567
26.539350764930724,25.617813
33.74358338917089,33.51558
29.8051365376716,30.332598
36.72496875086631,35.27939
43.933,42.69685
35.441500000000005,35.20619
30.0712,29.869406
19.491832846822348,19.717749
11.10896288048513,11.029697
3.385445153563288,3.7234492
0.5711846554680314,0.73496306
0.1105168236434822,0.20731528
4.0,3.9704077
4.0,3.8816614
4.0,3.9437656
2.0671966511848145,1.9830308
4.0,3.9622633
2.477470441780352,2.4309435
1.0588888965600125,1.0751241
2.0088527770540368,1.9798499
3.9310150568157103,3.9749513
4.5508,4.5435185
9.0031,8.68622
11.22788919578379,11.183285
19.5954824906984,19.983347
25.9728614270393,26.683796
28.67045452423236,28.776001
27.592213217133185,27.271591
31.1269,30.34838
23.3239,22.795048
20.2027,20.184124
15.8881,14.966133
13.1341,12.596769
5.7442,5.8991275
4.0,4.004853
4.0,4.0051165
4.0,3.9999669
4.0,4.001287
4.0,3.9994774
4.0,3.9088173
4.0,3.9585128
4.0,4.0086308
4.0,3.9868546
4.0,3.9960706
4.0,3.996351
4.3672,4.3279204
8.424559135033396,8.216855
18.98698324300956,19.347744
27.9598,28.035887
31.7236,31.799503
32.4119005416258,31.686047
37.051305067511045,37.783028
31.69493984185145,31.398268
35.7628,35.19966
27.1336,26.613356
20.1568,19.86056
11.9407,11.631387
5.2852,5.3169274
4.0,3.934273
4.0,4.000101
4.0,3.9696221
4.0,4.002653
4.0,4.0001807
4.0,3.9992006
4.0,3.9973848
4.0,3.9830348
4.0,3.973953
4.0,3.9970458
4.0,4.001228
4.3213,4.152411
7.672000000000001,7.6433177
13.9603,14.273414
19.8814,19.838175
35.441500000000005,35.180996
43.2445,42.525757
41.6839,41.624084
33.7432,33.441814
27.4549,27.83268
26.2615,26.16466
15.934,15.383992
10.6096,10.661342
6.295,6.2670236
4.0,4.0129347
4.0,4.0113416
4.0,3.9868865
4.0,4.0003915
4.0,3.9156878
2.480989493767765,2.2269979
4.0,4.0172935
4.0,3.99819
4.0,3.9989433
4.0,4.02411
4.0,3.9789376
4.2754,4.251604
5.8819,5.938753
10.6096,10.297224
9.7834,9.719881
15.1537,15.849564
22.2223,22.141792
19.9273,19.499786
14.6947,14.761297
17.4028,17.096441
22.5436,21.927443
22.6354,21.982464
14.8324,14.577695
5.4229,5.2349257
4.0,4.00333
4.0,3.9947438
4.0,4.000778
4.0,4.0125084
4.0,3.9920523
0.0,-0.00022928593
0.0,0.07107061
0.0,-0.022994462
0.0,-0.042447496
0.0,0.00833682
0.0,-0.06730636
4.1377,4.151047
6.3868,6.517773
11.3899,10.990368
17.77,18.306128
18.2749,18.269732
17.8159,17.723797
19.147,18.774887
23.6911,22.944662
23.8288,23.230087
15.475,15.471049
11.5735,11.729478
9.1867,9.14199
5.0557,5.1191287
4.0,4.017465
4.0,4.014819
4.0,4.010972
4.0,4.009593
4.0,4.0100317
4.0,4.0153837
4.0,4.0014443
4.0,4.0011525
4.0,4.0109553
4.0,3.9970832
4.0,4.0058336
4.4131,4.358231
8.5441,8.457232
16.0717,15.289744
25.0681,24.756304
34.202200000000005,34.188744
43.5658,43.376328
42.8773,42.33482
35.3497,34.56012
31.081,31.376162
27.984710148430302,27.970217
22.7272,22.486887
11.2522,11.244753
4.5652250930758775,4.500104
4.0,4.0965633
4.0,4.004911
4.0,4.0031962
4.0,3.9978116
4.0,4.0071025
4.0,3.9986918
4.0,4.0034337
4.0,4.0027065
4.0,4.006181
4.0,3.975495
4.0,3.9747436
4.2754,4.2748184
7.5343,7.371213
12.9046,12.606938
23.8747,23.528204
31.1728,31.134573
32.0449,31.899271
27.8221,26.769262
36.8644,35.71309
35.9005,35.670647
30.0712,29.43915
24.3337,24.123575
8.181675997050668,9.1313925
6.1573,6.2167006
4.0,3.9485795
4.0,3.9265454
4.0,3.9972
4.0,4.013457
4.0,4.0098224
4.0,4.0050406
4.0,3.9949088
4.0,3.9382572
4.0,3.941059
4.0,3.9934292
4.0,3.9861526
4.3213,4.284951
8.131,8.116982
12.4915,12.721911
18.4126,18.260601
31.7695,30.936031
39.5725,39.428528
17.4028,18.825628
24.14738972255288,22.622229
21.366739595587124,21.364054
14.818638308720018,15.498537
21.10736723290236,20.937376
14.1439,14.060179
5.836,5.889001
4.0,4.0033984
4.0,3.9991603
0.0,0.029812934
4.0,4.034163
0.0,-0.05240748
4.0,4.0566516
4.0,3.9760845
4.0,4.0090346
4.0,4.004756
4.0,4.001224
4.0,4.0023513
4.1836,4.212031
5.6524,5.7642465
9.0949,8.495052
10.0588,10.127301
15.832433463129718,14.934384
18.571809094748925,18.508078
14.877141701076605,14.318309
19.563581587416145,19.097466
20.7994,20.079557
15.9799,15.785415
18.5044,17.851122
11.5735,11.411027
4.7803,4.833521
4.0,4.021741
0.0,0.0141334105
0.0,0.055786084
4.0,4.015561
0.0,-0.022095034
0.0,-0.026376028
0.0,-0.007619444
0.0,0.016702548
0.0,0.0034846012
0.0,-0.033412393
4.0,4.013675
0.1836,0.30510613
1.8819,1.6311305
7.1671,7.0438514
10.8391,10.882154
19.4224,19.277643
28.9696,28.395357
22.4518,22.442
26.95,26.496645
27.3631,26.657711
20.065,19.670347
22.9567,22.02744
6.7932,7.018644
4.6885,4.7429867
4.0,4.005815
4.0,4.0067134
4.0,4.0117826
0.0,0.032658644
0.0,-0.009795168
0.0,-0.021804888
0.0,0.02154401
0.0,-0.0033506986
4.0,4.0175047
4.0,4.0091653
0.0,0.08432839
0.3672,0.23830372
2.7999,2.7355833
8.4982,8.293368
14.2816,14.3068695
21.0289,21.073729
19.0093,19.083624
21.2584,21.44655
21.9928,22.72089
20.8453,21.27549
17.77,18.495195
19.9273,19.773556
12.671168632852066,12.004235
6.295,6.2032533
4.0,3.998599
0.0,0.092448585
4.0,3.9666805
0.0,0.07424124
0.0,0.009545214
0.0,0.0063418145
0.0,0.008804891
0.0,0.0040665437
0.0,1.704966
4.0,3.9743855
4.0,4.0149956
4.4131,4.463718
10.0588,9.84979
18.7798,18.551962
21.8092,22.4751
20.9371,21.974358
28.5106,28.598392
43.6117,43.08505
37.7365,37.834538
38.0119,37.717346
29.6581,29.966417
23.3698,22.939323
14.9242,14.858982
3.7508592968095855,3.5801098
4.0,4.046306
3.7886927674737,3.8500612
4.0,3.9727006
4.0,3.9547455
4.0,3.9576201
4.0,3.988465
4.0,3.9972067
4.0,3.9777584
4.0,3.9933186
4.0,3.9480228
4.0,3.9945369
4.5508,4.569145
9.4162,9.265891
17.6782,17.529541
27.5926,27.450005
35.441500000000005,35.210766
42.7855,42.61718
44.05333755752975,43.795662
39.54533081682283,39.478905
35.7102,35.49913
28.81855270026404,28.542519
22.20375772616564,21.331598
14.8324,14.351969
6.1114,6.201409
4.0,3.999509
4.0,4.0056667
4.0,4.0067034
4.0,4.0086327
4.0,4.0084853
4.0,4.0078926
4.0,4.0062137
4.0,4.005603
4.0,3.9338212
0.0,0.032934852
4.0,3.9739814
4.3672,4.268917
9.8752,9.576781
17.861800000000002,17.853075
28.786,28.330915
37.1857,37.241913
38.7463,38.73898
40.6282,40.19624
40.19567764592506,40.925045
35.35888604974059,35.32221
31.3564,31.128975
24.0583,23.908934
13.5013,13.873671
1.606843937699444,1.5850171
0.2763691121945419,0.21818249
0.6921671999068254,0.68438643
2.509199026059979,2.4229717
4.0,4.04221
0.0,0.010999575
4.0,4.020964
0.0,-0.048025746
4.0,3.9421732
4.0,4.0164776
4.0,4.0233994
4.0,4.0011344
4.0918,4.098212
4.6426,4.98117
5.3311,5.935932
8.5441,8.927798
20.065,19.525127
26.8582,26.2799
28.1893,28.235172
25.7107,25.088814
33.376000000000005,32.775723
26.899789493767766,27.402142
19.5601,19.029425
12.0784,11.851138
5.8819,5.9041247
4.0,4.0216174
4.0,4.0057144
4.0,4.005086
4.0,4.008488
4.0,4.0099897
4.0,4.0002174
4.0,3.9939451
4.0,4.002534
4.0,3.9963465
4.0,3.9994311
4.0,4.001129
4.5508,4.5001388
10.9309,10.333818
21.1666,19.760519
31.4482,31.271572
39.8479,39.81662
44.851,44.262577
46.6411,45.623505
42.55206863285207,42.179466
36.54821417642086,36.952484
30.7111508261904,29.988766
24.4714,23.87249
11.803,12.254309
5.4229,5.3980813
4.0,3.9634068
4.0,4.0066304
4.0,4.0066056
4.0,4.0059257
4.0,4.006836
4.0,4.0068693
4.0,4.0065475
4.0,4.003445
4.0,4.006567
4.0,3.9631722
4.0,4.0002995
4.5049,4.44681
10.1506,10.149275
21.2584,21.246449
22.7272,22.899803
28.8319,28.499737
35.671,34.656998
40.4905,39.694603
38.17672182250582,38.204098
34.36979052355095,35.09337
32.3662,31.98129
22.7272,23.022448
12.9505,12.842438
6.048445059161868,6.1126375
4.0,4.0131545
4.0,4.0093026
4.0,4.011235
4.0,4.0066743
4.0,4.0118876
4.0,4.0095577
4.0,4.0078144
4.0,3.9959626
4.0,3.9975142
0.0,-0.005360121
4.0,4.040281
0.459,0.29485786
9.3703,9.279066
17.7241,17.933252
23.5993,23.429537
29.6122,29.699566
38.6545,38.240814
37.507,37.643665
23.9206,25.003052
24.8386,25.23782
19.5601,19.664692
21.4879,21.403671
13.9144,13.711026
5.4688,5.472455
4.0,4.0040236
4.0,3.9993663
4.0,3.9454396
4.0,3.9922767
4.0,3.9746795
4.0,3.9338531
4.0,3.8301044
4.0,3.938764
4.0,3.9316642
4.0,4.003217
4.0,3.9994242
4.2754,4.109205
6.754,6.9852557
12.3997,12.456774
20.4781,19.771296
25.3435,24.562433
24.7927,25.193497
25.3435,24.503431
25.9861,25.704815
27.16222920195177,27.419647
25.8484,25.35597
12.654747880675457,12.987798
6.170853385448087,6.530751
5.4229,5.271615
4.0,3.9603817
4.0,3.937402
2.1204989370566776,1.9437851
4.0,3.9534628
4.0,4.000159
4.0,4.002212
4.0,4.0087485
4.0,4.0112467
4.0,3.9618888
4.0,3.9587975
4.0,3.9284935
4.3672,4.3658457
8.3146,8.384092
13.7308,13.211471
23.5075,23.724102
29.5663,29.79849
37.5988,37.686028
39.6184,39.356075
40.3528,40.024506
38.7922,38.49271
29.6581,29.629206
18.8716,18.590351
10.1965,10.01677
5.4688,5.3866086
4.0,4.015278
2.923513247868106,2.853147
2.685439595587124,2.65526
3.532942148828764,3.4185832
4.0,3.9651697
4.0,4.0032954
4.0,3.9839098
4.0,3.9619448
4.0,4.0009017
4.0,4.0004597
4.0,3.9986892
4.2754,4.264743
9.1408,9.251281
17.311,17.383375
20.983,21.312172
24.3337,24.783775
41.4544,40.727886
45.5854,45.71082
40.5364,40.428772
39.1135,38.53517
33.5137,33.300617
23.0485,23.35276
12.9046,12.718199
5.6983,5.976682
4.0,3.983816
4.0,3.916173
0.0,-0.019152809
0.0,0.027334638
4.0,3.943943
4.0,3.9206781
4.0,4.0138493
4.0,4.0048685
4.0,4.0081606
4.0,3.996735
4.0,4.0058093
4.5508,4.5629754
10.7932,10.658635
19.8355,19.725039
29.9335,29.55121
39.1135,39.044872
45.2641,45.350597
46.7788,46.990776
44.8051,45.02558
34.15481817754293,35.18508
24.9696,26.286943
17.9536,17.874779
12.3538,12.513229
2.9536365376715965,2.5707066
2.074941969918722,2.0682473
0.0898383167365368,0.25885612
0.923337920451007,0.9397694
4.0,3.9823472
1.5864039371000194,1.5914611
1.9553966730066903,1.987764
0.943082764436708,0.98297715
0.5957126904085626,0.6245679
0.8473412143488122,0.91250557
4.0,4.0019846
4.0,4.008002
4.1377,4.151497
6.6163,6.803792
12.3079,12.811046
15.7963,15.776776
28.1893,27.921461
39.7102,38.838406
45.3559,44.942204
45.0346,44.750706
39.7102,39.52328
30.4384,30.574242
22.18852645998132,22.43051
10.670506183405587,10.411594
5.6524,5.621007
3.272835423974306,3.26146
1.614919978542007,1.6967019
4.0,3.9940877
0.0,0.1825827
4.0,3.971372
0.0,0.015589155
4.0,3.9263556
4.0,4.0143013
4.0,4.007711
4.0,3.993979
4.0,3.9963067
4.459,4.203887
8.1769,8.024698
12.1702,11.702566
16.8979,16.828627
25.7107,25.362793
12.262,12.405838
14.356580680628785,15.064705
23.3698,22.783812
24.7927,24.26207
21.084205344217168,20.72566
19.70399199795192,19.486952
11.329427849178929,10.469465
5.1475,5.104126
4.0,3.9876568
4.0,3.9862783
4.0,3.9796066
2.477470441780352,2.4416935
0.8348738097442598,0.94071615
2.5033139095046173,2.3761504
4.0,4.0297008
4.0,4.0008516
4.0,4.006156
0.0,-0.07998244
4.0,4.078889
0.4131,0.2657605
7.7179,7.868277
11.344,11.221751
19.8355,19.503422
26.5828,26.989994
39.9397,38.21977
40.9036,38.90787
42.0052,41.38497
36.0382,35.832478
25.31531861453456,24.842001
16.834188101431867,16.394196
8.597157385537189,8.278783
3.660182298284256,3.514453
0.1507936507936507,0.44649586
4.0,3.9796767
4.0,3.9161353
4.0,3.899101
4.0,3.9905899
4.0,3.992792
4.0,4.004999
4.0,4.007711
0.0,-0.042247016
4.0,4.056295
4.0,3.969747
4.459,4.264851
8.3146,8.584076
13.9603,13.49451
26.6287,26.691446
32.825199999999995,32.89419
39.7561,38.970722
40.5364,40.011173
40.7659,41.052315
35.70713346312972,35.452198
29.7958,29.0629
11.803,12.4698105
9.7375,9.74638
5.1016,4.7824984
4.0,4.0153565
4.0,4.005255
4.0,4.001841
4.0,4.006122
0.0,0.0040269764
0.0,-0.055915896
0.0,-0.016078116
0.0,-0.051964253
4.0,4.1018023
4.0,3.9550672
4.0,3.9789414
0.4131,0.3345506
10.3801,10.265632
19.7437,19.470703
28.1893,27.718431
36.7726,36.44127
44.4379,44.41384
43.7035,44.2274
40.8577,41.254627
30.42534288193525,30.146633
24.3729,25.491783
19.019460211087257,19.34108
11.269544375192568,11.003457
2.698088391994567,2.707559
4.0,3.8870203
4.0,3.9373438
4.0,4.000961
4.0,4.0034366
4.0,4.0060678
4.0,4.003036
4.0,3.9936318
0.0,-0.007405838
4.0,4.0045033
4.0,3.8914247
4.0,3.9971914
4.5049,4.5379496
9.0031,8.717747
18.5044,18.266603
31.5859,31.754942
40.3069,40.189213
45.4936,45.40726
47.08540078488656,47.263634
40.8051,41.514565
36.18549036714017,36.576046
32.962900000000005,32.66508
23.2321,22.738525
13.0882,13.287788
5.4229,5.4703546
4.0,3.9478843
4.0,3.9421363
4.0,3.9872255
4.0,4.0071683
4.0,3.910994
4.0,3.950832
4.0,3.9823117
4.0,3.9997609
4.0,4.0007186
4.0,4.002124
4.0,4.010523
4.5049,4.513138
10.9309,10.763631
20.16605494309849,19.989408
28.82542495526385,28.829224
36.2533045030627,36.689068
39.90862367353144,40.677265
40.27889020425159,40.563995
41.89397825506788,42.282772
39.7561,39.48361
32.2285,32.10045
23.1403,22.75646
13.4095,13.1009655
5.4229,5.483916
4.0,4.014328
4.0,4.0129013
4.0,3.9935617
4.0,4.002969
4.0,4.0011573
4.0,4.009475
4.0,4.000496
4.0,4.002343
4.0,3.9716275
4.0,3.9680882
4.0,3.9712853
4.459,4.355211
9.967,9.968317
17.109083361527755,17.203415
24.45134447498544,24.942438
33.23867386908252,33.807858
39.95217876877966,40.850544
43.29370500819675,42.968445
38.47550124305968,39.28754
37.4152,37.354343
30.6679,30.492373
22.6354,22.459766
12.5833,12.571715
5.3311,5.266398
4.0,4.029006
4.0,4.00807
4.0,3.997888
2.978137499496444,3.0650733
4.0,4.004188
4.0,3.993885
4.0,3.994576
4.0,3.987906
4.0,3.9877944
4.0,3.979927
4.0,3.9762814
4.459,4.448425
8.452300000000001,8.4543915
16.642095702822274,16.321987
25.776967476602703,25.67455
36.43279613072566,36.247704
41.47722296993466,41.248665
41.43125667767814,41.187428
38.96333573073654,39.787453
37.4152,37.351254
32.136700000000005,32.054733
21.6715,21.579964
13.1341,12.720614
5.0557,5.053468
4.0,4.0101323
4.0,4.007245
4.0,3.9932723
4.0,4.0035286
4.0,4.005442
4.0,4.0073414
1.047297865869591,1.1001084
4.0,3.9697113
4.0,3.9978862
4.0,3.9936893
4.0,3.9926126
4.5049,4.504004
11.4358,11.518358
21.43205057689996,21.70849
31.54,31.602983
35.89588624404728,36.245255
39.015,39.368893
42.75630180935689,42.287304
39.710586391425615,40.70019
36.13,36.47746
31.9531,31.642902
22.1764,21.96919
11.9866,12.073105
5.220307141372874,5.2163577
4.0,4.006011
4.0,3.9979548
4.0,4.0030446
4.0,4.004118
4.0,3.989686
4.0,4.003432
4.0,3.998011
4.0,4.000158
4.0,3.9705136
4.0,3.8615963
4.0,3.8706112
4.5049,4.550256
10.7473,10.673161
20.524,20.555925
31.1269,31.338985
39.6643,39.618973
44.2543,44.168304
44.0707,44.115383
44.1166,44.02678
38.5168,38.383488
30.5761,30.661032
21.442,21.169794
12.5374,12.687853
5.1934000000000005,5.252125
4.0,3.9904084
4.0,4.0032535
1.9826123224089096,2.0561924
4.0,4.004405
4.0,4.005625
0.0,-0.024496336
0.0,-0.03758435
0.0,3.556916
0.0,-0.21369515
4.0,3.9784462
0.0,0.008719867
4.5508,4.594614
10.885,10.075672
19.96333981334777,19.860466
30.8515,31.066511
37.1857,36.92517
43.3363,42.950073
40.79971868157827,41.162453
37.01330886239597,37.667885
33.16903260213471,33.614758
21.68151526369207,22.260416
17.586399999999998,17.483465
10.426,10.675331
1.236672837922999,1.1335996
3.837295266445925,3.8496103
4.0,3.961547
4.0,3.991897
4.0,4.008222
4.0,4.004776
4.0,4.005446
4.0,3.9911397
4.0,3.9940808
4.0,3.9930394
4.0,3.9887724
4.0,3.996538
4.2754,4.2327447
7.3048,7.350099
10.9768,10.675106
25.8025,25.085266
33.9727,34.43762
42.4642,42.643036
43.72564684027943,43.76022
39.83227231688956,40.066425
38.8381,38.46805
23.5075,23.587458
14.1439,14.375227
8.066176014493925,8.538896
5.0098,5.007193
1.5168304734504885,1.564989
3.1110796619542227,3.2160258
4.0,3.9583504
3.2433438581961465,3.2755725
4.0,3.9596586
4.0,4.0077596
4.0,3.9941826
4.0,4.002836
4.0,3.9928153
4.0,3.993056
4.0,3.9871483
4.459,4.4136133
6.4719,7.8596053
13.5931,13.629678
18.5962,18.480082
26.3533,26.349821
34.89552105627943,35.3591
36.25641162141293,36.573635
28.91976989245949,29.863976
24.464517410346232,25.485668
24.44203959558712,24.311571
17.6323,17.680708
8.131,8.410362
0.7830698924594933,0.9236054
0.5793261331424953,0.51262677
2.911144582150502,2.8635817
3.023075814331016,3.0330875
4.0,4.03254
4.0,4.0071154
3.155391088399386,3.2735617
0.9250494142757496,0.94712126
2.273885624047112,2.2200263
2.914853489006604,2.8124428
1.8073709366978048,1.7888373
0.5711846554680314,0.61589175
2.465396644172832,2.4022665
4.667223289376021,5.2545414
9.13527848225302,9.398796
24.55284825362576,24.183832
37.96269517621121,37.541786
42.44305486926993,42.087406
42.96686214309519,42.66198
40.904592706999374,40.53735
39.9856,40.05959
29.9335,29.94536
21.6256,21.46266
12.9046,12.736739
5.0557,4.906622
4.0,4.004174
4.0,4.0031652
4.0,4.0022774
4.0,4.004146
4.0,3.9954758
4.0,4.0016875
4.0,4.0069
4.0,3.8743625
4.0,3.8976264
4.0,3.988831
4.0,4.0066686
4.5508,4.4979873
10.9309,10.487992
20.43971033215497,20.055891
29.67825095239582,29.35568
38.44712345951522,38.56612
44.31462509307588,44.360428
43.92882718759909,43.802624
39.1986,39.433743
36.984560073084005,36.734047
28.9696,28.821297
21.3043,21.190794
12.6751,12.664521
5.0557,4.9991326
4.0,4.004283
4.0,4.0026784
4.0,4.0017033
4.0,4.0012083
4.0,3.9915993
4.0,3.903143
3.3333747428293545,3.3165982
1.7004006021532492,1.7111877
2.2898723024686127,2.2655675
3.989794967592448,3.9615576
4.0,3.977466
4.1836,4.2010827
4.568518614534561,4.949802
5.797102883393061,6.644565
11.764831427208302,11.05678
25.573,25.586441
37.00809284756441,36.882477
45.5854,45.518856
43.03589603574958,42.887814
34.84401054328772,35.405704
30.3925,30.466446
19.9732,19.972012
11.7112,11.717466
4.093714580311239,4.389803
4.0,4.0379996
4.0,4.002177
4.0,4.0023446
4.0,4.0020847
4.0,4.0039315
3.9952770056301614,3.9488404
2.5139125408777803,2.6401303
2.0616691518305106,2.0616968
4.0,3.9629579
2.842198134446004,2.7660978
4.0,3.9941027
4.5508,4.520096
11.4358,11.715937
21.8551,20.526133
28.945613565216323,28.252718
36.13487568071363,36.031227
39.74239511591964,40.03914
39.57501576987557,39.70305
37.35391556702062,37.954945
37.6447,36.816753
27.9139,28.142012
23.0026,22.569977
12.1243,11.991676
4.918,4.9211264
4.0,4.005364
4.0,4.003605
4.0,4.0019794
4.0,4.0038137
4.0,4.000283
4.0,3.9937658
4.0,3.9868298
4.0,3.991409
4.0,3.998736
4.0,4.0003657
3.175714580311239,3.2758548
3.3765805425486137,3.2906613
10.691194967592448,10.035886
20.854192141504,20.695297
31.55025706032908,30.959532
38.38106574807117,38.25543
40.63184789731473,40.717453
41.4477,41.046295
38.9691,39.35315
40.9495,40.257374
23.278,23.814198
20.7535,20.248943
11.7571,11.718313
3.182685376396625,3.0392096
1.332419531178235,1.6210214
4.0,4.0133224
4.0,4.0036807
4.0,3.9969697
4.0,3.9867334
4.0,3.8313105
0.0,0.0038061258
4.0,3.6173909
4.0,3.950196
4.0,4.0020385
4.0,3.9957483
4.5049,4.456568
10.4719,10.466223
18.688,18.854284
23.9206,23.704983
24.4714,24.298578
23.67739511591964,23.756456
23.15332999163424,23.191113
16.491362727257343,16.624344
23.08111040970859,22.392694
28.6942,28.368528
18.688,18.602076
8.233039184144015,8.6410265
4.6426,4.689821
4.0,3.9897435
4.0,3.9955864
4.0,4.008956
4.0,3.9953396
4.0,3.9857543
4.0,3.9468033
4.0,3.8676248
4.0,3.982224
4.0,4.0016866
0.0,-0.025719294
4.0,3.9337769
4.2295,4.154912
5.8819,5.926
10.5178,10.223696
18.8257,18.334099
24.7468,24.819923
38.884,37.942665
27.5467,27.601845
26.8582,26.903206
28.635789303288497,29.404623
27.18238157752884,27.826376
22.105495266445924,22.088034
11.2981,11.407531
0.6445720417824778,0.6435167
4.0,3.9422472
4.0,4.000461
4.0,3.9954338
4.0,3.9984698
4.0,4.0022635
4.0,4.000033
4.0,3.9961145
4.0,4.001266
4.0,4.0011024
4.0,4.0025883
4.0,3.996906
4.3213,4.3439326
6.9376,6.9772663
6.7081,6.669162
15.655950826190397,15.136572
20.60891741034623,21.05704
13.43952443036915,13.6733265
21.54311169313501,22.184177
34.21613957521472,34.599876
28.381213097036408,29.080486
21.0681,21.673351
17.019590523550953,16.548729
11.1145,10.742283
4.6885,4.697498
4.0,3.9937832
4.0,4.0039306
4.0,4.006051
4.0,4.0045605
4.0,4.003325
4.0,4.0054636
0.0,-0.022072991
0.0,-0.064608924
4.0,4.017939
4.0,3.8864546
4.0,3.9621096
0.5049,0.36381987
6.0129,5.4820046
17.3569,16.395523
24.2419,24.273325
32.3203,32.08089
37.8283,36.64081
38.5627,38.302185
42.556,42.427002
38.3332,38.243454
28.91718461013731,29.283117
15.421553404346003,15.156204
9.2785,9.311055
3.03648338917089,2.777256
0.2398708574538672,0.39196637
1.2122312664382298,1.0861832
4.0,3.9967577
4.0,4.013438
4.0,4.005744
4.0,4.008267
4.0,3.900856
4.0,3.9805691
4.0,3.9947197
4.0,3.992844
4.0,3.9841683
0.2754,0.4463166
7.4425,7.105864
15.0619,14.858024
21.5338,21.136948
27.5926,27.377478
29.1532,29.152306
30.5694,30.821789
33.1924,32.096756
30.1171,29.48133
26.032,26.230206
15.5209,15.83782
9.049,8.983265
4.6426,4.6015544
3.7711927689848967,3.9104795
3.86574007869588,3.8616066
4.0,3.9823117
4.0,4.0123167
4.0,4.0042024
4.0,4.011253
4.0,4.0092716
3.1110796619542227,3.266766
4.0,3.955466
4.0,3.9991915
4.0,3.9965212
4.3672,4.227322
8.8195,8.734681
15.1078,14.720948
26.9041,26.40227
35.6251,35.33046
41.1331,40.97993
45.8149,45.482117
43.7953,42.6304
38.9758,39.416958
28.6942,28.680735
17.202035835633126,17.006165
7.22231169313501,7.4924703
4.4131,4.5699015
4.0,3.9743032
0.0,0.03838215
0.0,0.0739529
0.0,0.012525654
0.0,-0.005076667
4.0,3.9640691
0.0,0.08264176
0.0,0.056057848
0.0,-0.049666032
0.0,-0.026195453
0.0,-0.0319246
4.5508,4.6242533
10.1965,10.148599
20.1568,19.864872
30.4384,30.267117
40.1692,40.201843
44.7133,45.047775
45.0805,45.163895
44.851,45.320465
39.6643,39.55056
29.48327882758767,30.069487
19.8814,20.203108
5.5998,5.7116003
4.5508,4.631843
4.0,3.9967263
4.0,4.0068245
4.0,3.8993142
4.0,3.9520867
4.0,3.9812286
4.0,3.994279
4.0,3.9990551
4.0,4.0045743
4.0,3.9970734
4.0,3.9999826
4.0,3.983304
0.459,3.823861
9.7834,9.424581
18.0454,17.995174
25.573,25.417831
37.048,37.270523
45.31,45.145576
46.9165,46.356133
39.3363,39.44606
35.1594,35.063015
29.3368,29.525148
19.9732,19.990139
10.3801,10.415997
4.5967,4.571019
4.0,4.0003157
4.0,3.9969788
4.0,3.996937
4.0,3.9952528
4.0,3.9954038
4.0,4.0062056
4.0,3.9971297
4.0,4.0051117
4.0,4.004289
4.0,4.001748
4.0,3.9993312
0.459,0.42221615
10.1965,10.088553
19.1929,19.22953
31.9531,31.469173
40.1233,40.02651
41.31,41.717083
39.8412,42.0173
43.3363,42.82586
35.4807,35.492756
25.2517,25.37107
16.4389,16.461578
4.166881541099345,5.346611
0.5049,0.5486658
0.0,-0.013769817
4.0,4.0310197
4.0,3.9682531
4.0,3.9896805
4.0,3.9794624
0.0,0.00043933408
4.0,3.9700813
4.0,3.9885533
4.0,4.003751
4.0,3.9967668
4.0,3.9939249
4.459,4.4203186
9.8293,9.789028
20.065,19.645508
31.6777,31.75498
40.0774,40.126026
44.9887,44.880524
42.097,42.205463
39.6184,39.844078
31.37171824448856,31.681757
29.4745,29.440752
19.9273,20.035069
10.1047,9.970233
4.5049,4.482668
4.0,3.9788947
4.0,3.9695363
4.0,3.9999988
4.0,3.9536836
4.0,3.9526844
4.0,3.9577484
4.0,4.002251
2.167497945860417,2.2656984
2.0671966511848145,2.0312364
2.6135224140339908,2.5241213
4.0,4.020948
0.2295,0.3273394
2.9376,3.6710203
11.5735,11.472034
17.1274,16.781929
26.2615,26.157227
35.5792,35.4636
37.4611,37.305973
33.6973,33.552933
25.7107,25.893066
19.8355,19.63896
13.5472,13.824588
8.5441,8.710555
2.8501825508987206,2.6752892
4.0,3.9721696
4.0,4.005964
1.865916277003654,1.9303803
4.0,3.9929478
3.060691045071999,2.903652
3.702794616508019,3.6307666
4.0,3.9636326
4.0,3.9896214
4.0,3.9897714
0.0,-0.043231785
0.0,0.03636092
4.3213,4.28839
6.2491,6.550799
12.0784,11.828874
18.7798,18.551199
22.7731,22.985247
28.2352,27.916185
23.2321,22.541245
28.6024,28.593582
23.14874174141734,23.315351
14.857481687676996,14.822462
7.531136810979395,8.63996
4.619897439741979,4.9908223
2.257175742431574,2.3433192
2.533969069198865,2.6374393
1.0118862440472816,1.0519687
1.0410734795150078,1.0534571
4.0,3.9980214
4.0,4.009195
4.0,3.9927325
2.766495281059301,2.7396648
1.3758633967832976,1.3281747
0.2709856507936507,0.25191745
1.2751883919945666,1.3366154
4.0,3.8549557
4.1836,4.141384
2.3868,2.3679366
9.2785,9.072657
14.4652,13.606763
19.3765,19.170502
24.655,24.006392
24.9304,25.144693
19.3765,19.28129
17.0815,16.85305
14.07743456001747,13.527762
8.676417962056906,8.7827835
3.115926780382641,3.7475002
2.4301660081759056,2.5994816
4.0,4.025692
3.236943273760351,3.2737803
3.637464004664528,3.5759175
4.0,3.9321663
4.0,3.9918132
4.0,3.992705
0.0,0.09961595
4.0,4.0527105
4.0,3.9977407
4.0,3.999386
4.0,4.0048637
4.2754,4.172386
8.3605,8.366182
14.6029,14.007509
25.0681,25.250746
32.3203,32.706913
38.425,38.136044
29.3368,29.937777
27.7303,27.43745
22.45380310857465,22.918745
21.11185598788439,22.25776
14.175651653094686,14.657325
6.650329693424718,7.10107
0.4354974582072615,0.7449967
4.0,3.981118
4.0,3.9982285
0.779078142128817,0.79571897
4.0,3.973269
4.0,3.999298
4.0,3.9793313
3.094674251819219,3.2700188
1.864846222222222,1.8749046
1.1356548862656404,1.0875648
3.433335289945673,3.404901
4.0,3.9674416
4.3672,4.3381996
7.9933,7.922279
12.4414926340692,11.914722
21.69538188358944,21.453424
27.26578592066941,27.83147
24.236517962056904,24.044239
35.56859272986608,35.945824
29.410788101431866,29.339376
28.466419978542007,28.882002
29.5204,29.430653
19.2388,19.35514
9.6457,9.424978
4.4131,4.3105173
4.0,3.9166276
4.0,3.8920276
4.0,3.9997835
4.0,4.0017185
4.0,3.9979076
4.0,3.9580731
0.0,0.046694387
4.0,4.045024
4.0,3.9950445
4.0,4.0076694
0.0,0.3770447
0.0918,0.13836096
1.6524,1.9667349
6.5637,6.690763
14.5962,15.100718
25.1599,24.975365
39.343,38.61493
38.9299,39.369812
43.7494,43.834164
39.1594,39.457752
30.8974,31.218216
21.2125,21.175482
7.9542531215986525,8.706728
0.7537560705602339,1.0470784
3.2741200397620496,3.1889958
4.0,3.9593208
3.946024133837868,3.9483335
4.0,3.955852
3.9310150568157103,3.9671469
4.0,3.969153
4.0,4.0024347
4.0,4.0041194
0.0,0.057100143
4.0,4.1019177
0.0,-0.005257002
4.5508,4.5875077
11.5735,11.675315
21.9469,21.473831
32.2744,31.595606
40.0774,40.247517
44.392692768984894,44.274338
42.10947876877966,42.300213
34.84156762657817,35.6242
32.14384584664965,32.50945
24.3796,24.942244
16.01382678038264,16.048061
8.644023310268448,9.077211
4.3213,4.4219713
4.0,3.9901593
4.0,3.999848
4.0,4.0006742
4.0,3.993507
4.0,3.9025218
4.0,3.9918053
4.0,3.9812553
4.0,3.978518
4.0,3.9789321
4.0,3.9950612
4.0,3.9950383
4.5508,4.5729637
11.5276,11.626935
21.77670383726136,21.905556
29.18832882196561,28.958044
36.20398810143187,36.696194
41.19016285329153,41.245785
41.23753433095961,41.150555
41.83402182312683,41.47078
30.90379365079365,32.037254
22.980598675185977,23.968668
13.055445223540591,13.181564
6.310790193137216,7.046814
2.0759725348143405,2.2852411
1.3324197803211,1.513032
1.1374815410993446,1.2063907
0.0829904117649162,0.15022762
0.162730365631966,0.244305
2.0671959906134054,1.9612935
0.0829904782791986,0.16782045
3.873880411305409,3.8951504
0.2733747586930286,0.48518065
1.1374815410993446,1.1770675
1.589451086665747,1.5479772
1.2951288177883835,1.3928151
3.260352864509124,3.090248
10.114909827210331,10.213976
21.6715,21.67432
25.39191576987557,26.250275
34.84351663021608,34.83895
38.27262254626596,38.381416
39.9789,40.106915
39.077058140215854,39.52046
32.034368482105194,33.39447
23.8109430310278,24.104914
20.14685057689996,20.261824
8.171896651184815,8.867839
3.539250563473437,3.7257707
4.0,3.949497
2.6314417414173388,2.736128
2.637424319361594,2.6573827
2.4248795842797266,2.3754437
1.2998905716294824,1.4042519
0.3964711922906515,0.41741607
0.5418723168895617,0.48771554
0.5682325583037086,0.5450522
0.7532370042897492,0.80267894
1.0993189819429972,1.0881879
4.0,3.8961148
4.5049,4.540727
8.690717539649976,8.942561
17.51717119229065,17.715652
27.65198313232252,27.249138
31.650110953384548,32.07545
41.86625355832081,42.113277
42.50590893944235,42.666496
37.74837610978396,38.435814
30.3925,30.892187
28.1434,28.149899
19.298209381615937,19.71894
10.1047,10.227817
2.3725248253569364,2.3343735
1.2951288177883835,1.2984344
2.1372465277898764,2.15119
2.257936538037608,2.2368853
1.6724389753461046,1.7635278
3.8440619916780094,3.9345067
2.685439595587124,2.7282069
3.0908921415040016,3.2418349
2.1204989370566776,2.114116
1.7139175396499753,1.6661478
4.0,3.9973524
2.237484056842081,2.298657
4.4736372591742,4.535872
11.0686,10.534471
21.9928,21.805601
27.80795541816025,28.12903
35.41729724797895,35.346405
40.88785033326147,40.74538
43.53330583000388,43.931927
32.820196651184816,32.771168
25.87474790766592,26.800898
23.5701082455754,24.80212
19.3765,19.561546
9.7375,9.87441
4.2295,4.2299414
2.2080471105361696,2.2745612
4.0,3.9698918
2.728895170903417,2.4533997
3.523728734523217,3.420896
4.0,4.004411
2.222749922330721,2.2780106
4.0,3.9598854
4.0,4.0008674
4.0,3.9979994
4.0,3.9995766
4.0,3.9880874
2.2232389753461046,2.3618667
8.159043031027794,7.7550106
17.975789356545643,18.514732
27.44524729019104,27.216843
32.70983618947873,33.439617
40.40801169313501,40.93819
40.9622445821505,41.259514
42.5101,42.501644
33.5137,33.880005
29.4286,29.151402
20.524,20.632757
9.9211,10.093291
4.2295,4.2158017
4.0,3.9865372
4.0,4.002234
2.86552986648126,2.8745732
1.306566792724687,1.3122033
4.0,3.9928694
4.0,4.0059457
4.0,4.002662
4.0,3.9941146
2.0671966511848145,2.110118
4.0,3.961633
4.0,4.0058823
4.049699465670009,4.239283
7.8743306224914384,7.8621573
17.627796794488646,17.888588
27.712488101431862,27.5325
33.57813935617842,34.010136
39.23507872558216,39.32703
41.3167,41.337273
39.3889,39.402405
30.0253,30.08348
25.5271,25.356667
18.8257,18.981152
9.5998,9.738806
4.2295,4.240734
4.0,3.9966466
2.8716805425486136,2.8752208
1.201991908872436,1.1281971
1.2094365376715963,1.0913283
0.5425993687595742,0.4685161
0.3374415362933846,0.31792
0.0898383167365368,0.11950976
0.0286267022398424,0.028619552
0.2763691121945419,0.3057851
0.9560297838259144,0.9740199
1.920738308720019,1.9875381
3.615979661954223,3.8750007
8.987047270776687,8.846861
19.06465358630526,19.745998
28.93070288339306,28.828318
36.5431,36.78112
40.80372413383787,41.434338
42.4642,42.80957
41.7298,41.756187
35.854600000000005,36.061417
28.9696,28.631824
19.2847,19.414295
8.8195,8.585673
4.2295,4.2119937
3.552711285768776,3.6058185
2.263628937634252,2.2647552
1.1530454624897075,1.1470996
1.241235381897495,1.3125014
1.6179846396901147,1.6647203
2.276167801047407,2.300132
2.048423459515217,2.0776205
2.017625131208301,2.007592
2.831167509019564,2.7189467
0.0,0.23510577
0.5252281103274999,0.5109385
1.610550826190397,1.721903
7.183257033748805,7.362408
17.414937004289747,17.25158
24.6024,25.06138
33.825019125002726,34.138973
39.72117971538263,40.51621
39.32331339300261,39.976933
38.1037,38.421234
32.1826,32.35899
28.8778,28.837578
19.147,19.383217
9.0949,8.73394
4.1836,4.1286387
4.0,4.008779
4.0,4.008648
4.0,4.004734
4.0,4.005017
3.755062423003492,3.715031
0.8381930378643095,0.88675463
1.5268513054771664,1.5519302
1.027774282469694,1.0625929
4.0,3.9955175
4.0,4.018271
3.54348195198562,3.6370077
4.5049,4.4709826
10.7473,10.785993
19.165310953384548,19.36515
27.54883653803761,27.982763
37.13456517007786,37.09388
42.2347,42.170113
41.4085,41.40937
41.4544,41.580612
37.1857,37.556473
30.2548,30.179453
19.6519,19.836834
9.5539,9.644332
4.1836,4.178868
4.0,4.0107236
3.263850563473437,3.2765455
3.692101738637093,3.664792
0.3786759970506677,0.53747064
0.7782666275060783,0.808432
2.383071829638097,2.3384707
4.0,3.9476607
2.574239887397649,2.7170153
4.0,3.9995918
4.0,4.0039277
4.0,4.006268
4.3213,4.2643886
3.032795176211214,3.4088802
6.650222764387703,6.6756067
12.548357669201938,12.503688
15.463973752796344,15.284766
25.114,23.995207
16.739210148430303,17.106892
26.3992,26.368929
24.655,24.807692
13.9077,14.69793
11.6653,11.94992
6.6622,6.964606
4.1377,4.043453
4.0,3.9041312
4.0,3.9814272
4.0,4.000166
3.837295266445925,3.9097462
4.0,3.977166
4.0,3.996967
4.0,4.0088334
4.0,4.0040627
4.0,4.0045595
1.0410734795150078,1.0666777
4.0,3.9676604
1.2076479060664629,1.096714
10.2424,10.316844
17.4946,17.046762
26.1697,25.545607
33.5596,32.618694
39.7561,39.41126
36.9103,35.911587
25.11648195198562,26.09612
30.163,30.050514
17.1274,17.152761
15.5209,15.248452
6.216538975346105,5.9773793
4.0918,4.091934
2.978137499496444,3.053875
1.0911950513299011,0.95925653
3.886100515663361,3.8875659
4.0,3.98161
3.7994767805587855,3.9062057
0.1038429934437652,0.33009532
3.638792847564413,3.5694895
0.9508439953595452,0.9518281
1.4226905314578833,1.4804009
4.0,3.982862
4.0,4.013095
4.0918,4.078616
6.5245,6.6137657
10.8391,10.644829
20.065,19.369267
32.3203,31.906584
28.3729,28.90561
29.4286,27.496105
32.825199999999995,32.353577
22.5895,23.281113
22.2223,22.402004
9.6916,9.938482
7.9015,7.8759623
4.0918,4.0555363
4.0,4.003407
4.0,3.9998536
4.0,4.0036516
0.7532370042897492,0.7715592
0.8893112210181273,0.82486606
0.8842414708822092,0.85635424
1.7347787255821507,1.6559786
2.100458919299584,2.0284898
0.6403311924818902,0.71772945
0.2969633717922578,0.23855735
0.1528540767699952,0.30329865
2.411611645486825,2.3446867
2.22823021971607,2.1909316
4.4982,4.4728103
11.584774282469697,11.813233
16.53614147088221,16.60581
22.3474273042304,22.17945
12.89793616159993,13.78933
10.907154659546643,11.869254
9.539547457316235,9.279304
5.968178482253021,6.842572
6.059828900092962,5.985232
4.0759951578638205,5.011776
3.498241900966997,3.5529077
1.463083373698045,1.4320154
1.455173409546192,1.418788
1.0375217291101462,1.0906516
1.027774282469694,1.0587801
4.0,3.9755363
0.1796928075803606,0.4382624
0.0682974582072614,0.025674336
0.4966525957485884,0.42508876
0.7945479060664629,0.76753104
1.7462873102544625,1.7615329
0.3476236339435328,0.38825893
0.2754,0.50700194
5.435556070560234,4.5210543
12.07915946768026,11.34648
12.400049414275747,13.310497
26.870475123270467,26.967287
22.07376935940222,22.944735
33.00970358412039,31.557758
31.90891941511349,30.169552
26.10854364182912,25.527164
20.0308160520694,19.815716
13.033432270656371,13.14235
7.9015,7.8758793
1.9278361615999304,1.9572843
4.0,3.9752643
4.0,3.9891036
4.0,3.990167
4.0,3.9951012
4.0,3.9984462
4.0,3.9977717
4.0,4.0038595
4.0,4.0034122
4.0,4.0025487
1.7546725348143406,1.8299446
4.0,3.9275289
0.6160560705602338,0.6875714
1.9384102250944968,1.6397731
7.703630783535271,7.3104
13.5931,13.451568
20.3404,20.019024
16.46875291772708,16.815695
27.439035289945675,26.93337
34.753,33.825237
29.8876,30.267893
23.3239,23.755875
16.393,15.948352
8.6359,8.841176
4.0918,3.899585
4.0,4.0045166
4.0,4.0040445
4.0,3.9818952
4.0,3.953096
4.0,3.952432
4.0,4.004412
4.0,4.0025687
4.0,3.995463
4.0,4.006604
4.0,4.000579
4.0,4.0016613
4.2295,4.199563
6.570399999999999,6.8577366
4.4523,3.934973
11.0227,10.900414
15.1537,14.588231
17.1274,16.270979
21.6715,21.60575
16.9438,16.527328
14.7406,14.726256
13.5013,13.731149
11.0686,11.25595
6.4327000000000005,6.5830665
4.0918,3.9201555
4.0,3.8854814
4.0,4.00652
4.0,3.8879895
0.0,-0.030895684
0.0,-0.0064214147
0.0,0.14369613
0.0,0.03491981
0.0,-0.080680504
0.0,0.010652436
0.0,-0.08464261
4.0,3.9084063
4.2295,4.064897
7.672000000000001,7.4478383
8.3146,8.640625
21.8092,21.284998
25.4812,25.023285
36.4972,36.007965
32.3203,31.934433
36.4513,35.974934
27.868,26.48166
23.278,23.012554
14.5111,14.462818
8.131,8.152787
4.0918,4.057664
4.0,4.000414
4.0,4.0015926
4.0,3.9978485
4.0,4.007005
4.0,4.0081334
4.0,4.0067945
4.0,3.9771657
4.0,4.001425
4.0,4.0049753
2.5849342242952207,2.7054837
4.0,3.9623058
3.4323796619542226,3.5356293
2.8609540767699952,3.787866
4.6818,4.259825
7.344,8.844763
15.850190571629485,15.661898
22.13963095201555,22.22278
28.18241741034623,28.56414
29.801518461367767,29.33793
30.7032824906984,31.509678
22.29209867518598,23.037722
13.676062932702752,13.476559
3.669974662121612,5.244116
0.3184865116991454,0.4324063
0.2204503332614656,0.20496805
0.5209116931350103,0.4045379
1.097511938954945,1.029226
1.2150286729571007,1.3763003
2.542243568987223,2.6519828
0.0,0.16453601
1.0517508619648177,1.1128708
2.7579905191242347,2.7197888
4.0,4.011629
4.0,4.0108657
4.0,3.9928236
4.1377,4.1425514
6.0655,6.1577845
12.6751,12.388939
10.9309,11.355842
10.909303390464396,10.731313
11.119308734778675,10.98174
7.830282424102115,9.152968
6.279924434749402,7.3324804
7.9115242615281405,9.07706
11.830777650793651,12.399336
6.658269892459493,7.2167788
2.504678511296237,3.2987142
1.2553365376715964,1.2741451
0.0,0.04442452
0.0,0.027110226
0.0600756212289131,0.039073333
0.0,0.030462194
0.2042274545414335,0.18922614
0.8850858384468382,0.904091
0.7252819991673028,0.78674805
1.6672770586044063,1.734654
4.0,3.9962974
4.0,4.002835
4.0,3.9584827
2.0738355356230787,2.0043147
9.1867,9.007363
12.658736283990072,13.029356
20.710050764930724,21.11235
18.21529511591964,18.265772
27.9139,26.867132
26.450431889472814,25.85077
23.572337814473126,21.581278
31.54,30.432676
21.79889813444601,21.729132
13.04393553562308,13.563819
4.495572837922999,4.9699254
4.0459,4.110299
4.0,3.9859633
4.0,3.9915934
1.6179846396901147,1.760713
3.4699241304781907,3.3814242
4.0,3.9648254
4.0,3.976067
4.0,3.9624486
4.0,3.9897063
4.0,3.9992309
4.0,3.9922185
4.0,4.006394
4.4131,4.4640856
10.426,10.402289
18.229,17.544983
21.7633,21.279873
18.273407300730018,19.69391
35.54911101589254,34.864117
39.25245229048631,39.308758
38.2873,38.480183
28.0516,28.039688
20.0191,20.510561
14.1439,14.008511
3.0899383476934745,4.3473535
0.4998978154937605,0.69542587
2.885226575760904,2.8049796
4.0,3.976623
4.0,4.000727
4.0,4.0051837
4.0,3.9847958
4.0,3.997513
4.0,3.9888742
4.0,3.9904823
4.0,4.0036716
4.0,3.991566
4.0,3.9937947
4.0918,4.0871086
0.918,1.4457141
2.2032,3.2722538
7.258900000000001,7.1014647
9.5998,9.452032
11.8489,11.469743
6.8391,7.087574
5.6457,5.5480375
7.2063,7.6692615
7.4817,7.6907253
1.6983,2.4032993
0.3213,0.6830504
0.0,0.034524605
0.0,-0.039697208
0.0,-0.063133106
0.0,-0.110376924
0.0,-0.09404959
0.0,-0.10978584
0.0,-0.04565281
0.0,-0.08136324
0.0,-0.07303036
4.0,4.0300775
4.0,4.0053988
4.0,3.9987578
0.0,-0.052323032
0.2754,0.60587066
0.918,1.1038833
1.377,1.9992498
3.0294,3.654926
5.3703,5.0710177
1.377,2.9572558
3.3048,4.164775
4.131,4.5566764
4.8195,4.7339144
3.5802,3.9872053
5.9278,5.852671
0.0,0.37442368
4.0,4.0194573
4.0,3.992617
4.0,3.999771
4.0,3.984422
0.0,0.08861698
0.0,0.09323886
0.0,-0.043297194
4.0,4.0049405
4.0,4.0057607
4.0,4.003242
4.0,4.0072827
0.4131,0.27205676
6.5637,6.682167
20.2945,17.697462
29.4286,25.686384
38.1955,33.466125
42.8314,39.719757
43.2445,36.48346
40.5823,35.84875
30.2548,28.602993
25.7566,25.560015
17.999499999999998,17.675081
8.268699999999999,8.582984
0.0459,-0.026667083
0.0,0.024312116
4.0,3.9938498
0.0,-0.09664657
0.0,-0.00881476
0.0,0.0636683
4.0,4.064743
4.0,3.9855235
4.0,4.0056
4.0,4.00215
4.0,4.002933
4.0,4.002129
4.4131,4.4986563
10.3801,10.379255
20.77631505681571,20.95717
29.24663501048366,29.569078
36.77665122599224,36.434147
42.35889718657221,42.90283
43.8871,44.1428
40.3528,40.616585
31.907592827936583,32.472565
25.146397186572216,25.379084
16.7143,16.390966
8.2228,8.41755
4.0459,4.0493703
4.0,3.9912016
4.0,4.002382
4.0,4.002219
4.0,4.005757
4.0,4.001983
4.0,4.005743
4.0,4.002055
4.0,4.002942
4.0,3.993564
4.0,4.006142
4.0,3.9970486
4.4131,4.4673495
10.9309,10.044113
18.122792644080864,18.172234
28.853508852396214,28.319067
35.955351069765314,36.05475
43.07032983201185,42.822216
44.4379,44.51444
41.28661101589255,41.746696
33.612265771363184,34.66387
25.21155125732016,26.045929
18.05241764467816,18.11432
8.6359,9.042096
4.0459,3.9631724
4.0,3.9804497
4.0,4.005004
4.0,4.0045257
4.0,4.005887
4.0,4.0027328
4.0,4.0092697
3.355361467101216,3.313279
2.048423459515217,2.075012
2.373812670488368,2.2062123
3.0493902222222227,2.9949975
4.0,4.0100126
4.3213,4.3116736
10.0588,9.485838
19.00204620862237,19.004282
30.401928884583427,29.665197
36.75802784917892,37.120728
37.08207230246862,37.760826
37.353377759164864,38.127335
33.71259670983954,35.780262
32.04043298100811,33.024105
26.4868926340692,27.172798
18.2749,18.690245
8.3605,8.73944
4.0459,4.0352354
4.0,4.001465
4.0,4.002097
4.0,4.002416
4.0,4.004095
4.0,4.0056496
4.0,4.008878
3.4124860497405867,3.4520895
4.0,3.9504254
4.0,3.9906075
3.9310150568157103,3.969086
4.0,3.9626863
4.3213,4.3453
9.5998,9.773553
17.808420185886533,18.1306
28.2811,28.358047
34.61778195198562,34.812443
42.2347,42.266403
31.92549140806204,33.423965
36.93742182250582,37.494984
31.435985206052457,32.45607
26.1697,26.809366
10.4193,12.111659
5.936717539649976,6.4738436
3.2790058300038765,3.455059
1.9358757424315745,2.0410907
2.0616691518305106,2.0283017
0.7252819991673028,0.77918726
0.5209116931350103,0.508682
3.281829305799389,3.2283993
4.0,3.9658859
4.0,4.0008006
4.0,3.992775
4.0,3.993938
4.0,3.9891028
4.0,3.99973
4.2754,4.238476
8.3146,8.4263935
11.3373,11.6076765
14.3275,14.104262
26.894387139679985,27.378883
29.813750700283787,31.264635
40.7828902630784,40.906864
37.2998487777615,38.271385
30.925982441270147,32.822906
21.84083078353527,22.590227
13.178993519037864,13.172033
8.3146,8.843962
2.063525131208301,2.0228312
1.75572105627943,1.7862687
0.811754869269929,0.7815767
0.7444161432499313,0.7625369
2.5186273042303964,2.672654
4.0,4.021652
4.0,3.9617429
3.4961364277864053,3.2832847
4.0,3.9603722
4.0,4.003172
4.0,3.99816
4.0,3.9908485
4.2754,4.236942
7.8556,7.9115853
10.658935243452214,10.0489645
13.28988562404711,13.995982
20.8912,21.549023
28.5106,28.306213
35.441500000000005,36.083702
37.966,38.532024
33.77182873452322,34.48426
24.60127044178035,25.218407
16.550304865955642,16.43327
7.5343,7.745739
4.0459,3.991674
4.0,3.969669
4.0,3.9736845
4.0,3.9914367
4.0,3.9877453
3.70279365079365,3.697663
2.44003528575765,2.4023836
1.1493771200741034,1.1599149
0.0,0.069603935
4.0,4.0004764
1.3671392503033293,1.5512747
0.0,0.09210725
0.3146527002640408,0.42959577
8.009721414868608,7.2225213
16.356690367140175,16.066704
24.33242583027766,24.633455
31.918548172474114,32.658604
38.51155365193762,37.74905
35.7561,36.832237
35.94043389032202,36.85254
29.733572537338134,30.390985
25.04678533823776,25.64346
13.817157890341536,14.368882
3.8556,5.31636
0.8209227643877026,1.0220747
0.2204503332614656,0.35506788
4.0,3.987835
4.0,3.980788
4.0,3.9920201
4.0,4.001624
3.8413547590203727,3.8486125
4.0,3.978632
0.6711304953678185,0.76841784
0.2312502205222407,0.29693288
0.5645492207357141,0.54200846
0.0652477920371956,0.15478718
0.2792862222222222,0.5102979
6.330903014074162,6.262236
19.02717184780676,18.998655
23.09069154971892,23.893858
29.55127930287616,30.23495
28.94223935617841,30.351065
36.43655577396651,36.94668
37.92728914061451,39.15326
32.895691045072,33.714603
22.159839250303328,23.41846
10.386865771363183,10.855378
7.7099469704348,7.94636
4.0,4.0398
1.4779507649307244,1.5638332
3.1808028833930604,3.2025003
4.0,3.9584627
4.0,4.002388
3.682754029873694,3.614483
2.0782644784901203,2.034493
3.308857662710573,3.2316673
4.0,3.946075
3.60030383726136,3.6044683
3.355361467101216,3.2285786
2.237484056842081,2.2188678
3.528052829336296,3.4589143
9.15628534150218,8.525232
16.1070824906984,16.787037
22.95008665640163,22.6381
25.70197466212161,26.834986
39.2971,37.71367
39.598643995359545,40.27523
41.2249,41.488163
33.8809,34.837837
21.274939595587124,22.310719
13.302527166389115,14.119456
8.131,8.568778
4.0459,4.007873
4.0,3.9958
4.0,4.012293
3.62285057689996,3.6110818
2.477470441780352,2.3912935
1.8520241029743447,1.9006596
1.7546725348143406,1.759518
1.0911950513299011,1.1058835
0.0,0.07238751
1.0588885949600089,1.0929826
2.8520141452258003,2.8583672
2.5849342242952207,2.6709235
1.800243531235484,1.9141157
7.217601243059684,7.618338
17.921972017782352,18.044687
29.5204,28.992037
34.9366,34.9982
35.441500000000005,35.865276
39.343,39.700584
38.0578,38.745125
34.294,34.864956
26.491,26.520033
17.0815,16.902647
8.039200000000001,8.349837
4.0459,4.066673
4.0,3.992749
4.0,4.007467
4.0,4.005517
4.0,4.0069737
4.0,4.0066676
4.0,3.9918184
4.0,3.9907565
3.664083112153109,3.6101499
2.849560107586077,2.7939608
4.0,3.9660063
4.0,3.9926102
4.2754,4.2970204
9.6457,9.958515
18.0454,18.177603
27.2254,26.857658
33.8809,34.27093
34.1563,34.910393
40.5364,40.515984
37.7824,38.403088
33.2842,33.31382
25.9402,26.488914
16.9897,17.246384
7.9015,8.074292
4.0,4.0447116
4.0,4.019791
4.0,4.001779
4.0,4.0060616
4.0,4.010574
4.0,4.0068407
4.0,4.0119505
4.0,4.0081673
4.0,4.0152407
4.0,4.015436
4.0,4.006825
4.0,3.9942691
4.2754,4.280768
9.3703,9.229293
19.0552,19.051332
29.1532,29.260986
32.825199999999995,32.892998
38.5627,38.606647
41.3626,42.06501
38.3332,39.135265
33.2842,33.573723
22.3141,22.771902
15.4291,16.192091
7.396599999999999,7.747386
4.0,3.9270263
4.0,3.8416874
4.0,3.986629
4.0,3.9675078
4.0,4.0044923
4.0,3.9221368
4.0,3.8951874
4.0,3.9868755
4.0,4.0054483
4.0,4.0023665
4.0,4.001239
4.0,4.007233
4.2295,4.235047
8.8195,8.6851015
18.7798,19.053001
27.2254,27.033445
32.6416,33.47096
37.2775,37.876602
37.8742,38.686695
35.0743,35.681416
29.1073,29.2788
26.2156,26.331718
16.6684,16.375412
7.9015,7.903145
4.0,3.9272408
4.0,4.0088916
4.0,4.011523
4.0,4.008428
4.0,4.0017157
4.0,4.0035853
4.0,4.0039673
4.0,4.004103
4.0,4.0047903
4.0,3.984885
4.0,3.9831467
4.0,3.998038
4.2295,4.251838
9.8752,9.704106
19.0552,18.8381
28.0975,27.805004
34.3399,34.715363
38.5627,38.77074
41.5462,41.976772
38.6545,39.30448
29.8876,30.472517
24.1501,24.816565
16.347099999999998,16.830183
7.9933,8.438294
4.0,3.9478269
4.0,3.9965003
4.0,3.9932044
4.0,3.997108
4.0,3.9973233
4.0,4.0020356
4.0,4.0062046
4.0,3.971125
4.0,4.0051823
4.0,3.9996614
2.4680937705393373,2.430142
4.0,4.011123
4.2295,4.2549124
9.1867,9.096268
18.939905967936067,19.394793
25.7566,25.444143
26.3074,26.341465
36.2677,36.50334
38.2873,38.644405
37.6447,37.983425
28.1434,28.74362
24.9304,25.364164
16.0258,16.309898
3.7179,4.3680882
0.0,0.121387586
0.0,-0.09106616
4.0,4.0138297
4.0,3.867554
4.0,3.873247
4.0,3.901922
4.0,3.892993
0.0,-0.020648897
0.0,-0.011486016
4.0,4.030207
4.0,3.8757093
0.0,0.002742763
0.2295,0.3665164
6.1965,6.672699
16.3404,16.223879
25.6122,25.549055
33.0021,33.224068
35.8938,35.93704
36.4446,36.647026
35.0217,35.1096
30.4776,31.460842
22.3533,23.0521
12.4389,13.313472
7.672000000000001,8.220453
4.0,3.9789581
4.0,3.9477181
4.0,3.873049
4.0,3.8883975
4.0,3.8900661
4.0,3.8712084
4.0,3.8631234
4.0,4.0040874
4.0,3.976705
4.0,3.9749556
4.0,3.9705012
0.0,0.13507468
0.2295,0.33789396
9.4621,9.407903
17.448700000000002,17.299025
25.6189,25.55332
34.615300000000005,34.056126
30.5235,30.990349
37.8675,38.29899
31.8087,32.560265
17.7633,18.57046
14.2749,15.046301
7.4817,8.000054
6.2491,6.067503
4.0,3.8439028
4.0,3.9686708
4.0,3.8124084
0.0,0.0075650723
0.0,-0.040397566
0.0,0.028883366
0.0,0.06329251
0.0,0.058242984
0.0,0.0018271053
0.0,0.0063075074
0.0,0.0068117874
0.0,0.02636599
0.1836,0.2756841
4.7277,4.3323054
13.4028,13.9199295
14.4585,15.355514
9.2259,9.287693
13.0815,13.356818
24.5106,23.76428
22.8582,22.938025
18.5436,20.072962
11.6127,12.479859
5.1867,5.1849504
2.0196,2.1339145
0.0,0.011565379
0.0,-0.024764325
0.0,-0.019517729
0.0,-0.054565605
0.0,0.03998458
4.0,4.0163546
0.0,0.025169626
0.0,-0.02708971
4.0,4.0139995
4.0,3.9876337
4.0,3.9602392
0.0,-0.058171336
4.0459,4.074917
5.1934000000000005,5.1241226
8.2228,8.033205
7.809699999999999,7.7428784
8.3079,8.868046
12.4389,12.00558
13.1274,13.931039
8.9964,9.072751
8.3538,8.425352
5.2326,5.1515045
3.5343,3.600236
1.1016,1.2006236
0.0,-0.03048896
4.0,4.033266
4.0,3.9304502
4.0,3.9316823
4.0,3.9324536
4.0,4.006972
4.0,4.008547
3.9829450591618674,4.0066423
4.0,3.9574444
4.0,3.9862375
4.0,4.001065
3.225433692449826,3.2853014
4.0918,4.0050697
7.7179,7.2969685
14.03666339763215,13.759869
19.9273,20.060526
31.6777,29.92167
29.704,28.863138
39.4807,37.96674
31.2646,29.226557
28.2811,27.02607
24.6091,23.533216
14.2816,14.476815
6.983499999999999,6.95169
4.0,3.9804254
4.0,4.004738
4.0,4.0035033
4.0,4.0038533
4.0,4.003519
4.0,4.00207
4.0,4.0040765
4.0,3.995943
4.0,4.0018125
4.0,3.9966931
4.0,3.9988513
4.0,4.001968
4.1377,4.1411386
8.681799999999999,8.63351
17.999499999999998,17.522264
27.2254,26.0079
34.202200000000005,33.9059
36.0774,36.441437
37.5003,37.72531
34.9299,35.038113
28.9629,29.8323
21.4353,22.28597
12.0258,12.432859
3.4425,5.7699995
0.0,-0.09738827
0.0,0.02945924
0.0,0.07562441
0.0,0.018841283
4.0,4.02921
4.0,3.9783776
4.0,4.008
4.0,4.001181
4.0,4.001695
4.0,4.0108805
4.0,3.9730587
4.0,4.0049615
4.1836,4.150238
8.4982,8.567493
17.9077,17.989515
21.3043,21.301067
22.5369,22.43967
22.2615,22.430998
22.0779,21.181059
24.1434,22.865345
24.4188,24.971203
18.7731,20.010054
11.1996,11.601878
7.213,7.224891
4.0,3.9877279
4.0,3.9519472
4.0,3.8809807
4.0,3.896922
4.0,3.9353387
4.0,3.976701
4.0,4.0058727
4.0,4.0014653
4.0,4.001649
4.0,4.002403
4.0,4.0009956
4.0,4.0027966
4.1377,4.103478
8.039200000000001,7.9409246
14.6488,15.045409
24.655,24.278477
30.8056,30.758436
28.6942,28.587397
32.6416,32.81765
29.6581,29.50232
27.3631,27.58735
19.5601,19.385878
10.011407300730015,10.380453
6.295,6.531211
4.0,3.998653
4.0,3.909895
4.0,3.9052503
4.0,3.889023
4.0,4.001306
4.0,4.0036373
4.0,4.0048466
4.0,4.0064692
4.0,3.9761856
4.0,4.003045
4.0,4.001417
4.0,4.0071564
4.1377,4.101769
8.268699999999999,8.196863
14.850118614534562,14.400957
19.7896,19.309656
29.0155,28.209158
37.048,36.90412
33.8809,33.957016
27.4482,27.382523
27.6777,27.777426
19.5601,19.64219
16.5766,16.089926
7.258900000000001,7.303177
4.0,3.9763958
4.0,3.9866247
4.0,4.005488
4.0,3.9804664
4.0,3.9801424
4.0,4.007099
4.0,4.0040207
4.0,3.9708254
4.0,3.9960766
4.0,4.0023985
4.0,4.0059843
3.2677011468960515,3.263192
4.0918,3.9250402
6.3409,6.1743608
12.1702,11.579964
17.311,17.04387
22.0846,22.357111
31.1728,30.531796
29.6122,30.343834
30.622,30.24623
20.065,19.906487
19.2847,19.462465
14.098,14.51509
7.3048,7.4587436
4.0,3.9479716
0.0,-0.012461875
4.0,4.001456
4.0,4.0026965
4.0,3.9933085
4.0,4.005291
4.0,4.004123
0.8850858384468382,0.934427
4.0,3.9754996
4.0,4.0023465
2.4575591350333967,2.4679902
4.0,4.0007024
4.0918,4.06434
6.983499999999999,6.9706264
10.7932,10.691596
20.1109,19.488125
26.0779,26.195028
28.4121,28.372147
32.6349,32.770504
24.9696,24.405619
16.8912,18.064302
11.7045,12.734897
10.3342,10.135717
6.1114,6.3820524
0.0,-0.0058163353
0.0,-0.057124607
0.0,-0.038825598
0.0,-0.0531367
0.0,-0.060961556
0.0,-0.043767177
0.0,-0.019799002
0.0,0.107311316
4.0,4.0396695
4.0,3.923779
4.0,3.9134111
0.0,0.008084085
0.0918,0.05968289
3.8556,3.0863798
12.2094,12.523349
19.9206,20.212393
28.917,28.916529
30.5694,30.822004
35.2053,34.619534
33.2775,34.37067
28.4121,29.360823
21.8025,22.142334
12.9897,13.536628
3.9933,4.1721168
0.0,-0.018513028
4.0,4.0107217
4.0,3.8989136
0.0,2.9560213
4.0,3.9602396
4.0,3.917763
4.0,3.9937546
4.0,4.007692
4.0,4.0024977
4.0,3.9792786
4.0,3.9075968
4.0,3.8264802
4.0918,3.8422968
8.4064,8.49998
13.77,14.057947
23.3172,22.46504
32.825199999999995,32.16286
29.6973,29.463274
31.5792,32.05791
25.1532,25.300549
19.0485,19.950676
15.6519,16.247807
9.5013,9.968728
3.213,3.768827
0.0,0.08077523
0.0,-0.018748617
0.0,0.031938393
0.0,-0.03285005
0.0,-0.017205685
0.0,-0.009792219
0.0,-0.011251309
0.0,-0.01615817
0.0,-0.020345997
0.0,-0.038515925
0.0,-0.038178626
0.0,-0.052135877
0.0918,0.18590516
4.6818,4.3782325
11.475,11.496865
19.5993,19.467094
27.9531,27.149376
33.3693,33.246983
33.6447,34.027157
32.6808,33.474583
27.9072,28.013105
18.5895,18.991072
10.557,10.644602
2.5245,2.9088368
0.0,0.082466625
0.0,-0.006606123
0.0,-0.003634817
0.0,-0.0076525575
0.0,-0.030257711
0.0,-0.0056523243
0.0,-0.017303664
0.0,-0.057193145
0.0,-0.0907574
0.0,-0.08500795
0.0,-0.09356834
0.0,-0.00598143
0.0459,0.02562999
2.8458,3.1040187
13.4028,12.4558935
20.2419,20.383717
25.7499,25.455427
35.5266,34.67687
37.4085,37.915665
29.0547,29.158321
28.8711,29.25644
22.6287,23.353704
12.5766,12.367969
3.1212,3.494477
0.0,0.24931008
0.0,-0.010167059
0.0,-0.026843853
0.0,-0.02783824
0.0,-0.079371594
0.0,-0.08053137
0.0,-0.05919887
0.0,-0.018700238
0.0,-0.049320206
0.0,-0.019331012
0.0,-0.029179912
0.0,-0.009026563
0.0459,0.045979023
0.6426,0.36097634
3.672,3.986458
9.639,10.401569
23.2713,22.093554
30.7071,30.632961
17.2584,18.497957
25.4286,24.485458
17.3502,17.87466
11.475,12.33876
4.9113,5.279329
1.1475,1.6660101
0.0,-0.06344842
0.0,-0.12966064
0.0,-0.11576743
0.0,-0.12435144
0.0,-0.12215975
0.0,-0.15614705
0.0,-0.10161124
0.0,-0.11295913
0.0,-0.15800083
0.0,-0.07122914
0.0,-0.061722912
0.0,-0.056043696
0.0,0.024155453
0.6426,0.35983792
2.7999,2.68941
13.5405,13.329181
15.6519,15.980818
28.1367,27.060717
18.6354,19.947737
12.2553,13.7759495
5.7834,6.440418
6.5178,6.2965364
5.2326,5.1916976
1.6524,2.0229907
0.0,-0.082829915
0.0,-0.112251244
0.0,-0.104838565
0.0,-0.1029307
0.0,-0.058629002
0.0,-0.10385804
0.0,-0.089579426
0.0,0.18042888
0.0,0.06748426
0.0,0.20177656
0.0,0.20171827
0.0,0.22058074
0.0459,0.09302822
1.0098,1.0428897
2.6163,2.8055713
5.2785,4.711579
9.9603,10.231281
11.3832,11.593481
10.2816,10.130614
5.8752,5.8905625
2.6622,3.869637
1.1016,2.3739588
0.0459,0.97056985
0.0918,0.8542943
0.0,0.012120846
0.0,0.118433975
0.0,0.13671075
0.0,0.18944451
0.0,-0.019045878
0.0,0.15288636
0.0,0.057080135
0.0,0.047465898
0.0,0.22020805
0.0,0.22513679
0.0,0.23029849
0.0,0.20095536
0.0,0.20459926
0.918,0.93715596
1.377,1.8367397
1.1934,2.217509
0.2754,1.7462387
5.0949,4.1590967
2.0655,3.2471483
4.4523,4.4310536
7.5735,7.212036
8.2161,7.4049106
3.672,3.919961
1.4229,1.6575177
0.0,0.25374484
0.0,0.12340848
0.0,0.18371469
4.0,4.217689
4.0,3.9785676
0.0,0.2366498
0.0,0.09588445
0.0,0.20826566
0.0,0.060753405
0.0,0.19643086
0.0,0.19623761
4.0,4.231972
4.0,4.0319695
4.6426,4.689996
6.6622,6.682357
8.727699999999999,8.089833
10.7932,9.759348
7.528470021319775,9.015641
9.4095,7.500654
13.0356,12.108688
10.939077058604408,11.606411
9.603017953253955,11.037541
6.293533312027573,6.4221406
5.5606,6.203856
0.0,0.089205205
4.0,4.202827
0.6342244347494024,0.8128192
0.0503621430951898,0.00027704143
0.0566670086147929,0.14695448
1.1374819918421917,1.2314653
2.5422431912729766,2.6507888
4.0,4.0108767
4.0,4.001606
4.0,3.999357
4.0,4.006924
1.574232278996318,1.5513527
4.0459,3.9773629
5.9278,5.552668
7.7179,8.136138
19.147,19.362988
24.7468,23.70656
21.3961,20.069864
21.6256,19.91039
7.0294,8.92176
17.5405,16.937506
17.2192,17.303787
10.9309,11.064069
5.5787927674737,6.0825915
4.0,4.010897
4.0,4.0046024
4.0,3.9973512
4.0,3.9998543
4.0,4.0080056
4.0,3.9076416
4.0,3.863726
4.0,3.9136536
4.0,4.00038
4.0,3.9899414
4.0,3.9991202
0.0,0.22232404
0.0459,0.10344521
3.3048,3.2200568
11.1537,12.049561
20.2878,20.784014
27.8154,27.48295
31.9005,32.28535
29.4219,30.163616
31.671,27.295752
25.7958,26.7584
20.0583,21.159618
11.7963,12.317876
3.5343,4.0964036
0.0459,0.28121734
0.0,0.0062553245
0.0,-0.007882824
0.0,-0.025198996
0.0,-0.017605556
0.0,-0.042939175
0.0,-0.07263629
0.0,-0.050303537
0.0,-0.05017203
0.0,0.00053562864
4.0,3.999469
4.0,3.969657
4.0459,3.9167318
7.809699999999999,7.6678596
16.4848,15.989086
25.9861,25.835518
29.1006,29.645731
33.376000000000005,32.706715
39.343,38.723152
36.4972,36.315254
28.1367,28.540005
19.6911,20.78001
11.3832,11.834154
7.8556,7.822298
4.0459,2.4575145
0.0,0.044085447
4.0,4.0179524
4.0,3.8260453
4.0,3.906922
4.0,3.973985
4.0,4.0031757
4.0,4.0096197
4.0,4.010446
4.0,4.00079
4.0,3.9993815
4.0,4.0001254
4.0459,4.0470905
7.5802,7.5760684
11.2455,11.973563
21.0222,21.09836
27.8613,27.260702
29.3301,28.62029
26.0253,25.95361
26.5761,25.668818
22.7205,23.156591
18.4977,19.657282
11.1078,11.3447695
7.5343,7.8337293
4.0459,4.054775
4.0,4.0075793
4.0,3.990886
4.0,3.9013848
4.0,3.8597622
4.0,3.8864522
4.0,3.9810424
4.0,3.9709282
4.0,3.9634404
4.0,4.0012054
4.0,4.0001874
4.0,3.997352
4.0459,4.043958
7.5343,7.432125
15.2455,15.233086
23.7829,23.38046
30.7138,29.925453
36.7267,35.50514
31.0284,31.662941
28.6416,29.072842
26.0253,26.431454
20.6091,21.543816
11.016,11.529524
7.1671,7.2158537
4.0459,3.896208
4.0,3.9306858
4.0,3.9808335
4.0,4.002699
4.0,3.9048512
4.0,3.965257
4.0,3.9853992
4.0,3.984907
4.0,3.9325438
4.0,3.9224339
4.0,3.9861076
4.0,3.9662356
4.0,4.047786
7.258900000000001,7.1413984
10.7865,11.204626
19.5075,19.573776
26.5761,26.200113
32.4054,33.141136
34.1955,34.456966
32.4513,33.39203
27.7695,28.14302
21.573,22.325745
12.6225,12.373379
7.1671,7.2197175
4.0459,3.9702592
4.0,3.9070494
4.0,4.0060453
4.0,3.9951687
4.0,3.9205718
4.0,3.9608576
4.0,4.001915
4.0,4.0020037
4.0,4.001317
4.0,4.0021276
4.0,4.0063777
4.0,4.0015097
4.0,3.8659563
7.3048,7.2921667
15.2914,14.796484
25.8025,25.290686
28.1367,28.009766
29.3301,28.708055
25.5204,25.797327
29.5137,29.31693
28.458,28.776167
22.0779,22.891697
12.7602,12.887541
7.7638,7.845253
0.0459,0.15117359
0.0,0.011246201
0.0,-0.028609918
0.0,-0.033389725
0.0,-0.07587084
4.0,3.9625452
4.0,3.848432
4.0,3.847819
0.0,-0.025994565
0.0,-0.060019925
0.0,0.028189957
0.0,-0.07498531
0.0,0.03829965
3.7179,3.8556468
13.311,13.099729
23.0418,22.91714
30.9366,31.624933
36.0774,36.076958
37.6839,38.23115
33.8283,34.249676
30.4317,31.339468
23.0418,23.438192
13.9536,14.593693
4.2687,4.7030954
0.0459,0.13971359
0.0,-0.054890852
0.0,-0.05205825
0.0,-0.029954694
0.0,-0.028969092
4.0,4.0113645
4.0,3.8998384
4.0,3.9002535
4.0,3.863474
4.0,3.9742787
4.0,3.9981356
4.0,3.977007
4.0,3.9810886
7.5802,7.5859556
12.3012,12.701821
21.3894,21.702105
28.458,28.331194
34.425,34.707912
37.5921,37.94051
36.4446,36.95956
31.0284,31.464584
23.6385,24.21016
14.2749,14.5990305
8.6359,9.098145
4.0459,3.9873571
4.0,3.8924954
4.0,3.8075528
4.0,3.875405
4.0,3.9606006
4.0,3.999644
4.0,4.0022616
4.0,4.0006757
4.0,4.0016975
4.0,4.0037155
4.0,3.988197
4.0,3.9967985
4.0,3.9790993
7.9474,8.230365
17.6782,17.578299
26.95,26.63843
33.6055,33.645145
39.0217,39.02981
40.72,40.678024
40.2151,40.599915
35.4874,35.41573
28.0516,27.926321
18.3667,17.683847
8.681799999999999,9.120724
4.0459,3.9721055
4.0,3.9783266
4.0,3.9846873
4.0,3.9774137
4.0,3.975568
4.0,3.974265
4.0,3.9770525
4.0,3.9618855
4.0,3.9752264
4.0,3.9748328
4.0,3.9695997
4.0,3.9937582
4.0,4.0030985
7.396599999999999,7.450633
15.7504,15.849235
25.4812,25.128027
32.917,32.378086
38.3791,38.111267
39.802,39.47419
38.9299,38.991474
34.7071,34.55972
27.5008,27.344225
18.3208,18.26626
8.727699999999999,8.940744
4.0459,3.9211574
4.0,4.010862
4.0,4.003466
4.0,3.9646041
4.0,3.9746575
4.0,3.9826176
4.0,3.9827852
4.0,3.9749215
4.0,3.9859354
4.0,3.9886253
4.0,3.9965284
4.0,4.0031013
4.0,4.010551
7.1212,7.206139
16.0717,15.82767
26.7205,26.169283
31.6318,31.368082
38.0578,37.438282
39.5266,39.132603
38.3332,38.21573
34.1563,33.612396
22.3992,23.025064
13.8618,14.823863
8.6359,9.179418
4.0459,3.867757
4.0,3.937082
0.0,0.040411826
0.0,-0.039028585
4.0,4.0200157
4.0,3.9137046
0.0,-0.012823731
0.0,-0.032156963
4.0,3.9971523
4.0,3.9185367
4.0,3.9279196
4.0,3.9087765
0.0,0.07212133
2.5245,2.9551682
9.5013,10.415218
7.1145,8.464227
15.2847,16.232784
20.2419,20.578796
25.4353,24.33358
22.0846,21.790041
20.2027,19.467407
17.5405,17.311365
11.6194,11.736003
1.9278,2.5308917
0.0459,-0.022488724
0.0,-0.03684738
0.0,-0.020200953
0.0,-0.059082914
4.0,3.9871137
4.0,3.8905823
4.0,3.9937012
4.0,3.983799
4.0,3.8908792
4.0,3.9227576
4.0,3.9783697
4.0,3.8343647
4.0,3.9010136
2.9835,2.754591
10.6947,11.092127
19.1862,18.765985
27.7236,27.132984
33.4611,34.16028
37.6839,38.191593
36.2151,36.91596
31.7169,32.592724
24.3729,25.01145
14.8257,15.030974
4.9572,4.593677
0.0918,0.112951845
4.0,4.0206594
4.0,3.8962204
4.0,3.8766162
4.0,3.894861
4.0,3.8993738
4.0,3.930642
4.0,4.002942
4.0,3.9931328
4.0,3.995542
4.0,3.9962087
4.0,3.9999478
4.0,3.9885402
6.8458000000000006,6.7239194
15.1537,15.273253
24.196,23.398968
31.3564,30.981133
33.3301,32.78573
39.2512,38.846355
35.671,35.552296
27.7303,27.488482
21.8092,22.012287
14.6488,14.651301
8.039200000000001,8.16706
4.0918,4.0426435
4.0,4.0039835
4.0,4.0029073
4.0,4.001912
4.0,4.0019994
4.0,4.0011845
4.0,4.0011964
4.0,4.001283
4.0,4.001523
4.0,4.000654
4.0,4.002765
4.0,4.0063834
4.0,4.0060263
6.8917,6.765857
14.817804203051196,14.782623
25.8943,25.668211
33.651399999999995,33.5887
39.0217,38.86727
40.4905,40.57059
38.0119,38.455055
34.0186,34.517124
26.7664,26.996946
18.5962,17.722588
9.049,8.99577
4.0918,4.0432625
4.0,4.00421
4.0,3.996719
4.0,3.9965014
4.0,3.9938939
4.0,3.9926877
4.0,4.0078645
3.4059777564813487,3.4516973
4.0,3.9599726
4.0,3.9996428
4.0,4.005334
4.0,3.9942975
4.0,3.9897306
7.3048,7.4538317
15.475,15.08088
25.7107,25.52765
33.4678,33.678837
36.4513,36.731358
36.8185,37.454
36.6349,37.290016
34.615300000000005,34.75367
27.4549,27.846195
17.6323,18.054907
8.7736,8.943956
4.0918,3.991017
4.0,3.9419565
4.0,4.0074553
4.0,4.0172915
4.0,4.0254292
4.0,3.9834492
4.0,3.9896436
4.0,4.0136986
4.0,3.9953148
4.0,3.9771097
4.0,3.9815311
4.0,4.00009
4.0,3.9890726
6.7999,6.8564706
13.779377756481349,13.784489
20.7076,20.506218
30.5761,30.66285
34.3399,34.793934
35.1661,35.0087
28.0057,28.066587
28.5106,28.262823
21.3961,21.814642
17.9536,18.110125
9.1408,9.388179
4.0918,3.9480288
4.0,3.9624734
4.0,3.9827092
4.0,3.8851826
4.0,3.8855002
4.0,3.853846
4.0,3.982931
4.0,3.9890826
4.0,3.9996424
3.86574007869588,3.8775012
4.0,3.9730546
4.0,4.004281
4.0,4.0127134
6.295,6.338779
11.2981,11.567448
19.9732,19.47569
27.1336,27.025496
33.0088,33.064503
31.8613,31.623028
31.4023,31.195873
33.1465,33.17777
20.0191,20.002316
14.2816,14.341467
7.9933,8.177078
4.0918,3.9198437
4.0,3.9773235
4.0,3.9667163
4.0,3.977145
4.0,3.9877481
4.0,3.981202
4.0,3.9669619
4.0,3.9864066
4.0,3.9818747
4.0,3.9790878
4.0,3.982195
4.0,3.9522276
4.0,4.0007906
7.1212,7.477341
16.4389,16.18185
26.2156,25.985622
34.1104,34.264473
38.5627,38.001305
37.8283,37.714478
34.753,34.499916
33.4219,33.61974
26.3992,26.29835
18.5503,17.397655
9.2326,9.339775
4.1377,3.9711716
4.0,3.8929157
4.0,3.888964
4.0,3.8613214
4.0,3.8713179
4.0,3.9931235
4.0,3.9819624
4.0,3.9908073
4.0,3.9993403
4.0,4.0084825
2.276167801047407,2.3482673
2.477470441780352,2.353245
1.776744474985438,1.8503188
6.7081,6.8105526
12.970494671297528,13.43496
21.504390902523497,22.119541
31.8154,32.181107
36.2218,36.77448
40.3069,40.554295
39.5266,40.08782
35.3497,35.2417
28.6483,28.852047
19.4224,19.289413
9.5539,9.618552
4.1377,4.0649734
4.0,3.8378193
4.0,3.9724722
4.0,3.8961601
4.0,3.8955376
4.0,3.896556
4.0,3.9790933
4.0,4.0107603
4.0,4.006049
3.225433692449826,3.2881813
4.0,3.9544952
4.0,3.988894
3.391676082843246,3.3956819
6.0655,6.1412644
11.5735,11.780192
17.035600000000002,17.21832
13.8226,14.141717
29.6581,28.809265
39.7102,39.352955
32.6875,33.045452
28.2811,28.4307
22.1305,22.313185
17.999499999999998,17.94259
8.59,8.854654
4.1377,4.05366
4.0,3.9911494
4.0,3.992097
4.0,3.9986923
4.0,4.0057826
4.0,4.0026646
4.0,3.9825292
4.0,3.9387302
4.0,4.002074
4.0,4.0038075
4.0,4.000346
4.0,4.00334
4.0,3.9132197
6.5245,6.3578916
15.3373,15.426677
24.9304,24.599197
29.1006,28.746778
34.2414,34.461636
35.7102,35.776043
34.1037,34.740765
33.5596,33.633488
27.3631,26.753624
17.4946,17.742949
9.1408,9.534508
4.1836,4.1076193
4.0,3.8653412
4.0,3.860503
0.0,-0.10055689
4.0,4.0187664
4.0,3.8833683
4.0,3.9247293
4.0,4.0010743
4.0,4.002246
4.0,3.9968257
4.0,3.9964123
4.0,4.001932
4.0,4.011735
6.8458000000000006,7.1092567
15.475,15.4316025
23.5534,23.795425
28.8319,29.208248
35.2579,35.636658
37.6447,37.913956
36.6808,37.295593
29.4678,30.43873
21.4812,22.245913
19.0552,18.871597
9.5539,9.841818
4.1836,4.150228
4.0,3.9027228
4.0,3.8857782
0.0,-0.081054054
4.0,4.045806
4.0,3.8597207
4.0,3.9954891
4.0,3.9940097
4.0,3.991367
4.0,3.9964132
4.0,4.0074553
4.0,3.989729
4.0,3.99202
6.6163,6.783665
12.7669,12.995717
25.114,24.75553
33.2842,33.10719
38.1496,38.36345
40.4905,40.42943
38.2414,38.779324
29.1991,29.715025
25.114,25.160748
17.861800000000002,17.913244
9.508,9.79051
4.1836,4.148125
4.0,3.8905003
4.0,3.8546896
4.0,3.8439283
4.0,3.8098
4.0,3.8791142
4.0,3.8660743
4.0,3.9903557
4.0,4.0010257
4.0,4.004354
4.0,4.002308
4.0,4.0035167
4.0,4.010115
6.570399999999999,6.630261
15.1996,15.522981
24.5632,24.694231
32.6416,32.27503
37.8283,37.938828
40.3528,40.17487
39.343,39.418922
35.671,35.536213
28.0516,27.879375
19.0552,18.738968
9.4162,9.560345
4.1836,4.1563163
4.0,3.940948
4.0,3.8670654
4.0,3.987399
4.0,3.9894068
4.0,4.002575
4.0,3.9993532
4.0,4.000466
4.0,4.0033555
4.0,4.001802
4.0,3.9952416
4.0,3.9868968
4.0,3.9607217
6.3868,6.263678
14.8783,14.911629
24.3796,24.49791
31.7236,31.795681
33.5596,34.00051
28.6942,29.024303
27.5008,27.071056
28.1434,28.132713
23.5075,24.217081
13.7767,14.564929
9.049,9.033754
4.1836,4.1781287
4.0,3.9372938
4.0,3.8864522
4.0,3.8942735
4.0,3.824015
4.0,3.987773
4.0,4.0031886
4.0,4.0028715
4.0,4.0011573
4.0,4.008847
4.0,4.0028615
4.0,3.9942605
4.0,3.9848993
5.9737,6.0694284
12.9046,12.889381
17.7241,18.103792
17.586399999999998,18.606924
22.1305,22.06701
34.3399,34.11396
24.655,25.53051
24.4255,25.045727
20.9371,21.374258
15.1078,14.832764
8.6359,8.716747
4.1836,4.1338735
4.0,3.934754
4.0,3.98567
4.0,3.9874682
4.0,3.9829967
4.0,4.0031633
