Actual_Power_MW,Predicted_Power_MW
4.0,4.001655
4.0,3.9843159
4.0,3.9959495
4.0,3.9974604
4.0,3.99851
4.0,3.9759257
4.0,4.010672
4.0459,4.029144
7.1671,6.997185
14.098,14.000257
20.95428670873395,20.33072
25.501567801047408,25.969473
28.80615095239582,28.725048
29.31951844815813,29.376266
26.1238,25.926405
20.2945,20.736437
13.2259,13.016407
6.4327000000000005,6.3724017
4.0,3.980111
4.0,3.9983819
4.0,4.0058093
2.4283737527963454,2.437403
1.6230967376991028,1.6184723
1.4620934601345146,1.337785
2.3449559365079367,2.270301
3.4059777564813487,3.364454
4.0,3.991342
4.0,3.991038
4.0,3.997602
4.0,4.004903
4.0,4.008568
4.0459,4.0205684
6.5245,6.561052
11.2981,11.164027
14.956221759365135,14.286656
20.35526337179225,20.437916
25.15392724731988,25.470058
25.427051699171,25.992313
21.72793375268196,22.545841
16.618543540567558,17.05661
10.051607027176043,10.428896
5.355667509019564,5.465943
1.7004006021532492,1.7931824
1.2374806441216983,1.2991803
1.0920962896970707,1.1091769
1.027774282469694,1.0601574
0.9568951159196334,0.96431476
1.3439608457507866,1.3434622
2.46575210178283,2.5780706
3.702794616508019,3.7527456
4.0,3.947851
4.0,3.9926958
3.714833463129719,3.67895
3.0908921415040016,3.0198803
0.2070018594140344,0.22904956
0.0459,0.03105788
2.305767008614793,2.6460328
7.804257890341534,7.7125525
15.232821866853076,14.352237
20.90305516417837,21.223055
26.27542750425571,26.624535
26.70644645095312,27.472784
23.52977898008476,24.341722
17.849016264760973,18.063084
11.334779033592302,11.212969
6.7999,6.5655646
4.0,3.9830487
4.0,4.008948
4.0,4.008091
4.0,4.002028
4.0,4.0087337
4.0,4.003493
4.0,4.002334
4.0,4.0011973
4.0,3.981211
4.0,4.002874
3.676082618348986,3.6733835
4.0,3.9969172
4.0,3.9919798
4.0459,4.0298104
5.7442,5.8039794
9.2785,9.378888
14.6488,14.419391
22.8103251312083,22.354822
27.48499515786382,27.488111
27.23351932867162,27.099327
24.34265106976532,24.38921
18.903103974605617,18.726519
14.0062,13.791662
6.8458000000000006,6.726151
4.0,3.9944472
4.0,3.9998515
4.0,3.999139
4.0,3.9995458
4.0,4.0007243
4.0,3.9928946
4.0,4.011173
4.0,3.9716904
4.0,3.9906216
4.0,3.9832141
0.4429974397419788,0.6056188
0.0,0.0148567865
0.0,0.022847146
0.8623777567108651,0.8097935
2.9934288177883834,3.078785
8.4915,8.776963
13.7241,13.725322
21.6648,21.62154
25.984689902006263,26.142813
26.139590193137217,26.157843
24.10457386908252,24.343542
20.52648195198562,20.605984
13.7767,13.91151
6.7999,6.672351
4.0,3.9947684
4.0,3.9974163
4.0,3.9980361
4.0,3.9989061
4.0,4.0027885
4.0,4.004627
4.0,4.0048676
4.0,3.982594
4.0,3.970035
4.0,3.987173
4.0,3.9852679
4.0,3.984925
4.0,4.0273714
4.0459,4.0004115
5.8819,5.7354655
9.2785,9.569531
12.4456,12.725687
16.1635,16.240822
19.5601,19.785946
21.7174,21.896254
25.7566,25.946144
21.5797,21.553732
14.2816,14.239639
7.0294,6.8156676
4.0,3.998037
4.0,3.9987483
4.0,3.9997497
4.0,3.9996047
4.0,3.9998076
4.0,3.9990463
4.0,4.0027113
4.0,4.0042753
4.0,4.003747
4.0,3.9361916
4.0,3.9250076
4.0,3.9480958
4.0,3.9237676
4.0459,3.9089189
7.5343,7.5968995
15.0619,14.9686775
22.4977,21.53411
28.0516,26.595919
30.9892,31.199324
30.8974,31.178871
27.8221,27.709211
22.0846,22.076883
14.5111,14.7444105
7.1212,6.891898
4.0,3.9953694
4.0,3.9976287
4.0,4.001096
4.0,3.999117
4.0,3.9798632
4.0,4.011007
3.0205731765391506,3.0630002
1.481923054388404,1.4497685
2.1450753379225334,2.1055477
3.2677011468960515,3.2594278
2.6950768455945178,2.6702402
1.7599197687295085,1.686232
0.5645492207357141,0.5558002
0.6801244347494024,0.605335
3.8126916868617537,4.1420918
10.439927504255708,10.560586
18.35255165309469,18.816145
24.414222285558623,24.851522
27.13597462830472,27.222246
26.993436222557254,26.80637
23.868,24.2786
18.148475344490983,18.033558
10.62087534449098,10.635228
3.3239968796131527,3.6804512
0.3465394375498449,0.45072243
0.163778511296237,0.14609376
1.0517508619648177,1.0517509
0.7436159082070022,0.7070966
0.2289654195753703,0.21954441
0.0829904117649162,0.045657553
0.2312502205222407,0.20914647
0.2025675567968295,0.15800302
0.1653536505202036,0.16034679
0.1507936507936507,0.13652804
0.0753566776781433,0.0620072
0.2042275042557094,0.21520978
4.0,3.9418983
4.0459,4.0316525
6.7081,6.727468
11.8948,12.055873
16.025223109056252,15.316886
23.85975259574859,23.800934
27.597442427959862,27.709442
27.7151472003723,27.62021
24.683538842320925,25.174969
19.19918583844684,19.204166
12.400658864206475,11.907942
7.3048,7.0351367
4.0459,3.9927578
4.0,3.9952345
4.0,4.001654
4.0,4.0033407
4.0,4.0011644
4.0,4.001984
4.0,4.002402
4.0,4.0030084
4.0,4.0030084
4.0,4.0025926
4.0,4.0025983
4.0,4.003436
4.0,4.007001
4.0459,4.0035005
7.258900000000001,7.3912535
13.1341,13.173414
19.4224,19.178974
24.041245059161863,24.7401
19.027630365631964,19.599684
18.1305,18.563717
12.393,13.041933
8.1702,8.998895
8.180343531235483,8.24333
5.656533421376483,5.740646
0.0,0.019769553
4.0,3.9002872
4.0,3.9671183
4.0,4.004048
4.0,4.0006437
4.0,3.980047
4.0,4.0019145
4.0,3.9622455
4.0,3.9970818
4.0,3.993365
4.0,3.996653
4.0,3.9847474
2.929704203051196,3.0518312
2.6153911177859626,2.414149
6.350519581249504,6.4760294
10.077049190045123,10.564271
16.745988063029525,16.621883
20.304737223495884,20.641373
23.46195802448545,23.63623
22.50134314913723,22.857288
18.97589687961316,18.45284
13.0356,13.51634
9.1341,9.248597
4.920398937056678,4.8519173
1.480375680713623,1.57366
4.0,3.9502187
4.0,4.0039454
4.0,4.0070066
4.0,4.001683
4.0,4.0035777
4.0,3.9874895
4.0,3.9872932
4.0,3.9882581
4.0,4.0025024
4.0,4.0015626
4.0,3.9964685
4.0,4.002596
4.0459,4.028674
7.1212,7.062769
14.098,14.162582
20.32471534361224,21.043869
26.187655990333308,26.876514
28.79212286920833,29.003841
28.5796674503134,28.803078
25.872982933915413,26.204992
20.92118860875579,20.994576
14.808942033097225,14.4509535
7.5343,7.418479
4.0459,4.021369
4.0,4.0008726
4.0,4.0008698
4.0,3.9998477
4.0,4.000129
4.0,4.000304
4.0,4.000186
4.0,4.0006137
4.0,4.0011806
4.0,4.00432
4.0,4.0027976
4.0,4.0011425
4.0,4.0047135
4.0459,4.024165
7.5802,7.497622
14.9701,14.541916
19.20658465546803,19.690788
24.82194641921522,25.2036
27.67379280758036,27.60918
27.60702135240595,27.088041
24.56549252440571,24.93077
19.04946911219454,18.901577
11.552910930628546,11.505063
4.798535950358835,4.968782
1.4852947190189154,1.5797298
1.574232278996318,1.5490069
1.3487797153826244,1.3239722
4.0,3.848006
1.241235381897495,1.4284039
1.254405074031934,1.3442986
0.2244135591603294,0.26879534
0.0,-0.014863921
0.0,-0.015098033
0.0,0.010790755
0.0,0.011260176
0.0816334313052414,0.060418107
0.847341589205963,0.7499796
1.0860846990879365,1.0705718
3.514203937100019,3.3932304
7.854434798547827,7.738603
13.015380513362787,12.772958
22.0672547855093,21.214579
27.59728181102443,26.932707
27.374714213960857,27.21176
24.711411221018125,24.671568
19.8448365376716,19.739235
12.153488391994566,11.951324
5.895382862859922,5.7382393
4.0918,4.061393
4.0,4.0038853
4.0,3.9917934
2.9037318894728137,3.0113745
4.0,3.9980497
2.0088527770540368,2.05321
1.0939007447311933,1.0805026
0.1780852060524579,0.1354021
1.2685636296669478,1.3109188
3.891534568903576,3.9904976
2.106018681578273,2.2164807
3.0544109533845485,2.9002402
4.0,4.0038433
4.0,4.0204177
2.797925131208301,2.9161627
6.9376,7.0229683
13.826043531235484,13.951483
24.765946966572848,24.09529
22.95346762657817,23.403126
19.646378482253024,19.85762
19.777729637081865,19.95352
15.823894222222224,16.116186
9.386441331667038,9.874768
3.6435325583037086,3.6702952
1.058227187599086,1.2698662
2.5139117909349245,2.4161441
4.0,4.0005264
4.0,4.0317345
4.0,4.0151753
4.0,4.029692
4.0,4.0138216
4.0,4.026806
4.0,4.0111594
4.0,4.0017304
4.0,4.0043654
4.0,4.006288
4.0,4.000034
4.0459,4.027844
7.672000000000001,7.908149
15.4291,15.41261
20.2801007447312,19.263178
26.376833351965185,26.674683
30.400822222222224,30.512877
30.88979111778596,30.794407
29.3368,29.529448
23.5993,23.35739
15.934,16.027622
8.039200000000001,8.091769
4.0918,4.0492287
4.0,4.0005374
4.0,4.0002394
4.0,4.0006065
4.0,4.0039096
4.0,3.997267
4.0,3.9990838
3.3333747428293545,3.3539994
2.8520141452258003,3.0079615
4.0,4.0025473
4.0,3.9958613
4.0,4.002306
4.0,4.00794
4.0459,4.0331607
5.508734227006554,5.5521874
6.973136188741149,6.5152164
12.717190639403633,13.076611
16.065,16.260244
23.797574617912208,23.204958
29.165216823643483,29.117315
26.00866790849992,26.196228
16.26922750425571,16.802933
12.127943149137232,12.285653
4.282165771363184,4.547115
0.3973600586510048,0.50894696
0.0921439838708633,0.053840976
0.0,-0.0060371473
0.0,-0.0031729313
0.3682414747313814,0.3167075
0.6804557739665082,0.6390284
2.1115846101373097,2.1170073
2.1138128401327942,2.0889986
1.1374819918421917,1.101439
0.5360653626011237,0.56796956
0.3450700904279506,0.33182418
0.3223289000929629,0.33395222
0.7896526250746362,0.77563953
1.125393343342686,1.0613346
2.77123393780197,2.9409406
7.256086222222223,7.36826
13.1274,13.331786
19.933693650793654,19.222399
26.65387204446921,26.959723
27.62898654667057,28.017752
25.0988472003723,25.884771
19.664037004289742,19.470383
12.109224434749402,12.028369
5.572641153319292,5.3814077
4.1377,4.0148745
3.398174700162096,3.3735628
2.613523183176831,2.5919595
1.501838760306919,1.4376206
1.7066355356230785,1.610035
4.0,4.024244
4.0,3.9832895
4.0,4.003022
4.0,4.003901
4.0,4.0002227
4.0,4.001181
4.0,4.000068
4.0,4.0039706
4.0459,4.0262184
7.3507,7.4640393
14.6488,14.292862
22.1305,20.93048
28.624842033097227,28.748224
31.8613,32.038403
31.999,32.067078
29.1532,29.320465
23.5534,23.444157
16.0717,16.260262
8.2228,8.220771
4.1377,4.124696
4.0,3.9926345
4.0,4.006062
4.0,4.003186
4.0,4.0029674
4.0,3.9992182
4.0,3.9983218
4.0,3.9991508
4.0,4.00002
4.0,4.0031238
4.0,4.001603
4.0,4.0037885
4.0,4.0062575
4.0918,4.0488977
7.7638,7.826785
15.5668,15.872384
23.3239,23.276724
28.40920931459023,28.25184
31.36969022222222,31.939413
32.458,32.735947
29.5204,29.980581
23.8288,23.90126
16.2553,16.149885
8.3605,8.341663
4.1377,4.107166
4.0,3.995648
4.0,3.9991255
4.0,3.9988592
4.0,3.9978266
4.0,3.9975872
4.0,3.9975872
4.0,3.9970841
4.0,3.997776
4.0,3.9924476
4.0,3.9943256
4.0,4.0078764
4.0,4.004449
4.0918,4.018992
7.784430910077543,7.777351
14.556152205959483,14.555955
20.025674988153284,20.639572
25.274456677678145,25.796944
28.31129674248874,29.309158
28.35244193432624,28.646275
24.983775621228915,25.854717
19.27135270026404,19.025303
12.572747499265416,12.509326
7.9015,7.4462867
4.1836,4.1209126
4.0,3.9950287
4.0,3.96741
4.0,3.9963458
4.0,3.9950504
4.0,3.9927087
4.0,3.9866803
4.0,3.9949634
4.0,3.9989629
0.6433914936474577,0.70792764
0.9847070854276072,0.97615516
3.3709084735017054,3.2088797
2.929704203051196,3.0034533
3.6050097378548576,3.4151254
7.7638,7.8433237
15.3832,14.924073
21.8732591350334,22.15854
27.61068632667565,27.590878
32.27412427852686,32.681046
33.0547,33.327
30.2548,30.29713
24.6091,24.352802
16.622500000000002,16.875463
8.681799999999999,8.523657
4.1836,4.264006
4.0,4.0017347
4.0,3.995891
4.0,4.003904
4.0,3.9799562
4.0,3.9957361
4.0,4.0039387
4.0,4.0033226
4.0,4.0014544
4.0,4.0044713
4.0,4.0063434
4.0,4.007354
4.0,4.0074015
4.0918,4.0689025
8.039200000000001,8.139231
16.1635,16.475622
24.196,24.642138
30.3007,30.257015
33.6055,33.902313
33.7432,34.112602
30.7597,30.740433
24.9763,25.065378
17.173299999999998,17.1207
8.9113,9.20164
4.2295,4.2532306
4.0,4.004646
4.0,3.9833193
4.0,3.9993033
4.0,4.00287
4.0,4.0023646
4.0,4.0046906
4.0,4.0022573
4.0,4.004469
4.0,4.006146
4.0,3.9475348
4.0,3.9242947
4.0,3.9422448
4.0918,3.9641862
8.2228,8.509719
12.5307,13.031007
24.7468,24.25529
30.8974,31.045996
34.294,34.386467
34.477599999999995,34.686996
31.4941,31.523752
25.6648,25.433971
17.6323,17.528229
9.1408,9.095673
4.2295,4.231717
4.0,4.0012474
4.0,4.002728
4.0,4.002393
4.0,4.001337
4.0,4.001134
4.0,4.0003076
4.0,4.0003147
4.0,3.9997075
4.0,3.9997551
4.0,4.0008335
4.0,4.002918
4.0,4.0040646
4.0918,4.059881
8.3146,8.605736
16.760199999999998,17.088907
25.0222,25.154396
30.921494616508017,30.77645
34.615300000000005,34.612614
34.7989,34.930576
31.7236,32.034485
25.8484,25.754248
17.8159,17.524313
9.2785,9.1979265
4.2754,4.2270117
4.0,3.99723
4.0,4.000877
4.0,3.9985828
4.0,3.9960566
4.0,3.9993026
4.0,3.996245
4.0,3.99663
4.0,3.9958534
4.0,3.997247
4.0,3.997936
4.0,3.997817
4.0,3.9994056
4.0918,4.0539517
8.3605,8.970047
16.8061,17.224396
23.1360128401328,23.443619
29.306942675779915,29.67697
33.538814075296685,34.09547
34.8448,35.219303
31.8613,32.07898
26.032,25.932528
17.999499999999998,17.766691
9.4162,9.506164
4.2754,4.225191
4.0,3.9974735
4.0,3.9973247
4.0,3.9981759
4.0,3.9973388
4.0,3.9981675
4.0,3.9984949
4.0,3.998678
4.0,3.998678
4.0,3.9982982
4.0,3.9981341
4.0,3.9992914
4.0,4.001378
4.1377,4.0911403
8.452300000000001,8.838616
15.404869398871105,15.866554
21.64174133166704,21.98544
27.94697923790215,27.648056
31.617570501879445,32.001835
32.27536238499358,32.624912
29.533783416660416,30.4452
23.305396130725665,23.69856
15.210557669201936,15.098704
8.411732713244266,8.822709
2.722923310268449,2.6651807
1.219695702822275,1.1335961
0.3611162647609726,0.36582902
0.0217292511209455,0.007278215
0.6649354127734298,0.6075316
2.849559293871775,2.9374914
4.0,3.968934
4.0,3.9827278
4.0,3.9745965
4.0,3.9782786
4.0,3.9968255
4.0,3.998027
4.0,4.0003667
4.1377,4.1227813
8.2228,8.287944
16.4389,16.454777
24.2419,24.587444
30.7138,30.891075
34.202200000000005,34.61045
34.4317,34.763084
31.4941,31.622791
25.7107,25.448278
17.8159,17.501005
9.4621,9.656472
4.3213,4.3070707
4.0,4.0062466
4.0,4.0031495
4.0,4.0036597
4.0,4.001336
4.0,4.0002646
4.0,3.9995496
4.0,3.999991
4.0,3.9987044
4.0,3.9989524
4.0,3.9982145
4.0,3.9998503
4.0,4.001654
4.1377,4.123352
8.3146,8.287326
16.393,16.501205
22.406009164103693,22.928331
28.77069441329416,29.383217
31.864041969918723,32.304035
31.50684905092484,31.903133
28.281162765798506,28.533371
22.63188859496001,23.147852
15.0123188003536,14.904165
8.293267509019564,8.656799
4.3672,4.3514233
3.728226759805644,3.7598658
4.0,3.938412
4.0,3.9626803
4.0,3.9779463
4.0,3.9907417
2.732526245200417,2.7080305
0.9908240274511052,0.9465264
1.0401846990879362,1.0440067
1.1677533854480873,1.0763068
1.400190388237808,1.3393077
3.676082618348986,3.5847876
1.5058323021678628,1.5836847
2.937677975113759,2.9106634
7.1212,7.1023903
12.8587,12.782285
17.22735635457686,17.50883
27.147753990357664,27.274487
30.399265771363183,31.099724
30.953833937801967,30.970871
29.25704115331929,29.589613
24.57308248674109,25.006691
17.470733854428033,17.270552
9.5998,9.7729645
3.1118419704699267,3.116301
0.2042275042557094,0.15699111
0.3406143881603771,0.30090892
1.9358757424315745,1.8238261
2.301313217133185,2.1504593
4.0,3.8343287
4.0,3.9618163
4.0,4.0022016
4.0,4.001944
4.0,4.0019665
4.0,4.0016365
4.0,4.001951
4.0,4.0051775
4.1377,4.0869036
8.4064,8.290535
16.4848,16.48308
21.40206944814361,22.262648
28.82262951209414,29.211657
32.75355095239583,33.287514
32.54629193245375,33.020435
26.958322222222225,27.458494
22.17650916410369,22.735826
15.583253489006603,15.886379
8.7736,9.061668
2.5414391841440147,2.60589
0.0042362358143962,0.040085047
1.701439807492966,1.6647218
0.0,0.022493223
4.0,3.9930458
4.0,3.987583
4.0,4.0069413
4.0,4.003263
4.0,3.9990568
4.0,3.9975502
4.0,3.9858403
4.0,3.9983532
4.0,3.9930294
4.1377,4.120964
8.4064,8.431924
14.995658355239224,15.947462
21.772636537671595,22.365566
28.53381627700365,28.68999
33.94228534150218,34.00548
34.5235,35.04022
31.7236,31.998716
26.1238,25.839397
18.3208,18.112568
9.8752,10.129622
4.459,4.4049797
4.0,4.008054
4.0,4.0052443
4.0,4.0047984
4.0,4.000773
4.0,4.00091
4.0,4.0004897
4.0,4.00051
4.0,4.001258
4.0,4.0005503
4.0,3.9836655
4.0,3.9970315
4.0,3.9870124
4.1836,4.1247354
8.8195,9.095345
16.114091932453746,15.8940735
22.611295752103448,22.918795
29.3058286729571,29.095411
32.96768463969011,32.925568
33.127245001899645,32.96133
29.8334597990572,30.112144
23.45698624404728,23.64401
15.05282717647038,15.456523
6.273793568507943,6.704332
2.025134798547828,2.2245064
4.0,3.9394603
4.0,3.9952579
4.0,4.0034986
4.0,3.9897697
4.0,3.9933515
4.0,4.004547
3.73627130415743,3.7552311
2.355331427208302,2.3403087
2.074941969918722,1.9012358
2.286442936686296,2.1393085
1.0588885949600089,1.0566146
1.1374815410993446,1.0798315
1.853271239554956,1.7448145
6.7999,6.7769003
9.775800230744206,9.633635
14.714850952395825,15.2616
21.578545462489707,21.602596
25.55568253375014,26.305323
22.3533,23.214165
20.2419,21.517982
12.4848,12.635427
10.0521,10.106043
5.316355773966508,5.5102196
4.459,4.385527
2.443535893931425,2.4294925
3.702794616508019,3.6950853
3.45814932385624,3.3927476
4.0,3.9966307
4.0,3.9791758
4.0,3.8629303
4.0,3.9663146
4.0,4.003323
4.0,3.998841
4.0,3.9933057
4.0,4.006094
4.0,4.0053453
4.1836,4.2448215
8.9572,8.936931
16.121867257116836,16.292833
24.549697186572217,23.719076
32.2744,32.475147
35.854600000000005,35.416523
36.1759,36.08569
33.1924,33.02902
27.409,27.831963
19.2847,19.008127
10.426,10.50872
4.5508,4.659558
4.0,4.0137205
4.0,4.0058045
4.0,3.9850073
4.0,3.975981
4.0,3.9796197
4.0,3.9759634
4.0,4.008942
0.0,0.027607191
0.0,-0.013752412
0.0,0.008447819
0.0,-0.0022632533
4.0,3.9550273
4.2295,4.2212887
9.1408,9.110481
17.999499999999998,18.086187
26.5369,26.780325
32.917,32.925957
36.4972,36.813965
36.8185,36.49826
29.835,30.226261
23.868,23.809517
15.6519,16.379738
10.6555,10.034712
4.5967,4.4802155
0.0,-0.0070402045
0.0,-0.04990777
4.0,4.0139503
0.0,0.0363312
0.0,-0.034960367
0.0,0.00455485
0.0,0.018369991
0.0,0.005782403
0.0,-0.03008457
4.0,4.050406
0.0,-0.00021402206
0.0,-0.0083650565
0.2295,0.34095773
5.2326,5.479358
18.0454,18.078997
26.5369,26.855934
32.917,32.711784
36.4054,36.86528
36.6808,36.67856
29.7432,30.262253
23.8221,23.749374
15.6519,16.423462
10.7014,10.348785
4.6426,4.6023183
4.0,4.008454
0.0,0.083404236
0.0,-0.029455824
0.0,-0.005261471
0.0,-0.0034504563
0.0,0.006723713
0.0,-0.03244385
0.0,-0.04783265
0.0,-0.05639181
0.0,-0.017694311
0.0,-0.05335093
0.0,-0.02200483
0.2295,0.3910018
5.1408,5.721489
17.8159,18.02875
26.1238,25.930176
32.458,32.594803
35.9923,36.17563
36.3595,36.70851
33.4678,33.19438
27.5467,27.26839
19.4224,19.560669
10.1506,10.37849
4.6426,4.790622
4.0,4.00283
4.0,4.008598
4.0,4.0015626
4.0,4.004912
4.0,4.0051413
4.0,4.005108
4.0,4.004425
4.0,4.007648
4.0,4.0044785
4.0,4.005593
4.0,4.001822
4.0,3.9844854
4.2754,4.272466
8.679761467101216,8.70669
15.134776014493925,15.177976
21.28618370385653,21.76821
28.990059571306745,29.526384
33.6325740662256,33.959896
34.38985122599224,34.34828
32.23847576927726,32.61646
26.98412679483005,26.78862
19.435804785375662,19.946138
10.9309,10.732646
4.6885,4.7819424
3.449000541625794,3.4011946
2.2773090947489245,2.3425848
1.8498891406145168,1.6731793
1.5268513054771664,1.479731
0.8674082108408152,0.7876363
0.8019081486439908,0.7503988
1.9782496507936504,1.82272
3.86981033215497,3.863947
3.86981033215497,3.9137619
2.929704203051196,3.004303
3.060691045071999,2.9341261
3.842708218992883,3.7716122
2.906841741417338,2.8279595
7.986877965630207,8.180982
16.03347020875845,15.522158
22.637340145010484,22.576504
29.1150372286858,29.691511
33.17018469908794,33.625607
30.547672081422643,31.166101
28.83111054328773,29.782116
26.20797106545312,26.594618
17.64993885644886,17.67291
9.613895170903415,9.878571
4.7344,4.8147326
2.8115923549551343,2.6818929
2.3495657480711696,2.2508202
3.391676082843246,3.231204
4.0,3.984733
2.944579261774384,3.0381463
2.1551559878843887,2.0244775
3.1300448558528364,2.8862016
2.195630783535272,2.180597
0.3918352624410408,0.3904061
0.5418723168895617,0.5051783
1.0268897353193671,1.0995393
4.0,3.920659
3.191750700283787,3.3279924
7.607633810331414,7.3982997
15.39087020875845,15.223261
22.47117851129624,22.75293
28.826070021319776,29.288256
32.66822654725836,32.758774
33.592178564333366,33.403076
31.91146725711684,32.095226
27.3631,27.285017
19.1011,18.86848
10.402336134024605,10.442976
4.43719365079365,4.5747824
2.346107300730016,2.33684
1.4690249552638497,1.4271326
4.0,4.0028305
4.0,3.9980388
4.0,3.9954088
1.1020308514739203,1.2197354
4.0,3.7414453
4.0,3.955696
4.0,3.982811
4.0,4.004628
4.0,4.001412
4.0,4.001075
4.3213,4.3152146
9.6457,9.805454
18.5962,18.594625
26.862254029873696,27.133898
33.5596,34.04987
37.0939,37.2806
37.507,37.404152
34.615300000000005,34.549465
28.786,28.57735
20.5699,20.742134
11.4358,11.19046
4.8262,4.7796464
0.0,-0.06893356
0.0,0.017671127
0.0,0.006816654
0.0,0.010287911
0.0,-0.028729059
0.0,0.018805685
0.0,0.014976507
0.0,0.025324108
0.0,0.016935825
0.0,-0.020691361
4.0,4.036443
0.0,0.04736168
0.3672,0.35134757
5.967,6.7915382
19.1011,18.53739
27.7303,27.980906
34.202200000000005,34.597046
37.7824,37.9673
38.0578,38.088783
34.9825,34.77312
28.9237,28.792812
20.6617,20.681892
11.4817,11.544955
4.8721,4.821934
4.0,3.860872
0.0,-0.068436995
0.0,-0.0132441595
0.0,-0.019647246
4.0,3.9812
4.0,3.89613
4.0,4.006047
4.0,4.0033336
4.0,4.004589
4.0,4.006161
4.0,4.0072227
4.0,3.971673
4.4131,4.358325
5.9211,6.8401065
18.8716,18.764782
27.2713,27.323505
33.6055,33.97793
37.1398,37.326553
37.4611,37.803173
34.477599999999995,34.397594
28.4188,28.413738
20.3863,20.52709
11.4358,11.522596
4.918,5.0257134
4.0,4.0036097
4.0,4.0070443
4.0,4.002908
4.0,4.0008073
4.0,4.001069
4.0,3.9899943
4.0,3.9880638
3.70279365079365,3.6779172
0.8825536625760142,0.8656578
2.7823132888480964,2.8141842
2.709552864509124,2.7947254
2.341500463983068,2.3431785
1.6750496879876111,1.847407
6.103151699170999,6.353592
14.82179280758036,15.255773
21.8943,22.233408
29.32772717647038,29.310865
36.24544385819615,36.3677
37.1398,37.087437
34.3399,34.372993
28.5106,28.439186
20.4781,20.379393
11.5276,11.553289
4.918,5.039019
4.0,4.003631
4.0,3.9646742
4.0,3.9961874
4.0,4.004851
4.0,4.002238
2.2284131109305103,2.3011866
0.5793261331424953,0.5850448
0.0099179532539574,0.009089302
2.014334470869814,1.8860567
1.3487797153826244,1.340999
1.9358757424315745,1.842061
4.0,3.8325644
4.459,4.4067483
9.47062003976205,9.37619
15.576241536293384,16.666065
23.7655820320387,23.78976
29.994051343818168,30.192366
31.7628,32.04319
30.558887633154445,31.019056
27.3946007447312,27.175467
23.41975122599224,23.942837
16.67061232240891,16.52529
8.452300000000001,8.55544
4.9639,5.073664
4.0,4.0005293
4.0,4.0063887
4.0,3.9999304
4.0,3.989233
4.0,3.983098
4.0,3.994721
4.0,3.9968655
2.1204989370566776,2.181691
0.8817100685308018,0.8348592
1.1862217593651367,1.0758544
0.9838338326959228,1.012248
0.3098837038565302,0.31579897
0.4154857688831579,0.37480918
6.613134150029215,6.783725
15.059086222222222,15.46366
23.495629637081866,23.824064
29.9268,29.954933
32.7726,32.64636
33.0939,32.876865
29.376,29.707993
24.93065195105195,24.791494
18.22995886420648,18.368814
11.23561436311249,11.393201
3.487269698923257,3.190624
0.2763691121945419,0.43674478
0.0168602110872563,-0.04982576
0.2715824906983998,0.26293248
0.7750227643877026,0.7216776
3.1808028833930604,3.1594718
4.0,3.9042866
4.0,3.9831727
4.0,3.9887705
4.0,4.0100846
4.0,4.002424
1.701439807492966,1.8655753
0.8817100685308018,0.8615989
0.9588978154937606,0.81963915
6.619069823027378,6.119466
9.508,9.895232
13.0423,12.530764
20.2486,19.83751
21.71936574807117,21.679266
24.01617253481434,23.942276
34.0978893032885,34.03834
29.1073,29.071089
20.983,21.132053
11.35948846996367,11.783325
5.0557,5.151722
4.0,3.9823532
3.3670195812495045,3.3283696
3.360541900966997,3.353856
4.0,3.9997277
4.0,3.98612
4.0,3.9715261
4.0,3.989047
4.0,3.981662
4.0,3.9945729
4.0,4.001124
4.0,3.9981277
4.0,4.0003023
4.5508,4.519897
10.1506,9.496319
16.97269838739909,16.975471
22.724167199906827,22.287853
30.43936238499357,30.596695
32.846833722267846,32.83906
32.40447106545312,33.071957
30.477877965630206,30.608599
28.5106,28.224653
19.6978,19.680235
9.6584445821505,9.81768
3.3225431912729766,3.025537
2.0671966511848145,2.1289184
1.361333351965181,1.3402736
4.0,4.0090313
2.257936538037608,2.2929108
0.6734580623631836,0.6875829
4.0,3.9655492
0.3944824241021144,0.46914268
4.0,3.961114
4.0,3.8797622
4.0,3.9882696
4.0,3.8847134
4.0,3.9664688
4.5049,4.45728
5.6916,6.4067054
16.760199999999998,17.265892
21.9469,22.383472
18.9175,19.424282
28.1434,28.196798
35.212,34.867863
33.8809,33.679688
28.4647,28.081734
19.6978,19.6396
11.2981,11.366867
1.0557,1.1273252
0.0,-0.010385224
4.0,3.950906
0.0,0.016024888
4.0,4.021733
4.0,3.9969244
4.0,3.9834692
4.0,3.9891257
4.0,3.9858444
4.0,3.9900644
4.0,3.9982092
4.0,4.000857
4.0,4.0084066
3.15651254087778,2.9819887
7.518915567020624,7.9079294
15.606,15.814646
23.9139,23.913288
30.4317,29.905355
33.966,33.41262
34.27551377688777,34.206455
31.12543311317046,31.116833
26.07880358412039,26.505621
19.2847,19.324417
8.8195,9.028561
5.1016,5.0776896
4.0,3.994734
4.0,3.9913275
4.0,4.0063763
4.0,4.0023074
4.0,3.9993732
4.0,3.9993732
4.0,4.0029054
4.0,4.0017476
4.0,4.000928
4.0,3.9998624
4.0,4.002113
4.0,4.0001254
4.6885,4.806419
10.8391,10.534343
19.63009365079365,19.80698
27.19557656126011,27.53102
34.8448,34.839497
38.1496,38.174397
35.212,35.421032
32.0449,31.931293
29.0155,28.527435
21.3502,21.04227
12.2161,12.84906
5.2393,5.220526
4.0,4.004494
4.0,4.003478
4.0,4.004889
4.0,3.9976382
4.0,3.9856153
4.0,4.0023723
4.0,3.998902
4.0,3.9796503
4.0,3.9745665
4.0,3.9984255
4.0,4.000621
4.0,3.999747
4.7344,4.7993975
11.0686,11.043987
18.09717117026877,18.02382
26.34682495526385,26.495056
33.30827229801382,33.374317
37.15775599033331,37.45805
37.5698902630784,37.539185
34.97587797511376,35.16449
30.1171,30.195116
21.8551,21.801971
12.5374,12.384457
5.3311,5.2599463
3.480400784886565,3.4099944
2.849559293871775,2.9833677
2.9607214148686074,2.8829205
3.70279365079365,3.5542738
2.638621432064851,2.5233822
3.0080718478067587,2.9016798
3.536892634069199,3.4991245
3.661418448158132,3.5883772
3.308857662710573,3.2614198
3.565910148430304,3.5053995
4.0,3.963811
4.0,3.9866893
4.7803,4.8390546
10.82577621333134,10.956857
17.893555418160254,17.684294
25.6852596723353,26.04343
32.31362598382973,32.524918
36.7643597990572,37.04375
39.31258534150218,39.4048
36.4513,36.457047
30.5302,30.993044
22.1764,22.033098
12.7669,12.691807
5.377,5.352133
4.0,4.0126185
3.2625676953774385,3.2586188
2.816482486741089,2.6825583
1.9968122778986817,1.9475995
2.9594784995536325,2.83276
3.080814714431958,2.9545217
3.3088585598534017,3.211463
1.1210759008184217,1.1676333
2.645806110071036,2.6252766
2.9793825917315733,3.0160482
4.0,3.9577396
1.0588885949600089,1.2011441
4.530331323415295,4.6105895
11.2522,11.2564
18.192119768729512,18.054302
24.872285206052457,24.991833
30.858642263306784,31.377007
34.60657466212161,34.938362
35.47023583563313,36.01046
30.062147208283456,30.40755
18.79478004084928,19.059742
17.136853586305257,17.211065
10.022305344217166,10.70107
2.4980759008184217,2.5179431
1.1862217593651367,1.1570452
2.2465660081759053,2.1163905
1.3478152636920695,1.3523175
0.4185364611975199,0.4295452
4.0,3.9775238
4.0,4.013909
4.0,3.9882185
4.0,3.9910493
1.673472358172183,1.8148683
2.6890532801479896,2.8509305
0.4741358145319058,0.36376145
1.027774282469694,1.0851045
1.0242372286857968,0.9160727
7.224312355662818,7.2030754
16.393,15.830588
24.770332846822345,24.898672
32.00519199795191,32.49926
35.95115470556965,36.201412
35.06365086196482,35.338943
31.210987179004643,31.217875
23.75610393710002,23.976542
19.024478499553634,19.149427
11.6653,11.907519
2.077918461367765,2.1402802
0.0566670086147929,-0.051978692
0.0829904782791986,0.046109203
0.440259571306742,0.39493185
2.11047106545312,2.1229014
4.0,3.9900138
3.5645903264256025,3.5455837
0.6960844759950721,0.78353924
0.07093021971607,0.047876097
0.909679302876153,0.9104903
1.189926882625329,1.1009799
4.0,3.9830923
1.7599197687295085,1.8685675
0.4131,0.26415682
5.0557,5.0719743
7.258900000000001,7.4618306
4.4523,5.1943083
4.8654,5.309073
13.5472,12.445533
23.0485,21.687315
27.9598,27.801765
15.3373,15.282125
7.7638,8.257751
7.1212,6.937196
4.5967,4.5692782
4.0,4.0006313
4.0,3.9661222
4.0,4.0027857
4.0,4.002849
4.0,3.8602037
4.0,3.8950174
4.0,3.9850526
4.0,4.0131154
4.0,3.9742682
4.0,4.0045533
4.0,3.888073
4.0,4.0027003
4.2754,4.1976438
5.1934000000000005,5.0442367
7.6261,8.209265
10.426,10.637282
19.0552,18.027586
16.4848,16.169897
23.5075,23.384884
26.9041,27.454613
29.4745,28.85759
21.0748,20.264091
10.566213475919849,10.420463
5.1934000000000005,5.2389135
4.0,3.977729
4.0,3.9775755
4.0,3.8729029
4.0,3.9999065
4.0,4.006184
4.0,3.970822
4.0,3.9868703
4.0,4.010554
4.0,4.0082064
4.0,3.9632041
4.0,3.9949555
0.0,0.017351063
0.5508,0.6278956
10.3342,10.211352
15.7963,15.641312
17.448700000000002,16.992653
22.218591549718923,21.827595
30.705879870159844,29.857914
32.34692654725836,31.915018
29.780050333261464,30.347603
23.64757462830472,23.528654
15.151045838435945,15.34954
8.305874662121612,8.228977
4.777658559853402,4.826507
4.0,3.9699147
4.0,3.9789891
4.0,3.999499
4.0,4.0020785
4.0,4.006348
4.0,4.0036745
4.0,4.004235
4.0,3.996636
4.0,4.0029783
4.0,4.0074463
4.0,4.002058
4.0,4.011887
5.1475,5.2799354
11.960730406183432,11.9111805
20.01920916410369,19.297132
28.69295324689227,26.94109
37.3693,36.238384
40.9495,40.773037
41.179,40.883915
38.0119,37.62579
31.9072,31.532661
23.4616,23.228252
13.7308,13.543535
5.7442,5.752944
4.0,3.994594
4.0,4.0053616
4.0,3.9753416
4.0,3.9784584
4.0,3.9796495
4.0,3.9737058
4.0,3.977718
4.0,3.972254
4.0,3.9994812
4.0,3.9978452
4.0,3.9951568
4.0,3.9808512
5.2393,5.103932
9.993338222478366,10.835669
18.0387,17.925245
26.5302,26.46857
32.87347462830472,33.11759
36.42377101595247,37.004654
37.22082882196561,37.422356
35.755846697520305,35.47783
25.370991088399386,25.94554
19.48437656126011,19.64059
12.5374,12.835918
5.5147,5.4795184
4.0,3.9959438
4.0,4.0008297
4.0,3.997277
4.0,4.000099
4.0,3.999758
4.0,3.9955206
4.0,4.000044
4.0,3.999312
2.219353586305256,2.3114529
1.574232278996318,1.5954697
4.0,3.9894147
4.0,4.0066385
5.3311,5.322359
12.7669,12.431934
22.2682,22.313332
31.0351,31.116617
37.2775,36.99827
39.6184,39.568188
35.3497,36.008614
32.1826,33.100533
26.9959,26.88697
20.983,20.827202
8.8587,9.618522
1.7442,1.4521877
0.0,0.09620081
0.0,0.0121386405
0.0,0.011591112
0.0,-0.026929572
0.0,-0.029055385
0.0,-0.039596826
0.0,0.012407063
0.0,-0.009212445
0.0,-0.002343128
0.0,-0.006738344
0.0,-0.014689028
0.0,-0.007741676
1.4229,1.4213879
9.2259,9.119616
19.1862,19.491325
27.999,27.984009
34.6086,34.407417
38.1429,38.385033
38.3724,38.4195
35.1594,35.106094
28.8711,27.965597
20.1501,20.336401
10.1898,10.587898
1.9278,1.5898085
0.0,0.06420788
0.0,-0.007485884
0.0,-0.010445961
0.0,-0.010445961
0.0,-0.0106980335
0.0,-0.012499636
0.0,-0.008126726
0.0,0.016950212
0.0,-0.00495279
0.0,-0.006970348
0.0,0.032147694
0.0,0.021541068
1.4688,1.8019205
9.2718,9.152132
23.2321,22.430086
32.0449,31.89321
38.5627,38.508133
42.1429,42.225815
42.3724,42.629696
39.1594,39.146107
32.825199999999995,32.757755
24.1042,24.06347
14.2816,14.379447
4.061942675779915,3.9273353
0.7628957521034448,0.9419853
0.9362000261360104,0.8686486
0.440259571306742,0.39474574
0.597957890341534,0.6170695
2.004472298013817,1.9875219
3.1693597241731863,3.052697
2.7349481811669474,2.7178543
4.0,3.9269695
4.0,4.0118513
1.6518224279502218,1.736858
0.0247726845145899,0.05277415
3.3760964153788016,3.339062
5.5606,5.4992733
13.4554,12.931728
21.6792314272083,21.215382
28.92228020814529,28.701023
35.56842882196561,36.019855
39.1546353818975,38.893368
39.96891419195089,40.401924
38.4709,38.817215
32.1826,32.378178
23.6452,23.566591
13.9603,14.025948
5.9278,6.044554
3.70279365079365,3.633128
4.0,3.9817839
4.0,4.008486
3.5013863886312406,3.4294941
4.0,4.025537
4.0,4.008178
4.0,4.011141
4.0,4.000987
4.0,3.989837
4.0,4.001133
4.0,4.00924
4.0,4.009725
5.6524,5.564802
13.639,13.225254
23.5075,23.57757
32.2744,32.342422
38.7922,38.72519
42.3265,42.255928
42.3265,42.405174
38.9758,38.995953
32.6416,32.821846
23.9206,23.904303
14.1898,14.366974
6.0196000000000005,6.0805125
4.0,4.015819
0.8850858384468382,0.84404624
0.4734372286857969,0.3860373
0.4931141363393705,0.4079564
0.966427187599086,0.98228174
0.0,-0.0020633016
0.0,-0.006435167
0.0,0.0029265198
0.3944824952106849,0.37961724
0.6921671999068254,0.632045
4.0,3.9785826
4.0,4.0001173
5.6983,5.578312
13.4554,13.207142
21.904769679551887,22.16065
31.7695,31.649918
37.65098638863124,37.87859
40.20623227065637,40.606712
40.55427184780676,40.90151
37.04529051912424,37.5663
31.261391903044707,31.560778
23.5534,23.385538
13.9603,13.979237
6.0196000000000005,6.028601
4.0,3.9940536
4.0,4.003035
4.0,4.0011053
4.0,4.0070806
4.0,4.007978
4.0,4.004584
4.0,4.001067
4.0,3.9845989
4.0,3.9847062
4.0,4.010668
4.0,4.010485
4.0,4.004278
5.6983,5.655161
13.3177,13.237491
22.7731,23.129719
31.2187,31.106773
37.5529,37.616272
39.8938,40.535965
40.9954,41.4661
37.8742,38.128704
31.7695,31.880335
23.4616,23.379604
12.8128,13.179012
5.716667458612626,5.85754
2.245430897101483,2.2970686
2.6314425139886737,2.5568395
4.0,3.9821477
4.0,3.966764
4.0,3.9993758
4.0,3.9960861
4.0,3.9928
3.7792666291951815,3.9078686
4.0,3.9828827
3.831885341502179,3.8934255
0.9908240274511052,1.128427
0.1894122813815122,0.1401213
2.031414176420862,2.1869872
10.91496737791876,11.116693
19.239051951051948,19.363018
27.612253125462395,27.255604
33.6906,34.144703
37.0872,37.463932
35.44022577450624,35.77581
28.152990367140173,28.388052
22.847735835633127,23.037727
16.343588896560014,16.496174
8.163138308720018,8.646732
5.9737,6.065472
3.3670195812495045,3.3368382
4.0,4.0413265
4.0,4.008552
3.155391088399386,3.1771498
3.02432679483005,2.8856823
4.0,3.9640067
4.0,4.0016456
4.0,4.0046983
4.0,3.9996414
4.0,4.0054555
4.0,4.006584
4.0,4.005927
5.9278,5.9980316
13.9144,13.808516
23.5075,23.563559
31.7236,31.434673
37.5529,37.852947
40.1692,40.58643
41.179,41.31607
37.8742,37.981808
31.6777,31.968145
21.7174,21.651714
13.5013,13.239417
5.8819,5.9224815
4.0,4.011992
2.96072224915434,3.0053422
2.074941969918722,1.914509
3.853541211573138,3.848779
4.0,3.9874237
4.0,3.987845
4.0,3.995746
4.0,3.983789
2.219353586305256,2.348425
0.1052657713631842,0.083518915
1.6323124647666478,1.6319821
4.0,4.011071
6.0196000000000005,6.0258756
12.975091045072,13.171008
19.77681626476097,20.18192
23.81279052355095,23.857
31.999,31.988062
37.91419149364746,38.290382
38.37782577450624,38.778645
35.58562305438841,36.46744
31.3564,31.126635
17.19244696657285,17.819242
11.2981,11.730578
4.933998295093726,5.0051746
4.0,4.0175323
4.0,4.003288
4.0,3.9940395
4.0,3.9933925
4.0,3.993535
4.0,3.9849072
4.0,3.9977999
4.0,3.9901347
3.433335289945673,3.4543552
0.9908240274511052,1.1525502
1.1283584476155977,1.1123612
0.6182784225091529,0.64506525
4.0931757424315744,4.166846
11.932459799057202,12.067066
20.58604133166704,20.612585
29.81738919578379,29.722115
36.37047971538263,35.68844
38.84921111453771,39.06478
38.61668817926012,38.681084
34.86972482535693,34.738625
30.4384,30.494549
18.7339,18.514082
12.4456,12.309643
4.8424293057993895,5.1748223
1.7820124612325845,1.8572613
4.0,3.9444652
4.0,3.9646695
4.0,3.8840096
4.0,3.9869258
4.0,3.965651
4.0,4.0014906
4.0,3.9707773
4.0,4.005707
4.0,4.0082154
4.0,4.007777
0.0,0.0037556607
2.2032,2.100183
14.3734,14.644921
23.8747,23.64238
31.3105,31.155252
35.854600000000005,35.897984
38.1955,38.71704
38.4709,38.840782
35.9464,35.803505
27.07814758272448,27.777367
18.8257,18.575893
11.103850861964816,11.649204
4.3240419699187225,4.206969
4.0,3.9364758
4.0,3.8668504
4.0,3.8794975
4.0,4.004278
4.0,3.9652164
4.0,3.9793997
4.0,4.008791
4.0,3.969413
4.0,4.001007
4.0,4.0020385
4.0,3.9814422
4.0,3.9800713
6.3409,6.477157
12.490253246892271,12.569671
21.197712461232584,21.338017
29.27022744502751,28.739904
35.51407315228651,35.240356
38.40903765079366,38.700474
38.84528914061451,39.33538
33.4678,33.95799
31.4023,30.751753
23.8747,23.500734
14.7865,14.7010355
6.3868,6.422404
4.0,3.9474585
4.0,4.002091
4.0,3.9993823
4.0,4.000534
4.0,3.9991438
4.0,3.9988616
4.0,4.002837
4.0,4.0041914
4.0,4.0053797
4.0,4.0037594
4.0,3.975536
1.3324197803211,1.4498016
6.4786,6.172742
12.503541153319292,12.480421
22.38027061512431,22.414104
32.89876199167801,32.830772
38.1037,38.531578
39.1594,39.478226
39.6643,39.951614
38.1955,38.265705
31.4482,31.117914
24.1042,23.989836
14.6488,14.649158
6.4786,6.3905587
4.0,3.9608314
4.0,3.9986129
4.0,3.9995987
4.0,3.9967716
4.0,3.9970043
4.0,3.988197
4.0,4.0015187
4.0,4.004105
4.0,4.0010543
4.0,4.0067096
4.0,4.0081606
4.0,4.010138
6.7081,6.72496
13.646828237062836,14.104946
24.413726794830048,24.514118
34.1104,33.969425
40.3069,40.453938
43.5199,43.48421
43.474,43.448483
40.0774,40.259365
33.6973,33.593395
25.0222,25.03959
15.1537,15.108895
6.570399999999999,6.5541615
4.0,3.9356296
4.0,3.9973607
4.0,3.9967735
4.0,3.996426
4.0,3.959647
4.0,3.9986973
4.0,3.9964602
4.0,4.00687
4.0,3.9809706
2.355331427208302,2.3697062
1.4690249552638497,1.462384
0.8158683428021262,0.7948765
6.524108264264243,6.5611796
15.475,15.12071
22.66174790766592,22.85794
31.72765122599224,31.679674
39.13728212103524,39.288074
43.7035,43.656464
43.6117,43.69681
40.0315,40.223206
31.7695,31.836933
23.5075,23.45075
14.6029,14.636056
6.5245,6.455612
4.0,4.006844
4.0,3.9936795
1.6077757231312906,1.6547983
0.3223289000929629,0.3144714
1.048188063029524,1.0756899
4.0,3.7671595
4.0,4.023498
4.0,3.9992652
4.0,3.98887
4.0,4.0013103
4.0,4.0111747
0.6243386332574687,0.8638481
2.9763549383841266,3.2420259
11.58919745820726,11.867736
21.3435,21.20843
30.42706409943036,30.181593
37.95828717900465,38.364525
43.5199,43.75963
41.8675,41.854755
37.048,37.31747
30.7597,30.942024
23.6911,23.68893
14.6488,14.713576
6.6622,6.630744
3.1110796619542227,3.0851028
4.0,3.973826
4.0,4.009979
4.0,4.00051
4.0,4.0106854
4.0,4.000602
4.0,3.9995883
4.0,3.9989326
4.0,3.998324
4.0,3.9989855
4.0,4.0005884
4.0,4.01697
6.983499999999999,6.9672694
14.31802241403399,14.730516
23.29437364860608,23.538502
32.9764510954911,33.24576
40.4446,40.550068
43.7035,43.777763
41.2708,41.687912
37.2316,37.613743
33.0547,32.768707
25.0681,24.840504
15.1996,15.040356
6.754,6.634743
4.0,3.9766707
4.0,3.9305596
4.0,4.0002985
4.0,4.0012207
4.0,4.0000997
4.0,4.0001965
4.0,3.9733987
4.0,3.9828153
4.0,3.9991205
4.0,4.0007124
4.0,4.0028734
4.0,4.006258
7.1212,6.9968495
15.7504,15.950419
23.65804992233072,23.820095
33.09254214882876,33.19356
40.0774,40.34685
41.6839,41.383877
39.5266,39.613754
35.8087,36.50339
30.7597,30.911568
23.1862,23.073828
13.9603,14.025203
6.754,6.6374016
4.0,3.938915
3.70279365079365,3.6850388
1.589451086665747,1.5851386
4.0,3.932716
4.0,3.9682548
4.0,3.9859076
1.5530046150026464,1.7179763
0.7725926440808645,0.72938424
0.6129903671401725,0.6067743
1.2799267803826408,1.2946924
2.100459586728172,2.0486357
1.0490785643333649,1.0936091
4.956622427950222,4.937054
13.382746966572848,13.177011
22.56617119229065,22.23413
32.66481565871796,32.56778
39.61489154731088,40.145485
42.625799775088375,42.82708
41.60647235817218,42.362278
38.167072081422646,38.477707
33.04010420305119,32.97968
25.4353,25.369366
15.5668,15.436317
6.8458000000000006,6.8283134
4.0,4.030339
4.0,4.000013
1.2770829900472676,1.3137858
3.45814932385624,3.4655814
1.454185338237759,1.3682294
0.6688053063360259,0.66155887
1.0939007447311933,1.072616
0.7572568938630821,0.7230795
0.0168602110872563,0.018811913
0.0,-0.010769943
0.2573587018296622,0.21960017
4.0,3.9779708
7.396599999999999,7.3395586
16.2553,16.048521
24.4791314272083,24.33566
34.7071,34.777714
40.2124585598534,40.673275
41.97956998769575,42.762516
41.086045007861095,42.257225
37.55750124305968,37.255775
31.177481811024432,31.702072
23.04912641987534,23.183374
13.06140393710002,13.427619
3.68067380974426,3.92795
2.8054840553241265,2.772838
3.304992455100271,3.234184
4.0,3.9989817
4.0,4.0024605
4.0,4.0006433
4.0,3.9929557
4.0,4.002816
4.0,4.0041313
4.0,4.0055137
4.0,3.9979522
4.0,4.0075917
4.0,4.0066614
7.4884,7.4201384
16.347099999999998,15.69234
22.972427281234285,22.716839
31.75872882196561,31.826796
37.59341993603391,37.464394
40.48679168686175,41.229397
40.27586337179226,41.216057
37.58547856433336,37.464947
34.1104,33.964527
25.4812,25.665026
14.240692354955137,14.751468
6.9376,6.9348564
4.0,4.009912
4.0,4.0003023
4.0,3.9923093
4.0,3.9965854
4.0,3.974157
3.9010534033084414,3.963246
3.2331058300038764,3.2243786
4.0,3.943202
2.509199026059979,2.4002724
0.8315588098717411,0.86586845
0.6182784225091529,0.6003964
0.0558179532539574,0.009255662
4.036572837922999,4.2824755
15.042352101782829,14.898508
23.268287139679984,22.964596
33.00117106545312,33.07151
39.11956447849012,40.238117
41.159243995359546,41.97722
40.895678142128816,41.381622
38.70490553662155,39.321304
34.294,34.32864
25.5271,25.458567
15.6127,15.895538
3.380597439741979,3.8194067
3.094674251819219,3.1461432
3.4124860497405867,3.3289354
4.0,4.0148344
4.0,3.9992867
4.0,3.9899766
4.0,3.9812999
3.963786588690189,3.9621296
4.0,3.977533
2.812815377098137,2.7002988
4.0,3.946744
4.0,4.006561
4.0459,4.041603
7.672000000000001,7.800679
16.5307,16.126945
25.710501463454296,25.834148
34.6612,34.67638
40.8118,40.948498
44.0707,44.405933
43.8871,44.228107
40.4446,40.336956
33.8809,33.88064
22.955360250598048,23.208536
11.78497173490795,12.266418
4.911483940423148,4.979151
4.0,4.0172987
4.0,3.9897566
4.0,3.9709516
2.401623310268449,2.3931441
0.472738958611032,0.45389673
4.0,3.9458663
4.0,4.0145245
4.0,3.9491787
0.0,-0.04707753
0.0,-0.024676055
4.0,3.986781
4.0459,4.0092325
7.9933,8.137677
17.2192,17.281559
27.2713,26.993357
35.9923,35.687355
42.3724,42.309616
45.8149,45.589943
45.8608,45.572533
42.3265,41.934002
35.671,35.391735
26.6287,26.84826
16.393,16.006178
7.213,7.22731
0.0,-0.02356895
0.0,-0.02240423
0.0,0.001038853
0.0,-0.0040925
0.0,0.032022
0.0,0.019467697
0.0,0.0112044895
0.0,0.012893906
0.0,-0.030701045
0.0,-0.035687
0.0,0.018722542
0.0918,0.026844064
4.2228,4.2030134
17.586399999999998,17.449162
27.409,27.000002
35.3956,34.995975
41.2249,41.51065
41.179,41.681202
41.4085,41.704693
36.0841,35.75958
31.7695,31.444551
21.0289,21.054636
12.7669,12.493875
6.7999,6.724137
4.0,4.0173173
0.0,0.0005048627
0.0,-0.028922984
0.0,-0.03595928
4.0,4.0211673
4.0,3.9813693
4.0,3.9859757
4.0,4.031693
4.0,3.9639683
4.0,4.019367
4.0,3.9967904
4.0918,4.0258565
4.3146,4.5360184
17.8159,17.852386
27.9598,27.448109
36.6349,36.58527
42.8314,42.604843
45.8608,45.2526
44.392,44.149776
42.0511,41.98901
34.615300000000005,34.41588
26.032,25.83045
16.2553,16.440649
7.3048,7.379628
4.0,3.9712565
4.0,4.0109196
4.0,4.008504
4.0,4.006266
4.0,4.001361
4.0,3.9990613
4.0,4.0006127
4.0,4.0033236
4.0,3.9970298
4.0,3.9842968
4.0,4.000039
4.0918,4.064256
8.452300000000001,8.413095
17.9536,17.964891
26.38389441329416,26.539948
36.6808,36.612022
42.9232,43.19264
46.0444,45.803524
45.6772,45.65722
41.9134,41.570026
35.303799999999995,34.984394
26.3533,25.975368
16.2553,16.057997
7.3048,7.2456775
4.0,4.0133805
4.0,3.9950488
4.0,3.9986148
0.0,-0.028589984
4.0,4.0321884
4.0,4.0004683
4.0,3.994426
4.0,4.005198
4.0,3.9965997
4.0,3.9691253
4.0,3.9661143
4.1377,4.0584283
8.59,8.429851
17.27210288339306,17.307684
26.852304370031643,26.988632
36.9562,36.697853
43.1986,43.143646
46.2739,45.8868
45.9067,45.693714
42.1429,42.15782
35.441500000000005,35.49942
26.491,26.130651
16.4389,15.933682
7.396599999999999,7.29389
4.0,3.966723
4.0,3.99917
4.0,3.9993365
4.0,4.0023885
4.0,3.9829943
4.0,3.9821599
4.0,3.9821908
4.0,3.9653502
4.0,3.989359
1.6518224279502218,1.7347716
0.3457080867796516,0.3074888
0.4853236339435328,0.4298246
5.798332319465577,5.4827156
16.31928562404711,16.05946
24.729438842320924,24.998379
33.096643540567555,33.583347
39.78483583563313,39.576694
44.40304356898722,44.50049
45.5395,45.714725
41.8675,41.595005
35.2579,35.05955
26.3074,26.04314
16.2553,16.122322
7.396599999999999,7.3787203
4.0,4.02168
1.709754705569651,1.7305403
0.5837814952022728,0.6043085
0.2733746621216118,0.29390186
0.063948172474112,0.03226146
1.614919415113491,1.5469702
0.5245076565079808,0.544625
0.0,0.0012799347
3.783305846809105,3.7232132
4.0,4.0077186
4.0,4.007209
1.57891421396086,1.4663287
7.485690519124234,7.10461
18.0454,17.463015
25.26670618340559,24.746346
33.80123126643823,33.88267
39.12373722349588,39.04111
42.06307910655871,42.272392
35.62696103175723,35.652855
37.51177599705067,37.672676
30.19145277705404,30.676373
19.14048394042315,19.105686
6.951539575214717,7.740315
6.5245,6.505348
4.0,3.9704506
4.0,4.010621
4.0,4.007518
4.0,4.004629
3.8847420330972247,3.972594
4.0,3.963947
2.9198004606883283,3.0172718
3.8847420330972247,3.880018
0.424613789321991,0.47942767
0.0,-0.010838323
0.0,-0.014176587
0.6465935127496797,0.57527286
7.170581587416145,6.9852023
17.999499999999998,17.501944
24.736247499265417,24.238796
33.145080458545294,33.342743
39.95575775300574,40.861496
43.90445198875572,44.126446
45.0346,44.782192
41.4544,41.440125
34.890699999999995,34.673347
26.0779,25.596457
16.1635,16.172407
7.396599999999999,7.27465
4.0459,4.003315
4.0,3.953442
4.0,3.9949875
4.0,4.00417
4.0,3.9382598
4.0,4.0075226
4.0,3.9712663
4.0,3.9768913
4.0,3.9758778
4.0,3.9799485
4.0,3.9722753
4.1836,4.1598644
8.9572,8.890318
18.229,18.344357
27.96324007869588,28.078075
36.5431,36.39061
42.6478,42.548748
45.6313,45.70395
45.2641,45.652115
41.638,41.587658
35.0743,35.05085
26.2615,25.699713
16.3012,16.016895
7.5343,7.290458
4.0459,3.9985135
4.0,3.9984677
4.0,3.9956226
4.0,3.9987323
4.0,4.000199
4.0,3.981361
4.0,3.9503422
2.4575591350333967,2.429328
1.75572105627943,1.8009778
4.0,4.000853
4.0,3.99979
4.2295,4.1639977
9.049,9.020827
18.3208,18.138786
25.697413130839376,25.650202
34.945378827587675,35.272484
41.13348338917088,41.24117
43.85857944860421,44.342003
43.7675591350334,43.69213
41.31408261834898,41.320618
35.028400000000005,34.899185
26.2156,25.731844
15.917414363112488,15.602921
7.5343,7.439348
4.0459,4.056386
3.95148730220295,3.952304
1.0118862440472816,1.0352216
0.2153816876769966,0.19963823
2.44003528575765,2.4404721
4.0,4.0401244
3.1604672329023584,3.2041333
2.764064747235873,2.6769671
3.449000541625794,3.388181
4.0,3.993469
4.0,3.9629118
4.2754,4.172582
9.049,9.067048
18.1831,17.746073
24.44643863325747,24.34151
32.70389183400808,32.74913
38.55581741034624,38.859196
41.35260301407416,41.68482
40.90207612405151,41.29491
37.388923633943534,37.699585
30.998079495857624,31.186295
22.01797204446921,21.992977
12.1176,12.779611
7.005533854428032,7.0416
4.0459,4.023871
4.0,3.9983768
4.0,4.0002317
4.0,3.998877
4.0,3.9842033
4.0,3.9857686
4.0,3.9988902
4.0,3.9984112
4.0,3.9956636
4.0,3.9970586
4.0,3.9970715
4.2754,4.2923527
9.1408,8.794503
18.229,18.412981
27.7762,27.586193
36.0382,35.716274
41.9134,41.625484
44.7592,44.85846
42.41614965079365,42.55199
38.27646935940222,39.37118
31.76988639142561,31.974382
23.002667827249475,23.085367
12.441312840013454,12.771625
4.593188594960009,5.0742044
4.0459,4.0676727
4.0,3.9939137
3.9010534033084414,3.942869
2.273886326675653,2.292655
2.6950768455945178,2.7833977
4.0,3.9726455
4.0,3.997505
4.0,3.9868674
4.0,3.9999971
4.0,3.9990644
4.0,4.001015
4.3213,4.356162
9.1867,9.1372385
18.1831,18.28254
27.6844,27.243752
35.854600000000005,35.631668
41.27546400466453,41.363167
41.66535533655132,42.284317
38.79011451361586,39.026974
34.425,35.28892
27.523365717308,27.427996
18.077155418160256,17.910992
14.4193,14.490644
7.258900000000001,7.2700825
4.0459,4.0402007
2.4213864880512403,2.3990228
4.0,4.0005927
4.0,3.980777
4.0,3.9810045
4.0,3.936481
3.0493902222222227,3.081931
0.668030622491439,0.6417859
3.225433692449826,3.208278
0.6250972479789494,0.67845225
0.0309653361585124,0.02375067
4.2754,4.0554233
7.3048,7.253403
14.0062,13.850834
21.758686244047283,21.857052
31.87693541277343,31.508682
37.0514726322093,37.418884
40.59520785250794,41.35866
41.8675,41.083176
25.9861,26.26005
18.917562765798507,19.692556
16.0191,16.306452
8.55568041130541,9.046103
7.0294,6.992579
1.7587763673057666,1.6434749
1.1815961307256655,1.1528242
4.0,3.9701755
0.0,0.08462997
4.0,4.0182686
4.0,3.87397
4.0,3.994887
4.0,3.9845037
4.0,3.9753997
0.0,0.0030472167
4.0,4.0421734
4.3672,4.160168
9.049,8.841999
17.9077,17.883343
27.3631,26.991339
35.7628,35.672283
41.638,41.801598
44.392,44.286434
44.1166,44.246292
40.3987,39.79476
13.028181047749692,13.853364
20.065,19.667187
12.262,11.552415
3.3966,3.2297356
2.772576109783965,2.6216476
4.0,3.922753
4.0,3.9619675
4.0,3.9642408
4.0,3.9974434
4.0,4.013624
4.0,3.9862275
4.0,4.006511
3.422904865955643,3.4435797
4.0,4.008952
4.0,3.9806333
4.4131,4.390733
7.58241232240891,7.5623884
14.785225830277662,15.05465
24.11813957521472,24.006113
32.26647987015984,32.646656
38.34682811032749,37.471684
41.253438842320925,41.2368
40.55600221151612,41.337254
35.97500325291652,36.731915
25.56456479701966,26.603731
19.50535598788439,19.432585
10.605132981008111,10.893729
3.6644046150026464,3.8043633
1.2609286729571008,1.3850836
4.0,4.0840144
4.0,3.9848971
4.0,3.9827988
4.0,4.0045333
4.0,4.004475
4.0,3.9826906
4.0,3.9970055
4.0,3.973487
4.0,3.9995658
3.5645903264256025,3.5758367
0.7379341500292147,0.94769174
6.052070497655654,6.3805757
15.080439437549844,14.712469
24.621756070560235,24.87339
33.304424027451105,33.24132
38.6989804585453,38.10558
39.401176119858,39.136852
40.382372537338135,40.98581
35.0676,35.292995
29.6973,29.697119
21.2058,21.128464
12.35479270699937,12.740217
4.708095702822275,4.976881
1.743622427950222,1.8997463
3.360541900966997,3.257174
3.837296255017306,3.9109998
4.0,3.9775505
4.0,3.9760554
4.0,4.001644
4.0,3.9990413
4.0,3.9792395
4.0,3.973824
4.0,3.9680166
4.0,3.9842737
4.459,4.4427133
9.8293,9.6325245
16.822060500396354,16.383171
26.83865210178283,26.974081
34.91705210178284,35.07372
40.6004591350334,40.889343
42.75232976965725,43.742775
41.43929786586959,41.447823
37.17436409943036,36.824776
30.583242263306783,31.06895
21.477027772882707,21.510464
12.74877765079365,12.730715
7.104534568903576,7.224226
4.0918,4.059509
4.0,4.0018597
4.0,4.0057592
4.0,3.999292
4.0,3.9301715
4.0,3.9509883
4.0,3.9386032
4.0,3.9307482
4.0,3.930797
4.0,3.980184
4.0,4.005424
4.5049,4.481833
9.8293,9.68305
18.8257,18.697685
28.1434,28.286745
36.0841,36.018723
41.6839,41.576687
42.65408638863124,42.467678
39.00425277705404,39.95651
35.374273479515004,36.08628
29.447330816822834,29.635538
19.883850764930724,20.58566
11.459958062363183,11.829769
7.5343,7.499293
4.0918,4.055709
4.0,3.9839754
3.471233854428033,3.3851774
4.0,4.0041323
4.0,3.99277
4.0,3.9997046
4.0,3.999293
4.0,4.0042486
4.0,4.0069017
4.0,4.007123
4.0,4.0080295
4.5508,4.552567
9.9211,9.8635025
17.30868255089872,17.399319
27.642220691706367,27.727842
36.1759,36.00804
40.73642141486861,40.61424
41.18614584664965,41.8879
36.69545134381817,37.258976
34.04601377688777,34.20983
28.269229637081864,28.097467
19.386660211087257,19.33303
13.5367718296381,14.102257
5.849551095491098,6.0480323
4.0918,4.070672
4.0,3.9983594
4.0,3.9864037
4.0,3.993051
4.0,3.992673
4.0,3.9932065
4.0,3.9942675
4.0,4.001057
4.0,4.001057
4.0,4.001821
4.0,4.001941
4.5508,4.5623293
10.0129,10.046136
18.9634,18.832205
28.327,28.285187
35.8087,35.60998
42.097,42.341373
44.11911347591985,43.822548
43.1068,42.72084
35.6251,36.483208
30.5302,30.68727
20.1568,20.545311
11.4358,11.432842
7.7179,7.635611
2.9438141452258004,3.0661612
4.0,3.9972773
3.164277296914132,3.1826696
4.0,3.917438
4.0,3.993666
4.0,3.9957411
4.0,4.0048347
4.0,4.003215
4.0,4.0076685
4.0,4.0078263
4.0,4.006841
4.6426,4.680642
10.2424,10.107769
19.3306,19.419916
27.895485696749976,27.748102
34.61029665118482,34.406883
38.88944147088221,39.53354
40.85275022052224,41.165676
40.23339140806204,41.295162
36.85161626476097,36.479004
30.57473780182244,31.261902
22.161829783825915,22.102425
12.786958447615598,13.503351
3.1671,3.220125
0.0918,0.16448978
0.0,0.0019346725
4.0,3.956939
4.0,3.9751697
4.0,3.9949374
4.0,3.9834936
4.0,3.9675746
4.0,3.9340205
4.0,3.9910674
4.0,3.9758317
4.0,3.957952
4.6426,4.5045276
10.2424,10.29705
19.1929,19.382671
28.4647,28.37703
36.4054,36.35372
42.0511,42.15171
44.2084,44.218704
41.6839,41.712154
36.2677,36.673527
30.0253,30.16831
21.0748,21.08589
14.0521,14.393981
3.9474,4.22106
0.1377,0.24120869
4.0,4.015351
4.0,3.853331
0.0,-0.06324862
0.0,-0.045229025
4.0,4.016632
4.0,3.8593533
4.0,3.8711028
4.0,3.8658454
4.0,3.8407443
0.0,-0.04131376
4.6885,4.692232
10.426,10.334843
19.4683,19.416552
27.6520510954911,27.601515
35.19165835523923,35.23145
40.48122951209414,40.991688
35.94984353123549,36.80621
37.4965718296381,38.27064
35.25333047345049,35.56953
30.111852864509125,30.127403
19.0485,19.819761
15.5668,15.364649
7.9474,8.091549
1.1965888965600122,1.1328115
4.0,4.0278263
4.0,4.013419
4.0,4.0080285
4.0,4.0055437
1.7820124612325845,1.8884172
2.6470041469040395,2.5709224
4.0,3.9845786
4.0,3.9992824
4.0,3.9940348
2.638621432064851,2.5814102
0.7344,0.6630526
7.789936618337055,8.064852
16.497159570083518,16.68323
25.416026547258355,25.800726
33.91960702717605,33.98691
40.54962076218262,41.181175
44.53480109807962,43.967678
45.8608,44.51442
41.9134,41.285954
34.5235,34.13119
25.4353,24.852486
16.73711455464436,16.759354
8.131,8.083118
4.1377,4.1802773
4.0,3.8056417
4.0,3.9916773
4.0,3.915924
4.0,3.9841697
4.0,4.0007005
4.0,4.0036535
4.0,3.9943616
4.0,3.9995534
4.0,3.9996376
4.0,4.007324
4.8262,4.966573
10.9768,10.581111
20.524,20.511713
30.3466,29.873556
38.7463,38.341972
44.6674,44.095432
47.5591,45.18017
46.9624,44.9171
43.0609,42.970295
36.13,35.714523
27.0877,27.4892
17.173299999999998,16.939749
8.4064,8.449496
4.1377,4.1311126
4.0,3.9807673
4.0,3.9647048
4.0,3.922737
4.0,3.9992826
4.0,4.0004163
4.0,4.001579
4.0,3.9992042
4.0,3.9989522
4.0,3.9971008
4.0,3.9995174
4.8721,4.990903
11.1145,11.0149975
20.6158,20.593246
30.3007,29.913149
38.5168,38.257904
44.3461,44.135555
47.1001,45.164448
46.5493,44.964798
42.6937,42.502003
35.9464,35.5955
27.0877,27.629894
17.2192,16.856243
8.4064,8.366027
4.1836,4.16418
4.0,3.9819605
4.0,3.9851382
4.0,4.00959
4.0,3.996794
4.0,4.0044208
4.0,4.000986
4.0,3.956672
4.0,3.9758272
4.0,3.9985335
4.0,4.0012302
4.918,5.0275407
11.1604,10.962029
20.6158,20.501081
28.40115958672817,28.491875
35.35598583844684,35.742756
41.20773583563313,41.432655
44.86588340572321,43.712456
46.3198,44.92764
42.4642,42.070812
35.7628,35.121483
26.95,26.659842
17.173299999999998,16.844172
8.3605,8.421409
1.5323797153826244,1.4736484
0.0,-0.0019551502
1.687955273731112,1.7427496
0.2427627816344821,0.26687583
4.0,3.9925635
4.0,3.9737735
4.0,3.9987838
0.0,0.047966164
0.280576124051517,0.30403838
0.4678588255476541,0.4013826
4.0,3.9751217
4.918,5.079803
11.1145,10.963181
20.524,20.607897
27.04045880987174,26.905321
35.564800744731194,35.678318
41.30230074473119,41.491676
46.16881040970859,44.31618
46.1362,44.953796
42.4642,42.38061
35.3956,34.9756
24.5632,23.946066
16.8061,16.852139
8.3605,8.348241
4.1836,4.147671
1.4978487777614986,1.6021317
0.8043664071201264,0.76089734
0.9028742129636474,0.9037644
4.0,3.9448624
4.0,4.008587
4.0,4.003071
4.0,4.0026107
4.0,4.0079064
4.0,4.013656
2.2284131109305103,2.3055775
1.8898058037354373,1.9460983
9.199415166902307,9.167475
19.688209314590228,19.262125
26.61084515356329,26.530794
34.40673863325747,34.214645
39.23539515786382,39.449486
43.97300437003164,43.497242
43.7953,43.585236
23.7303,24.357704
24.3796,23.986279
22.9108,22.161861
12.6684,12.564991
4.0851,3.9506798
4.1836,4.0871015
4.0,4.0344315
4.0,4.020801
4.0,4.007355
4.0,4.000869
4.0,4.003542
4.0,4.001289
4.0,4.006026
4.0,3.9961715
4.0,3.997662
4.0,4.0039444
0.8879460142833788,1.1135705
7.310251305477166,7.389615
16.813573938144057,16.990435
25.444062076235387,25.7137
32.73058622222222,32.903805
38.82943831673654,38.74037
39.93589063940363,40.187664
41.14796249284998,41.287518
37.003819978542005,37.609074
29.558051699171,30.246859
22.10867421296365,22.154528
16.0258,15.93851
5.933251305477166,5.784303
0.1836,0.17994075
0.2474088623959739,0.17874615
4.0,4.010651
4.0,4.0191264
3.263850563473437,3.2882483
2.1138128401327942,2.1434886
4.0,3.9341125
1.969533316978044,1.9808925
3.989794967592448,3.992266
2.3738133930026084,2.381674
0.163778511296237,0.15558547
5.0557,5.000414
11.1604,10.830067
20.2486,20.365753
29.5663,29.572437
36.50421764467816,36.682034
41.12425598788439,41.394203
42.44492445678655,42.25138
39.029437228685794,39.078568
37.0872,37.35912
30.354756354576857,30.835697
21.8092,21.122347
13.5931,12.035803
4.3146,4.246174
4.2295,4.0510564
4.0,3.845357
4.0,3.9257064
0.0,-0.03607785
4.0,4.021331
4.0,3.9534647
4.0,3.971456
0.0,-0.06935087
0.0,-0.008518206
0.0,0.0062120934
4.0,4.0312204
5.0557,4.9928193
11.0227,10.995627
19.8814,19.915115
28.9696,29.034487
36.6808,36.682438
42.097,42.135185
44.5756,44.287968
43.9789,44.100903
38.13017825506788,38.733673
29.93536103175723,30.482264
19.432713656991133,20.03144
13.868609164103695,14.184368
4.742835814531905,4.942018
4.2295,4.214598
4.0,3.9408007
4.0,3.9743764
4.0,3.979645
4.0,4.0006433
4.0,3.9937553
4.0,4.001626
4.0,4.00785
4.0,4.010717
4.0,3.9393406
4.0,3.9502401
5.1016,5.1784525
11.0227,11.029284
19.6978,19.441563
28.6483,28.645573
36.2218,36.021843
41.4544,41.47022
39.93619193245375,40.24805
38.60398731025446,39.643486
34.870943995359546,35.504547
22.18693375268196,22.988075
16.209400000000002,15.873185
13.6849,13.091414
7.8556,7.835196
4.2295,4.1442547
4.0,3.977505
4.0,3.9938936
4.0,3.9870956
4.0,3.9268909
4.0,3.9325585
4.0,3.9790988
4.0,3.9689229
4.0,3.9741943
4.0,3.9753516
4.0,3.9471948
5.1016,5.1707854
11.0227,11.05555
19.6978,19.428713
28.6024,28.712795
36.2218,36.020496
39.7561,39.960873
38.20777512327047,38.68161
33.52643039548571,33.348545
33.8283,34.46508
11.801533312027573,13.415351
19.03425475902037,18.569054
16.0717,16.176056
6.402421432064851,6.3530707
4.1377,4.1649427
4.0,4.016414
4.0,3.9578583
0.0,-0.0012602755
0.0,-0.047866166
0.0,0.0014299429
4.0,4.0367956
4.0,3.8607879
4.0,3.9434068
4.0,3.888375
4.0,3.8563232
2.8247591350333967,2.6425586
2.067377120074104,2.4707546
5.6983,5.8092747
5.2393,5.226388
10.5178,10.152914
21.9928,20.53652
30.0712,29.759155
31.9072,31.021212
34.4317,33.667896
31.47023385442803,31.587414
20.74893047345049,20.76627
13.757921822505818,13.735018
5.235788594960009,5.3718233
0.5362935685079426,0.67568374
0.7000087347786771,0.69115716
1.4779507649307244,1.5553175
0.9908240274511052,1.0696127
0.7572568938630821,0.73855966
0.5331690776078049,0.52235526
3.398174700162096,3.358655
4.0,4.0277567
4.0,4.0054917
1.5996228378064292,1.6788466
0.5252281103274999,0.5295572
1.4951236339435328,1.2829344
8.8195,8.35867
16.832243995359544,15.79826
25.3435,23.81178
31.93722443036915,31.319351
29.220163606917435,29.750065
35.79417958427973,35.385128
39.15796665678918,39.758144
31.527912930138275,32.08493
14.614916823643483,16.04508
19.645383940423148,19.106949
11.490135814531904,11.328552
7.0294,6.852729
4.2295,4.0574274
4.0,4.030293
2.259074344447036,2.3061163
1.864846222222222,1.8449998
4.0,4.000986
4.0,4.0165815
3.109815695029681,3.0999832
2.2773090947489245,2.2674034
4.0,3.9950075
4.0,4.0033135
4.0,4.0147867
1.4567649018446744,1.6180027
6.6827824952106845,6.487932
15.2808824906984,15.370741
24.91582978382592,24.640625
31.643988070476105,31.79512
36.5823,36.97875
33.120750952395824,33.699577
31.6318,31.18739
21.573,21.94717
15.483925650793651,15.025727
16.572891686861755,16.92227
11.949605454599885,11.497468
7.8556,7.85639
2.498149922330721,2.486687
1.1530454624897075,1.1895895
0.0,0.06387881
0.9327647833529042,0.9427939
2.772576109783965,2.825853
4.0,3.966497
4.0,4.011324
4.0,4.0123377
4.0,3.9985049
4.0,4.002106
4.0,4.003725
5.1016,5.029052
10.9309,10.52531
17.9077,18.032888
25.9861,25.547419
32.7793,32.597786
36.4972,35.857796
37.33624992233072,36.87901
32.3224595539706,32.020054
29.9589419593548,30.062115
26.8582,27.703897
20.983,21.260307
12.2161,12.602378
7.7638,7.689728
4.2754,4.1782856
4.0,4.0116973
4.0,3.9943604
4.0,4.0036764
4.0,4.012139
4.0,4.000537
4.0,4.004817
3.9665218231268295,3.975624
3.5000738801926587,3.4226475
4.0,4.027854
4.0,4.0081673
4.552901146896051,4.418327
8.696071719496661,8.467071
16.197426780382642,16.600925
26.73567933361076,26.838858
33.07242624520042,33.246067
35.93571451791522,35.605446
39.825590326425605,40.1446
37.04760826426424,36.15621
33.1133445821505,33.43495
12.0717,13.312546
17.400182618348985,17.535774
14.6029,14.532669
8.039200000000001,8.138449
4.2754,4.2020807
4.0,4.00636
4.0,4.0109735
4.0,4.0041423
4.0,4.0043807
4.0,4.005716
4.0,4.0079093
4.0,4.004585
4.0,4.0065265
4.0,4.0008616
4.0,4.0049396
5.1475,5.1066732
10.1047,10.051291
17.56049467129753,17.944805
22.240018614534563,22.086037
31.8613,31.525059
34.1104,33.427467
38.425,37.67001
38.0578,37.26173
35.2579,35.75564
29.5204,29.961618
22.0387,21.437683
13.18,13.03958
4.564484655468031,4.184473
1.2267244567865574,1.30069
3.407278947553471,3.2954571
4.0,4.027844
2.384230236665558,2.4085646
2.5528948603737454,2.3368335
1.8841329810081104,1.8231821
1.9826123224089096,1.8249516
2.6230757408889462,2.604584
3.612234560017472,3.551854
4.0,3.9690628
4.0,3.9865148
2.0439006596845104,2.247809
8.2228,8.319158
14.4652,14.7069845
27.6385,26.914297
34.064499999999995,34.232403
39.8479,39.62169
35.4874,35.214428
37.0939,36.084045
27.937799775088376,27.808315
23.90693804783384,23.605223
16.782765717307996,16.685722
9.792317539649977,9.830857
4.175351699170999,4.4158807
1.4801818110244316,1.5118215
3.458150247284735,3.445807
3.552711285768776,3.5630114
4.0,4.0235615
4.0,4.0049005
4.0,3.9903915
4.0,3.9853687
4.0,4.012695
4.0,4.0100822
3.4961364277864053,3.4218514
3.391676082843246,3.3343935
4.618574742829354,4.646267
9.01598419367564,9.018594
14.763356677678145,14.695689
23.607353679468527,23.25818
31.378349409042617,31.962511
37.9114251312083,38.715736
40.34071935014957,41.06007
39.29920495058784,40.18935
35.88015835523923,36.715
29.32732241403399,29.9527
18.1831,18.825268
10.55383981334777,10.711072
5.185266078457197,5.4724545
3.7402960610768616,3.7720232
3.3760964153788016,3.3619213
0.999583189144132,1.0602987
1.2951288177883835,1.2715577
0.2266865116991453,0.23791523
0.0,-0.002082315
0.6937333120275725,0.6397033
0.7015801192828457,0.69506204
2.3865466975203016,2.294725
4.0,3.973629
2.6314425139886737,2.5758624
3.373812277898682,3.2983403
7.672992706999372,7.493212
15.5103824906984,15.653267
23.91851451361586,23.72576
31.340772316889563,31.201775
36.06673884232093,35.836967
37.65185738553719,37.642807
18.08410702717604,19.139008
16.2027,16.515615
22.36413928554533,21.546457
23.4616,22.608845
14.1439,14.202931
4.911117410346232,4.798098
4.3213,4.189018
1.8275271663891168,1.8902835
0.7758332580427704,0.73330784
0.163778511296237,0.15388852
0.2266865466705752,0.20585817
0.2341145136158613,0.21333633
0.0816334313052414,0.054419186
1.0057288219656133,0.9940493
1.5894505289515375,1.5764701
2.017625131208301,2.0036163
2.020917962056905,2.0054655
4.3540257554181805,4.580356
8.73931421396086,9.12769
16.003360058651005,15.687239
25.41909628969708,25.454947
32.98903661833705,33.121033
38.6648906405898,39.246796
40.01481419195089,40.512733
40.958392141504,40.979683
36.3595,37.261623
30.0712,30.5413
23.28768658869019,23.29629
15.8422,16.067028
4.805472044469211,4.786595
0.3672,0.567777
0.0,-0.002860831
4.0,3.9569695
4.0,4.008927
4.0,4.005095
4.0,4.007502
4.0,4.0213556
3.989793953421069,3.9817872
0.4783343309596146,0.60103244
0.7637024914445751,0.69002336
3.263850563473437,3.2612987
5.5147,5.4966273
11.4358,11.279817
17.26600557712629,17.32931
27.476405194425787,27.468164
35.716899999999995,35.57131
40.9495,41.11777
43.3822,43.33356
42.4642,42.687534
37.9201,38.099476
31.081,31.201075
23.4616,23.656132
15.6127,15.845678
8.55464854006676,8.528094
1.1217652746397115,1.2579768
0.0,-0.024045698
0.0,0.007615068
2.401623310268449,2.3437767
4.0,4.0006456
4.0,4.002984
4.0,3.9922106
4.0,3.999477
4.0,4.0110817
4.0,3.9505978
4.0,3.9174862
5.3311,5.1567106
11.1604,11.088518
20.0191,20.024572
28.7401,28.545717
36.1759,36.07793
41.4544,41.596645
43.8871,44.089428
41.9593,42.50118
39.5266,39.743347
28.1434,28.280085
22.0387,21.876158
10.8783,11.455933
7.9474,8.086382
4.4131,4.3502955
4.0,3.9588575
4.0,3.9981883
4.0,4.0094323
4.0,3.9998925
4.0,4.0000277
4.0,4.000104
4.0,3.9801738
4.0,3.9371114
4.0,3.9442677
4.0,3.9666579
5.6065000000000005,5.468483
11.7112,11.719697
19.655041900967,20.019073
29.0614,29.214567
36.4972,36.333504
41.638,41.590427
43.7953,43.709766
42.1888,42.26651
37.8283,38.111443
32.3662,32.338768
25.4812,25.481014
16.5766,16.454119
8.7736,8.659202
4.4131,4.415051
4.0,3.992428
1.1530450078610937,1.1015072
3.4594570603290773,3.427381
0.1764812387034932,0.39586642
0.5101668495891554,0.5118562
0.2585360770215977,0.28220668
0.597957890341534,0.6299612
0.1153368760580722,0.10399988
0.0,0.014847127
0.0,0.024802826
5.6524,5.7632737
11.7112,11.659012
17.95737253481434,18.155138
26.57449365079365,26.734756
36.4054,36.443726
41.638,41.630253
44.1166,44.217934
43.5199,43.67357
39.9397,40.216106
33.6973,33.913006
25.5271,25.3985
16.622500000000002,16.670885
8.865400000000001,8.868833
4.459,4.3746014
4.0,3.9941134
4.0,4.008167
4.0,4.0102634
4.0,4.006492
4.0,4.011651
4.0,4.005527
4.0,4.005159
4.0,4.003251
4.0,3.9899993
4.0,3.9988637
1.9219671798931248,1.7669258
11.7112,11.405245
20.2027,20.386326
28.9237,29.09986
36.3595,36.366436
41.5003,41.480145
39.8412,39.961327
36.5823,36.77869
29.3301,29.541637
26.9892,26.96872
23.4616,23.321856
15.6127,15.899209
8.4064,8.308045
4.459,4.2558947
4.0,4.00104
4.0,4.0016837
4.0,4.001993
4.0,3.9861686
4.0,3.964853
4.0,3.9999585
4.0,3.9998546
4.0,3.9928975
4.0,3.9954433
4.0,3.9971051
5.4688,5.2848287
6.63799724797895,7.1670413
19.2388,19.160147
22.521298222222224,22.830666
34.5235,34.70665
40.9495,40.89645
43.2904,42.653454
38.7922,38.59755
33.376000000000005,33.072407
22.2615,22.745853
17.8092,17.109417
10.8783,10.901583
7.676054992159441,7.911388
4.459,4.271007
4.0,3.847993
4.0,3.9993305
4.0,4.0015845
4.0,4.0026917
4.0,4.0013585
4.0,4.0052485
4.0,4.011599
4.0,4.01266
4.0,3.9413557
4.0,3.951906
5.61160109807962,5.6084986
7.629317953253957,7.5669174
15.87239671663731,15.941236
25.297949414275752,25.060274
35.716899999999995,35.515877
40.8577,41.396336
43.2445,43.330765
42.6019,42.44299
37.048,37.36249
27.409,27.643606
22.4977,22.581743
15.5668,15.677742
8.4064,8.2320175
4.459,4.2567425
4.0,3.842456
4.0,3.8595185
4.0,3.9618406
4.0,3.9781857
4.0,3.9973621
4.0,3.9710875
4.0,3.9390602
4.0,3.9464593
4.0,4.008987
4.0,4.006775
5.6065000000000005,5.567061
11.4817,11.514021
19.0093,18.760956
26.25367044178035,26.413073
30.04428481538183,30.603096
36.53027937378786,36.52615
38.90558919578378,39.3512
38.07172750425571,38.81856
35.028400000000005,34.971626
29.3827,29.032925
22.63788195198562,22.60498
14.092617962056906,14.06947
8.681799999999999,8.42857
4.5049,4.2975283
4.0,3.8379886
4.0,3.8688784
4.0,3.9493113
4.0,4.0066376
4.0,4.0035033
4.0,4.003414
4.0,4.0044384
4.0,4.004064
4.0,3.9813766
4.0,3.9558616
5.6983,5.5976048
11.6194,11.783449
18.870752205959484,18.973642
26.22172286920834,26.596087
31.85069280758036,32.31174
36.82984817247412,36.610577
41.89150414690404,42.0119
41.9593,42.34185
37.5529,37.51305
30.3007,29.748539
15.5601,16.587135
12.4915,12.220483
8.1769,8.163301
4.5049,4.4376874
4.0,3.9862843
4.0,4.021656
4.0,4.0005155
4.0,4.0059714
4.0,3.978372
4.0,3.9797912
4.0,3.9797306
4.0,4.0080185
4.0,4.002785
4.0,4.0049295
5.7442,5.679407
10.7014,10.305833
19.7437,19.504347
28.327,28.475056
33.285919978542005,33.34295
37.09605955397059,37.278217
39.49501776810332,39.381874
38.96755169917101,39.12265
34.427196794488644,35.118237
26.44831795325396,27.102747
15.9273,16.976128
9.0031,8.719855
8.5441,8.251887
4.5508,4.379622
4.0,3.9104402
4.0,3.881299
4.0,3.849828
4.0,3.8825428
4.0,3.8553011
4.0,3.9733624
4.0,3.9850733
4.0,3.983598
4.0,3.9878979
4.0,3.8506675
5.7442,5.6647854
11.6194,11.567291
19.6978,19.487951
26.8582,26.95642
34.5694,34.63627
38.2873,38.58351
40.6741,40.725372
41.638,41.775913
38.425,38.69324
32.5039,32.275887
24.7468,24.584211
16.347099999999998,16.749718
8.865400000000001,8.725934
4.5508,4.451029
4.0,3.9712281
4.0,3.9821596
4.0,3.984343
4.0,3.9588306
4.0,3.983961
4.0,3.973721
4.0,3.9691303
4.0,3.9691188
4.0,3.9934509
4.0,3.9754775
5.7442,5.5540357
11.5735,11.691812
19.6978,19.529417
28.0516,28.211235
35.212,35.16738
40.2151,40.507645
42.6019,42.485344
42.0052,42.346313
38.5627,38.705574
32.458,32.48284
24.0583,24.325668
14.7406,14.68421
8.681799999999999,8.802369
4.5508,4.3947797
4.0,3.879068
4.0,3.854985
4.0,3.973654
4.0,3.9728065
4.0,3.9994223
4.0,3.97124
4.0,3.972222
4.0,3.9734259
4.0,3.973022
4.0,3.883835
5.6524,5.4095244
10.5178,10.484741
18.6421,18.3932
23.5008,23.969751
34.890699999999995,34.622868
39.2512,38.92538
39.0217,39.01093
38.2873,38.388885
33.5596,33.513985
29.0155,28.959255
16.845046697520303,17.183992
15.0619,14.999832
8.8195,8.527476
4.5508,4.3535466
4.0,3.850292
0.0,-0.07989166
4.0,4.036539
0.0,-0.07114107
0.0,-0.00025770516
4.0,3.9871695
4.0,3.9037955
4.0,3.8832536
4.0,3.878037
4.0,3.8826628
4.8262,4.8531013
9.024713288848096,9.259386
18.8716,18.410011
19.6519,19.849167
18.9175,20.184229
24.422857662710573,24.519035
16.024366849589157,16.251904
33.2686904782792,32.291286
24.125360531227862,24.636356
18.11652744502751,17.962046
18.30125210178283,18.414732
11.348842427959864,11.52363
8.6359,8.720346
4.5508,4.539833
4.0,3.9763205
4.0,3.9856834
4.0,3.991554
4.0,4.006787
4.0,3.9923043
4.0,3.9715416
4.0,3.9780183
0.0,-0.010267309
4.0,3.961934
4.0,3.8772702
1.4229,1.2426019
9.7375,9.850189
17.4946,17.860577
25.9861,25.442022
31.1269,30.796778
31.38388569674997,30.3076
38.21639603574958,37.638737
37.31801993603391,37.11514
33.59598654667058,33.579517
28.30851375997349,28.492975
20.6091,20.55835
12.756368482105197,12.856323
6.864737814473126,6.0532246
4.5967,4.574245
4.0,4.0087934
4.0,4.002369
4.0,4.002826
4.0,4.002704
4.0,3.9808986
4.0,3.987915
4.0,4.0073614
4.0,4.0120945
4.0,4.0087204
4.0,4.0093665
5.836,5.6515265
11.7112,11.125629
17.96644992233072,17.458607
28.0057,27.433372
33.324865170077864,33.326546
34.933567199906825,35.52215
36.61182296993466,36.628475
36.904470021319774,36.81181
34.03782309237714,34.22154
28.505007970429727,28.505924
20.95517268451459,21.011082
12.76195022052224,12.626605
5.664537004289749,5.703297
4.6426,4.6400003
4.0,3.9825275
4.0,4.000524
4.0,3.9995794
4.0,3.9997244
4.0,3.997694
4.0,3.9967642
4.0,3.998594
4.0,3.998207
4.0,3.9991229
4.0,4.000021
5.8819,5.8692737
8.355057950912963,8.316487
16.205825858125582,15.984738
24.18321626476097,24.143507
30.294936733034444,30.755533
34.84262302856408,35.049713
36.5823,36.510662
36.1692,36.236595
32.7267,33.050156
27.01204622222222,27.265291
23.1403,22.624432
14.1439,14.190701
5.191968948913142,5.3870544
4.207189384482788,4.3391676
2.088242675779915,2.101771
3.963786588690189,3.925044
4.0,3.9853587
4.0,4.0053616
4.0,4.0060163
4.0,3.9985585
4.0,3.9981573
3.532942148828764,3.5498211
4.0,3.983006
3.722868750866311,3.7688441
3.064955273731112,2.9664738
8.978709094748924,9.158281
13.704046527789878,14.104307
24.5632,24.516182
27.317592827936583,27.146152
37.74269199795191,37.368023
34.923779237902146,35.348114
34.23514770201249,34.56352
30.42139838739909,30.414232
13.691060845750783,13.931508
10.963370497655651,10.664357
6.506421473324819,7.2251534
7.5343,7.595719
4.4131,4.5050774
4.0,4.035619
4.0,4.0192137
4.0,4.0078006
4.0,3.9941628
4.0,3.9981
4.0,4.0042624
4.0,4.0118327
4.0,4.015136
0.0722531254623955,0.22289394
0.5187573855371889,0.5218427
4.8262,4.920188
6.001249255899389,5.9043694
11.626165771363183,11.499773
23.296159135033395,22.860874
29.8876,29.6795
21.3043,21.775274
15.230712461232583,15.650193
26.930359296809584,26.088913
12.91948340572321,12.909425
19.97514014501048,19.713343
19.980411688093387,19.967173
10.5111,10.412647
8.727699999999999,8.404091
4.5508,4.5467596
4.0,4.005472
4.0,4.0078254
4.0,3.999596
4.0,4.0005207
2.6482033126331808,2.5530193
2.6950768455945178,2.7293057
4.0,3.9989367
4.0,3.9763548
4.0,3.9962904
4.0,4.0170584
5.9737,5.7727113
12.1243,11.680358
17.388921759365136,17.198298
24.848837223495885,25.108444
31.179565771363187,30.987017
36.87116577136319,36.258953
38.46217466212161,38.110443
36.22992331026845,37.019302
25.4812,25.972536
24.93389794586042,25.079126
20.2027,20.22438
4.8654,4.969215
4.8262,4.9225507
4.0564495423524125,4.128993
4.0,3.9992359
4.0,3.9764125
4.0,4.01205
4.0,4.0031943
3.304992455100271,3.3018687
4.0,3.9324012
4.0,3.9913113
4.0,4.016641
4.0,3.9503834
0.0,0.059930418
5.9278,6.061307
11.5276,11.827201
20.1109,20.168373
20.4714,20.562237
23.5008,23.93344
22.1764,21.098154
26.509249190045125,27.071827
39.064955936507936,38.77643
14.207272081422644,14.549568
23.11164327376035,22.37479
12.6751,12.59475
9.3244,9.509577
0.5508,0.3315031
4.0918,4.0684924
0.0,0.1364539
4.0,3.9772656
4.0,4.0160055
4.0,4.005759
4.0,4.008362
4.0,4.009643
4.0,3.977237
4.0,3.912767
0.4818413316670377,0.52887666
0.242762727257343,0.32094726
1.9385670086147928,1.9795878
8.254995115919634,8.087018
15.34617949585762,15.500639
22.830791163543985,23.085648
31.0743,30.862452
36.320811688093386,36.690033
37.40981953117823,38.320644
34.3399,34.385876
30.6679,31.100664
23.599929513073945,23.48451
15.710251257320154,16.182117
10.256507085427607,9.755584
5.8819,5.1484547
4.2754,4.1747594
4.0,3.9920335
4.0,3.9939427
3.2331058300038764,3.2348402
0.2042275042557094,0.27833855
0.1385700213197752,0.12234441
0.4347991269155074,0.39913696
2.6039817864653325,2.4886866
4.0,3.9841404
4.0,4.0269403
4.0,3.9939158
4.7344,5.041076
6.624176367305767,6.64249
16.495779715382625,16.450817
24.64085165309469,24.489582
28.53801375997349,28.86622
32.64853227899632,31.293951
26.8123,27.134996
24.0124,24.294888
27.6844,27.103685
13.571294616508018,13.467826
11.49809183400808,11.9994135
13.59086214309519,13.951676
9.508,9.492396
4.7803,4.7288947
1.1964188003536018,1.0941917
1.554013680553614,1.6037925
1.5996228378064292,1.6674117
4.0,4.0272927
4.0,3.9874413
4.0,4.0074143
4.0,4.0033216
3.811620281996678,3.9205709
2.999330952015552,3.0251627
1.463083373698045,1.326302
1.9826925244057088,1.5367069
5.4341742824696935,5.7158494
11.07545269988446,11.669371
12.189705306336023,13.804892
30.343367626578168,29.76359
36.12092717647038,36.08591
38.6478,39.591366
36.8118,37.355522
29.1006,29.214537
18.0618909025235,18.065498
16.919695752103447,16.897581
11.446901375785671,11.508151
8.9113,9.144394
4.7803,4.7828646
4.0,4.0191073
4.0,4.0168185
1.6077757231312906,1.6380852
1.7820124612325845,1.8424308
3.5791269217556647,3.5832536
4.0,4.012657
4.0,4.0041704
4.0,4.0080285
4.0,4.0063157
3.164277296914132,3.2009866
1.836,1.8469056
8.321638958611032,7.3875337
17.545005536621552,17.500746
23.968440145010483,23.658623
31.4415,31.45251
36.5823,36.731262
39.03748677360163,39.12234
38.08737253733813,38.616985
34.384369060433144,34.766098
27.63276911219454,27.88114
20.44484784289433,20.629316
13.26532495526385,13.736639
9.1867,9.036669
4.7803,4.772863
0.7750227643877026,0.75325584
0.4429974397419788,0.3851951
0.7244879169606155,0.6951947
0.0,0.016669927
1.2799267803826408,1.3498168
4.0,4.054534
4.0,4.014295
4.0,3.9875848
4.0,3.9880176
2.9681818835894416,3.0686677
2.810353662576014,2.6624498
8.559080040849281,8.651283
15.7896,15.933471
24.2811,24.661392
31.2579,31.253088
34.194363396783295,34.51789
39.7102,39.380363
40.1233,39.970665
38.0578,37.4712
31.2187,30.919483
23.386221414868608,23.211445
15.379691547310886,15.731724
6.183443995359545,6.0195394
4.8262,4.880933
4.0,4.0288043
2.495081774293597,2.420429
3.175714580311239,3.173605
3.458150247284735,3.2951083
4.0,4.035972
4.0,4.010703
4.0,4.014705
4.0,4.0153394
4.0,4.0075006
4.0,4.013751
5.9737,6.1182933
11.9407,11.86357
17.72892105627943,17.533335
27.017513288848097,27.094831
31.77025946768026,31.732952
36.538812840013456,36.74217
42.38788534150218,42.09842
38.31186750901957,38.448814
33.70336414706161,33.980263
27.53402186685308,27.500154
24.494989384482786,24.702766
16.31742930579939,16.337854
9.508,9.663161
4.8262,4.810351
4.0,4.003585
3.190986708733949,3.2101796
3.0343442661823063,2.9837103
3.3282082455754,3.3539712
4.0,4.0223136
4.0,4.0012407
4.0,4.0058994
4.0,4.0081797
4.0,4.007719
4.0,4.0100613
5.9737,6.070393
11.803,11.762088
16.00749422222222,16.75825
24.270482441270147,24.694654
31.88299724797895,31.956081
37.17323573073654,37.032043
40.24749718657222,40.519566
40.261,40.36891
37.0939,36.712734
32.136700000000005,32.040245
24.7009,24.524773
16.8061,16.699192
9.3703,9.009257
4.8721,4.7327223
3.2318264599813182,3.2597318
0.2638524830618306,0.34811062
0.3964711922906515,0.40210277
0.7252819991673028,0.7128994
1.6672770586044063,1.6578615
4.0,4.0059934
4.0,4.010054
4.0,4.0001082
1.793621125511402,1.8858232
4.0,3.9962547
5.774662423003491,5.9146876
10.932528107944446,11.14206
17.65984925589939,17.777935
28.6483,28.419651
35.8087,35.719032
40.9495,41.029003
43.474,43.652668
43.015,42.833492
39.6643,39.563103
33.835,33.68266
26.1238,25.58511
17.5405,17.31475
5.7375,5.715435
0.8721,0.83576953
4.0,4.092783
4.0,3.9656036
4.0,4.005126
4.0,4.007543
4.0,4.013085
4.0,4.0002375
4.0,3.9852762
4.0,3.98383
4.0,3.9910746
4.0,4.002002
6.0196000000000005,6.111973
12.0784,12.24116
20.3404,20.3663
28.786,28.676138
36.0382,35.735466
41.1331,41.223354
43.6117,43.605618
43.1527,43.07211
39.8938,39.92259
34.0186,33.72436
26.3074,25.500511
17.7241,17.575697
9.8293,9.714971
4.918,4.9508686
4.0,4.0058475
0.6937333120275725,0.708698
0.4867636069174357,0.4144912
0.0,-0.01058256
1.9826123224089096,1.8967738
1.8232782550678743,1.8264513
4.0,3.9990082
3.030585920669413,3.0388806
1.0588885949600089,1.0048281
0.5418723168895617,0.46993116
6.0196000000000005,6.085343
12.0325,12.274268
20.2027,20.371332
28.5565,28.523283
35.671,35.544422
40.72,40.776115
43.075537259174205,43.078754
42.58523456890357,42.496967
39.343,38.856316
33.5137,33.388706
25.8484,25.626972
17.3569,17.22325
6.527152625074636,6.428325
4.8721,4.85587
4.0,3.8292935
4.0,3.8859992
4.0,4.0213194
4.0,4.0071144
4.0,4.0064373
4.0,4.0020175
4.0,3.9962673
4.0,4.0054436
4.0,4.0045595
4.0,4.000141
5.9278,5.9400573
9.647075742431577,9.518124
16.9602909025235,16.580442
24.971535381897496,25.235407
34.18667881480619,34.38066
39.802,39.53975
37.58197966195422,38.02509
36.73148463969012,37.210823
33.71629119986687,33.66682
27.88192750425571,28.339973
20.30950618340559,20.432016
13.141289140614516,13.126027
9.4162,9.5258045
4.8262,4.703315
4.0,3.9532819
4.0,3.977442
4.0,3.9889116
4.0,3.9538825
4.0,4.0035133
4.0,3.9502897
4.0,3.9793143
4.0,3.978535
4.0,4.0089693
4.0,3.9876385
5.8819,5.894003
11.6194,11.58849
19.4683,19.521296
27.6844,27.5771
34.6612,34.740044
37.1398,36.997837
38.73889649434373,38.536873
36.7267,36.356792
32.1747633967833,32.517033
26.98261368055361,27.179735
21.99292934766772,21.635487
16.29099395342107,16.170538
9.508,9.54525
4.918,4.7929773
4.0,3.8782504
4.0,4.0130644
4.0,4.015649
4.0,4.0129595
4.0,4.0132546
4.0,3.9849703
4.0,3.9851406
4.0,4.0013185
4.0,4.0037103
4.0,4.005068
5.761209226565163,5.8268113
9.882931427208302,10.108391
17.09577171949666,16.794584
24.94287876877966,25.058468
31.30372460219101,31.750355
35.828355730675355,35.840614
37.757224335764725,37.95558
34.22438935654564,35.171337
30.643542295612924,31.028593
26.135797603982223,26.121244
21.444106344053687,21.669939
15.7963,15.740418
9.5998,9.818117
4.918,4.91938
2.9594784995536325,3.0025012
4.0,4.0042186
4.0,3.9893212
4.0,3.9791112
4.0,3.980037
4.0,4.012316
4.0,4.0102243
4.0,4.01151
2.66980358412039,2.5575783
4.0,3.976191
1.6524,1.6923789
3.7638,4.0439434
13.4095,13.559962
18.7798,19.268974
25.2058,25.274683
19.147,19.59406
34.294,34.125633
40.4905,39.489994
37.0021,36.728973
30.95937656126011,30.79687
19.86931935014957,19.880768
13.848947907665922,13.896327
8.329778499553633,8.326649
3.379069398871104,3.1470387
0.440259571306742,0.64690447
0.2153816876769966,0.21421131
1.1631510697653142,1.0739874
2.9594784995536325,2.953468
3.069489303288499,3.0664577
4.0,3.9751017
4.0,3.9836857
4.0,4.0026035
4.0,4.0119367
0.0,-0.09048051
4.8721,4.983148
4.8721,5.140918
6.692137650793651,6.5652986
8.86169154971892,9.007399
6.446253385448087,6.815335
19.96536969892325,20.039457
22.191696709839533,22.515663
30.020052864509125,29.550209
27.01640995285429,27.048292
17.081306263214895,17.099352
14.92965184902003,14.826404
9.292872358172184,9.289207
5.321249000713742,5.487187
3.1202911177859622,2.8230295
4.0,4.029337
4.0,4.0161266
0.5137410192917239,0.62105364
2.655397186572217,2.684311
0.8307305955097078,0.6750632
4.0,3.9600906
4.0,3.995344
4.0,4.002869
2.4051069734781145,2.3974063
4.0,3.938803
2.0695508261903965,2.0890992
6.345189153594323,5.864603
7.362555164178366,7.2332277
21.284536618337054,21.398623
31.23147590081842,30.87673
36.515495243224905,36.110832
37.467953121598654,37.4194
36.06987050187945,36.00604
31.831556893863084,32.22652
27.3946007447312,26.350845
21.35259893705668,20.81819
12.15811935014957,12.285487
3.8819022115161097,4.2361965
4.3672,4.3492846
4.0,3.980646
4.0,4.00688
3.3140134759198485,3.2937524
1.5348831323225158,1.5914361
1.8616378144731265,1.8739027
0.7086652746397115,0.73068106
1.3992150051358077,1.3402767
3.1110796619542227,3.0156772
4.0,3.9879575
4.0,3.9991684
1.3856738097442598,1.306747
10.24991033215497,10.2729025
14.857579785808513,14.662819
21.593384655468032,21.757833
29.02381309703641,29.226824
34.42109280758036,34.85186
35.72891682364348,35.877758
35.202347290191035,35.278584
31.685175621228915,31.701813
26.37557898008476,26.324097
19.771521473324817,19.456354
12.980072537338136,13.15861
7.198479584279727,6.537727
4.7344,4.702961
4.0,4.001697
4.0,4.007325
4.0,4.0094624
4.0,3.9870067
4.0,3.9858701
4.0,3.9996574
4.0,4.005176
4.0,3.9831364
4.0,3.989097
4.0,4.0033603
5.7442,5.6725874
7.587597525751728,7.597021
15.102069112194542,15.338614
23.473959570083515,23.668537
26.89367182963809,26.65228
26.88455210178283,27.186499
34.5235,34.04993
34.5694,34.053234
34.5235,34.31564
28.1434,28.152
24.4714,24.381475
16.4848,15.995022
9.2326,9.021642
4.9639,4.9139047
2.7823132888480964,2.694051
4.0,3.920717
4.0,3.9999235
3.963786588690189,3.9621627
4.0,3.982552
4.0,3.9844139
3.225433692449826,3.2611253
0.0,0.037386388
4.0,4.0260596
4.0,3.9842415
3.7968521017828296,3.2606027
7.283523289376021,7.4922857
15.46377360415984,15.371128
18.9634,19.021646
23.1862,23.299732
29.7958,29.854145
30.163,29.937021
23.9665,24.263033
16.347099999999998,16.482357
15.8881,16.125643
14.098,14.0815
11.5735,11.610904
8.3605,8.641503
4.918,4.934848
4.0,3.9934456
4.0,4.0044127
4.0,4.0083013
4.0,4.009023
4.0,4.009127
4.0,4.01496
4.0,4.029838
3.73627130415743,3.780793
2.7616340109387827,2.6529243
1.227174066225602,1.2713876
5.001041211573138,4.9976277
6.25963375268196,6.6216674
15.333788594960009,15.313143
24.37012241403399,24.276249
31.265503584120392,31.426754
36.09183142720831,35.600594
37.4744389753461,37.656902
34.110749414275745,34.342854
33.26245806236318,32.803543
27.77303415002921,28.204657
20.341029513073945,20.640837
12.82414817247411,13.429224
5.47933393780197,5.210993
2.125573938144057,1.9947617
4.0,4.00753
4.0,4.0007606
1.8498891406145168,1.9005622
4.0,4.0145783
4.0,4.0032125
4.0,4.008754
4.0,4.0065837
4.0,4.001332
4.0,4.010108
4.0,3.992198
5.7442,5.5213957
7.168092706999372,7.1351256
12.7143,12.7695
20.634339437549844,20.087456
27.39660820788224,27.812664
29.23439280758036,29.673962
28.446291088399388,28.205837
27.0850508261904,26.804155
24.53388737084852,24.944296
27.100607656507982,26.871483
19.638465296433623,19.385378
13.053574282469697,13.313026
9.508,9.610541
4.9639,4.9596267
4.0,3.9997659
4.0,3.9983082
4.0,4.004753
4.0,3.9780438
4.0,3.9899154
4.0,4.001367
4.0,4.0016747
3.3282082455754,3.3493547
1.5268513054771664,1.6071329
0.6372754876637118,0.64572406
2.4863227659727647,2.4228141
9.543471829638095,9.796134
14.946536077021598,15.466268
21.7566,21.962465
27.4941,27.504494
34.09669511591964,33.64041
35.58815106976531,36.29747
35.518892644080864,35.984367
31.596709237273338,32.521973
26.02657572313129,26.411146
20.70653973673509,21.04669
16.209400000000002,15.952953
9.245405846809104,9.6670265
3.733854943098491,3.5675929
1.979339736735097,2.1394792
3.996647525553594,3.9761498
4.0,4.004851
4.0,4.0077987
4.0,4.00584
4.0,3.996429
4.0,3.9900975
4.0,4.000143
4.0,4.0139565
4.0,4.0057497
4.4276448993258,4.230642
4.908019125002725,5.6126237
13.567782495210684,13.655905
20.94190873477868,20.943264
23.844527281234285,23.729984
24.93370500819676,25.629072
33.66727815628619,34.274834
35.77414817247411,35.367752
32.9103,32.77823
25.704,25.819021
19.996683613418647,19.736158
13.05798047998822,13.132716
6.889050826190397,6.717257
2.698678725582151,2.8116019
4.0,3.9874485
3.837295266445925,3.8871622
4.0,3.9807115
4.0,3.9919744
4.0,3.995768
4.0,3.9951873
4.0,3.9956431
4.0,3.9733446
3.145244375192568,3.057417
2.551709952854284,2.4693904
3.496432698502285,3.4918334
6.570399999999999,6.25117
12.8587,12.238721
15.7045,15.706428
14.3734,14.611428
12.2161,12.189392
14.1898,13.197565
20.3863,19.575508
25.0681,24.850594
22.6354,22.795732
20.3404,20.062483
15.7045,15.698761
8.492413625542284,8.622711
4.918,4.9523554
4.0,4.012446
4.0,3.979063
4.0,3.9786537
4.0,3.986343
4.0,3.9856274
4.0,3.979545
4.0,3.9933562
4.0,3.9662523
4.0,3.9979765
4.0,3.984709
5.6065000000000005,5.5662403
10.426,10.510577
16.75733988739765,17.357227
26.032,25.633253
31.8613,31.17251
36.1759,35.58125
39.9856,39.364944
39.3889,39.449436
37.3234,36.30895
32.6416,32.57049
24.5632,24.44673
17.1274,16.93046
9.7375,9.41457
5.0098,4.983732
4.0,3.9997125
4.0,3.9984994
4.0,4.017052
4.0,4.00441
4.0,4.0023685
4.0,4.0043106
4.0,4.0039673
4.0,4.002961
4.0,4.004957
4.0,4.008769
5.4688,5.3853855
10.135078814806196,10.198908
16.418114075296685,16.868717
23.872082618348987,23.482298
25.31849603574958,25.784458
31.306533603355778,31.729628
33.33207380974426,33.32846
35.64740996342394,35.62727
35.819249542352416,35.765575
29.228543341724883,29.579622
24.434929832011854,24.345608
17.1274,16.880222
9.2326,9.224502
4.9639,4.949805
4.0,4.003327
4.0,4.0074463
4.0,3.9830956
4.0,3.9985662
2.44003528575765,2.4074035
1.32570123886632,1.2980394
4.0,4.0388956
4.0,4.001157
4.0,4.0032825
3.433335289945673,3.42291
1.8638587018296624,1.6665215
7.326989356545642,7.4504
15.41781162141293,15.105063
23.24880185941404,23.229952
29.72298481538183,29.739655
32.85687050187945,33.352886
34.10896894891314,34.69346
34.70127002131977,34.915184
34.05009264035028,34.129204
29.53951246476665,29.585234
23.33011537709813,23.503761
12.515658062363183,12.819089
4.368405803735437,4.931315
1.6942288219656132,1.7413328
2.6950768455945178,2.8135593
3.0544109533845485,3.0520678
3.756405618646028,3.72304
4.0,3.9926457
4.0,3.996451
4.0,3.9112296
3.891534568903576,3.9756882
2.332294413294159,2.3397834
4.0,3.971006
4.0,3.9926217
5.2393,5.1548524
5.873659799057203,5.4958744
7.9407,8.699435
10.8676820320387,10.858374
15.779588391994569,15.8835535
19.62309334334269,19.522902
26.023759799057203,25.801695
27.016838633257468,26.85041
21.274898748790672,21.893475
14.555939736735096,15.410219
11.254852625074635,11.538178
7.959896941898871,7.2257624
7.258900000000001,7.031414
4.5049,4.467388
3.531625182679386,3.5594258
4.0,4.007735
4.0,4.0093694
4.0,4.006237
4.0,3.9921014
2.505667476602702,2.411135
4.0,3.9592915
4.0,3.9676561
1.4690249552638497,1.4990251
0.8348738097442598,0.798062
1.8117083660154056,1.7514126
7.4425,6.8953753
14.1898,13.936989
20.81703821987748,21.22737
24.034195962892007,24.124212
26.193026086710223,26.525003
31.0743,30.609539
27.60524784289433,27.274965
15.4224,15.925733
16.4848,15.375575
8.48358311215311,8.941808
3.878991466613601,4.399579
4.81441355916033,4.556877
0.918,0.61083907
2.495081774293597,2.5082808
0.3469848153818307,0.3939093
3.164277296914132,3.1401777
0.9803448507745032,0.92156017
1.2770829900472676,1.2910353
0.0,0.09249278
1.3992150051358077,1.2804167
2.944579261774384,2.971494
1.9957188902027445,2.0047739
1.6159411181423602,1.6479032
5.2393,4.9790225
5.860591045071999,5.651706
8.3958824906984,8.423027
5.799119768729509,6.053354
11.513304615002646,11.889173
30.286127849178925,29.58896
38.32536969892326,36.964523
37.20151101589254,37.132576
33.35331565871795,33.35872
26.92950165079365,27.398294
19.913865296433627,19.388956
13.339333722267847,12.469295
7.28867872558215,6.714985
3.0284710654531204,2.9278312
0.7468184613677651,0.8578394
1.7004006021532492,1.6360053
3.3140134759198485,3.2779741
2.609942881935256,2.4305139
2.5849342242952207,2.4193878
2.4248795842797266,2.4004114
3.8413547590203727,3.9392908
2.9607214148686074,3.0103343
2.772576109783965,2.6837518
2.8225974864081027,2.8102622
5.3311,5.0367765
9.09711232240891,8.794399
16.25620557712629,15.476395
27.0418,25.738514
31.6777,30.212614
38.1037,37.626842
40.1692,40.305996
31.89468930328849,31.880432
28.02174267577991,28.603071
29.63022896416452,29.589424
21.877715439920955,21.805191
13.901226575760903,14.053919
9.9211,9.928707
5.0557,5.013906
4.0,4.0055814
4.0,3.9947007
4.0,4.003943
4.0,4.0040336
4.0,4.0083976
4.0,3.9988747
4.0,4.0034356
4.0,4.0086746
4.0,3.999808
4.0,4.0209465
5.2393,5.1350284
9.000390519124235,9.119324
18.27470146345429,17.657959
26.9959,26.866198
31.8154,31.729939
35.1661,35.161865
39.0676,38.946587
36.46941164548683,36.950497
33.344325243924544,33.4734
26.12954526370838,25.812757
21.66964711053617,21.59858
14.323939807492966,14.257603
8.15489902605998,8.367445
3.467359135033397,3.191395
4.0,3.983314
4.0,3.9865823
4.0,3.9879467
4.0,4.0051985
4.0,4.0065074
4.0,4.0090427
4.0,4.004479
4.0,4.00801
4.0,4.0026827
2.944579261774384,3.0215054
5.5147,5.4951725
8.162755418160254,8.101397
15.010328900092963,15.152685
23.134536733034444,23.501995
29.84041663021608,29.625454
33.37815864234768,33.48303
35.94855864234768,35.992035
36.43497253733813,36.52553
31.3956,31.16341
27.23333834769348,27.014082
20.89601378932199,21.211792
14.067080040849282,13.842474
4.938459672335298,5.470933
2.3739382224783654,2.5729299
1.39531421396086,1.4484313
4.0,4.0251517
4.0,3.995973
4.0,4.0012136
4.0,4.0108733
4.0,4.0013075
0.4402596723352981,0.46844104
0.0,0.05923603
2.9185638245046825,2.936254
0.6342244347494024,0.6120434
1.6044746621216115,1.6412622
6.83305026857651,6.9420176
9.5472,9.510334
23.55213646119752,23.045546
29.59194332603887,29.726397
35.2053,35.38952
35.9856,36.356716
34.4709,34.59653
30.9366,30.778904
26.58305195105195,26.528854
19.42877995242573,19.547531
12.93013833008128,13.087684
4.668041934326234,4.537084
4.9639,4.952854
4.0,4.004161
4.0,4.0165396
4.0,3.9933803
3.622851528900039,3.5995505
1.108367827249473,1.126711
4.0,3.93471
4.0,3.9968345
2.655397186572217,2.5744195
3.5910334213764825,3.5656924
0.5309996814941588,0.65021914
2.676988179260123,2.5734026
5.845834222222223,5.713232
12.320556070560231,12.407067
18.16178293391541,18.403173
28.93763003155852,28.100626
33.16572309237714,33.05038
33.925038086525795,34.18726
35.6184,35.637093
31.2579,30.947702
24.419736733034444,24.811255
18.54269023626017,18.362797
12.10067886168476,12.143806
5.508,5.0575004
1.6702013757856715,1.7181239
1.1797478806754549,1.1778736
3.2318264599813182,3.2367074
4.0,3.9928997
2.9099095144025333,2.9933488
1.8232782550678743,1.8481426
0.0139116880933875,0.051377103
0.022486773601628,0.015090935
0.0,0.09179757
2.048423459515217,1.9844654
3.756405618646028,3.7864702
0.3672,0.548094
0.6791905235509528,1.608845
5.2852,5.3087826
6.6555,7.175506
10.62425134381817,10.77499
19.70842672056364,19.650517
34.31322309237714,33.79237
34.61248622222222,34.18327
34.7526489799432,34.753883
30.043190204251594,29.72587
22.43398810143187,22.173677
13.53591162141293,13.744673
7.918039595587123,7.159246
4.918,4.926306
3.360540994681247,3.34992
2.5127338103314147,2.4594762
0.6804557739665082,0.5912556
0.0,0.023726597
0.0052899020062661,0.0038822275
0.410472837922999,0.4073383
1.0911950513299011,1.0834416
2.5280650408168963,2.5216908
2.7349481811669474,2.7799728
1.7599197687295085,1.7516841
2.516800744731193,2.3290353
8.951304370031643,8.619937
14.87067106545312,13.793939
19.71963049536782,19.596363
27.27598181102444,27.375496
37.048,36.72554
38.1955,38.365913
37.3693,36.434013
34.7071,34.678406
28.2811,28.275991
23.36776146710121,23.479136
13.844395752103445,13.812773
6.507335835633127,6.3088565
2.563813680553614,2.3749828
0.7855804585452967,0.7880733
0.07093021971607,0.053218275
0.1861582623554102,0.15818363
0.0921439838708633,0.08879047
0.0,0.014393144
4.0,3.9438365
4.0,4.021834
4.0,4.014567
4.0,3.9596412
0.8943896375423045,0.8081461
2.8746505289515376,2.7583578
6.336943540567557,6.3644814
13.245555650446793,13.12025
20.16394584664965,20.397705
25.861056070560235,26.241968
30.0712,29.729548
4.0851,6.3764725
16.4322,15.442954
18.36,18.68158
16.65028370385653,16.83461
12.42289743974198,12.335686
8.155465362601124,7.8240256
4.183248979943203,4.6080303
0.9547244303691508,0.8314157
0.4987792379021467,0.42391488
0.1310527002640408,0.09468731
0.2125788616847611,0.21269074
0.5425993687595742,0.5208967
0.1910444412417616,0.19915001
0.2433422633067845,0.23566486
0.0413222855586217,0.0407962
0.0124512573201538,0.01929594
0.3964711922906515,0.41175503
2.685439595587124,2.688471
3.568815695029681,3.5127213
3.996291686861754,4.4263926
8.57187765079365,8.725071
10.7865,10.935092
10.300316823643485,10.964722
10.165463371792256,10.58445
24.41216723290236,21.62064
25.9402,26.10506
16.02592934766772,16.478115
19.156186049740587,18.876177
21.778889637542303,21.449574
14.142616630216075,14.745389
3.048097603982224,3.1309898
1.0581128400134554,0.881994
0.1569945197136006,0.12376099
0.2896486958117923,0.28994983
0.3223289000929629,0.35217318
0.7628959628920053,0.7667052
0.6937333120275725,0.6737196
0.0478720417824778,0.05901122
0.0,0.026745103
0.1431258302776628,0.13890561
0.397798675185979,0.4060004
0.1775502222222222,0.16782185
0.9119162647609724,0.79318184
1.7910367330344468,1.5368123
3.8097,3.9320679
8.464914388160377,8.646158
13.29407898008476,13.991143
18.66941587890694,18.140558
22.91410500819676,23.321144
24.26441257683968,24.12542
22.01706533615852,21.643042
28.6416,27.735756
22.2156,21.915388
13.4487,13.394292
5.820250333261466,5.3854637
1.6055126904085626,1.674614
0.7945479060664629,0.78638095
0.0,0.018144961
0.0,0.007889086
0.0,0.025596265
0.1513080618747379,0.12801734
0.0038862222222222,0.021293333
0.0,0.018282562
0.0,0.022436704
0.0,0.023087313
1.7232952432249025,1.726371
2.074852625074636,1.4953007
6.2424,6.345016
14.7201419593548,14.154035
18.1871670086148,18.126944
27.54,26.396347
32.7267,32.53553
37.1331,37.311
37.7298,37.52661
33.3234,33.1644
28.458,28.45653
20.655,20.783373
15.4291,15.05469
9.6916,9.59483
3.5997841936756387,3.4757173
3.2677011468960515,3.3993752
1.318036618337055,1.3557444
0.6804557739665082,0.70371944
0.5830383300812807,0.5744246
0.3006393561784163,0.28932172
0.6734580623631836,0.65100783
0.0437629327027523,0.039757065
0.2514932088606718,0.27035746
0.0600756212289131,0.06360452
1.7546725348143406,1.6851237
5.377,5.315416
6.0129,6.0280743
14.266976527911371,13.188095
19.29987933361076,19.62229
24.481713656991133,24.312199
32.048335243452215,32.29011
37.30531569502968,36.47448
37.3693,36.06543
34.29933271324427,33.62693
20.8912,21.508183
13.130965040816896,13.272132
6.361838633257468,6.91441
5.294454943098491,5.6963725
2.3489757424315743,2.4964929
0.5245078525079405,0.5635024
4.0,3.897082
4.0,4.011648
4.0,4.0095973
4.0,4.0119452
4.0,4.0078397
4.0,4.0047116
4.0,4.0043783
4.0,4.0070457
4.0,4.0162134
4.5049,4.4575386
7.672000000000001,7.451738
9.5931,9.160656
18.6813,19.287134
24.5565,24.651356
27.2646,27.267263
30.6153,30.418802
34.1104,32.975792
25.0681,25.380447
24.5632,24.305336
20.7994,20.218082
10.7014,10.473603
8.131,8.119157
4.6426,4.628674
4.0,3.9446762
0.0,0.04606772
0.0,0.03693427
0.0,0.032007303
0.0,0.07143416
0.0,0.044247407
0.0,0.06496562
0.0,0.07112136
0.0,0.058826536
4.0,4.080249
0.8262,0.46429375
5.0949,4.4911556
7.9866,8.574984
11.8489,10.714988
15.7963,16.341364
24.0975,24.743267
30.3858,29.915636
37.0939,35.01959
37.1857,37.139484
31.3105,31.432465
23.6452,23.42424
15.6127,16.118538
8.727699999999999,8.6160345
4.6426,4.571412
4.0,3.9991999
4.0,4.0059185
4.0,4.0050745
4.0,4.0131183
4.0,4.011688
4.0,3.98703
4.0,3.9729328
4.0,3.9864979
4.0,4.0586033
4.0,4.0557013
4.7803,4.744873
9.2785,9.1962385
17.2651,17.045378
26.3074,25.823265
33.5596,33.26652
36.65848938448279,36.122566
36.2186650408169,36.089394
26.799126575760905,27.409422
15.679496255017304,15.8214
19.8355,20.266806
20.6617,20.222116
15.8422,15.748925
6.163680119282846,5.984928
1.191374662121612,1.1456488
1.8488228692083364,1.741297
3.433335289945673,3.415356
4.0,4.0141563
4.0,3.9908707
4.0,4.008971
4.0,4.0073333
4.0,4.009202
4.0,4.0139933
4.0,4.011429
4.0,4.0137057
4.6885,4.5088444
8.6359,8.870849
15.3832,15.381787
17.9077,18.359724
21.9469,21.626326
26.2156,26.333876
23.1403,23.30355
15.1996,15.173618
21.2584,20.702627
25.2517,24.746508
26.1697,25.117222
16.5724926340692,16.045656
6.007183373698045,5.8082347
3.5274971865722176,3.3839653
4.0,4.035786
4.0,4.015265
1.0118862440472816,1.0166
1.2094365376715963,1.1347873
2.6039817864653325,2.5167463
4.0,4.018137
4.0,4.006262
4.0,4.0187545
4.0,4.0074797
4.0,4.007054
5.2393,5.117712
10.6555,10.355508
18.7339,18.212568
27.2254,25.964588
28.5957,28.983849
33.9727,33.471684
31.0284,31.09826
39.5725,38.644073
28.7793,29.548267
23.8221,23.600838
19.2388,19.373285
15.9799,15.653272
5.0949,4.5565443
0.7803,0.75622904
0.0,0.07662508
0.0,0.043524433
0.0,0.08131102
4.0,4.0938163
0.0,0.026376585
4.0,4.073517
4.0,3.9430022
4.0,3.9378974
4.0,3.9417896
4.0,3.9206865
5.1934000000000005,4.9999433
6.3342,6.9712377
17.1274,16.927332
25.3435,25.494802
33.4219,33.321045
37.0021,37.1059
38.9299,38.16868
35.2579,34.689007
30.622,30.478786
26.9959,26.492868
23.0026,22.950264
16.0717,15.985788
9.322650563473436,9.171687
4.9639,4.9909043
4.0,3.968302
4.0,3.987441
4.0,4.0048757
4.0,4.0033836
4.0,4.0148406
4.0,4.010759
4.0,4.0070276
4.0,3.9712121
4.0,3.9726317
4.0,3.9957373
5.2393,5.253566
10.7932,9.923642
16.785442695496542,16.402182
24.40175052895154,24.600311
31.40105324689227,31.26918
36.7637559878844,36.8624
39.73599202325374,39.690994
41.9593,41.659077
37.4611,37.66451
30.50538280934783,30.39186
22.062026086710222,22.534071
12.253018981942995,12.603938
7.026690519124235,7.393153
2.4025197687295083,2.3659844
2.6470041469040395,2.5700417
3.837296255017306,3.9079304
4.0,3.9717946
4.0,3.9868424
4.0,4.006725
4.0,4.0054617
4.0,4.003143
4.0,4.0035276
4.0,4.0091248
4.0,3.992695
4.06212930579939,4.020442
4.396068342802126,4.6511564
8.76002283780643,9.157178
13.972778768779662,14.036649
13.955730473450489,14.629203
9.246527454541432,10.225917
9.393497439741978,9.986165
16.03395635457686,15.223255
18.09165802448545,18.15692
18.33171590626793,18.639826
13.059001859414035,13.168083
11.212862727257344,10.603927
5.750579952425732,5.2845697
2.2479633967832977,2.3107078
0.5418723168895617,0.5551251
0.2341145136158613,0.2192147
0.95257173490795,0.9188433
0.4347991269155074,0.41098064
1.2837223197785603,1.3090531
1.9651796733440003,1.9779319
0.9742478973147276,1.0092874
1.8010205584609982,1.71973
3.1439765612601107,3.1794846
2.608751182268664,2.4681046
4.7803,4.7334676
5.198208734778677,5.32753
11.556788391994566,11.465132
22.094837223495883,21.903858
28.85447119229065,28.48906
34.1496,34.086117
37.2708,37.11821
33.50334825362576,33.680225
33.70732426152814,33.555088
28.633903974605616,28.76353
21.97667872558215,22.311018
15.108758864206475,15.110485
6.207489153594324,6.423016
0.8773899020062661,0.8661099
1.0057288219656133,0.95062596
0.9672951762112146,0.9838018
0.739618384354363,0.72983825
0.7436157698755708,0.73193014
3.3088585598534017,3.2900925
0.1775502685765108,0.2531283
1.8232776459250613,1.7973732
3.030586767755127,3.0013409
3.0544109533845485,3.073262
2.677016452140487,2.6430647
5.1475,4.9181676
6.440753679468527,6.3156123
15.8881,15.896515
20.9371,21.391722
25.93893646119752,26.01217
30.12349365079365,29.798092
34.62564507722867,34.921185
34.12842896416452,34.164692
28.8740963623814,29.328403
27.0877,26.7421
21.3502,21.067354
14.9701,14.652282
6.677715005135807,6.4327517
3.45010358412039,3.2386117
4.0,4.0384994
4.0,3.9996736
4.0,4.0006742
4.0,3.994823
4.0,4.0069804
3.481712168762182,3.4306223
1.2837223197785603,1.3990443
0.163778511296237,0.18033567
4.0,3.9760785
4.0,3.931559
4.8262,4.895422
9.4621,9.642508
14.8324,14.547239
27.3172,27.110077
34.5694,34.53696
37.7365,38.024048
39.37066199167801,39.49806
40.49782296348177,40.813927
36.56698188358944,36.86994
33.0088,33.18305
25.4353,25.559275
17.586399999999998,17.601507
10.0129,10.021673
3.6495435186266656,3.5344658
4.0,3.9294393
4.0,3.9856954
4.0,4.0074205
4.0,4.0058
4.0,3.9942384
4.0,4.0004215
4.0,3.994944
4.0,3.9989333
4.0,4.0101085
4.0,4.007358
4.8262,4.861684
8.9572,8.938664
16.12071858086211,16.361506
27.0877,26.93426
34.064499999999995,33.87162
36.6349,37.022873
36.5431,36.309395
36.6349,36.430653
37.0021,36.76886
30.4384,30.827358
24.4714,24.358671
17.661145059161868,17.640116
9.9211,9.981102
2.499672358172183,2.4660845
0.3242073330162757,0.3709776
0.0,0.007173376
0.0,0.025811985
0.0566670086147929,0.038261134
4.0,3.9882014
4.0,3.934822
0.7252819991673028,0.7592645
4.0,3.9652812
3.714834430901081,3.6826344
0.2398708574538672,0.29012254
0.5644080618747379,0.54478735
4.17466031613243,4.7561836
11.426472837923,11.428768
20.97976762657817,20.50749
21.573,21.750742
23.0877,23.542349
29.6973,30.28504
27.807951653094687,27.720615
30.998346014283378,31.589993
29.5596,29.599152
21.717142813108584,21.813368
14.227566078457198,14.714553
7.529295990613406,7.9588017
4.067271833002746,4.188138
3.967889904649506,4.01826
4.0,4.009006
3.2677011468960515,3.2893207
0.2733746621216118,0.33576947
0.0,0.02016284
0.6032062632148933,0.62964094
3.638792847564413,3.6668067
4.0,4.0194774
2.964450952395823,2.9855025
4.0,4.0119667
1.7854082108408154,1.5660985
5.828453404346004,5.5668154
16.554384980238517,16.778202
25.9402,25.619017
31.7236,31.942822
37.8742,37.332626
41.069956226913085,40.434105
37.50199665118482,37.810352
35.850312840132794,35.957214
31.53099690816516,31.884214
24.650689493767764,24.56381
17.232601738637094,17.278446
9.6916,9.82055
4.7803,4.8071165
4.0,4.004173
4.0,4.000584
4.0,3.9946074
4.0,3.9878085
2.999330952015552,3.0301557
1.793621125511402,1.7900416
2.9594793336107634,2.9456866
2.608751182268664,2.4980881
2.978137499496444,3.0196064
2.9037318894728137,2.9807808
3.26623528575765,3.1590393
6.391584639690115,6.4675856
15.51738859496001,15.864782
22.61874641921522,23.178265
30.216838347693475,30.19486
34.335396794488645,34.950054
33.2316,33.675877
34.7004,35.15736
33.0021,33.082527
27.081,27.333347
21.4854362358144,21.782509
12.381621473324818,12.942685
5.602690639403634,5.611384
3.2435990260599787,3.0638099
4.0,4.0383573
4.0,4.0093083
4.0,4.0096693
4.0,3.994848
3.058177486173064,3.078877
1.2799267803826408,1.2844745
1.1631510697653142,1.1801175
1.32570123886632,1.3716968
4.0,4.0298963
2.5611886087557934,2.4270413
1.148528900092963,1.0393678
4.135523028564082,4.351978
12.428881541099344,12.405773
17.4879,17.856121
23.844586773601627,23.735868
21.03105864234768,21.379524
22.996243937699443,23.46091
27.40340797042973,27.465652
29.3301,30.103567
22.697111015892546,22.89959
14.86472283780643,14.4730625
11.595295752103445,11.8710165
7.635881774293597,7.494661
4.163823283381003,4.2992797
4.0,4.0157294
4.0,4.004176
4.0,4.005252
4.0,4.001627
4.0,3.9916375
4.0,4.0107517
4.0,4.010439
4.0,4.011918
4.0,4.0083437
4.0,4.011893
4.5049,4.4006076
6.3868,6.273279
10.255801738637093,10.145896
18.7339,18.615475
25.3435,25.601616
33.789100000000005,33.114384
30.3925,30.35783
26.24250714137288,25.923786
18.5962,18.555902
16.253960250598045,16.610195
23.724535730736537,22.28698
14.818000744731194,15.147871
7.396599999999999,7.634967
4.1836,4.1773605
4.0,3.988362
4.0,3.9961371
4.0,4.0036216
4.0,4.0046406
4.0,4.007873
4.0,4.005469
4.0,3.9896412
3.190986708733949,3.15806
4.0,3.9617653
2.619491932453748,2.5293481
4.1836,4.1946263
2.4014905716294823,2.4077396
6.0655,5.919459
10.2883,10.19462
20.983,20.914003
24.13282873452322,24.501904
28.9696,28.763857
22.4518,22.72668
23.516905344217164,23.39842
22.023912461232584,21.371273
18.86594147473138,18.928246
10.098,10.329231
1.8966536794685267,1.9786538
0.9840652746397116,0.74950606
0.3298610317572301,0.31049392
0.9672951762112146,0.98593193
0.4678586423476784,0.42696327
1.2998905716294824,1.3368067
1.2799267803826408,1.3855115
1.6972871790046442,1.7014915
1.8498891406145168,1.8538184
2.2080471105361696,2.2553797
2.900028107944445,2.9651387
1.407026086710225,1.2785879
3.2413132888480964,3.164938
4.344122969934659,4.253724
14.5770584476156,13.867825
22.244451086665748,21.556154
24.95968791696061,25.02794
31.93134864486392,31.992758
34.559048253625754,35.019245
35.925581687677,35.99736
25.54282728123429,25.494
21.0289,21.146687
13.761547200372302,14.251738
7.830159672335298,7.7745676
4.131,3.8405244
0.6308137768877748,0.7013162
1.0410734795150078,1.0482059
4.0,3.871232
4.0,4.011441
4.0,4.0142817
4.0,3.9807892
4.0,3.9863634
4.0,4.0182843
4.0,4.017693
3.637464004664528,3.6084025
4.0,4.0117974
4.6426,4.6093054
8.2228,8.115273
10.412713680553615,10.988009
13.12033830872002,13.357859
23.1403,22.873573
31.6318,31.14634
39.7102,38.540806
37.1398,37.08871
34.064499999999995,34.297512
30.8974,30.288393
22.1764,21.993431
10.950046966572849,11.063252
7.809699999999999,7.5867734
4.5508,4.4886975
4.0,4.013872
4.0,4.007291
4.0,4.011334
4.0,3.9904773
4.0,4.002196
4.0,4.0020967
4.0,4.0063343
4.0,4.007698
4.0,4.0186195
4.0,4.012435
4.6426,4.5473204
7.672000000000001,7.4967637
16.2553,15.895723
22.2682,22.398838
29.8876,30.381544
37.3234,36.75056
39.3889,39.143867
36.4054,36.48482
35.9005,35.479927
26.84137966195422,26.538357
19.147,19.308826
11.474790531457884,11.7314825
7.982073604159838,7.901859
3.402339111354848,3.296692
4.0,4.0343156
4.0,4.0018673
4.0,4.008654
4.0,4.00749
4.0,4.001402
3.833238588355473,3.919133
4.0,3.9938562
1.6848481217917397,1.7804397
2.570677965630207,2.597528
1.3478152636920695,1.272272
4.3672,4.343665
6.6622,6.4155354
9.2785,8.887469
15.1078,14.774437
16.9438,17.588566
14.6488,14.663054
14.7406,13.912552
17.2192,16.407621
18.8716,17.792664
15.8881,16.130817
17.2192,17.508242
11.1604,11.086392
5.0373492558993895,4.7531667
4.5049,4.549169
4.0,3.990214
4.0,4.002918
4.0,3.997836
4.0,4.0035677
4.0,4.005878
4.0,4.010715
4.0,4.0067925
4.0,4.0130944
4.0,4.0128827
4.0,4.023754
4.4131,4.2633348
7.9474,8.105227
11.5276,11.750576
16.083371304157428,15.920663
18.034611938954946,18.640709
22.9567,21.752707
10.904653125462396,11.3148155
11.190862423003493,11.744514
15.2455,14.326785
11.582958140215853,11.6882515
9.755860455502326,9.745929
5.263565336158512,5.3861265
3.240858701829662,2.835575
4.204230910077544,4.2635126
4.0,4.0089564
4.0,3.996705
4.0,4.001347
4.0,4.005209
4.0,4.0032363
4.0,4.0048285
4.0,4.008961
4.0,4.0078387
4.0,4.0027666
4.0,4.008581
4.1836,4.1582727
5.6524,5.584445
10.0129,9.978944
16.0258,15.915297
22.110723283381,22.746958
21.36224115331929,21.425789
23.28851122101813,22.062172
17.08003331202757,17.134947
18.118464901844675,17.595142
25.7392547855093,25.336798
20.0776477920372,20.200891
14.7865,14.650477
5.19088215760358,4.862392
2.079132278996318,2.123942
2.796939905337048,2.8258924
2.1138128401327942,2.1669977
0.9855800408492812,1.0209776
2.5280650408168963,2.4065127
3.685425007120721,3.7175295
4.0,3.9501417
4.0,4.0077796
4.0,4.0091643
4.0,4.004511
4.0,4.0088267
4.7803,4.7456474
10.1506,9.846792
18.6421,18.101234
27.5467,26.382694
35.0743,34.869087
38.884,38.611477
41.6839,41.48387
42.0052,42.285076
38.7922,38.650047
32.6875,32.53693
26.3533,25.675241
16.760199999999998,16.860672
9.3703,8.958476
4.5508,4.555486
4.0,4.0078993
4.0,4.0069985
4.0,4.0041785
4.0,4.00666
4.0,4.010578
4.0,4.008341
4.0,4.00577
4.0,4.009541
4.0,3.96872
4.0,3.9943266
0.6426,0.6155801
8.865400000000001,8.780602
16.0717,16.149538
23.9206,23.455576
29.2909,28.9068
26.0779,26.176676
22.0846,22.17235
27.4549,27.525133
23.5534,23.735178
16.58459105275538,16.847013
10.574679715382624,11.125046
6.6562914936474575,6.6241837
5.45154010369308,5.6164618
1.376507027176045,1.4748118
2.727684984532761,2.7557268
1.8916503744904056,1.8772447
3.360541900966997,3.3743172
4.0,4.0207148
4.0,4.0077505
4.0,4.0039835
4.0,4.003564
4.0,4.0118775
2.363411015892547,2.3647194
2.7579905191242347,2.7529235
4.459,4.371703
4.309219350149572,4.3693647
2.546229227943805,3.0384753
4.488181541099344,5.229671
8.452300000000001,8.654005
13.734105008196751,13.231973
17.450858825547655,17.334185
21.39036911219454,21.233381
24.66293834769348,24.706036
19.265059296809586,19.354155
12.028934680149137,12.079456
10.94885599033331,10.472341
6.508932302167863,6.157677
2.363560500396353,2.419381
1.3487797153826244,1.3718992
1.6230967376991028,1.5706389
0.8615401036930808,0.80910134
0.3154671798931246,0.34427276
0.04294729019104,0.035576418
0.1507936507936507,0.1397406
0.4966525957485884,0.43886352
0.3701916868617538,0.41414914
1.463083373698045,1.3222834
0.6311776507936508,0.674208
1.3512652746397116,1.3282571
4.6080481724741125,4.4157605
13.25583765079365,13.338016
18.74782750425571,17.811926
24.426129513073946,22.866451
31.701848644863915,31.556862
35.90561417642086,35.29712
35.94512577450624,36.243233
32.036651699171,32.300022
24.916188063029523,24.937382
16.720491997951918,16.581923
10.131177645925062,9.954282
6.830542936686296,7.1647506
1.615091908872436,1.6538959
0.5418723168895617,0.5597431
0.0478720417824778,0.024360696
0.1300575991230194,0.09269708
0.1845367330344468,0.16964032
3.3670195812495045,3.3598871
4.0,4.0233874
4.0,4.006379
4.0,4.0131383
4.0,4.0131617
4.0,4.012998
4.6426,4.6060414
8.0851,8.163721
13.9144,13.666902
22.0846,21.878239
28.5106,29.002262
36.3136,36.20085
37.1857,36.393257
36.2677,35.609108
34.202200000000005,34.072464
27.3172,27.367573
12.913005074031934,13.816013
3.5597308168228343,4.0272136
3.8666825507305216,3.8891487
4.1377,4.2040353
0.0,0.07443408
3.854896494343733,3.869911
4.0,3.993129
4.0,4.0066857
4.0,4.004086
4.0,4.0042796
4.0,4.006112
4.0,4.0113525
2.914853489006604,2.9907875
0.6433914936474577,0.59604406
4.4131,4.3873577
5.836,5.7409887
8.3146,8.356287
9.2326,8.85375
16.7143,16.223816
22.932923459515216,22.923391
33.13922242795022,32.74633
39.35622076218262,38.8417
36.906734680149135,36.910213
32.12887044178035,31.733889
25.4353,25.170288
16.760199999999998,16.901573
6.123014213960859,6.0615582
2.132372017782349,2.1545188
1.9826123224089096,1.7904277
0.8548494090426174,0.79290956
0.6372754876637118,0.62190324
1.2751883919945666,1.316717
4.0,4.0413666
3.2523104097085893,3.3102055
4.0,3.9311812
4.0,3.9880311
4.0,4.013581
4.0,4.014277
4.5967,4.6125584
8.8195,8.718117
12.2161,11.548308
19.3306,18.604387
29.6122,29.356497
37.0939,36.450043
31.1269,31.2019
31.204127849178924,30.70022
29.53390938161593,29.335487
25.66676574807117,25.864183
18.140250374490407,17.908861
10.71900065968451,11.268579
3.886567937393001,4.1224313
1.4834905716294824,1.5524251
1.7170411533192924,1.7262187
1.079493343342686,1.0850941
0.1466925244057087,0.12366562
2.1238452637083807,2.1024365
4.0,4.020955
4.0,3.9919543
4.0,4.0055895
4.0,4.008087
4.0,4.0090785
4.0,4.0051894
2.521929512094136,2.5157592
5.1475,5.2191515
3.386877756710865,3.600993
9.483609094748925,9.3089905
16.578228107944447,16.239758
18.841427281234285,18.430876
25.343562765798502,25.294985
12.893782591731574,13.646806
8.039262765798506,8.236572
11.30500806187474,11.167696
16.136330816822834,15.754065
8.807083373698045,9.129162
4.650664783352904,4.540713
3.585150563473437,3.545664
1.5894505289515375,1.6463009
1.1945628804851298,1.1340237
1.2047818110244315,1.1337168
0.847341589205963,0.8713968
2.4563902630783967,2.4509284
3.792736134024604,3.9378262
3.682754992159442,3.6879258
3.8847420330972247,3.9300237
3.792736134024604,3.8961842
2.772576109783965,2.69389
4.385567458612626,4.3995905
5.702981811024431,5.7191615
12.833524335764723,12.922596
21.99355946768026,21.36518
27.25795270026404,27.089155
29.4495803551948,28.9461
33.038372537338134,32.890217
31.671,31.929752
24.5106,25.51831
21.77579687961316,22.403276
19.145589902006265,18.540348
13.188925650793651,13.234364
4.956212690408563,4.880815
2.2908333169780435,2.2802582
1.776744474985438,1.7488823
3.4699241304781907,3.4511828
4.0,4.006384
4.0,3.9902618
4.0,4.0087547
4.0,3.9614186
4.0,3.9974477
4.0,3.9947307
2.9185638245046825,2.9807699
2.5127338103314147,2.4752278
4.5508,4.6049843
8.3605,8.217881
9.67793804783384,10.116922
21.27281057337894,20.487911
18.85513087220197,20.039486
23.1862,22.582586
18.473174617912207,18.995983
27.392672537338136,27.038996
20.454956677678144,20.553978
20.75635840608632,20.149605
14.867185650793653,14.659293
10.46819154971892,10.290096
5.780624585241062,5.876052
4.2754,4.2267165
4.0,4.00986
4.0,3.9896457
4.0,4.0098877
4.0,4.006584
4.0,4.0066423
4.0,4.0055394
4.0,4.004963
4.0,4.0054207
4.0,4.0150623
4.0,3.9981725
4.0365251826793855,4.050058
6.609848377235242,6.3055882
10.229452829336296,9.738426
19.316455418160253,18.495989
30.781313288848096,31.126041
34.1104,33.72296
20.4781,21.5229
14.413820778704268,14.379588
27.184342427959866,26.433968
27.637493519037864,26.902218
22.211650861964817,22.10591
16.209400000000002,16.400768
7.5802,7.25931
4.2754,4.1780596
3.175714580311239,3.198595
2.709552864509124,2.7073636
4.0,4.0173106
4.0,4.000546
4.0,3.9955387
4.0,4.004697
4.0,4.005527
4.0,4.0039067
4.0,4.0068746
4.0,4.014664
4.5508,4.5544124
9.5539,9.65721
17.8159,17.287205
14.533133854428032,15.476894
27.2254,27.07558
36.2677,35.9557
40.4905,40.36077
39.1135,38.626804
34.1104,33.139896
30.4384,30.295973
25.3894,25.130789
16.760199999999998,16.81708
8.131,8.100907
4.2754,4.168075
4.0,4.0077567
4.0,4.0027256
4.0,4.0020785
4.0,4.0028195
4.0,4.0050373
4.0,4.003218
4.0,4.0035434
4.0,4.0044584
4.0,4.0100026
4.0,4.006102
4.5508,4.582953
9.508,9.50531
17.67105340330844,17.382277
26.5828,26.36109
33.06495706032908,33.21643
37.4152,37.81483
32.71963830872002,32.556675
37.4611,37.327988
29.876338303079365,30.604582
25.892130595509705,25.824448
21.02765324689227,21.073677
16.57187700563016,16.765154
7.7179,7.640124
4.2295,4.164299
4.0,4.0038347
4.0,4.0019617
4.0,4.0056014
4.0,4.0079756
4.0,4.0120597
4.0,4.008275
4.0,4.008181
4.0,4.0022182
4.0,4.001977
4.0,4.00267
4.5049,4.478278
7.396599999999999,7.5345616
13.8685,13.8754225
18.7798,18.92137
28.6024,28.35969
31.9072,31.718733
38.884,38.04802
37.4152,37.930664
36.4972,35.92526
30.5761,30.719767
22.2223,21.892647
15.0619,15.196401
8.039200000000001,8.161324
4.2295,4.1492248
4.0,3.9618487
4.0,4.0169125
4.0,4.005701
4.0,3.9995534
4.0,4.0060067
4.0,4.006034
4.0,3.9932404
2.419058355239226,2.3974986
4.0,4.0147877
4.0,4.0049186
4.459,4.3979664
8.3146,8.361652
17.5405,17.811514
25.8943,25.382717
32.917,32.837498
37.2775,37.29922
40.4446,40.382725
38.884,39.1938
34.693926575760905,34.710526
29.179686214709047,28.857088
19.675226086710225,20.887972
10.121536876058071,10.234716
4.240708862395974,4.601029
0.2314720417824779,0.3530454
0.6773430310277946,0.6160315
0.6197918340080821,0.64083004
0.1888689489131417,0.179035
0.0321419593548001,0.020057745
0.453308207882241,0.42472282
1.7139175396499753,1.6617327
4.0,4.0275517
4.0,4.010932
3.989793953421069,3.9794574
1.1603919979519155,1.0815008
0.5229481724741121,0.56455666
4.571259672335298,4.395002
10.7865,11.261276
19.8747,20.024723
27.98524193432624,28.244614
33.90559356850794,34.959923
35.8769360770216,36.169544
30.621806263214893,30.907656
23.69233148974212,24.412235
20.776322969934657,20.879921
15.344775621228914,15.785111
10.8783,10.837922
5.7958336924498255,5.555779
1.9197124612325844,2.0722213
0.1888690604331411,0.15524012
0.3604704976556536,0.406825
3.640122963481764,3.66427
2.3495657480711696,2.3856766
3.9952770056301614,3.980078
2.5280650408168963,2.4294908
1.0057288219656133,0.92780405
0.7500254769650917,0.72603273
0.0,0.039820507
0.1038429934437652,0.08328332
1.257111114537706,1.1866734
4.808903252916519,4.546851
13.00663722349588,13.778424
23.02068562404711,22.569433
31.24731254087778,30.956842
32.94240165079365,33.92312
35.322903937100016,35.902023
18.4585,17.945568
23.82609351274968,23.670156
23.226853651937617,22.85132
11.442559189701557,11.76133
7.002878511296237,7.252887
2.014429637081862,2.0289855
2.6009997750883773,2.6385114
2.533969069198865,2.5327225
4.0,3.9993222
4.0,4.014884
4.0,4.0064383
4.0,4.002288
4.0,4.008803
4.0,4.005981
4.0,4.0110693
4.0,3.9857564
4.0,4.0118203
3.0042951709034167,2.9322128
6.831279584279726,7.018452
15.6586,15.873228
24.7927,24.601494
33.1006,32.89113
39.3889,38.906918
37.3693,37.054924
30.60072328937602,31.153877
37.4611,37.15211
25.0681,25.19143
14.425878306712043,14.104354
7.9933,8.246129
6.1573,5.9763727
4.1377,4.111558
4.0,3.9971244
4.0,3.9897935
4.0,4.002437
4.0,4.0070724
4.0,3.862244
4.0,4.005379
4.0,3.9895048
4.0,4.0149326
4.0,3.9848573
4.0,3.9046867
4.1836,4.0514903
5.9737,5.7813134
3.1212,2.9575543
10.5637,10.972956
17.9077,18.439077
27.3631,26.484102
19.9732,20.71097
14.4652,14.810269
18.0454,17.032936
20.3863,20.682707
15.475,14.858881
9.3244,8.916136
6.7081,6.3873076
4.0918,4.093917
4.0,4.0044703
4.0,3.9991548
4.0,4.0062823
4.0,3.887118
4.0,3.9749634
4.0,4.0230823
4.0,3.9103737
0.0,0.02643361
0.0,0.042546544
0.0,0.021173041
4.3672,4.3445387
4.59,5.272692
5.8752,6.3273716
18.4126,17.239424
27.1336,26.74719
25.1599,24.63396
20.8912,21.869366
24.0124,23.511257
24.5632,24.23677
23.3239,22.797888
20.6158,20.00999
14.0062,13.540661
5.649459293871775,5.9720526
4.0918,4.0908866
4.0,4.0081906
4.0,4.0090837
4.0,4.001967
4.0,4.0057397
4.0,4.005447
4.0,4.0055575
4.0,4.00543
4.0,4.012471
2.7059322706563704,2.7332811
4.0,3.9962773
1.3074896375423046,1.5468104
6.287170441780352,6.0812726
13.423111815301242,13.784646
22.9567,22.290712
30.20164620862237,30.12422
34.575978306712045,34.108204
37.68559665118482,38.055103
37.53545277705404,38.039665
34.7017197803211,34.63256
28.44136790849992,28.305796
20.20973895861103,20.323257
11.56979154971892,11.764266
3.5664419593548,3.7677214
0.1857967944886446,0.3926194
0.3819536794685268,0.3850568
1.048188063029524,1.0896004
3.103505194425785,2.9675941
4.0,3.996223
4.0,4.0131483
4.0,4.00373
4.0,4.0046864
3.4503078564808205,3.4368825
0.3154671798931246,0.4832271
1.4611045030627,1.3650148
4.3672,4.3607965
5.667718244488558,5.2226057
11.424083945475685,11.331446
21.62986725711684,21.71147
29.734398312713303,29.521147
32.921875680713626,33.403088
36.66388318914413,36.976067
33.84650002613601,34.11442
28.045691493647457,28.857117
25.59372433576473,26.091051
19.57441776810332,19.592356
9.432901859414034,9.82564
6.0196000000000005,6.055599
4.0459,4.0709486
4.0,4.00863
1.3458881792601232,1.3074642
1.1210759008184217,1.1392479
4.0,3.9491065
4.0,4.0134015
4.0,3.9949024
4.0,3.9997387
0.472738958611032,0.47172394
0.9838338326959228,0.98705536
4.0,3.9127588
4.1836,4.177408
6.5245,6.3412743
9.4162,9.16701
12.9964,12.55771
19.1011,18.116154
27.4549,27.463022
34.1563,33.911385
29.75083401093878,29.8363
28.2352,28.363962
22.72520367189722,23.004368
16.5766,16.905293
11.2063,10.8906355
6.9376,6.7278786
4.0459,4.0258656
4.0,4.0058646
4.0,4.0096602
4.0,4.010355
4.0,4.0083075
4.0,4.0093236
4.0,4.0146947
4.0,4.0113335
4.0,4.0174375
4.0,4.0303316
4.0,4.008312
4.2295,4.161247
6.1573,6.2192836
8.727699999999999,8.519538
15.1996,15.194051
20.3863,20.438969
28.74905024728473,28.899555
31.631413217133183,31.34652
32.21371246123258,31.390005
28.3948827539391,28.15203
25.181508852396217,24.814901
18.70963372226785,18.541245
12.39334777361072,12.0659275
7.1212,6.9317455
3.684692847564413,3.6101842
4.0,3.951324
4.0,3.9841964
4.0,4.0066624
4.0,4.0063963
4.0,4.005428
4.0,4.0077505
4.0,4.0112247
4.0,4.029592
4.0,4.0056386
0.0,0.0109810755
4.1836,4.1824875
5.5606,5.409376
6.4786,6.1377378
14.8783,13.960658
26.032,25.842781
26.4451,26.29995
17.547822963481764,18.026613
19.672359672335297,19.257423
24.959588391994565,25.216774
22.9108,22.319906
11.4817,11.865438
4.700216052069397,4.970813
3.435793460134515,3.4771013
3.896973604159839,3.986929
4.0,3.992513
4.0,4.0013056
4.0,4.0027237
4.0,3.9860942
4.0,4.016995
4.0,3.9703355
4.0,3.9993973
4.0,4.0018497
4.0,4.0013003
4.0,4.010025
4.1836,4.1893916
5.6983,5.5211782
7.142282809347828,7.449478
10.079430910077544,9.719322
17.2651,16.565678
22.873175135332644,23.078642
30.45574437519257,29.735052
20.7535,21.203312
27.6844,27.198486
23.9206,23.761927
15.5209,14.887098
7.0753,7.1907916
0.5967,0.92662984
0.0,0.010662343
0.0,0.053944096
0.0,0.06654958
4.0,4.0255103
4.0,3.9321082
4.0,3.923746
4.0,4.0285387
0.0,0.04307348
0.0,0.028974919
4.0,4.0551577
4.0,3.9226458
0.1836,0.16811201
6.2032,6.1057816
10.3342,10.049443
12.1702,12.540957
13.1341,11.981888
13.6849,12.772147
20.8453,20.270954
19.4683,20.063192
18.5044,18.835485
16.4848,16.1496
12.7669,12.243161
9.508,9.403036
4.3672,4.2186832
0.0,-0.014905178
0.0,0.030200563
4.0,4.0503845
4.0,3.980756
4.0,3.9957466
4.0,3.983853
4.0,3.9815936
4.0,4.0098195
4.0,4.0064955
4.0,3.9818528
4.0,4.008735
4.1377,4.1110606
2.209706263214893,2.2887883
4.380345223540593,4.5675297
9.241035814531903,9.116208
17.5797,17.432999
31.780011221018125,30.909048
31.8154,31.251768
19.9732,20.211498
18.4585,18.715662
23.6452,23.207884
16.5766,17.016449
11.5735,11.267178
4.5508,4.416844
4.0,3.9737585
4.0,4.0037756
4.0,4.001201
4.0,3.9976106
4.0,4.0016026
4.0,3.9784622
4.0,3.9944847
4.0,3.9988885
4.0,4.001886
4.0,4.002975
4.0,4.0040727
4.1836,4.021939
5.377,5.0541253
8.865400000000001,8.296532
13.083586244047282,12.807085
20.33545022052224,19.688957
27.904572837923,27.80723
33.724952483061834,34.267952
34.262521352405955,35.460003
34.41867581433102,34.336
24.462025182679383,25.252584
13.740595242447425,13.859168
7.889083373698045,7.801885
6.356595409374835,6.322668
4.0,3.9849832
4.0,4.00005
4.0,4.003025
4.0,4.0040884
4.0,4.0059686
4.0,3.9932697
4.0,3.9882534
4.0,4.0012674
4.0,4.002623
4.0,3.988295
4.0,4.0032907
4.2754,4.180842
8.3146,8.24162
16.1176,15.7622
19.5993,20.591997
31.0351,30.684555
35.716899999999995,35.059193
38.8381,38.462128
38.9758,38.280247
31.54,30.65013
25.9861,25.839264
19.0552,18.79766
10.4719,10.299683
6.295,6.421851
4.0,4.010373
4.0,3.9954624
4.0,4.0134606
4.0,4.011061
4.0,4.01048
4.0,3.973083
4.0,3.9916472
0.0,0.0018455614
4.0,4.052579
4.0,4.036048
4.0,4.0100102
4.2754,4.203548
8.5441,8.601568
17.1274,16.95421
25.6189,25.473368
32.825199999999995,32.69772
34.753,34.955654
39.0676,39.272377
38.8381,38.844433
33.8809,33.732185
25.6189,25.656754
17.311,17.392906
11.6653,11.312801
6.2032,6.2022634
4.0,4.0006137
4.0,4.0058494
4.0,4.0178995
4.0,4.009894
4.0,4.010451
4.0,3.9843621
4.0,3.8846703
4.0,3.988743
4.0,4.001722
4.0,4.0039344
4.0,4.0072317
4.2754,4.17861
8.6359,8.5793
17.448700000000002,17.203009
26.5828,26.872877
33.0088,33.01725
39.3889,38.577454
40.3987,40.18774
38.7004,38.815144
34.8302042030512,34.656384
27.1336,27.148836
17.035667827249473,16.99636
10.214795243224902,10.270142
5.836,5.6560745
4.0,4.0041895
4.0,3.9950678
4.0,4.007033
4.0,4.0060344
4.0,4.0114064
4.0,3.9964278
4.0,3.999189
2.4283737527963454,2.3996522
1.6848481217917397,1.6464152
1.6848481217917397,1.6091648
2.890157531155168,2.9542143
4.258345059161868,4.289625
6.626871239554956,6.46998
14.996745001899644,14.822712
23.60101941511349,24.036839
29.93547380974426,30.601467
34.563669112194546,35.03005
36.761485708462224,36.877113
35.87849867518598,36.095818
33.59267937378786,33.125828
26.32510808677965,26.25819
17.146623092377144,17.424551
9.59414147473138,9.794512
4.972342513988673,5.2589717
1.1862217593651367,1.2696228
0.2715824906983998,0.27510417
0.0829904782791986,0.05555472
0.0,0.0032574711
0.1033696507936507,0.07906464
1.0083660784571964,0.9949251
2.005566838485183,1.9220953
4.0,4.0142612
4.0,4.002155
4.0,4.0031543
4.0,4.003949
4.2754,4.2981167
8.865400000000001,8.931058
17.448700000000002,17.143944
26.4451,26.040836
33.9727,33.841873
35.441500000000005,36.000072
38.2879927689849,37.986958
38.2414,38.11919
35.2579,35.34555
30.3466,29.68622
22.2682,22.546917
13.639,13.266148
6.2491,6.184648
4.0,4.006244
4.0,4.0037136
4.0,4.008468
4.0,4.0100193
4.0,4.0077643
4.0,4.0113764
4.0,4.0109897
4.0,4.0008664
4.0,4.0008645
4.0,3.9990094
4.0,4.0050793
4.2295,4.1607733
8.8195,9.066238
17.4028,17.217464
26.491,26.111534
32.549800000000005,32.64003
38.1496,38.267635
40.7659,40.38332
39.5266,39.660763
37.1857,36.58453
30.8974,31.277058
23.0026,23.195208
13.9603,12.862032
6.2491,6.070698
4.0,4.01027
4.0,3.968778
4.0,3.9257636
4.0,3.997884
4.0,3.999046
4.0,3.9995418
4.0,4.0010543
4.0,4.0005035
4.0,4.0010967
4.0,4.004285
4.0,3.9755104
4.2295,4.0160475
8.4982,8.555312
16.3012,16.159348
26.1238,25.869135
34.5694,34.583015
39.1594,39.036823
37.8283,37.44682
35.3497,34.763317
32.6416,33.025406
28.327,27.74595
20.524,20.936459
13.2718,13.476683
6.0655,6.0121474
4.0,4.0063505
4.0,4.000241
4.0,4.005335
4.0,3.9901435
2.9607214148686074,2.9844248
4.0,3.9380054
4.0,3.9994037
4.0,3.9955935
4.0,3.9999435
4.0,4.0021667
4.0,4.002691
4.2295,4.1506224
8.865400000000001,8.762727
17.1274,16.8948
26.2615,26.068516
34.477599999999995,34.24139
35.8087,36.135193
39.4348,39.09038
38.1955,38.646915
34.753,34.80657
29.7958,29.612972
21.5797,21.569149
12.9046,13.293618
5.040173176539151,5.3241777
2.355331427208302,2.444603
0.7500254769650917,0.79498196
0.2125789800847595,0.2205828
0.0566670086147929,0.020684158
0.0321419343262334,0.0072906488
0.3476236339435328,0.3194745
1.7232952432249025,1.7909083
2.7579905191242347,2.8818173
1.156717094207603,1.0511168
2.1361289641645174,2.112367
3.3709093816159355,3.3558745
4.1836,4.161835
6.704396362381402,6.96554
9.096275742431574,9.161579
17.137194719018915,16.653873
30.61548394042315,30.125132
35.8993417010766,36.371246
39.31670486595564,39.730473
37.966,38.14847
34.294,34.18787
28.1434,28.232477
20.3863,20.763021
12.1243,12.701359
5.9737,6.1625905
1.8520241029743447,1.9781085
0.5418723168895617,0.6210507
0.0466338903220224,0.020501964
0.0,0.0137798665
0.1507936507936507,0.12871861
0.5209116931350103,0.5621493
1.7567711702687714,1.7587063
2.1417188779208765,2.1363206
1.79890495058783,1.8365093
0.7855804585452967,0.7850543
1.219695702822275,1.0950836
4.1836,4.1915793
7.138926245200416,7.2190146
13.429005306336023,13.920522
22.77045051627044,22.866447
32.13558405532413,32.38846
36.3136,36.778503
38.8381,38.8174
37.3693,37.036636
35.2579,34.916683
30.1171,29.721468
21.2584,21.019821
12.9046,12.972247
5.7442,5.8669605
1.5298622566153612,1.5869422
0.4867636069174357,0.52561164
0.163778511296237,0.18289976
0.1305548848984213,0.11376155
0.6182784225091529,0.63101363
1.3142099634239424,1.3058991
2.338047582724473,2.3153503
1.4611045030627,1.4368672
3.755063397632152,3.7898808
4.0,4.0067863
4.0,4.0114307
4.1836,4.150176
7.602074742829354,7.8440423
14.913514517915226,15.604558
25.6648,25.722162
34.2481,34.381073
39.6184,39.320053
41.638,41.369946
39.4348,39.20868
37.048,36.683197
30.2089,30.376913
21.3502,21.417282
12.5374,12.99101
5.6524,5.5840178
1.318036618337055,1.3068625
0.3406143881603771,0.4176763
0.0,0.034834385
0.0038862222222222,0.008458489
2.338047582724473,2.276186
4.0,4.008563
4.0,3.9955308
4.0,3.9936867
4.0,4.0028224
3.76715812988992,3.738804
4.0,3.9912531
4.1836,4.1018276
5.771274066225602,5.864911
13.643808734778675,14.026061
22.75815259574859,23.172966
31.52790123886632,32.14106
36.83287235817218,37.214184
38.20323142720831,38.53456
39.10390931459023,39.150826
32.8711,33.250515
27.6844,27.180393
21.4879,21.73758
8.606463457167298,8.945328
1.6644429934437652,1.945717
0.0011079704297245,0.095305935
3.808920185886532,3.9053423
4.0,3.9931583
4.0,4.0120707
4.0,4.0206795
4.0,4.013669
4.0,4.0049357
4.0,3.9893517
2.999330952015552,3.0274763
0.1340482536257554,0.17206162
4.0,3.9766746
0.4057464509531191,0.38243517
4.2228,4.478762
12.7602,12.977557
21.8484,22.018476
30.260518461367766,30.215883
32.16893804783384,32.78053
35.27025957008352,35.766212
34.683548777761494,34.709484
32.05302331026845,32.482056
27.9598,27.593803
21.1666,21.405977
11.826643858196146,12.198174
1.4229,1.6758534
0.0,0.049470436
0.0,0.0538899
1.361333351965181,1.3892655
4.0,4.0456457
4.0,4.009949
2.7823132888480964,2.6884215
3.155391088399386,3.1508214
3.513209737854857,3.3607652
2.7349481811669474,2.7197955
3.552711285768776,3.5222328
2.195630783535272,2.317456
0.6450128400134554,0.7258187
4.810572316889561,5.0026417
13.11342744502751,13.585405
22.033107970429725,21.75173
29.3087902042516,29.276432
32.454967199906825,32.58846
34.832719350149574,35.424175
29.584549190045124,30.880127
23.738568622392748,24.391268
18.51027117026877,18.58971
16.323802491444575,16.66864
8.438854474388538,8.898354
5.1934000000000005,5.3573723
2.0671959906134054,2.0081503
0.5484271764703803,0.6464207
0.4867636069174357,0.49033847
1.5540131308393763,1.6754017
1.8147886039536263,1.8684084
0.8092895942569329,0.81350255
0.555737949191545,0.5553811
1.0993189819429972,1.1273676
1.3787756580150454,1.3644581
1.2799267803826408,1.3187692
1.1165323194655767,1.1258708
3.9749952664459256,3.9833713
5.614905074031935,5.692584
13.1643618333638,13.26436
22.507444850774505,22.648224
30.3466,30.32516
25.73977966195422,26.64035
36.7267,37.026524
35.212,35.60046
33.5137,33.349575
29.4286,29.08734
20.2486,20.56295
12.1702,12.335469
5.4229,5.215534
4.0,4.0204787
4.0,4.0065794
2.7095536519376173,2.6881547
1.2865706153499186,1.2254586
1.6230967376991028,1.5771034
1.1274469665728482,1.1171488
0.0528704707995463,0.07686995
1.7170411533192924,1.7492825
3.616214363112489,3.6596625
3.480400784886565,3.432657
3.190986708733949,3.1883607
4.1377,4.0888505
8.5441,8.565397
17.2651,17.212114
26.3533,26.089146
32.825199999999995,32.7031
37.4152,37.245163
36.589,36.985695
36.0841,36.493973
33.376000000000005,33.3604
27.5467,27.134321
20.6617,20.660238
12.262,12.373499
5.4229,5.2250967
4.0,3.9759514
4.0,4.000973
2.3276966441728315,2.3472466
2.1652522904863103,2.1215065
2.7871862147090485,2.857246
4.0,3.9513612
4.0,4.0036917
4.0,4.0088644
4.0,4.0060315
4.0,4.003138
4.0,4.004559
4.1377,4.1191745
8.11441436311249,8.218328
15.021278358372186,14.99941
26.3533,26.194702
33.5137,33.276936
37.3234,37.30145
38.0578,38.061443
38.1037,38.264023
34.3399,34.421806
28.6942,28.465937
20.5699,20.775295
11.9866,12.397742
5.2852,5.1939073
4.0,3.9913375
4.0,3.9943366
4.0,3.9809942
4.0,4.007874
3.251027849178927,3.2969809
4.0,3.9967387
3.532942148828764,3.5632713
3.060691045071999,3.0733604
3.069489303288499,3.0380135
4.0,3.9800208
4.0,4.0036325
4.1377,4.1171265
8.4064,8.5081
17.0815,16.933578
26.2615,26.141602
33.9727,33.838257
39.3889,39.176826
41.3167,41.373795
40.1233,40.032124
36.3136,35.714775
29.5663,29.65884
20.7994,20.939327
11.8948,12.429148
5.2393,5.2086673
4.0,3.8746839
4.0,3.9599707
4.0,3.9623492
4.0,3.9520352
4.0,3.9493158
4.0,4.002913
4.0,3.9989884
4.0,4.011418
4.0,4.00007
4.0,3.9949691
4.0,4.0030985
4.1377,4.119009
8.3605,8.423534
17.035600000000002,17.048681
26.2156,25.859785
33.8809,33.880653
39.0676,39.216908
39.1135,39.39686
38.3332,37.82047
34.6612,34.3696
28.8778,28.512012
21.2125,21.37793
12.0325,12.406576
5.1934000000000005,5.1790953
4.0,3.8721037
4.0,3.9974236
4.0,3.9682772
4.0,3.9961822
4.0,3.999777
4.0,3.9980578
4.0,4.002681
4.0,4.001906
4.0,3.999818
4.0,3.9983366
4.0,4.0009837
4.1377,4.0699987
8.3146,8.364983
17.035600000000002,17.053446
26.1697,25.848574
33.8809,33.88024
39.1594,38.79464
41.5462,40.944736
40.7659,40.524044
36.8185,36.496906
30.1171,30.181211
21.3961,21.455755
12.0784,12.385909
5.1475,5.1079936
4.0,3.9405582
4.0,3.9955835
4.0,3.9959342
2.4248795842797266,2.4267473
4.0,4.0246525
4.0,4.0010004
4.0,4.007898
4.0,3.9968593
2.237483361527754,2.300827
3.6268342270065537,3.625946
4.0,4.0036416
4.1377,4.120923
8.268699999999999,8.325214
16.8979,17.008326
26.032,25.830849
33.789100000000005,33.77657
39.0676,39.117832
41.4085,41.442142
40.4446,40.330692
36.4513,36.83404
29.7499,30.022686
21.0289,21.41012
11.803,11.93052
5.0557,4.980038
4.0,3.955123
4.0,3.9948864
4.0,4.005155
4.0,4.0087085
4.0,4.002473
4.0,3.9999647
4.0,4.0010633
3.5910343678907872,3.5666087
4.0,4.0095167
4.0,3.9993405
4.0,3.9967153
4.0918,4.070625
8.2228,8.255806
16.534833421376483,16.59777
26.1697,25.900589
33.8809,33.886192
39.2512,39.069443
41.638,41.560104
40.72,40.52618
36.6349,36.53247
29.7499,30.072603
20.983,21.353771
11.6653,11.9592285
4.9639,4.880451
4.0,3.956848
3.3670195812495045,3.311871
4.0,4.0077295
4.0,4.002834
4.0,3.9981973
4.0,3.9998026
4.0,3.970551
4.0,3.9912357
4.0,3.9934084
4.0,3.993902
4.0,3.997802
3.587936427786405,3.4542408
5.938190640589797,5.5521884
12.809007333016275,13.014557
21.76660506751104,21.820992
29.204214176420862,29.50027
34.29629252440571,34.920616
36.51307815628619,37.09807
35.179728110327495,35.42103
31.639790571629483,31.887808
22.481824430369148,22.987373
14.061934222222222,14.785445
7.0653030140741615,7.754103
1.3731684821051946,1.8002703
0.7896526250746362,0.82442445
0.0,0.019023687
0.2969633717922578,0.27989256
0.5682325583037086,0.52436227
1.4789435312354842,1.4450359
2.477470441780352,2.4632792
3.7711927689848967,3.8113983
4.0,3.9572725
4.0,3.9905863
4.0,4.000537
4.0,4.0008955
4.0918,4.0737205
7.185796415378801,7.382737
16.1176,16.179642
24.8845,25.18747
32.2744,32.4321
35.9464,35.95537
37.8283,37.88847
37.048,36.890064
33.9268,33.830612
27.5008,27.448338
19.2388,19.509624
10.6555,10.530808
4.7803,4.919434
4.0,3.997423
4.0,4.0173545
4.0,4.00728
4.0,4.000128
4.0,3.9988475
4.0,3.991553
4.0,3.9961314
4.0,3.99367
4.0,3.9952354
4.0,4.000739
4.0,3.996697
3.8751058468091046,3.9714768
5.45843618874115,5.5799837
15.03988188358944,15.279779
24.9763,25.324596
32.1826,32.308796
34.51017621333134,34.837345
35.042495170903415,35.911312
33.399532846822346,34.14198
30.21785106976532,30.867762
23.68973792045101,24.283121
16.17497428114876,16.39716
7.6576045030627,8.21721
3.929282809347828,4.2555
4.0,3.998824
1.865916277003654,1.9489986
1.361333351965181,1.3775913
1.7672736486060736,1.8555778
1.457149255899389,1.400932
0.5101668495891554,0.5900514
0.0549746283047205,0.06221799
0.1888689489131417,0.14964044
4.0,3.9493
3.755062423003492,3.657499
3.5237292019517765,3.5301032
0.1450295130739428,0.22650051
3.1370460142833787,3.1109045
9.5931,9.535858
20.43584314913723,20.276102
27.048193650793653,27.51843
29.36995026857651,29.958632
27.685284475995072,27.84891
21.01650820788224,22.038733
21.0681,22.100368
10.8324,11.375421
7.764429513073943,8.1376505
4.951685206052458,5.524192
2.002551086665747,2.2698567
1.2865706153499186,1.3743556
1.1210759008184217,1.1723864
2.150673953711101,2.0561318
2.355331427208302,2.239634
4.0,3.9858112
4.0,4.000452
4.0,3.999024
4.0,3.996489
4.0,4.003778
3.023075814331016,3.062708
4.0,3.9902217
0.2927267205636361,0.349999
3.3966,3.8368635
11.1996,11.473052
19.166223092377145,18.908247
25.7499,25.995192
32.114948644863915,31.888151
34.1955,34.225407
32.2677,32.49457
27.4482,28.05221
23.9665,25.305967
11.346292524405708,12.057249
5.425192524405709,5.565667
0.8394627272573429,1.1433069
0.5309996814941588,0.5773322
0.7500254769650917,0.78634053
0.6649354127734298,0.64744705
4.0,3.9877727
4.0,4.002654
4.0,4.0143933
4.0,4.01207
2.191121822505818,2.3002243
0.4629935127496797,0.43138814
4.0,3.985015
1.8232776459250613,1.7741253
0.0459,0.050985955
3.2589,3.5511968
12.201355773966508,12.243538
20.398956070560235,20.675583
28.94193595035884,29.061647
33.179113130839376,33.76703
36.1063361340246,36.64575
32.58361935014957,33.323822
24.56647434444704,25.61228
21.36430708542761,21.863384
17.045028884583427,16.741123
7.67325229048631,8.058434
4.5049,4.3169465
1.2799267803826408,1.3054638
1.3170797858085126,1.4109025
4.0,4.03553
4.0,3.9864955
4.0,4.006176
2.9309430881949976,3.0238261
2.097124825356937,2.0333343
2.088242675779915,2.0028548
4.0,3.9827495
3.377394671297529,3.3559458
4.0,4.033266
3.974187882795949,3.9821792
4.216065296433627,4.5044937
12.179928098583424,12.694236
20.768408366015407,20.852674
27.76993085147392,28.167055
31.26466827067804,32.51234
32.5527100685308,33.208458
30.96883818093844,31.801218
27.347281999167304,27.924269
22.964877058604404,23.471699
15.9507082455754,16.542086
6.293637920451007,6.2099338
1.504483189144132,1.8683888
1.2534629967443385,1.3761011
1.9358757424315745,1.9911634
1.5701815775288332,1.6620249
0.8249411284347171,0.82495695
0.9439442038670396,0.9219365
1.554013680553614,1.604937
4.0,4.0092425
0.71735452423236,0.7405502
0.280576124051517,0.30627766
0.0,0.05988101
1.1815961307256655,1.1532098
0.6119217118456733,0.5854697
3.908959467680261,4.0828304
11.939416630216078,12.326206
22.75784293668629,22.662035
31.8154,31.631174
37.048,36.92049
37.3693,37.159325
36.589,36.779827
31.6318,32.22916
25.2517,25.242308
17.861800000000002,17.747622
9.7375,9.889772
4.5049,4.455184
4.0,4.002702
4.0,4.0098834
4.0,4.0082607
4.0,4.006416
4.0,4.012733
4.0,4.0090938
4.0,4.006917
4.0,4.0061617
4.0,4.0045915
4.0,4.006877
4.0,4.0058317
4.0459,4.0245967
7.5343,7.5046973
15.7045,15.960981
24.5632,24.60065
31.8154,31.428843
35.5792,36.22783
31.85668624404728,33.067078
32.52304696657285,32.657772
30.10184364182912,30.564165
24.082891045072,24.523413
17.6323,17.728464
9.245630105700812,9.366519
4.459,4.441815
1.4581375575297513,1.3147404
0.8490080950969792,0.76773345
2.2465660081759053,2.1949563
0.4755342222222222,0.4477807
4.0,3.8994474
0.0,-0.057688266
3.638792847564413,3.5731082
0.8274207787042676,0.80954504
0.0,0.05024851
0.0063489799432033,0.0666453
1.189926882625329,1.1788455
0.4226132253550363,0.4132794
3.4701803551947963,3.8459013
9.38083375268196,9.863367
5.136211621412929,6.5608053
9.199933832695924,10.332452
12.2161,12.741371
3.991866078457196,4.998807
10.901421414868608,11.264278
6.2491,6.4055176
11.236763397632153,11.329515
5.254889637542305,6.0526586
7.5802,7.6086955
4.4131,4.3431554
4.0,3.9910452
4.0,4.013282
4.0,4.010491
4.0,4.007761
4.0,4.007857
4.0,4.0079093
1.027774282469694,1.104714
0.4286794958576205,0.37786162
3.747005967936066,3.7464316
4.0,4.003391
4.0,4.0011883
4.0459,4.0344567
6.6163,6.7055726
10.1506,10.287874
20.7535,20.902483
25.9402,25.319912
28.570094477318083,27.302847
30.96166045550233,28.295965
30.87306907760781,30.584007
29.576196737699103,26.699596
23.4616,24.237598
13.938985338237758,13.166094
7.6261,7.581673
1.4210806441216983,1.4177741
4.0,4.0074906
4.0,3.9772596
3.2677011468960515,3.2891986
0.5101666567891822,0.6209718
1.434475680713623,1.375584
1.9521388564488584,1.8251015
1.5268513054771664,1.6119304
3.083332698502285,3.0169294
4.0,3.9828322
3.664083112153109,3.6953206
1.6848481217917397,1.7676023
0.7727705018794447,0.8231583
2.759218384354363,2.6846864
7.445152625074636,7.51896
15.7450197803211,15.574727
22.13456700861479,21.685402
26.8515,26.974747
26.9892,27.093391
18.6599902042516,19.293844
17.448700000000002,16.995014
18.30747621333134,18.188087
14.632081541099344,14.217811
7.570647582724472,7.321433
4.3213,4.327725
4.0,4.0022283
4.0,4.0004387
3.480400784886565,3.4137726
1.7232952432249025,1.8645638
4.0,3.8362021
4.0,3.9701202
4.0,4.007326
4.0,4.0033965
4.0,3.9811304
4.0,3.9886968
4.0,3.9866846
4.0459,4.033847
6.67768846996367,7.030707
12.363136537671595,12.352263
23.09853928554533,22.467115
28.4188,28.640966
33.8809,33.778763
36.3136,36.25886
34.94360288339306,35.719845
31.7236,31.96754
25.4812,26.166304
17.4028,17.294014
9.3244,9.334872
4.3213,4.2909217
4.0,3.9993155
4.0,4.0011644
4.0,4.0029287
4.0,4.00295
4.0,4.001398
4.0,4.0009813
4.0,4.001159
4.0,4.0017085
4.0,4.0014114
4.0,4.0006437
4.0,3.9995468
4.0459,4.026611
7.3507,7.1081166
13.804283361527755,13.804618
21.10867548766371,21.411064
29.03747373340904,28.980253
34.19868859496001,34.10698
34.99736249284997,35.166023
33.98229036714017,33.655018
29.755618461367767,30.131277
23.42381932867162,23.466665
15.642478725582151,15.0276165
9.2326,8.899749
4.3213,4.279434
4.0,4.0011687
1.8873532468922705,1.9871126
1.0233531215986518,1.0613183
0.1775502685765108,0.12412422
0.2025675567968295,0.14926986
0.2312502205222407,0.21081716
0.7468184613677651,0.7062084
1.6848481217917397,1.6307793
2.5718651700778663,2.5849476
3.616214363112489,3.6610496
4.0,3.9784577
4.0,4.0129323
7.1671,7.0057087
15.0619,14.740909
20.788628821965617,20.811613
28.792423054388404,28.813597
27.688620558461,28.695297
32.783748136467445,32.91827
31.71031368055361,32.612633
27.98841179093492,28.802465
23.737,24.017887
16.622500000000002,16.702837
8.066691088399386,8.365676
4.2754,4.245005
4.0,3.997442
4.0,3.9989882
4.0,4.0021105
4.0,4.0003467
4.0,4.003493
4.0,3.9991686
4.0,4.0028114
4.0,3.9779491
4.0,3.9717224
4.0,3.9986389
4.0,3.9932122
4.0,4.003572
7.1671,7.0053
13.763642881935256,13.712916
20.59159724797895,21.011274
28.54029628969707,28.235262
34.23197872558215,33.47369
36.719446208622365,37.03053
37.2775,37.03175
33.0088,33.374786
26.032,26.044851
17.448700000000002,17.165728
8.9113,9.09226
4.2295,4.2633824
4.0,4.0008464
4.0,3.9997933
4.0,4.003107
4.0,4.005288
4.0,4.0029984
4.0,3.9782438
4.0,3.9919796
4.0,3.9974837
4.0,3.9969428
4.0,4.0074353
1.41876935940222,1.3701831
1.0993189819429972,1.0960305
3.910852625074636,3.8258169
11.878981999167303,11.967128
20.113192524405708,20.12001
27.59771417642086,27.59966
32.73211663021608,33.00535
34.79573415002921,35.220203
33.57446337179226,33.84424
29.25986337179226,29.902096
22.458838958611032,22.600018
14.301824027451104,14.630662
5.796069448143609,6.671475
1.1188112210181274,1.2404966
0.2329676265781685,0.19478936
0.0,-0.0024540105
0.0095584060863207,-0.008036983
0.1446519510519482,0.11924468
0.8893112210181273,0.83674043
1.6159411181423602,1.600248
1.7546725348143406,1.6990074
2.44003528575765,2.4628348
4.0,4.019754
4.0,3.981709
4.0,4.0019855
2.4248795842797266,2.4178069
4.137762765798506,4.242013
11.292336733034446,11.496165
20.013507970429725,19.850525
27.74150886239597,27.52735
33.076526133142494,32.858448
35.206557890341536,35.32341
33.987562492849975,33.77421
29.61934584664965,30.415394
22.68381576987557,22.89544
13.92154584664965,14.259635
5.050028900092962,5.7069325
0.4040503332614656,0.49451482
0.0482857688831579,-0.042806193
0.0,-0.002913182
0.0168602110872563,0.014197285
0.0,0.0029426683
0.0,0.00414301
0.0,0.0015218864
0.0052899020062661,0.019210506
0.063948172474112,0.020211387
0.0168602110872563,0.0014029746
0.0,-0.018549787
0.453308207882241,0.39525485
0.1124395752147169,0.11149627
3.0959395752147167,3.3620229
11.171438860906548,10.982918
19.834089902006266,19.406458
27.303051653094684,27.208158
32.72651741034623,32.65247
34.86695452423236,35.44792
33.58866506794194,34.04261
29.38133780182244,29.956741
22.823681811024432,23.344086
14.340249050924845,14.4825115
5.4674378018224425,5.912408
1.5555839454756848,1.5862831
0.1385700213197752,0.14792357
0.0341137768877748,0.01724158
0.5158891535943231,0.51607156
0.661844630760649,0.65326715
0.0,0.019837203
0.0437629327027523,0.030120237
0.7444161432499313,0.7305526
1.1056508261903968,1.0946432
2.9000272848587905,2.9067907
4.0,3.986475
4.0,3.9791572
4.0,4.008193
6.482399465670009,6.5100026
13.35577044178035,13.1690035
20.075237223495883,20.352436
27.50155946768026,27.788893
32.88304320462459,33.1099
34.95498276443671,35.3005
33.78448624404728,34.13554
29.59832175936513,30.281992
22.90022850988365,23.565283
14.845115166902309,15.102766
7.385782591731573,7.621804
3.102150952395823,3.1392636
2.5718651700778663,2.5057902
1.4888834166604177,1.3612987
0.8348738097442598,0.78488326
0.4574516991709995,0.42615238
0.3991274450275105,0.4355213
0.2733746621216118,0.28948593
0.2514932088606718,0.24587785
0.4678588255476541,0.42295206
1.1788232893760209,1.1042285
3.069489303288499,3.0082915
4.0,3.9807372
4.0,4.0125184
6.252820691706367,6.340024
12.698718877920877,12.420395
19.45183087220197,19.457296
26.89131626476097,27.153616
32.595767827249475,33.248455
34.32487930287615,35.18213
33.160430031558526,33.650375
28.9093007447312,29.481768
21.95817428246969,22.549957
13.909830473450487,14.010441
6.297398937056677,6.2770567
2.3559222222222225,2.5748572
1.913182933915412,1.7918557
1.864846840279432,1.775959
1.680708852396214,1.617051
2.732526245200417,2.8158855
2.3495657480711696,2.3408623
2.1866154399209563,2.222363
2.495081774293597,2.5173867
2.3196559903333096,2.301859
2.074941969918722,2.0064356
1.913182933915412,1.8415521
2.035205454599883,1.8971987
3.794083243009563,3.8901331
6.304429832011854,6.339499
11.835493460134517,11.988827
19.26596490184468,19.244877
26.48526911219454,26.743902
31.26332583027766,31.59755
32.4972,32.862133
30.4776,30.87686
25.9794,26.343256
20.105136733034445,20.224806
12.572528821965614,13.059358
3.9474,4.210686
0.3444634571672982,0.46037424
0.0259230923771442,-0.016104488
0.1052657713631842,0.080124296
0.5016191250027251,0.50936735
0.3055600586510048,0.29413143
0.1674596778010788,0.17175618
0.1360537295880396,0.1375371
0.0124512573201538,0.009147803
0.0,-0.0029820336
0.0,-0.00047825047
0.0,-0.009137918
0.0843516530946865,0.06381519
0.0164896359822231,0.020220503
2.6622,3.0113242
10.306190204251594,10.428513
18.819,18.714169
26.0253,26.105083
30.8907,30.96423
31.3038,31.052595
29.7891,29.912981
25.37974729019104,26.142359
20.260214213960857,20.467405
14.4193,14.739956
3.599396941898871,3.8560798
0.1421620962380459,0.2869493
0.4762337526819602,0.37373924
1.2610061834055897,1.3074566
1.8010205584609982,1.7747219
1.0401846990879362,1.073078
0.6380390790820106,0.6261962
0.163778511296237,0.18542989
0.0095584060863207,0.02368564
0.0337183402106611,0.032530226
0.0,0.021627622
0.0866296370818625,0.09927937
0.1270824412701466,0.08968115
0.0337183402106611,0.05541441
2.5704,2.8937578
10.190143983870865,10.357064
18.66286475605069,18.599194
26.18167910655871,26.260077
31.87953595035884,32.324776
32.60020553662155,33.239246
32.43959108839938,33.070858
27.89665622691308,28.400091
21.386509314590228,21.528439
13.81307729691413,14.239171
7.4425,7.4383807
3.5421078564808206,3.48335
2.106019350149572,2.1668332
1.673472358172183,1.5891421
1.3992150051358077,1.3474143
1.764120762182623,1.7096337
3.4961364277864053,3.330707
2.783532000998246,2.727493
2.685439595587124,2.5698216
2.341500463983068,2.2157037
2.3923417010766026,2.1724741
2.2773090947489245,2.1638684
4.0,3.819604
4.0,4.01153
3.104309963423942,3.2568865
8.370660211087255,9.231871
17.748793568507942,18.030577
25.70531993603392,25.858343
31.00347201778235,31.392708
26.037099028137103,27.394857
27.216725131208303,28.347496
25.497160500396355,26.685966
18.702908366015407,19.512737
11.616750826190398,12.188202
3.476218340210661,3.9472978
1.1021104520127636,1.4475771
1.7546725348143406,1.7629763
1.7004006021532492,1.7433904
2.338047582724473,2.2672648
0.3604704976556536,0.39779407
0.0482857688831579,0.02162393
0.0,-0.018787079
0.2070018594140344,0.21349946
0.1554388609065479,0.13551204
0.0,-0.0038012476
0.0,-0.00073680445
0.0,-0.014840216
0.0,-5.9495742e-05
2.268296879613153,2.9685993
9.58254010369308,9.373972
18.13349154971892,18.25784
25.467770497655653,25.760483
30.63947208142265,31.369411
28.080605261522145,29.017681
29.852271239554955,30.585833
24.92053981334777,25.938505
22.13455499215944,22.285513
14.7865,14.772243
7.4884,7.450624
4.0459,3.9808164
4.0,4.0055914
4.0,4.011621
4.0,4.0056024
4.0,4.000972
4.0,4.019931
4.0,4.0024104
4.0,4.012656
4.0,4.0123925
4.0,4.0130076
4.0,4.0114393
4.0,3.9883947
4.0,4.0107055
6.4327000000000005,6.473809
14.0062,13.349705
19.61196944814361,20.13928
27.27224370342641,27.425596
34.7071,35.00149
33.95542873452322,34.57494
31.7864902630784,32.50604
29.39053422429522,29.694006
23.8893372591742,24.40385
15.5209,15.531506
7.5802,7.4163246
4.0459,3.927222
4.0,3.9964304
2.0264091641036943,2.0322948
0.9250494142757496,0.9273229
1.1677533854480873,1.066187
2.2182222222222223,2.211097
2.005566838485183,1.9647014
1.0939007447311933,1.1231196
1.680708852396214,1.6327622
3.722868750866311,3.7746735
3.060691045071999,3.0555034
4.0,3.9793289
4.0,4.0084977
6.3868,6.4901705
11.541972358172185,11.656682
18.564453990357663,19.108603
25.728772684514592,25.80618
30.66946862239275,31.105827
32.67877466212161,32.845634
31.5067341983882,31.708841
27.29299724797895,27.651358
21.0100740662256,21.648617
13.319075742431576,13.692489
5.207671719496661,5.4088635
0.366353404346004,0.54018354
0.0,-0.023070646
0.2427627816344821,0.24104206
0.5302773439661704,0.5228968
0.3701915497189202,0.4049869
0.8027272812342876,0.7727431
2.346107300730016,2.2439961
4.0,3.9997818
4.0,4.0162444
4.0,4.0112553
2.638621432064851,2.544323
1.8073709366978048,1.784624
0.6649354127734298,0.67558324
2.321353125462396,2.7306745
9.791338347693474,9.893726
18.1764,17.89718
25.4286,25.832092
30.294,30.698866
32.142451257320154,32.271324
31.149722969934658,31.122412
27.27327380974426,28.25251
20.91350996342394,21.34224
12.230030031558522,12.760945
4.260379302876153,4.918639
3.475323283381003,3.5047193
2.9037318894728137,2.9781537
0.7945479060664629,0.70944536
0.7685478855506356,0.7221591
0.6921671999068254,0.6376253
0.440259571306742,0.413659
0.5711846554680314,0.52066195
0.71735452423236,0.6843038
1.5864039371000194,1.6194673
4.0,4.0074
4.0,3.9964905
4.0,3.980513
4.0,3.9992974
6.295,6.4236608
12.819817644678162,12.681925
18.67457049765565,19.379534
25.972670497655656,26.198147
30.683193208860672,31.5668
32.292472684514586,32.609066
31.209186511699148,31.087446
27.53614749926541,28.006674
21.535904950587827,21.884825
13.025405261522144,13.177424
3.3048,3.8555984
0.3782825507305216,0.54723763
1.318036618337055,1.2771335
0.8027272812342876,0.83211565
0.4818413316670377,0.43268278
0.7532370042897492,0.7192816
2.2773090947489245,2.1419985
3.996647525553594,3.9474034
4.0,4.006253
4.0,4.0045547
3.5870632862372225,3.5549734
2.2182222222222223,2.3131697
1.6323124647666478,1.5276966
2.056147270776686,1.8985486
3.8539936507936505,3.8353043
11.77561311093051,11.454914
18.68031269040856,18.818962
24.82365259574859,25.244682
28.671833351965184,29.188885
27.677924955263848,28.095032
22.868041900967,22.77384
15.4291,16.19017
10.1965,10.408408
7.0753,6.913659
4.6885,4.8769855
4.0,3.9977596
4.0,4.019332
4.0,3.9707227
4.0,4.006681
4.0,4.0057616
4.0,4.0019674
3.2677011468960515,3.2973096
2.1450760144939243,2.1623888
1.2751883919945666,1.2934035
0.0,0.059284087
0.3611162647609726,0.30201784
0.0669875507912573,0.036891
0.1300575991230194,0.083101004
1.3228525957485884,1.0727307
4.012544630760649,4.4691434
6.189754474388537,7.0227447
12.81403148974212,13.166154
13.607253990357666,14.429365
7.133197603982224,8.252215
13.40943346334096,13.850852
13.559241153319292,13.723892
12.288434839472853,11.586757
9.521594477318086,9.0781765
4.94320331263318,4.9529862
3.023075814331016,3.162835
4.0,3.9863052
4.0,4.000323
4.0,4.0057507
1.1493771200741034,1.0861553
1.7347787255821507,1.6700122
0.7701650679419355,0.74955344
0.0321419343262334,0.014609663
0.0,-0.025019385
0.3604704976556536,0.33200175
1.39531421396086,1.3019327
1.4789435312354842,1.4560182
1.6518224279502218,1.6189661
3.56010393710002,3.3734198
9.452119125002724,9.434474
18.233681811024432,18.914217
27.5926,26.278322
31.362615377098138,31.00972
31.26942105627943,31.126606
29.911132846822348,30.899782
21.47118199184219,23.94558
15.553513680553614,16.429176
8.44874565079365,8.64075
3.0534664071201263,3.5931048
1.864846840279432,2.0018137
2.4528828628599224,2.5262735
0.8977805133627882,1.0169226
0.3055600586510048,0.28436637
0.8043664071201264,0.78739506
1.292273869082517,1.3039895
4.0,3.9922364
3.4059768421958063,3.359764
4.0,3.9992554
4.0,4.0003676
4.0,4.012015
1.764120762182623,1.8235623
0.5273901931372164,0.547733
1.1302267022398422,0.89967257
2.6622,3.3909273
8.5374,8.989086
13.44656293270275,13.990246
14.723238842320926,15.351986
11.677488070476103,12.511651
9.043619936033917,8.875194
7.62012724731988,8.872602
4.76851355916033,6.289308
3.242456677678143,3.970764
1.075429991634241,1.152025
0.5889926403502773,0.61483264
1.554013680553614,1.5704048
3.62285057689996,3.6689303
2.167497945860417,2.3230002
2.0616691518305106,1.992856
4.0,3.9523969
3.355361467101216,3.3265605
1.4099592968095855,1.3806636
1.687955273731112,1.7175081
1.2047818110244315,1.1596713
0.3374415362933846,0.38671476
0.3578905235509528,0.34232882
0.3839242615281406,0.41155684
2.005938180938438,2.311896
7.537743531235484,7.324574
13.015512464766648,12.958532
19.484027281234287,20.307129
22.644279495857617,23.223173
26.237142295612923,26.690868
26.082675997050668,26.49255
21.619627320417028,22.983341
18.164596361582777,18.34991
11.545686326675654,11.314728
4.12939365079365,4.33005
1.9337105432877264,2.1031122
2.6314425139886737,2.6895974
4.0,3.9929454
4.0,4.001846
4.0,4.005047
4.0,4.0033073
4.0,3.9984367
4.0,3.9983232
4.0,4.006041
4.0,4.00094
4.0,4.0032454
4.0,4.0090947
4.0,4.0091615
5.6983,5.598155
11.45989365079365,10.870426
17.958201243059687,18.397346
25.369047880675453,25.789694
32.24062645998132,32.547283
34.8448,35.01096
33.4219,33.79236
28.8778,29.17335
22.2223,22.199942
14.098,14.40279
6.7081,6.7609234
4.0,3.9968655
4.0,4.00496
4.0,4.001427
4.0,4.0035515
4.0,4.0025425
4.0,4.0028462
4.0,3.9916193
4.0,3.999067
4.0,3.9995928
4.0,3.9981089
4.0,4.0002584
4.0,4.0018935
4.0,4.004732
5.7901,5.704899
12.6751,12.398603
19.62880611007104,20.191097
25.80312641987534,26.100576
32.7793,33.12792
34.615300000000005,35.17074
33.2842,33.67142
29.0155,29.55299
22.2682,22.833513
14.098,14.279183
6.6163,6.66551
4.0,3.9802868
4.0,3.9988544
4.0,4.0003543
4.0,4.000329
4.0,4.0008464
4.0,4.0037303
4.0,4.0004992
4.0,4.00187
4.0,3.9833417
4.0,3.9987922
4.0,4.00273
4.0,3.9998252
4.0,4.003226
5.7901,5.708174
12.8587,12.920295
21.2125,21.082478
26.85036969892326,26.70556
31.975932000998245,32.367405
35.0743,35.20051
33.7432,34.33465
29.3827,29.69874
22.5895,22.914309
14.2357,14.308552
6.6622,6.7196736
4.0,3.988397
4.0,4.0000887
4.0,3.977101
1.0375217291101462,1.1803247
0.7758332580427704,0.66046447
0.0,-0.011139829
0.0,-0.00522927
0.0,0.0022133458
0.3154671798931246,0.30720013
1.241235381897495,1.3005046
4.0,3.9786148
4.0,3.9805138
4.0,4.0064282
5.377,5.4215975
10.9309,11.387166
18.2749,19.024258
22.846413776887776,23.39471
28.65268255073052,29.078112
29.40527119229065,30.066076
32.3662,32.349464
27.5008,27.8338
21.2125,21.617666
13.3636,13.413041
6.3868,6.428896
4.0,3.9843688
4.0,3.9968555
4.0,3.9981742
4.0,4.0025096
4.0,4.001477
4.0,3.988074
4.0,3.971638
3.3760964153788016,3.3596098
3.5013863886312406,3.44205
4.0,4.0268784
4.0,4.0030403
2.1776118153012423,2.3173068
1.454185338237759,1.3119731
2.728353385448087,2.8244119
9.816013130839377,9.839366
16.57165022052224,16.761778
23.581488101431862,23.766928
29.054207027176044,29.530928
32.323441900967,33.091736
28.9237,30.043434
24.9763,26.13882
19.7437,19.910341
13.0423,13.099282
6.3409,6.445365
4.0,3.9968898
4.0,3.958216
4.0,3.9400368
4.0,4.010124
4.0,4.005756
4.0,4.0135703
4.0,3.9381454
4.0,3.952634
4.0,3.9227355
4.0,4.0030518
4.0,3.976444
4.0,4.0117188
4.0,3.922465
5.6524,5.5883026
12.8128,12.5021715
21.3961,21.164576
28.6483,28.703709
33.2842,33.59503
35.1202,35.512398
33.7432,34.250782
29.3827,29.94536
22.4059,22.539467
14.0062,13.797506
6.4327000000000005,6.439395
4.0,3.9798148
4.0,4.001847
4.0,4.0058646
4.0,4.006448
4.0,4.00436
4.0,4.0047164
4.0,4.009214
4.0,4.0081134
4.0,4.0065007
4.0,3.998942
4.0,4.0011873
4.0,4.0067244
4.0,4.0035477
5.5606,5.5111322
12.4915,12.701762
20.9371,21.395054
27.871626759805643,28.320936
33.0088,33.38871
34.7071,35.22862
33.376000000000005,33.814495
28.9696,29.66248
22.1305,22.261728
13.8226,13.917972
6.3409,6.427176
4.0,3.9776733
4.0,3.9989011
4.0,4.0013075
4.0,4.0012345
4.0,4.000744
4.0,4.006417
4.0,4.006427
4.0,4.004595
4.0,4.0039797
4.0,3.9969532
4.0,4.003699
4.0,4.001946
4.0,4.0006623
5.5147,5.425712
12.5374,12.622683
19.646665170077867,19.957394
25.78593925030333,25.836206
33.18117360415984,33.491585
35.028400000000005,35.387238
33.5596,34.365757
29.0614,29.694443
22.1764,22.259893
13.7767,13.9198885
6.295,6.425786
4.0,3.9794724
4.0,3.9970405
4.0,3.9999843
4.0,4.005453
4.0,4.002761
4.0,4.0061784
4.0,4.003286
4.0,4.0047064
4.0,4.0039525
4.0,3.995589
4.0,4.002731
4.0,4.000367
4.0,4.001561
5.4688,5.4541574
12.262,12.364214
18.76087533792253,18.79358
24.76178004084928,24.967735
32.5957,33.051746
34.4317,34.89867
33.0547,33.612648
28.6942,29.190039
21.8092,21.903194
13.5472,13.401544
6.2032,6.1423817
4.0,3.9747941
4.0,3.9946682
4.0,3.9973752
4.0,3.998177
4.0,3.9963741
4.0,3.997706
4.0,4.0041137
4.0,4.0045094
4.0,4.002942
4.0,4.0016503
4.0,3.9955504
4.0,3.9949548
4.0,3.9995823
5.377,5.3733463
12.0784,12.134262
17.718719531178234,17.673256
23.93628047998822,23.873909
29.277195115919632,29.74024
32.522059135033395,32.93745
32.66850714137287,33.31031
28.4188,29.087984
21.4879,21.935116
13.2718,13.275137
6.153947525553595,6.117253
3.682754029873694,3.6354892
3.1439765612601107,3.1112282
3.5013863886312406,3.2763507
4.0,3.9599977
4.0,3.9782975
2.999330952015552,3.0541894
2.308185740864036,2.2218335
2.4528828628599224,2.416468
4.0,4.0479946
4.0,3.9712586
4.0,3.9957588
4.0,3.99922
4.0,4.0012913
5.3311,5.312452
11.8948,12.125475
20.2027,20.07829
24.62504968798761,24.62689
30.660070441780352,31.581207
33.9268,34.197266
32.5957,33.26934
28.327,29.124443
21.5338,21.996922
13.3177,13.459102
6.1114,6.032559
4.0,3.9853637
4.0,4.0017543
4.0,4.0057425
4.0,4.0034084
4.0,4.007108
4.0,4.0093265
4.0,4.0047565
4.0,4.0070524
4.0,4.0013084
4.0,3.9939194
4.0,3.9973178
4.0,4.0002575
4.0,4.0001345
5.2393,5.297917
11.7112,11.701337
19.8814,20.156963
26.34037605998697,26.82866
31.7236,32.385876
33.5137,33.643448
32.1826,32.773144
27.9139,28.43045
21.2125,21.70566
13.1341,13.123269
6.0196000000000005,6.014002
4.0,3.9807758
4.0,3.9992452
4.0,3.9805462
4.0,3.9811938
4.0,3.991142
2.150673953711101,2.1856492
4.0,3.9835427
4.0,3.999586
4.0,4.004126
4.0,4.002225
4.0,3.9942641
4.0,4.002461
4.0,4.000633
5.1934000000000005,5.2465925
11.5735,11.55832
18.614150700283787,18.606865
23.85248469908794,24.166801
31.24279365079365,31.260086
33.376000000000005,33.589016
32.0449,32.82447
27.8221,28.376568
21.1207,21.654118
13.0423,13.121245
6.0196000000000005,6.065205
4.0,3.9804418
4.0,3.9984107
4.0,4.0001063
4.0,4.0038075
4.0,4.006656
4.0,4.010676
4.0,4.0033884
4.0,3.9995706
4.0,4.0000887
4.0,3.997194
4.0,4.002864
4.0,4.0004387
4.0,4.0023494
5.1475,5.2248135
11.4358,11.500333
18.036396908165152,18.410988
23.741601243059684,24.271328
29.597930783535272,30.199127
33.238299999999995,33.509003
31.9072,32.518276
27.6385,28.155653
20.9371,21.649117
12.9046,13.1019335
5.9278,6.004034
4.0,3.9843452
4.0,3.9977844
4.0,4.0007863
4.0,4.003946
4.0,4.0066514
4.0,4.0071187
4.0,4.0044174
4.0,4.001964
4.0,3.9995909
4.0,3.9970233
4.0,3.9855378
4.0,3.976999
4.0,3.9989233
5.1016,5.150978
11.344,11.376919
19.4683,19.235287
23.76162328937602,24.387634
29.27713830872002,29.797703
32.08132458524106,32.79849
31.9072,32.438084
27.6385,28.134998
20.9371,21.57659
12.8587,13.098963
5.8819,5.9297113
4.0,3.9734132
4.0,3.9972568
4.0,4.0003953
4.0,4.0009394
4.0,4.0039854
4.0,4.0055504
4.0,3.9980779
4.0,3.9978366
4.0,3.995532
3.304992455100271,3.3105347
3.272835423974306,3.2585425
4.0,3.9993715
4.0,4.003585
5.0557,5.101203
11.2063,10.83332
19.2847,19.304802
24.214937814473128,24.651129
30.399735423974303,30.77981
32.962900000000005,33.50276
31.6777,32.567772
27.4549,28.120157
20.7535,21.209902
12.7669,12.713794
5.8819,5.916038
4.0,3.9807892
4.0,3.997414
4.0,4.0055614
4.0,4.004916
4.0,4.0051894
4.0,4.0091863
4.0,4.002228
4.0,4.0010877
4.0,3.9819617
4.0,3.9968166
4.0,4.002854
4.0,4.002241
4.0,3.9821563
5.0098,5.0806403
11.0686,10.89542
19.0093,18.690136
22.749802491444576,22.929405
27.26441741034623,27.617962
29.94511421396086,30.99342
29.09212716638912,29.56201
24.522175680713623,25.921944
17.615581541099345,18.351624
9.774880644121698,10.276206
3.0652883919945664,3.2711751
0.9370595700835176,1.004675
0.1764812387034932,0.12542026
0.0921439838708633,0.06483082
0.0528704707995463,0.024874026
0.0,-0.003770581
0.0,0.014078334
0.0413222855586217,0.010510856
0.2479911635439876,0.21583907
0.2709856507936507,0.274964
0.4205594676802609,0.40674523
1.1210759008184217,1.07233
0.0652478428943302,0.03510725
0.440259571306742,0.39561176
2.591090810896465,2.439379
9.420467257116837,9.47046
16.845483940423147,16.677208
22.160772316889563,22.484983
27.3946007447312,27.685055
30.25829794586042,31.591986
29.73672575541818,30.07093
25.815174251819226,27.106155
19.523819581249505,20.399803
12.320321823126829,12.540644
5.7442,5.7162194
2.0960142222222227,2.0747705
0.869087139679983,0.8425023
0.2025675567968295,0.16520816
0.0,-0.008031861
0.1507936507936507,0.18259329
0.3067935685079426,0.3753027
0.1405906394036332,0.17334077
0.0991295130739428,0.07576516
0.6433914936474577,0.65650845
2.0782644784901203,2.0305388
1.574232278996318,1.6204544
0.9250494142757496,0.95254004
0.739618384354363,0.7385165
1.3539413316670377,1.2973335
6.669411688093388,7.364547
14.4126,14.900431
21.2976,21.751665
26.72315262507464,26.890423
28.834417094207605,29.82263
27.310007027176045,28.08546
22.87563255830371,24.048847
16.25159154971892,16.985256
8.714254474388538,9.002931
3.7159251312083006,3.4288793
0.8977805133627882,1.1013497
0.021351343818169,-0.016409175
0.0,-0.0019954448
0.0449902362601752,0.011681156
0.0,-0.0018368862
0.0,-0.017645627
0.0566670086147929,0.021383142
0.2969633717922578,0.26270273
1.2159617363017436,1.1018518
2.796939905337048,2.9015489
4.0,3.9854572
3.75103375144524,3.7453945
3.3864806806287824,3.304131
3.726227284858792,4.0231185
7.880185338237759,8.192611
14.485659571306742,14.838447
20.8386,21.716162
26.05086150267937,26.533916
28.18382077870427,28.923752
26.89871993603392,27.52153
22.6490281103275,23.899923
16.32080221151611,17.060497
9.119473479515008,9.224491
5.360543341724885,5.415352
2.7823132888480964,2.7036316
2.219353586305256,2.3141403
0.98820065968451,1.0321158
0.1109968796131526,0.098495506
0.0,0.009446238
0.0,0.0127761
0.0,-0.00616719
0.0,0.012193101
0.0,0.01620551
0.0,0.010954064
0.0,0.008148736
0.1507936507936507,0.11788974
1.027774282469694,1.0686972
3.665526575760904,3.9372635
10.2883,10.158311
16.479565170077866,16.699652
21.45413700428975,22.061155
26.652232846822347,26.986506
27.82309270699937,28.662785
26.22952745454144,26.811235
22.10289140806204,23.23022
15.768730365631964,16.489986
8.583117410346233,8.626076
2.353318461367765,2.3640885
0.0,-0.015473961
0.5209116931350103,0.49517986
1.2685636296669478,1.3217477
1.5691696703020748,1.6091658
1.4393947190189154,1.3573633
1.446291466613601,1.3485953
0.9672951762112146,0.995749
0.4293581226565146,0.43864897
0.0,0.023864014
0.0,0.020897683
0.0,0.016165394
0.0259230923771442,0.003151116
0.2585360770215977,0.27376455
1.6418401036930808,1.478426
8.136278358372184,8.478947
17.301409314590227,17.215708
21.74000249144457,22.43952
26.745073479515007,26.885988
28.896500063645057,29.590532
28.47076447849012,29.373505
25.31402224915434,26.471
19.49363456001748,20.40211
12.1702,12.177786
4.472551095491097,4.324846
1.994625243924547,2.149627
1.1020308514739203,1.0622422
0.6129903671401725,0.61031026
0.5237880704761043,0.50417304
0.7628959628920053,0.730207
0.6518291834615983,0.6467167
0.966427187599086,0.9879742
1.0911950513299011,1.0723907
0.2204503332614656,0.2155996
0.0,0.036922455
0.1796927298660842,0.14727914
0.1970591897015576,0.2026146
0.0898383167365368,0.07777868
0.8396657713631843,0.80707633
6.547322969934659,7.0349097
14.317503014074164,14.634117
20.7927,21.186754
25.57706700861479,26.125597
28.26970821084081,28.712786
28.47754992233072,29.378191
25.045032000998248,26.383352
19.304304865955643,20.032488
12.1702,12.338062
5.6524,5.578859
3.854896494343733,3.8740523
3.3333747428293545,3.325124
3.3864806806287824,3.3582618
3.682754029873694,3.6748877
3.2625676953774385,3.241366
4.0,3.9248574
3.304992455100271,3.2741225
2.3865466975203016,2.3639429
2.111583940423148,2.0135403
2.727684984532761,2.728604
2.542243568987223,2.5344057
2.637425093075878,2.6206133
2.822598295093726,2.7644558
3.0808417010766025,2.9498262
8.675377965630208,9.015416
15.04992678038264,15.094424
20.63656475605069,21.064507
25.632540654388432,26.275375
27.826389153594324,28.502121
27.16233583563313,27.776598
23.693550764930723,25.029726
18.04354711053617,18.608603
11.180770249220892,11.476694
5.6065000000000005,5.5487146
3.1300448558528364,3.0149746
2.44003528575765,2.3776789
2.637424319361594,2.5070279
3.1808028833930604,3.0708094
3.2331058300038764,3.1226695
2.533969069198865,2.4206195
2.6123296507936504,2.5226085
4.0,3.9731064
3.360541900966997,3.350308
2.9198004606883283,3.0091925
3.3864806806287824,3.3041773
3.1300448558528364,3.078338
3.3670195812495045,3.2502458
4.6885,4.7957115
10.1047,10.08331
17.782420812841284,17.602615
21.590211221018127,21.88969
27.610711645486823,28.379889
31.24151505681571,31.5569
29.946306336523364,30.493021
26.1697,26.977083
19.7896,20.533865
12.1243,12.368072
5.6065000000000005,5.5766354
4.0,3.9844146
4.0,4.0061817
4.0,4.007218
4.0,4.008896
4.0,3.9987042
4.0,3.9995003
4.0,4.0004506
4.0,3.99683
4.0,4.001063
3.9665218231268295,3.9845827
2.419058355239226,2.4006932
2.257936538037608,2.28714
1.959742695496542,1.8685385
2.25854111814236,2.146157
7.374026086710225,7.6627
14.274925983829732,14.886144
20.6126368109794,20.90179
25.541923673531432,26.04609
27.71851355916033,28.140226
26.68989320886068,27.52819
22.688848695811792,23.74251
16.477917410346233,16.868185
9.45012678038264,9.626748
4.2152511822686645,3.8765235
3.1110796619542227,3.1795459
3.5804483772352422,3.5273075
3.1439765612601107,3.1704247
1.887353558320802,1.8060924
0.3819536794685268,0.3884975
0.0,-0.0042797932
0.0,0.0027610676
0.0,-0.0071113515
0.0,0.0051587364
0.0,0.012043471
0.0,-0.0070483764
0.0,-0.006523994
0.1090794176705085,0.08191914
0.8481932088606718,0.8702412
6.485649220735715,7.0135856
14.318213285965072,14.661275
20.69325759912302,21.012922
25.50057851129624,26.07725
27.37367941767051,27.952257
26.163,26.778152
22.1697,23.212082
15.812086773601628,16.623566
8.242178511296236,8.298963
2.5278951762112145,2.4331043
1.822216109260143,1.792233
1.9013297696572529,1.7969309
1.8232776459250613,1.7480646
1.8819863455445327,1.7832329
3.768503671897219,3.6363199
3.0493902222222227,3.0594885
3.946024133837868,3.8205097
4.0,3.9834094
2.9607214148686074,3.013856
3.360541900966997,3.2225542
4.0,3.9833028
3.2471856967499777,3.2761977
3.0908921415040016,3.0432448
3.540152205959483,3.7776964
9.6457,9.826933
17.173299999999998,17.35373
20.78214010369308,21.170261
25.449741589205964,25.743275
25.58450002613601,26.274584
22.098872017782348,23.663052
21.38079441329416,22.416328
17.772144855852837,18.357727
11.6194,11.653048
4.099634224295221,3.8456974
4.0,4.0091257
4.0,3.986516
4.0,4.008317
4.0,4.010363
4.0,4.003385
4.0,4.0013824
4.0,3.9996548
4.0,3.9975536
4.0,4.000913
4.0,4.0016475
4.0,3.9987288
4.0,4.009703
4.0,4.0037227
4.5049,4.4721084
9.4162,9.495656
16.6684,17.033777
21.83979441329416,22.311142
26.30239665118481,27.061592
30.054534568903577,30.84608
29.1991,30.150593
25.3894,26.769419
19.1929,19.81577
11.7571,11.779731
5.5147,5.538531
4.0,3.9722667
4.0,3.996604
4.0,3.9985654
4.0,4.0006237
4.0,4.0035596
4.0,4.000672
4.0,4.000603
4.0,4.0012445
4.0,4.0005817
4.0,3.9852068
4.0,3.97283
4.0,3.9987528
4.0,4.007054
4.5049,4.471954
9.3703,9.053914
16.7143,17.226524
22.850327849178925,23.510677
27.7762,27.958267
29.4745,30.121994
27.3631,28.038288
21.442,21.524525
17.7241,18.005142
11.8489,11.787788
5.5606,5.483112
4.0,3.972863
4.0,3.9989636
4.0,4.0000396
4.0,3.9988127
4.0,3.9989195
4.0,4.0027256
4.0,3.9842265
4.0,3.9704397
4.0,3.993077
4.0,4.001562
4.0,4.000278
1.3487797153826244,1.4313109
0.0179753444909821,0.07653746
0.5049,0.6631179
5.750593650793651,6.3403525
13.656708086779652,13.977026
20.196,20.489029
25.05213765079365,25.710188
27.586691493647457,28.529497
27.149461736301745,27.876036
23.800888603953627,25.711369
17.421095243224904,17.322104
9.309582990047268,9.943694
2.1288325583037087,2.2717907
0.5882472003723019,0.5669205
0.9847070854276072,0.9761462
0.8893112210181273,0.8399052
0.8893112210181273,0.84923387
1.9968122778986817,1.8972985
2.341500463983068,2.170298
2.0671966511848145,1.8806521
3.030586767755127,2.8856862
4.0,3.9294655
4.0,3.9994044
3.5158387233667208,3.5475197
2.2465660081759053,2.329177
4.0,3.813755
3.507774251819219,3.5739691
7.226611815301243,7.167783
13.631163396783297,13.596799
19.107493650793653,19.8098
24.03202363394353,24.18043
25.98286762657817,27.019915
25.08643036563197,26.360716
21.45202426152814,22.823273
16.006247907665923,16.571812
10.888141900966996,10.815748
5.4688,5.472931
4.0,3.9920645
4.0,4.0084853
4.0,3.9859304
2.7616340109387827,2.6817622
3.5910334213764825,3.5540152
3.86981033215497,3.8830621
4.0,4.0001335
4.0,3.9846401
4.0,4.0000453
4.0,4.0008774
4.0,3.9910996
4.0,3.9893858
4.0,4.0059214
4.459,4.4429007
9.4162,9.344117
16.98094121157314,17.14783
21.32153984185145,21.747183
28.44788068062878,28.877594
30.84173346312972,31.424715
30.163,30.796024
26.2156,26.983318
19.8355,20.579645
12.1243,12.279823
5.5606,5.516519
4.0,3.9818635
4.0,4.0027056
4.0,4.0048895
4.0,4.008725
4.0,4.008902
4.0,4.0007443
4.0,4.0005465
4.0,3.9979606
4.0,3.999378
4.0,4.000733
4.0,4.00188
4.0,4.003197
4.0,4.004643
4.4131,4.565278
9.3703,9.257958
16.8061,17.148376
22.90607700563016,23.300072
27.2713,27.324081
29.9794,30.04235
29.8417,30.317875
26.2156,26.774187
19.8355,20.492128
12.1702,12.2488785
5.5606,5.5157156
4.0,3.9587796
4.0,3.9766655
4.0,4.0055795
4.0,4.006531
4.0,4.0023
4.0,4.0073457
4.0,3.9902272
4.0,3.9880207
4.0,4.0056324
4.0,4.008751
3.240782809347828,3.2133641
3.755062423003492,3.6959474
3.1693597241731863,3.1414175
3.7731777564813487,3.6905348
7.760939887397649,7.475701
15.33768338917089,15.680198
20.33896684958916,20.94668
25.384019936033912,25.706036
27.637137920451007,28.300789
26.56554010369308,27.032438
22.83293003155852,24.09057
17.337478255067875,17.409061
11.89990109807962,12.298761
5.5606,5.5065317
4.0,3.9891827
4.0,4.0198417
4.0,4.0143127
4.0,4.004331
4.0,4.0028524
4.0,3.9993072
4.0,4.0001583
4.0,4.001489
4.0,4.0020213
4.0,4.003329
4.0,4.0013022
4.0,3.996718
4.0,4.0078444
4.3672,4.324342
5.049,5.5076675
16.5766,16.983746
23.5534,23.967724
28.4647,28.684797
30.5761,30.985308
29.6122,30.123417
25.7566,26.83956
18.7339,18.85076
11.5735,11.715308
5.4688,5.445161
4.0,3.9677894
4.0,3.988284
4.0,3.9839988
4.0,4.005002
4.0,4.0084767
4.0,4.007277
4.0,4.0036726
4.0,4.0025754
4.0,4.005447
4.0,4.005516
4.0,4.0113845
4.0,4.01321
4.0,3.988499
4.3213,4.329305
8.865400000000001,9.021604
16.2553,16.455326
23.0944,23.70821
27.9139,28.14212
30.0253,30.542585
29.1991,29.945955
25.4812,26.73907
19.3306,19.803787
11.8489,11.917936
5.5147,5.5518537
4.0,3.996393
4.0,4.010008
4.0,4.010605
4.0,4.009554
4.0,4.0050282
4.0,4.002049
4.0,4.0001016
4.0,4.001064
4.0,4.004217
4.0,4.00154
4.0,4.0034957
4.0,4.006722
4.0,4.007225
4.3213,4.3217473
8.7736,8.984797
16.209400000000002,16.472351
23.1403,23.743292
28.0057,28.252733
30.2089,30.75074
29.3368,29.942019
25.5271,26.749626
19.4224,19.83681
12.0325,12.437504
5.6065000000000005,5.520995
4.0,3.9727354
4.0,3.9934106
4.0,4.0151434
4.0,3.9447834
4.0,3.9282107
4.0,3.9440267
4.0,3.9397523
4.0,3.9353094
4.0,3.9416358
4.0,3.9048526
4.0,3.9182367
4.0,3.9431431
4.0,3.9549873
4.2754,4.191286
4.8654,5.1491833
16.4848,16.246763
23.4616,24.142588
28.3729,28.643766
30.4384,31.158869
29.5663,30.264263
25.8484,26.905779
19.6519,19.968481
12.0784,12.19033
5.6065000000000005,5.4860344
4.0,3.9899569
4.0,4.0064025
4.0,4.0091434
4.0,4.007702
4.0,4.0107102
4.0,4.009287
4.0,4.0073075
4.0,3.9879649
4.0,3.973721
4.0,4.0036235
4.0,4.009524
4.0,3.987517
4.0,4.007634
4.2754,4.2472367
8.727699999999999,8.92337
16.209400000000002,16.432531
21.40392893763425,21.924934
25.23134788067545,26.154793
28.87255365193762,29.574562
28.355360073084007,28.862959
25.6189,26.673677
19.4683,19.667458
11.9866,12.213535
5.6065000000000005,5.568681
4.0,3.986877
4.0,4.0067477
4.0,4.006971
4.0,4.0041776
4.0,3.97897
4.0,3.9824367
4.0,4.000279
4.0,3.9967155
4.0,4.0055447
4.0,3.999612
4.0,3.9853425
4.0,3.9997797
4.0,4.003804
4.2295,4.2681527
8.5441,8.615381
15.8422,15.921957
19.34019036714017,20.187576
24.440408366015408,24.543602
28.2741466975203,29.250244
29.1073,29.834509
25.4812,26.731266
19.4224,19.687906
12.0325,12.21587
5.6065000000000005,5.580582
4.0,3.9567294
4.0,3.9724402
4.0,3.991281
3.837295266445925,3.898637
3.4699241304781907,3.401281
1.1815961307256655,1.2423408
1.2913231090562507,1.2939277
2.6314417414173388,2.6952403
4.0,3.987485
4.0,4.0041556
4.0,3.983521
4.0,3.9785595
2.890157531155168,2.9778483
1.1665595700835174,1.2020609
5.806049687987612,5.896482
13.348976527911372,13.578768
18.93587101595247,19.490465
23.7214904782792,23.795597
26.039938347693475,26.670416
25.23835270026404,26.078012
21.630714176420863,22.983301
15.71814065438843,16.249704
8.594842427959865,8.578652
2.6369300315585216,2.645805
1.909948106230241,1.9102416
1.1815961307256655,1.1214086
0.912235730736538,0.91941786
0.9603577744375964,0.9847755
1.361333351965181,1.3001777
0.8893112210181273,0.8828268
1.4690249552638497,1.4323725
2.822598295093726,2.7608905
1.7672736486060736,1.7834167
1.1603919979519155,1.1154648
0.6243386332574687,0.6455008
0.0,0.0038108216
0.0,0.0038534878
0.2295,0.17748721
4.086357890341534,4.064145
12.967866153711046,13.072897
18.661478511296234,19.401812
23.629450333261463,23.904488
25.7392820320387,26.37516
24.9237,26.117868
21.2058,22.285135
14.6421,15.487734
8.26177024696903,8.280519
4.226639887397649,3.807316
2.8889245852410625,3.100192
1.5378987487906726,1.524955
1.32570123886632,1.3168255
1.6271908108964654,1.5855999
2.9545098272103334,2.8624482
1.979339736735097,1.8626236
1.2837223197785603,1.3141237
1.062462765798506,1.1148984
0.5418723168895617,0.49229392
0.3572464192152192,0.33189484
0.2042275042557094,0.22647929
1.5108285098836518,1.5264008
2.3842295120941355,2.3319392
2.411611645486825,2.4197383
5.652773869082517,5.5321536
12.523965296433628,13.054552
18.6813,19.282166
23.5926,23.761635
24.0057,24.48584
23.0877,23.940645
20.2878,21.634096
15.3765,16.501608
7.9407,8.166088
1.908255650446793,1.4333211
1.1210759008184217,1.0755118
2.0960142222222227,1.891366
1.8498891406145168,1.7456827
0.6380390790820106,0.6603549
0.1695720444692114,0.14966464
0.0466338903220224,0.007935358
0.0437629327027523,0.00085919927
0.3323825507305216,0.3071339
2.4248795842797266,2.5303035
4.0,4.042448
4.0,4.0061746
4.0,4.005857
4.0,4.0045285
4.1836,4.136644
7.6261,7.5647907
13.3636,13.408389
20.2945,20.664202
24.681347907665923,24.93006
27.807312461232584,28.42295
27.47404652778988,28.664745
24.560260107586075,26.038866
18.61262141486861,19.152742
12.2161,12.244624
5.6983,5.5955434
4.0,3.987139
4.0,3.998324
4.0,4.0015025
4.0,4.0058217
4.0,4.0112205
4.0,4.0121155
4.0,4.0034547
4.0,4.0012407
4.0,4.003584
4.0,4.0038476
4.0,4.0024533
4.0,4.0059853
4.0,4.010588
4.1836,4.1553116
8.268699999999999,8.254721
15.6586,16.165644
22.6354,23.17848
27.6844,27.812202
29.9794,30.404934
29.3368,29.902748
25.7566,26.884785
19.6978,19.784527
12.262,12.177474
5.7442,5.580509
4.0,3.9878988
4.0,4.0036597
4.0,4.0068274
4.0,4.0059695
4.0,4.004398
4.0,4.003415
4.0,3.999604
4.0,3.999723
4.0,3.9991539
4.0,4.0003467
4.0,4.0043244
4.0,4.006631
4.0,4.0065737
4.1836,4.1535597
8.1769,8.302592
15.475,15.84237
22.4518,23.040068
27.5008,27.79148
29.7958,30.397583
29.1532,29.716805
25.6648,26.72724
19.6519,19.661
12.262,12.2310915
5.7901,5.687004
4.0,3.9900155
4.0,4.0046344
4.0,4.0039973
4.0,4.0026956
4.0,4.00338
4.0,3.9985242
4.0,3.999434
4.0,4.0018287
4.0,3.98887
4.0,3.998323
4.0,3.982644
4.0,3.977736
4.0,4.00359
4.1836,4.149224
8.1769,8.243997
15.1996,15.140635
18.930275900818422,19.294495
23.91708859496001,24.677004
25.85308181102443,26.508394
24.89611421396086,26.01585
22.20239664417284,23.307476
18.53872396238028,18.833838
12.0325,12.270608
5.7901,5.7212725
4.0,3.973407
4.0,3.9746544
4.0,3.9755132
4.0,3.9838448
4.0,4.0046625
4.0,3.982424
4.0,3.9769576
4.0,4.010307
4.0,3.9889023
4.0,4.004426
4.0,4.0032496
4.0,4.0086837
4.0,4.0086746
4.1377,4.1275883
7.396599999999999,7.407243
12.5374,12.742635
16.591508366015407,17.336155
24.223355336551325,24.7766
28.1970314272083,29.075361
28.4161585598534,28.91555
24.27893227065637,25.496935
18.35683981334777,19.33122
12.219726759805644,12.5523405
5.8819,5.713873
4.0,3.9773455
4.0,3.9957938
4.0,3.9955137
4.0,3.9985414
4.0,3.982075
4.0,3.993909
4.0,3.9797993
4.0,3.9746275
4.0,3.9981892
4.0,3.9849565
4.0,3.9801276
2.8201510954910973,2.716724
2.111583940423148,2.123075
1.3054533854480872,1.1477499
3.662824430369151,3.8169916
9.411472041782478,9.927183
16.6617,16.920948
23.023553650520203,23.534847
25.056229637081863,25.632704
23.6385,23.996412
20.4255,21.29102
14.5962,15.307119
7.9407,8.505338
2.458130622491439,2.4534502
4.0,4.0495353
4.0,4.013171
4.0,4.0049963
4.0,4.0013027
4.0,4.002064
4.0,4.00034
4.0,4.0024858
4.0,3.9941604
4.0,3.985556
4.0,3.995424
4.0,3.9719381
4.0,4.00424
4.0,4.007336
2.701742881935256,2.538178
3.397110452012764,3.6875389
7.345257950912963,7.4293175
14.690086244047285,15.260994
20.214679106558712,20.363125
23.288626720563634,23.706352
22.99467987015985,23.719963
19.153393650793653,20.314445
14.803201859414036,15.951802
8.375133355165541,8.565078
2.552995752103445,2.4415324
0.9672951762112146,0.9914105
0.7244879169606155,0.6640474
0.98820065968451,1.013735
0.923337920451007,0.92626524
1.6765720814226457,1.6127152
4.0,3.9662154
4.0,3.988734
4.0,4.0024705
3.792736134024604,3.9234664
3.298552829336296,3.290694
2.1821116454868257,2.2952044
4.0,3.9052033
0.929333409289022,0.957133
0.5137586423476784,0.52699214
2.1209131099264744,2.014975
6.265241331667038,6.5256515
11.280288101431868,11.778914
17.8092,17.502296
23.9139,24.149342
24.34504817247411,24.9915
21.46427886168476,22.556576
15.580739575214716,16.643972
8.413165771363184,8.381548
2.034754076769995,1.746362
0.4024547855092991,0.32606336
1.027774282469694,1.0432582
2.7579905191242347,2.7402995
2.5422431912729766,2.5251422
1.6487361887411498,1.5293438
2.1450760144939243,2.0099943
1.9034834057232084,1.7692816
2.111583940423148,2.1189861
3.480400784886565,3.4383569
4.0,4.0203815
4.0,4.004418
4.0,4.0012927
4.0,4.010676
4.0918,4.0671673
6.3868,6.3125324
11.8489,11.288369
19.9273,20.05218
26.119868632852068,26.937227
28.697341900967,29.336437
28.9696,29.87136
25.6189,26.583519
19.7896,20.50818
12.5374,12.485517
5.9737,6.0274777
4.0,3.988976
4.0,4.007294
4.0,4.0072985
4.0,4.0045905
4.0,3.9343379
4.0,3.954697
4.0,3.9431932
4.0,3.9054816
4.0,3.9399056
4.0,3.937716
4.0,4.00849
4.0,4.006135
4.0,4.009451
4.0918,4.064582
7.8556,7.871147
15.2455,15.110895
22.36,23.136755
27.5926,27.819117
30.1171,30.609316
29.6581,30.128473
26.2615,26.926632
20.3404,20.679893
12.8587,12.978339
6.0655,6.0317183
4.0,3.9882135
4.0,4.005838
4.0,3.9790576
4.0,3.990889
4.0,4.003156
4.0,4.003036
4.0,3.995331
4.0,4.001232
4.0,4.001227
4.0,4.000779
4.0,4.0005355
4.0,4.002098
4.0,4.0013757
4.0918,4.0578218
7.809699999999999,7.7838645
15.1537,15.311522
19.18494112843472,19.842741
24.50004010369308,24.470835
27.378106183405592,27.850643
27.5454535583208,28.258986
24.13067825506788,25.265146
18.155495243224905,18.330704
10.85937061512431,11.123529
5.034913247868106,5.2366304
4.0,3.9893038
3.103505194425785,3.0323162
2.384230236665558,2.2670748
1.361333351965181,1.3197957
0.847341589205963,0.8073602
0.7572568938630821,0.7113157
0.4429974397419788,0.41391432
0.2656308722019721,0.27771032
0.4539978154937605,0.41653505
0.4138272473198808,0.40436187
1.0911950513299011,1.0846293
4.0,3.8788316
4.0,3.9732363
1.993129769657253,2.0282738
3.37303541277343,3.0968325
9.65623375268196,9.739659
16.10324745731624,16.292427
21.448160845750785,22.000315
25.712328107944444,26.530933
28.43522224915434,29.110891
26.1238,26.76123
20.1568,20.857403
12.7669,12.87867
5.9737,6.0832677
3.236944158103208,3.2452047
3.0544109533845485,3.0540557
4.0,3.9172125
4.0,3.9916341
4.0,3.9960196
4.0,3.9981258
4.0,3.995018
4.0,4.0098248
4.0,3.9945183
4.0,3.9984639
4.0,3.9897819
4.0,3.9885125
4.0,4.0045204
4.0918,4.068132
6.754,6.6980953
12.5374,12.519016
15.742818414482482,16.106255
21.46862445678656,22.016678
25.599259296809585,26.420061
25.39415470556965,25.956621
21.97214269549654,23.406233
18.12895753115517,18.642708
11.682644375192568,12.382862
4.761782298284256,5.014889
3.140175123270465,3.1255872
2.3969815874161453,2.299705
1.673472358172183,1.6098948
1.3846055771262915,1.3202969
0.2763691121945419,0.3017916
0.5440544743885375,0.5138127
1.171439841851455,1.0977587
2.9309430881949976,2.9443562
4.0,3.958358
4.0,3.99757
4.0,4.004551
2.8201510954910973,2.701561
2.0264091641036943,2.0119314
1.715920625263531,1.7280977
4.765512461232584,4.467721
11.82299467129753,12.02424
17.70738839199457,17.75051
24.80397428246969,25.281155
27.54213047345049,27.928953
27.270736450154374,28.080505
23.72218299004727,24.7128
17.38165486926993,17.780748
10.541126086710223,11.055586
6.135200515663361,6.09008
2.3495657480711696,2.3433177
0.9568951159196334,0.98659533
0.8307305955097078,0.7566991
1.1603919979519155,1.0875226
0.6937331131704584,0.6745373
0.07093021971607,0.06669254
0.0,-0.011010762
0.0,0.0019167884
0.0,0.012208709
0.242762727257343,0.2245678
0.9742478973147276,0.983348
2.222749922330721,2.172692
1.5338787687796616,1.5853496
0.8617683428021262,0.84575933
2.1244936507936507,2.0305393
6.241490236260176,6.85653
9.87805840608632,10.290782
17.437411621412927,17.195192
24.94071365699113,25.271572
26.384800744731194,27.07192
23.450811938954946,24.520731
17.64041932867162,18.151045
10.389436537671596,10.54435
4.477111645486826,4.9861026
1.7799052615221445,1.9482698
1.4789435312354842,1.4714901
1.434475680713623,1.3313466
0.9925737334090357,1.0218832
0.5187573855371889,0.50797004
1.231855418160254,1.2986443
0.8682476134368479,0.947913
1.157635243452214,1.1099199
1.2913231090562507,1.3354617
1.918577759164865,1.8410884
3.833238588355473,3.8844774
3.536892634069199,3.5332577
2.5174478871649013,2.4415767
2.555099026059979,2.5134203
3.998753558320802,3.7938876
8.664798387399092,8.371543
14.171945153563287,14.1136055
24.408335835633125,24.079721
26.14838533823776,26.513254
27.46917171949666,27.994698
25.15042318317683,26.743118
19.848174251819216,19.963606
12.730619581249504,12.648647
6.3868,6.495949
4.0,3.9869685
4.0,3.9838214
4.0,4.000573
3.837296255017306,3.903395
3.1110796619542227,3.0668705
2.150673953711101,2.0631843
0.597957890341534,0.6573684
0.1796928075803606,0.16347189
0.3476236339435328,0.31759998
0.3964711922906515,0.41080043
1.157635243452214,1.1010475
4.0,3.8038628
4.0,3.9931576
4.0459,4.0308704
6.570399999999999,6.5784044
12.262,12.165109
17.925713909504616,18.673553
26.523481278045104,26.664248
27.44422965079365,27.6353
26.20042716638912,26.825846
21.63707428114876,23.060242
18.99520561864603,19.406704
11.803,12.226557
5.9737,6.0859723
4.0,3.97667
4.0,3.996374
4.0,3.9958231
4.0,3.971829
4.0,4.006925
4.0,4.0047398
