GHI,DNI,Temperature,Cloud_Cover,Wind_Speed,Wind_Direction,Wind_Gusts,Pressure,Humidity,Precipitation,hour_sin,hour_cos,month_sin,month_cos,day_of_week,GHI_lag_1,GHI_lag_24,DNI_lag_1,DNI_lag_24,Temperature_lag_1,Temperature_lag_24,Wind_Speed_lag_1,Wind_Speed_lag_24,Humidity_lag_1,Humidity_lag_24,Cloud_Cover_lag_1,Cloud_Cover_lag_24,Actual_Power_MW_lag_1,Actual_Power_MW_lag_24,GHI_rolling_3h,DNI_rolling_3h,Temperature_rolling_3h,Wind_Speed_rolling_3h,Humidity_rolling_3h,Cloud_Cover_rolling_3h,Actual_Power_MW_rolling_3h
20.401434,0.81734955,0.025015175,-0.0010202373,0.90999,-0.0062332926,0.06405427,0.00015823527,0.030959472,0.0017926085,-0.008428321,0.4447094,-0.0029586216,-0.043868348,0.00013327276,-0.0068739653,2.5054183,0.09974451,-0.12013324,0.003011869,0.0072037796,0.00065703917,-0.03089519,-0.002070431,-0.017863235,0.0003295517,0.022447826,0.23056477,2.8731334,0.017628757,-0.019655535,0.000115266404,-0.010494213,-0.0057087136,-0.01015704,0.019910028
-8.115799,-0.53195435,-0.063038714,-0.008505703,1.0460731,-0.0026833243,-0.042487897,-0.0012704062,-0.01629313,0.0033802881,0.0010870951,-0.15350637,0.00055793236,-0.0034563004,-0.0041521513,0.0016165904,-0.71885306,-0.14561391,0.041650906,-0.005321966,-0.006278617,-0.019036243,-0.0029578074,0.0010048563,0.001878406,-0.00063974183,0.0020936471,-0.003307548,-0.8248766,-0.007942944,-0.034073874,-0.00040262516,-0.0025117241,-0.0005873445,0.00020915648,-0.0027770498
-8.0860815,-0.5365408,-0.06716819,0.00032756515,1.0170418,-0.0017591915,-0.07626656,0.0017859415,-0.01956393,-0.00447255,0.001341235,-0.15242913,-0.006829488,-0.0050353264,0.0025476762,0.0009836012,-0.70477563,-0.1517977,0.041645225,-0.0012004686,-0.0080502285,-0.01996525,0.00090089213,0.013118848,0.009133345,0.00048093253,-0.0010722171,-0.007819255,-0.8330938,-0.0058484185,-0.032772966,-0.0017101804,-0.005453799,0.01357687,0.00046269866,0.0018700307
15.044238,0.66208684,0.017154442,-0.0067423764,0.9117902,-0.0071095256,-0.028575795,-5.8032318e-05,0.028613834,0.0036419358,-0.0511789,0.13266796,-0.0021067045,-0.031904604,0.0059758965,-0.01456638,1.9270165,0.07946945,-0.036789503,0.005648288,0.013675857,0.044009306,-0.057668727,0.0043363394,-0.04321472,-0.0074526374,-0.0012532558,0.24378212,2.2089462,0.010932263,-0.03405023,0.0012717927,-0.01984191,0.0048811706,-0.012725374,0.04141428
-8.135184,-0.52662706,-0.044425797,0.0009991826,1.0408128,0.0023936622,-0.015096081,-0.0014824667,-0.016411843,0.003418272,-0.0046508396,-0.1572986,-1.1228035e-06,-0.0067849713,0.0001995574,0.0012456203,-0.72861797,-0.14792614,0.044592436,-0.0037937392,-0.005251888,-0.021085361,-0.00021857706,0.0011215685,0.0037330992,-0.0019972462,0.0012993249,-0.0014650685,-0.86846805,-0.009262897,-0.011996342,-0.0018080008,-0.0034222018,0.000767762,-0.005852393,-0.0028251251
-8.082839,-0.5449226,-0.056252472,0.0009595161,-1.9051228,-0.0050387294,-0.089767076,-0.0022303662,-0.022259966,0.004618974,0.008576782,-0.15865822,-0.0039976723,-0.006007244,-0.0051015206,-0.0030654094,-0.7517964,-0.14953105,0.040108517,-0.0033035674,-0.004935491,0.08801065,0.0001736698,0.012929179,0.013994673,-0.0023110847,0.0011949689,-0.26727042,-0.9036917,-0.0087105585,-0.03326756,-0.0025018442,-0.0008882715,0.018496647,-0.0054810466,0.009883287
7.2236724,0.43707645,-0.05606076,0.0022479545,-2.028684,-0.014197425,-0.2260144,-0.025046697,-0.00043942686,0.0020943626,0.010063733,0.25804955,0.0010869156,-0.023563083,-0.00914233,0.0024662698,1.4744847,0.03829966,-0.018119417,-0.027373608,-0.013227259,-0.015178124,-0.0057801413,-0.007802717,-0.006013117,-0.0076259566,-0.008971182,-0.3588896,1.0573103,-0.004611531,0.08518452,-0.0030681281,-0.0017199601,-0.00037165108,-0.010336466,-0.0019908084
-8.196532,-0.5479895,-0.017404009,0.001036812,1.0439011,0.002484475,0.011013761,0.0003623954,-0.013934672,0.0028812026,0.0056015216,-0.16248892,0.0005823631,0.002330749,0.002260023,0.0007151759,-0.7379601,-0.14260279,0.045014095,0.006483325,-0.0038009735,-0.01914352,-0.0032700973,0.00205192,0.0023989873,-0.0019459974,0.0024266571,-0.005971366,-0.83966714,-0.008681966,-0.034159303,8.631836e-05,-0.005440651,0.0011720775,-0.005577805,-0.003149107
-8.16979,-0.5422375,-0.062421944,0.00132461,1.0469307,0.005573017,-0.011262178,0.0021761847,-0.015015293,0.0024072437,0.0003600152,-0.15550491,0.0017062259,0.010483796,-0.0009488071,0.0017955776,-0.7196222,-0.14565362,0.042457547,-0.006282192,-0.0056911316,-0.0074823373,-0.006090605,0.0009874591,0.0017679052,0.0006311377,0.0021098729,-0.0003551973,-0.8258134,-0.009654651,-0.035003494,0.00042073324,-0.0054659834,-0.001846555,-0.0031768358,-0.0034318622
24.296787,0.7333702,0.06731662,-0.002382623,1.0434158,-0.005848371,0.19077915,-0.004507047,0.032255244,0.0016035049,0.024585834,0.7896873,0.0008269091,-0.0051777298,-0.003405171,-0.0008307067,2.4331803,0.09569642,0.18536998,0.00441347,0.0253091,0.022269258,-0.01963145,-0.0037697833,-0.009950673,-0.0029633355,-0.0018717921,0.24085166,2.7267466,0.009543532,-0.015766326,-0.0047021387,-0.038139522,0.0012209283,-0.009238315,0.019623917
3.9748347,0.31410903,0.14429525,0.00031170488,0.9239175,0.008727361,0.060062043,0.004137267,0.005728015,0.0019798698,0.011626062,0.2837189,0.004259013,0.02226246,-0.0058259848,0.008665229,0.8421173,0.038281105,0.06622695,-0.0093213655,-0.008235437,-0.0038477774,0.018233381,0.013723943,-0.004804421,-0.003959271,0.0043348335,-0.013059195,-0.5827668,-0.004183663,0.0009106135,-0.0060094357,-0.008671994,-0.002659318,0.004351396,0.004145431
-8.102201,-0.5411451,-0.060258705,0.0026001963,1.0272198,-0.00049324613,-0.0795418,0.004147201,-0.017390773,0.0038501949,0.0008856765,-0.15611823,0.00066373014,0.0016733577,0.002128053,-5.7082023e-05,-0.70535487,-0.1511304,0.04263065,-0.005424663,-0.0069078715,-0.015735604,-0.0062873727,0.0010897896,0.00922073,0.00038354157,-0.0010147238,-0.0067509185,-0.8321338,-0.007310557,-0.03177546,-1.7128586e-05,-0.0036737523,0.008956968,0.003833693,0.0019198882
-8.182192,-0.5510309,-0.024143219,0.003736697,1.0457755,0.0042258073,-0.007949323,0.0031183865,-0.013540753,0.0029632847,-0.0015098243,-0.16033769,0.00094926305,0.010214695,-0.00080201874,0.0010927978,-0.7580854,-0.14345282,0.045029413,-0.00397122,-0.0063419496,-0.021803025,-0.0028912658,-0.0024353855,-0.0030815003,0.00027470675,-0.00081494293,-0.008101623,-0.8271289,-0.008339919,-0.028528804,-0.0033509673,-0.0050194203,-0.0056492453,0.0046888804,-0.0016084119
-8.16227,-0.5417566,-0.06426951,-0.00048397455,1.0734516,0.0054332465,0.011696274,0.0025219223,-0.01935984,-0.034462057,0.006056961,-0.15269583,2.6159492e-05,0.010890159,-0.00256343,0.0022328605,-0.7198551,-0.16272771,0.041223295,-0.0064096297,-0.0059210593,0.09046882,0.0033811363,0.0033219515,0.009162102,-0.00730947,-0.00087307213,-0.18432663,-0.79870063,-0.009195169,-0.033048432,-0.0052008503,-0.002556412,0.00029020774,-0.0032233763,0.0033415314
-8.134725,-0.5398168,-0.05978069,0.00011079626,1.0788355,-0.00089823734,-0.026007492,0.0031009568,-0.015558425,0.0024840448,0.00079348043,-0.15612714,0.0016536745,0.008796424,-0.0031658548,0.0029393875,-0.73670775,-0.14914873,0.04452071,-0.005808307,-0.0042641377,0.1063544,-0.003074888,0.0007036753,0.0027313516,0.0015519622,-0.00070918445,-0.18325396,-0.82999593,-0.007839147,-0.029027592,0.00017642826,-0.0019178176,0.00043159642,0.0014412315,0.0040528723
13.328278,0.6277731,0.061293174,-0.003435134,0.00048110934,-0.00504217,0.11568181,0.005586926,0.036374938,0.0018739064,0.03775679,0.33166185,-0.0032442114,0.008659652,0.00620173,-0.0041254596,1.6543213,0.050070085,-0.008022811,0.01358471,-0.044073578,0.01855187,-0.017812174,-0.002391244,-0.06096308,0.0001361158,-0.0061791115,0.010535442,1.3685181,-0.0057614446,0.101934984,0.0024649058,-0.007992348,0.0034843762,-0.012481534,-0.008593237
-8.147631,-0.54129565,0.0057486664,-0.010769236,1.0455477,0.0019672676,-0.008617927,0.0017795301,-0.007250305,0.0032767786,-0.010253931,-0.17758586,0.0027671037,0.0013175246,-0.0031704777,0.001020769,-0.76771,-0.1426304,0.044439174,0.0017502754,-0.00069038937,-0.016237315,-0.006244789,0.001998276,0.0046727075,5.0426075e-05,0.00057427987,0.004684526,-0.88632697,-0.005540088,0.018850626,-0.0022001555,-0.004628156,-0.005552812,-0.0006609152,-0.001583616
5.7714853,-0.5020822,0.016045123,0.0019715526,0.935679,0.0118466485,0.11138029,0.008380544,0.011933668,0.003456936,0.01817649,0.21764965,0.008298255,0.020311095,0.0030114294,-0.0159065,1.5098897,0.020512326,-0.0226496,0.01563645,0.008214628,-0.0061956225,-0.015967792,-0.01209055,-0.0056932196,0.002550431,0.008322346,0.0014967201,1.1457833,-0.009307313,0.05168514,-0.0033212688,-0.0097532645,0.003474449,-0.02558813,-0.0039321943
-8.107417,-0.5561886,-0.06620364,0.0019455163,-2.4191725,0.0012964975,-0.04270626,-0.0030348538,-0.0046500578,0.0036368503,0.0014229551,-0.1604077,-0.010130305,-0.004659054,-0.0019660755,0.00032597873,-0.78047645,-0.14791255,0.04072529,0.0074005346,-0.0058738557,-0.12897503,-0.004324316,0.012048506,0.010617168,-0.00090291246,3.3109813e-05,-0.010663503,-0.8991929,-0.007616872,-0.032117173,-0.001269928,-0.018740993,0.08328667,0.002868387,0.00095703034
8.12989,-0.959787,-0.4084646,0.0018231147,-2.2500591,-0.064936794,-0.21611588,-0.004551911,-0.011872531,0.0050345776,0.015845563,0.7626749,-0.0020059252,-0.011120025,-0.0055885934,0.012244403,1.8935138,-0.8545042,-0.029687053,-0.0059909383,-0.012820679,-0.042339712,0.0023470323,0.006958248,-0.0065492457,0.002621461,0.002207223,0.003792424,1.7436476,-0.0053136507,-0.010876521,-0.098242745,-0.0050435746,-0.042350985,0.02319771,-0.0016041942
5.7906294,0.25375655,0.080750115,-0.004886052,0.9869821,-0.006911494,0.008547934,0.0016469168,-0.00922825,0.0055623185,-0.110117085,-0.622768,0.004730456,0.0042057405,-0.001468914,-0.010022444,1.2678622,0.053719066,-0.010364958,-0.007343642,0.019729279,-0.0015698246,0.019329512,-0.008812916,-0.0054323627,-0.004257621,0.0024205758,-0.03990408,0.9508013,0.005892568,0.035889857,0.011444496,-0.008999158,0.008461956,-0.008998599,0.016790899
-8.243357,-0.54600143,0.00014191525,0.0008448817,1.0602409,0.0017007343,-0.032022,0.001321557,-0.007007761,0.002950157,-0.009106341,-0.16204809,0.0024063191,0.011000188,-0.00033814478,0.00032653517,-0.74778616,-0.14728157,0.03191816,0.011022638,-0.0060763364,-0.02214959,0.001708363,0.004491444,0.005581659,0.0007298265,0.0012892378,-0.025129871,-0.8536165,-0.010214824,-0.0061871903,-0.0033683986,-0.006037935,-0.00070500694,-0.005566487,-0.012582534
-8.067706,-0.5597659,-0.074340336,0.001674979,-2.5044549,-0.0028577673,-0.07888062,0.0009712345,-0.02116437,-0.024214584,-0.0042364327,-0.16612116,0.000245152,-0.015025705,0.0016532169,0.0007688744,-0.7781761,-0.16205528,0.038856313,0.0025480047,-0.0087001575,0.01571894,0.0068286746,0.074256465,0.010144916,0.0002713308,-0.00021175809,-0.2682168,-0.8817787,-0.008479887,-0.027728477,-0.0025327844,0.018148944,0.059243347,0.0004374773,0.0007615589
-2.731458,-0.22456224,0.0057178577,0.0024823288,-1.3005404,-0.018888,-0.009621567,0.011733399,-0.012868672,0.004864344,-0.025022978,-0.35065117,0.0062697246,-8.627209e-05,0.0015761884,-0.009087526,0.509132,0.019398374,-0.0018294232,0.0154996645,-0.0033125873,0.09116661,-0.007740433,0.008174871,-0.005670357,-0.0013029124,0.005077267,-0.004490964,-0.6476868,-0.014253599,-0.013380793,-0.00072022993,-0.00029988296,-0.014473387,0.0054223435,0.009426235
24.265047,0.66223186,0.06069116,-0.00066049944,1.0633345,-0.00015829748,0.18143082,0.004407649,0.03742288,-0.046469808,0.034119774,0.6770268,0.0024546103,0.00397781,0.0007392743,-0.017871417,2.613164,0.11745035,-0.07060621,-0.005259815,0.022453722,0.01536277,-0.031736314,-0.0031011656,-0.01554168,-0.0051304772,-4.051317e-05,0.20386036,3.1925988,-0.008629987,-0.064666174,0.0043379827,-0.009790825,-0.012226027,-0.013693912,0.023734972
18.9177,0.7658607,0.06518838,-0.0033431272,-1.217613,-0.012774278,0.03372879,0.002722978,0.021728402,0.0043973625,0.014002201,0.44595712,-2.7749278e-05,0.004258807,-0.0084597645,0.0043482543,2.2784588,0.05132537,-0.010343087,0.004910646,0.003692327,0.0841142,-0.0014679835,-0.0015829809,-0.048771724,-0.0029126678,-0.0019587467,0.045904618,2.4539998,-0.008515257,-0.0069282413,0.00027921778,-0.0013065307,-0.0017832124,-0.008870896,-0.003909685
4.813061,-1.3331325,-0.06727763,2.6494345e-05,-0.4351819,0.00096870307,-0.15915497,0.011397673,-0.003120759,0.007728968,0.024349306,0.67918956,0.0045050527,0.019525873,-0.0055494895,-0.012951132,1.2594062,-0.23839982,0.055542737,-0.01053977,0.00879306,0.09583811,-0.012097678,0.012275307,0.007546774,-0.00046392033,-0.0009987821,-0.09831454,1.1085563,-0.0033706753,-0.2765373,-0.0056342324,0.009581418,0.009773671,0.017273959,-0.010223644
-8.155843,-0.5323094,-0.061279178,0.0025603832,1.0381292,-0.004028252,-0.0054919664,-0.0015520572,-0.0048850942,0.0028902483,-0.005788804,-0.14903902,0.00011854336,-0.011891846,0.0023140432,0.0014835543,-0.73321503,-0.15103231,0.04097363,-0.0012536236,-0.004972514,-0.022383211,-0.0021669301,-0.00010403365,0.004201221,0.0002922545,-0.001087479,-0.0015213202,-0.83945346,-0.008496851,-0.01106623,-0.0015325953,-0.0037686904,-0.0020695333,0.0044960855,-0.003052097
4.819146,0.17670755,0.06856913,-0.0021355147,1.0099342,0.002215964,0.09489464,0.0064731897,-0.0043431525,-0.051566556,-0.10309114,-0.5837216,-0.02457514,0.001362892,0.003598497,-0.00012873462,1.2354373,0.030570509,-0.02217196,-0.008731112,0.020598507,-0.013544385,-0.013356305,-0.017421782,-0.026974576,-0.0038437385,0.0030044245,-0.032505948,0.96894085,-0.0013129456,0.019684432,0.0036764226,-0.007823624,0.0055145626,-0.020020904,0.011638211
-6.224334,-1.2375202,-0.09069276,0.0005126107,0.34175104,0.017040718,-0.12643719,-0.00024074192,-0.022483055,-0.0062827426,0.017119898,-0.1865958,-0.0033436578,0.002319698,0.015461965,0.006943913,0.7564208,-0.30853522,-0.0097788945,-0.007488078,-0.0040613017,-0.010776761,-0.0052396185,0.011884803,-0.0168583,0.00012767818,0.002666464,-0.35590214,0.8104802,-0.020332789,-0.31978083,-0.0011883936,-0.011953377,0.011308924,-0.00515596,0.00043188603
22.045563,0.5269241,0.043837465,-0.0034929425,-2.2469976,-0.008149827,-0.081428334,0.00698547,0.021818606,0.0027900282,0.040963575,0.6560176,-0.005262933,0.009359955,-0.001521261,-0.015346554,2.6035943,0.1192342,-0.07805666,0.00012595017,0.017207665,0.024404643,-0.032680497,-0.008637906,-0.045728296,-0.0067054066,0.003192289,0.17810547,3.1883368,0.0019956743,-0.006615124,-0.007844815,-0.0032648556,-0.0047710384,-0.008489108,0.013414095
-8.176443,-0.5531077,-0.06577552,-0.0026195268,-2.4959316,0.0016984778,-0.08577982,-0.0026789918,-0.01934361,0.0024175951,-0.0027754933,-0.16680704,-0.009264379,-0.0054821023,-0.0030882945,0.0002686973,-0.77146095,-0.14691712,0.029238708,-0.0047881026,-0.0066383295,-0.13843445,-0.0017502463,0.03471079,0.011710049,0.00041874443,0.0015142022,-0.027719466,-0.90260893,-0.007919459,-0.031554967,-0.00018649292,-0.0143314935,-0.0016064108,-0.0044918675,-0.010855101
-8.023579,-0.5614893,-0.038945243,-0.0016097946,-1.3793861,-0.0024233477,-0.09243516,-0.0016083852,-0.013741721,0.0049670185,0.0011993562,-0.17335387,-0.0006830753,-0.0055905594,0.008269318,-0.0009338427,-0.76316106,-0.13979442,0.032742362,-0.004853452,-0.006205379,-0.08179494,-0.005613656,0.0023271437,0.0028702342,0.00032607652,0.001291005,-0.024675345,-0.91875774,-0.00809099,-0.03343389,-0.002273064,-0.010909861,0.0006155173,-0.004152053,-0.00453476
-8.215081,-0.55577093,-0.026871482,0.005159045,1.0887147,0.0004895666,0.08119105,0.0034646643,-0.002304528,0.0028552248,0.005021638,-0.1581897,0.0007964517,0.010200378,-0.001224904,0.0011273794,-0.74854285,-0.14258307,0.04196546,-0.0073726173,-0.006502745,0.06509012,-0.0013567926,-0.0024906772,0.00024890027,0.00042306285,0.00072132563,-0.15277326,-0.82424325,-0.012764746,-0.029149493,-0.0008517512,0.00542297,0.0010243279,0.0034607572,-0.004456762
-7.670653,-0.442938,-0.015298024,0.0015400602,1.0766221,-0.00042597184,-0.004863362,0.0046150982,-0.005285678,0.0038895223,0.027504977,-0.16208728,0.0009998234,0.013009735,-0.0015731348,-0.000434213,-0.5713332,-0.13898252,0.031547107,-0.004940852,0.0025951273,-0.019894144,0.0041040513,0.003072263,-0.0025061113,-0.0026242563,0.0015959454,0.00061380916,-0.8148852,-0.007907833,-0.029248197,-0.00034973578,0.009649348,0.0025775572,-0.00047663,0.0028476638
-0.83964354,0.2528021,-0.21151064,-0.009246814,-1.3993386,-0.009233371,-0.3081302,-0.019201716,-0.02154195,0.0048039844,0.0009692067,0.06098808,-0.0006230014,-0.019054996,-0.010962336,-0.006636892,0.77033347,0.016941281,-0.011912066,0.0043930034,0.0016805113,0.04689814,0.016109556,0.013138628,0.0021843868,0.0025105132,-0.007885993,-0.23453985,-0.58735096,-0.010642101,-0.010455092,0.0071244254,0.0043811994,0.011320107,-0.012353098,-0.00691089
-8.1122875,-0.52642965,-0.061532844,-0.011063168,1.050072,-0.0022485356,-0.039129514,-0.005382691,-0.006418329,0.0033036107,-0.0006531317,-0.14835285,0.00028210742,-0.008223358,-0.004395635,0.0015480354,-0.74137425,-0.14109349,0.041590262,-0.0027715901,-0.0054684384,-0.018149076,-0.0147739835,0.0011685458,0.0025685122,-0.0015236378,0.0006025871,-0.0019697766,-0.8220092,-0.008752419,-0.03557124,-0.0013711393,-0.0018339569,-0.0035617957,-0.00071174954,-0.0031053065
5.9422107,0.33699778,-0.027412148,0.0059975903,0.92827296,0.0019707512,0.082047164,0.002000248,-0.009810876,0.0029127782,0.017398931,-0.3680567,0.0009410932,0.01112222,0.0064091766,0.00198483,1.1700306,-0.05313312,-0.025236335,-0.019916909,0.009263851,-0.007464966,-0.005375909,0.0032902018,-0.008552059,-0.0015281602,-0.0047190567,-0.3554354,0.9084982,-0.014960829,-0.020507574,-0.00561679,-0.009974876,-0.00010382064,0.010291248,-0.0067240014
6.258734,0.50918734,-0.088435404,-0.0014259778,-2.1404147,-0.029309232,-0.2297286,-0.013165762,0.008697156,0.0023722395,0.007640148,0.19429225,-9.095129e-05,-0.021891387,0.0018356567,-0.012533098,1.331258,-0.0018586973,-0.0265065,-0.028190589,-0.041162245,-0.067770034,0.011225883,-0.003132268,4.662655e-05,0.0014932078,0.00048484316,-0.4680983,0.96255755,-0.020539355,0.04511021,-0.017444113,-0.00543786,0.0006519816,0.003872253,-0.003976011
-8.183758,-0.55752146,-0.0637492,0.0026920633,1.0392638,0.0033516586,0.006551032,0.002912077,-0.015902597,0.002846653,-0.00011173066,-0.15627365,0.0011209104,0.009274321,0.002022247,0.0021167593,-0.7146651,-0.15482107,0.040707268,-9.90557e-05,-0.007458803,-0.03154715,0.007800339,0.0013318494,0.0016550262,0.00063628133,-0.00067494164,-0.011761719,-0.80664915,-0.010064415,-0.03510767,-0.0018599201,0.0071225953,8.429469e-05,0.00410504,0.00052840123
-8.131041,-0.5329125,-0.058209743,0.00028115162,-0.090679236,-0.003151451,-0.082182996,-0.0072232136,-0.003784267,0.004130946,0.0036647539,-0.14967573,0.00020888541,-0.0099398475,0.0074499683,0.0010110822,-0.74177486,-0.14102545,0.040049337,0.00038401328,-0.006364922,-0.04176373,-0.0076094675,0.0022049053,0.000738947,-0.000110247405,0.0005394189,-0.011412995,-0.84956056,-0.007887282,-0.034413196,-0.0027645344,-0.0109132705,-0.0032946113,0.0010447993,-0.0057333927
18.061945,0.6389031,0.0679922,-0.0043501616,-1.1900316,-0.0032482597,0.066409685,0.006670683,0.028067838,0.002330797,0.015881011,0.44176638,-0.0012606098,0.0071049323,0.0015370173,0.0038106698,2.1958334,0.039621122,-0.014068009,0.006287319,-0.01553497,0.028863344,-0.024987275,0.00048538955,-0.046747237,-0.005904127,-0.001015238,0.053360403,2.5145473,-0.012794044,-0.017400399,0.0053821206,-0.008837553,-0.005418531,-0.010417135,0.008130981
-8.060468,-0.5459458,-0.06259702,0.0023039842,-1.2148608,-0.006175098,-0.1349271,-0.0030302915,-0.016148832,0.0046580257,-0.00083531503,-0.15718862,0.00011942405,-0.010025508,-0.002024354,0.0011293883,-0.76274985,-0.15165126,0.037147436,-0.005203325,-0.008140089,0.05520894,0.0017153888,0.001673272,0.0039541973,0.0001222662,0.0022249538,-0.24187778,-0.90125054,-0.0078066494,-0.03154917,-0.0044680573,-0.009468581,0.002135149,0.0017479704,0.0012066786
9.934145,-0.49575198,-0.08483871,0.0019715417,-2.5037231,-0.07248034,-0.17784764,-0.029112684,-0.040132698,0.0037773263,0.043571472,0.8605354,-0.00868875,-0.017263366,-0.0008780987,-0.0054673916,1.6696674,-0.0152771855,0.00902163,-0.012752773,-0.028247617,0.010764213,-0.011774724,0.004475064,0.016059756,0.002742399,0.0037154001,0.15559095,1.5191724,0.0033566034,0.099972,-0.022126818,0.004113893,-0.024600679,-0.024702167,0.013548935
12.965808,0.19532306,-0.04982628,-0.004771555,0.9305508,-0.033218563,0.14221509,0.008814521,-0.05977309,0.001834481,-0.011941092,0.20568977,-0.015857827,-0.027718356,-0.0006034969,-0.027124563,2.061975,0.03414171,-0.033770263,-0.02277634,0.00606909,-0.0005736175,-0.024070205,0.003980439,0.0028051878,-0.004129434,-0.0017557715,0.1705633,2.4091737,-0.0046515195,-0.056136392,-4.931262e-05,-0.007653492,-0.024449127,-0.013622538,0.019416785
9.5641985,0.17005254,0.08579911,0.0068511716,0.9433243,0.018745596,0.0011325441,0.005189155,0.007938191,0.0015889114,0.03075607,0.28479752,-0.0020171194,0.02077714,-0.0023123473,0.012380149,1.4504075,-0.04393157,0.0171604,0.01308704,0.016379269,-0.025463201,0.012568585,-0.002307638,0.02738966,0.00040945798,-0.0019838214,0.013266015,1.097965,-0.010016101,-0.017624272,0.0023783038,0.009140591,0.005705471,0.028135853,-0.0007138049
4.8414955,-0.30475923,0.052370846,0.003167396,0.95166564,0.0027359931,0.09219187,0.008285958,0.006394886,0.0035522878,0.027967408,0.24131094,0.005125479,0.026459666,-0.011754071,0.0053582387,1.3371909,-0.14703993,-0.05589252,-0.0146122435,0.022400646,0.0013352286,-0.007469727,-0.003563436,-0.008272378,-0.0007023431,5.039851e-05,-0.100634694,0.9940269,0.011954916,-0.10312455,-0.005292265,-0.0062272325,-0.009333995,0.026309913,0.0008553894
-8.055833,-1.1814736,-0.23762704,-0.0026307865,-2.1993825,-0.043651577,-0.0759087,-0.008702659,-0.12366596,-0.037988983,-0.003709737,0.7602619,0.004192409,-0.038154628,0.002884276,-0.015618786,0.661456,-0.41516453,0.025239326,-0.0042372267,-0.016451426,-0.073887326,0.006437017,0.07352219,0.011843542,-0.002011914,-0.0034120807,-0.35340816,-0.5215527,-0.058811914,-0.03253064,0.00080239674,0.016115466,0.07019687,0.0024457716,-0.00842061
-8.132506,-0.54295975,-0.06478476,0.0022823357,1.0314322,-0.0011451262,-0.027368985,0.0014342569,-0.01753241,0.0028625075,-0.006869092,-0.15715249,-0.007621832,-0.0058541633,0.0016804526,-0.0003664798,-0.70498955,-0.16003259,0.042169854,-0.0010502614,-0.007266496,-0.025266437,0.0072270497,0.0021708836,0.0012005529,0.00079119427,-0.00067047804,-0.003776758,-0.81225127,-0.007591039,-0.037274543,-0.0019326087,0.00052051747,0.0022204237,0.0038249837,0.0011453636
-8.089658,-0.53370154,-0.062857926,-0.0015332305,1.038621,0.0028922674,-0.07382593,0.0014420521,-0.016615015,0.0033906088,-0.00028904606,-0.15470593,0.0007899095,-0.007167008,-0.0029824937,0.0012867184,-0.7125849,-0.14870627,0.041837115,-0.0043865466,-0.006877124,-0.017876461,-0.0055874805,0.0028765863,0.0031272445,-0.0010578673,-0.00088906055,-0.005569714,-0.82376957,-0.006891029,-0.03419377,-3.94832e-06,-0.002286114,0.003270505,-0.0062606875,0.00044236143
14.44615,0.18531282,-0.056644082,-0.002859283,-2.1170895,-0.06792297,-0.16967094,-0.053172234,0.026766503,0.0040014004,0.033268783,0.7757659,-0.004710568,-0.032742858,-0.00042476653,0.0040962733,2.1255481,0.058951173,-0.025203926,0.01248447,0.0019195459,-0.22897054,0.020767486,0.0060932655,-0.07828462,0.0035189295,-0.0001659838,0.098410875,2.472389,-0.006187193,-0.034728054,-0.010709822,-0.034142926,0.0018757642,-0.009304995,0.020880405
-7.698839,-0.56418383,0.033829376,0.0029314382,-2.2172432,0.0052950582,-0.10645397,0.008907968,-0.0038977729,0.006019001,0.0029397327,-0.19243667,-0.008720339,0.00031481835,-0.0028897065,0.0066897576,-0.7164448,-0.09100248,0.03746282,-0.004346322,0.00052893406,-0.047891162,-0.010456662,0.0031442652,0.00046738228,0.0009989671,0.0018130686,0.040813014,-0.9738035,-0.00259991,0.006009538,-0.0011535307,-0.0055513266,-0.0003826193,0.0040415744,-0.0053927572
-8.083275,-0.5467642,-0.06273314,-0.00033980445,-1.1391156,0.00038654593,-0.10190327,-0.0015714292,-0.017226653,0.0036481956,-0.002088907,-0.16421215,-0.0003834153,-0.0066555925,-0.004876259,0.0012545682,-0.7611187,-0.14829391,0.03746233,-0.00200001,-0.0076623657,0.057597663,0.0011643805,0.0031213078,0.00833624,0.0005932603,0.0024947913,-0.20119496,-0.8916577,-0.008630429,-0.034900308,-0.0033209443,-0.010794962,0.0005268742,-0.005566833,0.001588282
-8.210435,-0.55918014,-0.015734462,0.0027988136,1.0486127,-0.002128648,0.010610896,0.0021078174,-0.015689736,0.0030495683,-0.0011595981,-0.16463023,0.00015263623,0.006090206,-0.0024604122,0.0016295742,-0.7546967,-0.14219484,0.044382155,-0.0041518365,-0.0054809484,-0.040910468,-0.0017664521,-0.001695342,-0.002983098,0.0005228662,-0.00029746752,-0.019230198,-0.81664544,-0.008570846,-0.031887207,-0.0031718842,-0.005336049,-0.004512921,0.0018163369,-0.0030627
-8.224549,-0.5602713,-0.018372614,0.0017529804,1.0565073,0.0038837073,-0.0071551725,0.00031438327,-0.012185582,0.0031251018,-0.0013183362,-0.16303574,0.0019212051,0.00860173,0.0020707296,-0.0006231652,-0.7462682,-0.14276527,0.03076419,-0.0042634993,-0.0069642705,-0.04264424,0.008491192,-0.0002198783,-0.00382009,0.0006419195,0.00048442546,-0.0388571,-0.833934,-0.010734736,-0.033030238,-8.562614e-05,0.0074355244,0.000501101,0.0014331937,-0.008118017
-8.261678,-0.56362706,-0.06280635,0.0028302355,1.0559901,0.0017131686,-0.038314655,-0.00022907084,-0.015718684,-0.03890701,0.0015258284,-0.15932536,0.0018478244,0.012414308,0.0038811287,0.0019655493,-0.6851347,-0.16096014,0.029014977,-0.0038602708,-0.007674601,-0.009549168,0.0050729834,-0.0011967107,0.0016460132,0.00012817103,-0.00095720455,-0.03475889,-0.7815589,-0.011881035,-0.032835457,-0.00045666978,-0.0040059225,0.00020175379,0.0032637166,-0.013367531
-8.210251,-0.53753775,-0.06449018,0.002118716,1.0497025,-0.005487435,-0.003400643,-0.0038797192,-0.016869472,0.0028370693,-0.005749984,-0.1517975,0.000114706534,-0.012039007,-0.003431132,0.0012339493,-0.698509,-0.16205019,0.044174846,-0.00090773124,-0.006563725,-0.025923582,0.0041578016,0.00024689172,0.0038695452,0.0003633723,0.00020599086,-0.017085379,-0.80828965,-0.012759987,-0.036316305,-0.0031034355,0.0070132245,0.0006181594,0.003993035,-0.01065801
-7.6926975,-0.40879595,-0.003038792,-0.0006388531,-0.1412571,-0.014542494,0.016902998,0.0015048363,-0.0031564957,-0.034068875,-0.004846528,-0.1921425,-0.009936719,0.002908356,0.00052896014,-0.0075658467,-0.61652404,-0.09869477,0.0370084,-0.0060450323,-0.0072614932,0.05674936,-0.012836859,-0.018742241,-0.0012203606,-0.00035713176,-0.0024303542,0.010755923,-0.93401575,-0.0034768071,0.0042069727,-0.014885543,-0.0025786827,-0.00671447,0.0055626556,-0.008284098
22.428612,0.65058863,0.058251962,-0.00037906328,0.9705183,0.015894322,0.106520504,0.01179567,0.018963542,0.0017382058,0.067160316,1.380365,0.0039679618,0.03810697,0.000872495,0.008149109,1.6094327,-0.02797662,0.18143362,0.032257583,-0.006331296,0.008617002,-0.011080801,-0.009379795,-0.003175133,-0.0027955105,-0.002120046,0.093379594,1.6671634,-0.0033065432,0.1310221,0.012016236,0.0018219036,-0.0019143927,0.005640316,0.024145842
25.230597,0.7366261,0.06966747,-0.00740711,1.1174606,-0.010282441,0.18442857,0.004209541,0.024496691,0.0010801111,0.034108523,0.75096023,-0.0013449375,0.004133406,-0.0001839486,0.013438347,2.5857477,0.11907808,0.17690773,0.008619087,0.029126983,0.057367567,-0.008891658,0.006468993,-0.026313568,-0.0029197196,-0.0064277924,0.21045119,2.8426101,0.008488578,-0.0028706745,-0.0008623997,-0.0137343025,-0.0035118896,-0.0025333562,0.018532094
20.721764,0.45847502,0.0007928155,0.0023617817,0.097935796,-0.02367915,0.03401095,0.008746563,-0.037697766,0.0038485604,0.03399241,0.6286686,-0.009044686,-0.003350156,-0.003860904,-0.007790366,2.4730253,0.082042284,-0.057667647,0.012409413,0.007218927,0.05426452,-0.013611273,0.008133091,-0.005215862,-0.004048198,-0.002146908,0.19023336,3.0288596,-0.004101714,-0.023343997,0.009173324,-0.007339031,-0.025649581,-0.0034625991,0.010444012
17.254488,0.376456,-0.08701057,-0.007608169,0.83676696,0.0041231113,0.08708805,0.011378182,-0.013063561,-0.19590807,-0.010013998,0.37818015,-0.012587165,0.014514725,-0.0043291138,-0.005546974,2.083217,0.09304593,-0.0131031815,0.0188408,0.009720261,0.0787095,0.0025827521,0.0023364516,-0.00054769707,0.003441025,0.00032060855,0.14802782,2.17402,0.008337976,-0.038353894,0.0018062058,-0.00078594545,-0.018702319,-0.001960097,0.013787653
-8.156596,-0.5496826,-0.028766628,0.002836439,1.0474222,0.0030769585,-0.020876072,0.0007075429,-0.01437087,0.003082282,-0.009936856,-0.16585155,0.0017340394,0.01016371,-0.0031120873,0.0006789637,-0.7364228,-0.14964701,0.043390874,-0.0044268076,-0.0042839264,-0.029693501,0.0031522678,0.0011179828,0.0030168523,0.00077372434,-0.00063967315,0.0011234552,-0.84888536,-0.007017934,-0.0043817977,-0.0017318152,-0.0058240746,0.00035926636,0.0038287365,-0.003679474
12.5957985,-0.47709316,0.06996503,0.0031148593,-0.2694175,-0.0049481206,0.08070578,-0.01112818,0.036534425,-0.0008689705,-0.008888049,0.35918704,-0.00016930311,0.0069971364,-0.003166397,-0.08214129,1.9832159,0.042455677,-0.020836141,0.019499928,-0.027604707,-0.0003246374,-0.024325289,-0.0022510388,-0.03953355,0.017209798,0.0025767337,0.13599221,2.2001896,0.015390558,-0.0718388,-0.021128848,-0.0047071986,0.005119448,0.0009764767,0.01695858
-3.4985516,-0.1377256,-0.025014102,0.0009945384,0.98911905,0.02089987,0.072815746,0.00047200557,-0.008508748,0.0041939463,0.0013404791,-0.24906279,-0.005320075,0.002392399,-0.00034416805,0.001802319,0.2986439,-0.20581934,0.044512507,-0.0010166451,-0.0048570405,-0.018349616,0.00021244562,0.0005795893,-0.0033746047,1.1708418e-05,-0.00016906213,-0.05372164,-0.7035775,-0.0057670046,-0.0038296063,0.0003478048,0.02575261,0.0018026138,-0.021438424,0.004089404
-8.185691,-0.5475544,-0.05309351,-0.0016505936,-2.4880989,-0.015326531,-0.022864848,-0.0027522028,-0.008571308,0.003438631,0.005137567,-0.15509734,-0.0053386465,-0.007611659,-0.00031570691,0.0005103042,-0.8006436,-0.13956715,0.041432314,0.0008802879,-0.004965589,-0.017636273,-0.006040897,0.0030528114,0.0054044435,0.0006579637,-0.00048632975,-0.2963336,-0.8966895,-0.011693631,-0.031789333,-0.006424535,0.013431597,-0.003734997,-0.0009823074,0.0006762178
14.549075,0.6374221,0.038062207,-0.008220608,0.93769234,-0.008396822,0.10845996,0.0016684049,0.037630875,0.003136128,-0.07098267,0.076574296,-0.003028262,-0.02818858,0.0033556386,-0.0146591095,2.1711187,0.059746716,-0.041321788,0.0066732764,-0.0034256303,0.04687116,-0.010908154,0.0046362826,-0.020834034,-0.009918525,0.0018051933,0.20293987,2.1766915,0.012405508,-0.04375364,-0.0014472844,-0.0073479577,-0.01640063,-0.016405448,0.028189015
9.894619,0.14813294,-0.080581196,-0.0012072199,0.89986455,-0.05121727,0.07167201,0.009325843,-0.15396324,-0.038629618,-0.009358218,1.4642612,-0.008169802,-0.015324552,0.0005992624,-0.00055024377,1.2995601,0.09816951,0.10063394,-0.012069616,-0.025483282,0.054229245,0.00031416048,0.007282185,0.0068098884,-0.006028223,0.004208417,0.024770437,-0.4364292,-0.012349147,-0.033085134,-0.0018088885,0.0032385762,0.023939926,0.021515872,-0.0048509873
-8.134684,-0.5252569,-0.07413529,-0.0022107488,1.0461746,-0.0009305814,0.008662236,-0.0013744775,-0.0005797578,0.0018987549,-0.0059231897,-0.16941762,-0.0002980156,-0.011074641,0.003023141,0.0017972325,-0.77583736,-0.103467606,0.045088667,-0.004789553,-0.006661828,-0.008221147,-0.009211344,0.0037082343,0.001363437,-0.002810278,0.0022158683,0.004308891,-0.8945224,-0.0030707493,-0.01042838,-0.0026024382,-0.00034888668,0.0018853127,-0.00072194776,-0.0019136617
-8.063958,-0.5322089,-0.03253981,-0.0103447605,1.047266,-0.0066613173,-0.0718708,0.0028267936,-0.015131768,0.0032478466,-0.011622933,-0.17324132,-0.010168984,0.0013083414,-0.003344078,0.0016168861,-0.74016327,-0.1454357,0.043853756,-0.0030428336,-0.008196209,-0.01701128,-0.007312246,0.0038811052,0.003894665,-0.00055126555,0.0010521883,0.005687521,-0.8797015,-0.0052375905,0.0030591725,-0.0009826991,-0.0050737904,0.00019698731,5.710332e-05,-0.00258102
-8.229494,-0.53065604,-0.019160338,-0.008326152,1.0541991,-0.0022496823,-0.03986792,-0.010707237,-0.0061272685,0.002899524,-0.005551174,-0.16292363,0.0003078291,-0.00400852,-0.0042458433,0.0006186684,-0.7434046,-0.14279598,0.031315498,-0.005961812,-0.006541505,-0.028708834,-0.007996302,0.00080442807,0.0019842668,-0.0023291695,-0.00064503204,-0.022851199,-0.8485162,-0.01205792,-0.0046401625,-0.0021932232,-0.005388028,-0.0044589625,0.00073305686,-0.012009746
-8.093593,-0.54636115,-0.05894507,-0.0022111123,-1.8865258,-0.004850106,-0.08827613,-0.0017612942,-0.018580858,0.0047644796,-0.00039031197,-0.16096789,0.0012907689,-0.009174633,-0.005894946,-0.002234237,-0.76473105,-0.15008001,0.039043892,-0.0041475263,-0.005563728,0.10451738,0.0017563105,-0.00076645846,0.0050705457,-0.00468036,0.00091495935,-0.2711377,-0.9092471,-0.008732207,-0.035426,-0.0029123712,-0.011546324,0.0012508982,-0.004114173,0.0028310204
-7.781113,-0.2824497,-0.021519324,-0.0022238109,1.0493094,0.0050223786,0.030571178,0.0013055858,-0.013992966,0.0039979964,0.026807236,-0.18488412,0.0020831414,-0.009317236,-0.0017230394,0.00046430138,-0.65799814,-0.13675238,0.037838425,-0.004361918,-0.004220624,-0.015209139,-0.0018564557,0.0017209591,0.0023975566,6.3666484e-05,0.0013213417,-0.0015474119,-0.87661254,-0.0065012346,-0.032170337,-0.0022873553,-0.0066346047,0.000748138,-0.014693347,0.00047048624
-8.143371,-0.53417146,-0.060849067,-0.0017671757,-1.9543217,-0.001109306,-0.15569921,-0.0039069885,-0.01535541,0.004794765,0.00015074911,-0.1596198,0.00019446002,-0.010116129,0.0041747596,0.001304398,-0.77297276,-0.14680699,0.03916055,-0.0019305301,-0.0049251947,0.08914794,-0.00065982586,-0.0019477571,0.003974092,-0.0019853555,0.0013254292,-0.30530915,-0.92178315,-0.009396087,-0.03297322,-0.0028333084,-0.004482075,0.0006308119,-0.0024139786,0.0064282026
10.568103,0.2754608,-0.04341296,0.0024081855,0.87663347,0.0073214793,0.10860638,-0.009310286,0.00947941,0.0011956115,0.032927215,0.3316473,0.01186284,0.028075546,-0.00086165615,0.008422901,1.5045854,-0.010146316,-0.013928422,-0.021857843,0.007599267,-0.024680208,-0.0002711251,0.0059810122,-0.01250545,-0.0004356857,0.0017708582,-0.1548431,1.0806206,0.004616222,0.12452063,-0.0027494172,0.002414744,-0.0009670462,0.011947632,-0.004409327
-2.6304762,-0.20889731,0.058818895,0.0013748516,-2.455546,0.021542571,-0.061301555,0.007347919,0.011756187,0.0007048738,-0.029878689,-0.4078343,0.005725641,0.0016357711,0.0024271088,-0.020615997,0.5670613,0.00536185,0.020052308,0.0013018517,0.004285811,-0.11230742,-0.017272914,-0.011035873,-0.012682307,0.0009457633,0.006379185,-0.026198179,-0.6865038,-0.019183623,-0.011456507,0.0008097933,0.018166522,-0.0010860659,0.01787884,0.001352381
-8.206561,-0.5409113,-0.07595563,0.0023300503,-2.4967234,-0.016983569,-0.09609547,-0.008178873,0.005348153,0.0029686783,0.0008411996,-0.1580747,-0.0016546019,-0.01794765,-0.004960925,0.001281122,-0.803185,-0.13789107,0.028038068,0.00832435,0.0008867963,-0.16553204,-0.034697283,0.0018909941,0.0037658748,0.00043429516,0.00053716,-0.030581692,-0.883508,-0.013152497,-0.025575804,0.008465924,-0.0071891895,-0.0026051044,-0.0006711574,-0.009228895
-8.185618,-0.5339303,-0.06240974,0.00022902463,1.053252,-0.0075137615,-0.012368603,-0.0018765267,-0.0067908056,0.002761686,-0.009533568,-0.16056676,0.0012074028,-0.011454369,0.0019532356,0.0010871862,-0.74250585,-0.15622024,0.03046152,-0.0026670434,-0.0066347676,-0.025977196,-0.00070199394,0.0018494544,0.0034310184,0.00065377355,0.0011290379,-0.026105944,-0.8508103,-0.009446672,0.009919516,-0.0022380077,0.005765712,-0.0031376977,-0.0007873015,-0.012431591
13.250584,0.37235522,-0.10977115,0.0009949668,0.9211503,-0.024107326,-0.18381819,-0.0036245668,0.026057355,0.0029498104,-0.003706869,0.31039244,0.0008529617,-0.04439836,-0.0017717299,-0.004826286,2.068941,0.09642978,-0.03362503,-0.012869459,-0.025431233,0.0008049796,0.009224749,0.0053386046,-0.0046764985,-0.0049717887,-0.0013944049,0.12139748,2.2933943,0.006742765,-0.037813887,-0.027513973,-0.003329105,0.0102891,-0.01068103,0.019952027
-8.168855,-0.54400146,-0.05917733,-0.0023786465,1.0384883,0.005271747,-0.008020798,0.0009854675,-0.01603264,0.0027652935,-0.0004854776,-0.15727721,-0.003922348,0.0022612908,0.0035261533,0.0017550536,-0.71072733,-0.15212007,0.041034866,-0.003323759,-0.005439457,-0.025496203,0.006179688,0.0014861398,0.008674984,-0.0019429979,-0.0006645194,-0.005626004,-0.8166498,-0.0074223382,-0.031535715,-0.0007669321,-0.0053017563,3.0022411e-05,-0.0025032545,-0.0011909246
-8.120365,-0.53186184,-0.062149305,-0.009541536,1.0393089,-0.015473435,-0.04322646,-0.005847003,-0.0042066574,0.003321176,0.008717506,-0.14626712,0.000618619,-0.006599834,-0.005097478,0.00055504875,-0.74480534,-0.13581948,0.0419947,-0.0002488856,-0.004457697,-0.01095545,-0.008206735,0.00047967932,0.00065613585,-0.00022067603,0.0033418697,-0.0037733812,-0.8222916,-0.008424246,-0.03503193,0.0039536105,-0.0025454615,-0.0041756174,-0.00447961,6.38901e-05
-8.212779,-0.54090863,-0.062244102,0.0021478813,1.0681533,-0.007842639,0.03036641,-0.0045649973,-0.002481355,0.0028815856,0.009760004,-0.14840128,-5.6087178e-05,-0.014055159,-0.0038228447,0.0019337893,-0.73239785,-0.14441693,0.041207787,-0.0019463071,-0.005726288,0.10257879,-0.003408633,-0.0014608488,0.004088823,0.00024335299,0.0024584334,-0.16118029,-0.7888521,-0.011736093,-0.025280077,-0.0025455102,-0.0001495962,-0.0004557823,0.0049612005,0.00091207755
14.359227,0.33264887,-0.08380506,-0.0012532342,0.9122041,-0.03707469,-0.09900405,-0.037645448,-0.038336784,-0.007566837,0.081796505,1.0398468,-0.005823082,-0.030039383,0.0036365637,-0.0004987037,1.8384657,0.037407927,0.0034189445,-0.06567304,-0.014675576,-0.019489653,-0.036772214,0.0077169472,0.007121153,0.0035211747,-0.0023589537,0.3692126,1.7227759,0.00012984827,0.10599806,-0.014520698,-0.019598003,-0.0030222484,0.008113705,0.015827574
19.444494,0.195036,0.15549429,-0.0046178205,-2.284325,0.015003427,-0.15916766,0.011127034,0.0263602,0.004570448,0.01719857,0.97793776,-0.006611141,0.018845076,-0.01360152,0.0068497984,2.0965502,-0.16115738,0.03202863,0.008714028,0.010714109,-0.055652328,0.0032107919,0.0016538441,-0.022832152,-0.0005674862,-0.01773522,-0.041390073,2.1134052,-0.0049270936,0.029283306,0.013941752,-0.005425898,-0.0064684493,0.015551543,-0.006590588
-8.163991,-0.5362519,-0.03537316,-0.011215608,1.0567347,0.000609853,-0.0076348726,0.0015798815,-0.015593127,0.002838766,0.0040438636,-0.16216265,0.0004844147,-0.0041039777,-0.0028068272,0.00089200714,-0.73188287,-0.14295623,0.041569244,-0.0038953875,-0.0069061983,-0.029985908,-0.0027513637,0.00073640444,0.002876295,-0.0014318483,-0.004343134,-0.0066878404,-0.8216089,-0.008375592,-0.034420162,-0.0015283844,-0.0036408675,0.00047610703,-0.00086535135,-0.0019102041
7.4903455,0.48939836,-0.08419052,-0.00075935276,-2.2323222,-0.045867924,-0.09791883,-0.016266324,0.019186622,0.0018383537,-0.0010501633,0.28085977,0.004282599,-0.023198135,-0.0014377333,0.020114966,1.5531441,0.029831683,-0.03391182,-0.020587098,-0.03550408,0.032185256,-0.0065692957,0.0045549837,-0.030895013,-0.008699447,0.006284405,0.10683958,1.1887912,-0.001642149,0.0800172,-0.012529135,-0.04858049,-0.0028798105,-0.004163283,0.022120254
-8.038708,-0.550534,-0.060755182,-0.00095711416,-0.5596964,0.0073936037,-0.09222411,-0.00042182297,-0.013562039,0.0039257333,0.0006071562,-0.16019201,-0.005845387,-0.00409241,-0.0033028715,9.954551e-05,-0.74181926,-0.14726432,0.036314737,-0.002642865,-0.0049667894,-0.047800284,-0.0069584544,0.0038760277,0.0057180235,-0.0021256746,0.00077480316,-0.019368399,-0.8857785,-0.006979419,-0.032399207,-0.0023798107,0.0030420446,0.0015890633,-0.003827914,0.0048355306
23.971481,0.89770746,0.03033687,0.00079619646,-0.58518964,-0.008170521,0.09604284,-0.018892808,0.030835744,0.0029294745,0.043176472,0.69002366,-0.006473588,-0.022080086,-0.0053181755,-0.013589481,2.7119415,0.115147606,-0.06559395,0.009762761,0.0070604277,0.06359306,-0.017475188,-0.00064024696,-0.049315978,-0.010056716,0.005819542,0.22817726,3.3355875,0.00058881834,-0.0054938,-0.032755625,-0.0036486492,-0.0070204344,-0.009435146,0.021837203
-6.888986,-0.14407368,-0.011347308,-0.006617593,1.0723611,-0.016877597,-0.017561475,-0.00028658402,-0.005309885,0.0025436997,0.00066202896,-0.19535057,0.0037310212,-0.015024025,-0.0020762745,0.00091051,-0.66743296,0.005101686,0.012123088,0.01358862,-0.00138503,-0.023953283,-0.0025301017,0.0024967832,0.0013294284,-0.0022809214,-0.012989001,0.11909432,-1.1134679,0.030019015,-0.008861155,-0.0016287114,-0.001885092,0.008811999,-0.009364875,0.09198814
-8.176501,-0.53142023,-0.057916857,0.0005211095,1.0566741,-0.006116738,-0.007391061,-0.000579892,-0.0061525987,0.003683442,-0.008736251,-0.1600185,0.0012395567,-0.011838378,-0.0032626565,-0.0011298242,-0.74026656,-0.15541457,0.045261912,-0.003335498,-0.0077957967,-0.010065554,-0.009929179,0.0017982849,0.001659855,-0.00028517813,0.000981248,-0.013281547,-0.8618719,-0.008772897,0.0030823313,-0.00024278721,-0.002982796,0.0030273446,-0.003988506,-0.011763165
0.73135406,0.027316608,-0.022080682,-0.0018283072,0.3620516,-0.01757607,0.029254034,-0.024236904,-0.006441103,0.0030701018,0.011173105,-0.3242558,0.00049278024,-0.011766902,0.009897475,0.015625494,0.94169873,-0.07373266,-0.022583539,-0.010765985,0.0023636217,0.0502293,-0.012626824,0.009755992,-0.004692124,-0.00999488,-0.005969732,-0.38281953,0.8967405,-0.006654459,-0.06428658,-0.0012845857,0.030872973,-0.0020108798,-0.01570516,0.009887818
-8.164643,-0.5378184,-0.021065105,-0.015391877,1.0633427,0.0018080398,-0.010119342,0.003936137,-0.014276105,0.0033354433,-0.0008916076,-0.16276924,0.0011727485,0.008685057,0.0024348015,0.0012872244,-0.7396464,-0.13623522,0.04295587,-0.0054727267,-0.0048595923,-0.025662553,-0.007569717,0.0014890706,0.004810396,-0.0008052699,-0.004439178,-0.005737331,-0.8558197,-0.007495541,-0.033990223,-0.0004151018,-0.0027339123,0.00078110216,-0.0009472579,-0.00057804334
-8.104139,-0.52908915,-0.058399707,-0.0020536687,1.0402867,-0.0037262293,-0.0425118,-0.0054934947,-0.006998329,0.0028605328,0.00418387,-0.1479069,-0.00040830995,-0.011406232,-0.0034074455,0.001965206,-0.7425158,-0.15026021,0.03995102,-0.00088216877,-0.004868942,-0.026427587,-0.008130723,-8.732171e-05,0.0013221542,-0.001558462,-0.000974304,-0.005957885,-0.806994,-0.008983336,-0.031629078,-0.0008604319,-0.0039451616,-0.0038611311,-0.0042707017,-0.0035196496
17.527233,0.58495116,0.08219127,0.0022585078,0.880193,0.011701932,0.010694044,0.0064800335,0.028625734,0.0036713225,0.005235366,0.46511644,-7.5017183e-06,0.014337182,0.0020068088,-0.0023950613,2.148227,0.052618515,-0.014903513,0.011042551,0.0056288647,-0.053956654,-0.009533474,-0.005073794,-0.038766716,-0.0031685284,-0.00211362,0.053370748,2.4040387,-0.0017820308,-0.014658936,-0.001610694,-0.010080074,0.0012930688,-0.011744325,-0.005469358
-5.2315483,-0.13424695,-0.12007896,0.000756313,1.0327555,-0.029766472,0.013551133,-0.009522544,-0.02434481,-0.031531513,0.0035033973,-0.22539727,-0.006017208,-0.020385265,-0.001466347,-0.0023093175,0.30023044,-0.27947742,0.020264693,0.0050135124,-0.005714021,-0.012877604,-0.0033799391,0.0078069572,0.021463692,-0.00012453092,0.0003125992,-0.024642028,-0.64208055,-0.0050521656,-0.023842884,-0.0023618017,-0.0063389083,0.009632491,-0.0031128216,0.0021151628
-1.702781,-1.9114704,-0.33044454,-0.003660291,-2.1502185,-0.056933742,-0.06929989,-0.008300846,0.019811496,0.0075812903,-0.00914128,0.3982762,-0.011067653,-0.004754179,-0.011455518,-0.0063346634,1.4835588,-0.79141015,-0.018993555,-0.0050931172,0.00028429527,-0.17681165,0.010687653,-0.015972065,-0.025182461,-0.00082695053,-0.0012658263,-0.1249943,1.3546003,-0.008573124,-0.02237167,-0.091511354,0.012757388,-0.044594668,-0.0055322014,-0.015939308
-8.190779,-0.5345226,-0.034586336,-0.002304536,1.0809321,-0.012744888,0.041557286,-0.004469832,-0.008027018,0.002897377,-0.011691877,-0.15311432,-0.0060653267,-0.004113965,-0.00044413135,0.0011353448,-0.7499069,-0.14989899,0.04349136,-0.0024392465,-0.006626573,0.10355619,-0.0043621124,-0.0013818685,0.002876424,-0.0017127668,0.002144263,-0.15357326,-0.8301638,-0.011463089,-0.0032624549,-0.005934175,0.004509604,-0.0044563184,-0.003762465,-0.002535961
-8.241324,-0.56171495,-0.004139195,0.0031083524,-2.54547,0.0049324823,-0.028431185,0.00082842674,-0.002439136,0.0033343474,-0.0020027647,-0.17544766,0.001320673,0.009448303,-0.0026172625,-0.0019998269,-0.83163375,-0.13359399,0.042609796,0.004752052,0.0004031093,-0.033664797,0.00018843377,-0.0015282838,-0.013151599,0.0006115466,0.00055402983,-0.24396886,-0.90608424,-0.015645862,-0.031434726,-0.000771644,-0.0032361927,0.0006451289,0.0034161482,-0.0015047248
-8.161872,-0.5331726,-0.034731083,-0.008853926,1.039665,0.0024821856,-0.008115243,0.00044684875,-0.016797647,0.0032979345,-0.0003033704,-0.15917131,0.003220885,0.0012319413,-0.00089225144,0.00036703757,-0.7350777,-0.13581482,0.04175769,-0.0041586943,-0.0068798987,-0.013682644,-0.0063424213,0.0020535197,0.0025024763,0.00044104178,0.0014405415,-0.005252116,-0.84698665,-0.0078068604,-0.03356218,-0.0016887196,-0.003396047,0.0021065527,-0.000521906,0.00035653167
-8.150529,-0.5288106,-0.060910735,-0.007892804,1.0335844,-0.0046391073,0.00022482645,-0.0048460676,-0.0010456615,0.0028334258,0.0050550275,-0.14830045,-0.00020572037,-0.008047152,-0.0008483983,0.0013791451,-0.74695325,-0.14965107,0.04087293,-0.00025878183,-0.005722502,-0.019777786,-0.00061337254,0.0003723433,0.0011740183,-0.0016558426,0.0013743466,-0.0046893843,-0.81181526,-0.009028171,-0.03203186,-0.0004935941,-0.0047711064,-0.0042693447,0.00012242128,-0.0029545613
21.237686,0.82664233,0.04065866,-0.001441673,-0.3862339,0.004124613,0.012414079,0.007293896,0.027308643,0.00259713,0.037123494,0.6868664,-0.015302062,0.0028066952,-0.009107709,-0.008554059,2.5912209,0.09839362,-0.050284505,0.002320901,0.0063374406,0.010019566,-0.043689314,-0.002173728,-0.01814219,-0.0074697454,0.0034972113,0.24049957,2.8593802,-0.0027215458,-0.015722716,0.006332619,-0.013870051,-0.0062577636,-0.018682308,0.01776554
-8.217321,-0.5576082,-0.011335105,-0.00078664353,-2.4979262,0.0018431453,-0.019616999,0.004705062,-0.0018910033,0.0032017035,-0.0018390375,-0.16984862,0.0014233971,0.009152162,-0.0011574615,0.00047285605,-0.82585865,-0.13660502,0.04293514,0.00032922375,0.00058757595,-0.008766169,-0.0016658624,0.0017732709,0.005052706,0.0010170732,1.8684272e-05,-0.29816493,-0.90986305,-0.013175334,-0.028558599,0.0005419538,0.006428451,-0.005226907,0.0021768773,-0.001494992
-8.168802,-0.5296683,-0.061439913,-0.008328619,1.036441,-0.003992421,0.01577148,-0.0046608415,-0.0020727762,0.002863464,0.004487385,-0.1502846,0.00062148843,-0.007915855,-0.0007624871,0.00183405,-0.7497794,-0.15002681,0.041125514,-0.0013006765,-0.0062908796,-0.022464115,0.002972098,8.048465e-05,0.0017303717,-0.0012390105,0.0020440368,-0.004282319,-0.8118476,-0.008969064,-0.030931666,-0.000291505,-0.002416222,-0.0039595705,-0.00018412483,-0.0034940287
-8.16435,-0.54504466,-0.033581987,0.004510372,1.0506656,-0.0019968422,-0.010847683,0.0035184748,-0.0042911344,0.002899239,0.0006744663,-0.16090056,0.00038637716,0.008418779,-0.003909799,0.0010302302,-0.7514024,-0.13709716,0.042407807,-0.0049170717,-0.0057845684,-0.032457843,-0.0016800268,5.766163e-05,0.0014781172,0.00079041877,0.0012507045,-0.0057068914,-0.8242609,-0.009064258,-0.034825534,-0.0047441428,-0.005866406,-0.002001097,0.0048661525,-0.0028817288
-8.132713,-0.53072804,-0.046661638,-0.0025700384,1.0393164,-0.0181502,-0.043048516,0.0018057601,-0.016079215,0.0035456042,-0.002205539,-0.15915744,0.003244637,-0.0019977607,0.0041940906,0.002278129,-0.72889704,-0.1376804,0.040583823,-0.003411102,-0.0066094664,-0.0062674023,0.008549273,0.0021855382,0.007847479,0.00025213195,0.0010936226,-0.004998123,-0.8532217,-0.008275467,-0.03339869,0.00031213096,-0.0026593166,0.0003788885,-0.004830343,-0.0004096823
11.553073,0.3869921,0.106129445,0.00075019716,0.8751492,0.01938514,0.0029770923,0.008467065,0.023470791,0.0010795079,0.032339115,0.2386609,-0.0010969304,0.021061532,-0.0028022705,0.0029656705,1.5268131,-0.016756969,0.01581077,0.016281197,0.0061422917,-0.039644834,0.0028036078,-0.0013682903,-0.0422314,-0.0004256966,-0.0005651273,-0.08807995,1.1673242,-0.0018639492,0.12889858,0.004703062,-0.0034475862,0.004816036,0.013876985,-0.0040203827
-7.9889956,-0.52595043,-0.055330165,-0.031323213,-0.546986,-0.005362777,0.005960542,-0.039683256,-0.06109868,0.004979194,-0.045846883,-0.15377761,0.011214204,0.017537536,-0.034805708,-0.00073222036,-0.7370824,-0.12862006,0.040719368,0.018637124,-0.03167598,-0.0059545967,0.036373045,-0.07932188,-0.025238333,-0.0028313254,0.0027488978,-0.19167913,-0.79702646,-0.008817683,-0.008521121,-0.0030406043,-0.0885555,-0.005307072,-0.0070531997,-0.00882152
-8.042758,-0.5391091,-0.06497168,0.002755795,1.0132011,-0.0054190555,-0.03919189,-0.0001473785,-0.015815357,0.00059438305,0.011779663,-0.14618768,-0.0060591577,-0.006506356,0.0026097577,0.001503564,-0.6192578,-0.15210754,0.049682938,-0.0015957133,-0.0080466205,-0.01996133,0.0068729315,0.011830174,0.010184682,0.00035916036,-0.0010804324,-0.0056567932,-0.8307351,-0.0068267607,-0.030829556,-0.0023738903,-0.008894126,0.011931147,0.0044895643,0.00022891354
13.174573,-0.439655,0.061932217,0.0010296114,-2.1937582,0.023527956,-0.03838973,0.009261375,0.02041649,0.009253415,0.033076648,0.7548371,-0.0027233616,0.006787971,0.0043270285,-0.01675182,2.2502167,0.09390995,-0.030790886,0.00681261,-0.018493487,-0.011515486,0.0023391352,-0.011208297,-0.024392646,0.013110194,-0.0006177688,0.1483754,2.4827,0.0008364654,-0.0711032,-0.002971214,0.00075754675,-0.0120061785,0.013991662,0.0011937489
16.352646,0.69635814,0.03406009,-0.0014101781,-0.45366782,-0.010856264,0.032430682,-0.0011316778,0.018145258,0.0037223715,0.011397505,0.3947099,-0.0012014096,-0.0072594276,0.00046706348,0.00071466586,2.184168,0.030346746,-0.020547546,0.011849204,0.00046916358,0.10470609,-0.013164767,-0.009824289,3.7140486e-05,-0.0023508945,0.004900879,-0.045952495,2.396204,-0.002995952,-0.03416754,-0.015083041,-0.0073682996,-0.009041793,-0.0069363853,-0.004054372
-8.028907,-0.533659,-0.03203216,-0.00016053497,1.0485351,-0.004921639,-0.010450658,0.0004378436,-0.013308414,0.0027410602,-0.00795071,-0.16810569,-0.008938768,-0.00571566,-0.0032561005,0.00071787566,-0.7216795,-0.042016685,0.041510623,-0.0035811756,-0.006257033,-0.0148375435,-0.008979018,0.0017803955,0.0040723137,-0.005070246,-0.00093662646,0.01284472,-0.93909985,-0.015745142,-0.019066626,-0.0020477527,-0.0021132324,-0.0038857695,-0.003244787,-0.0031129601
13.322228,0.07125146,-0.09030738,-0.0007429716,-2.163001,-0.13698244,-0.20869333,-0.07261843,0.0057455767,0.002166417,0.005863824,0.9961989,0.0019848852,-0.036092535,0.00081595866,0.013358185,2.0907328,0.031403176,-0.036149774,-0.077994585,-0.025751205,-0.15613495,0.016340278,-0.005549199,0.0036186548,-0.00019893689,-0.003109622,0.03889759,1.465752,0.0034413645,0.04444797,-0.0022359118,-0.00833227,-0.013304168,-0.011267954,0.017189192
-8.20362,-0.5318106,-0.039891437,0.0019353281,1.0638908,-0.00037438856,-0.004886125,0.0019233248,-0.009844036,0.0020522363,-0.003415673,-0.17918806,0.00028323778,-0.007842818,-0.0020915542,0.001301768,-0.7693797,-0.10370313,0.03618516,-0.00050711766,-0.006803769,-0.011374305,-0.0023507338,-0.0011879231,0.003726595,-0.008036199,0.0003217403,-0.010250831,-0.9076573,-0.0147882765,-0.0029108524,-0.0057123536,-0.0049448106,0.0018934287,-0.0045127333,-0.00037229306
15.782122,0.65331167,0.054160573,-0.0038495625,0.91009337,-0.007435666,0.052773513,0.008279434,0.025085099,0.0040662894,-0.07050482,0.08653698,-0.00083576073,-0.013367315,0.0008530589,-0.008900024,2.147674,0.05284204,-0.050027866,3.813766e-07,0.019699708,-0.011943938,-0.0027484251,-0.012215511,-0.020254545,-0.011891838,0.0048612896,0.21453261,2.3929012,0.017291244,-0.042010196,-0.0009875384,-0.011489325,-0.00063143944,-0.008494411,0.025067348
-8.073296,-0.5402537,-0.061874997,-0.0030679968,-1.3059435,-0.0014159877,-0.14903943,-0.0019626534,-0.018828208,0.0047264206,0.00052487245,-0.16419426,-0.0010139619,-0.010245105,-0.009419185,-2.2207107e-05,-0.7661062,-0.14970571,0.035579257,-0.0016947746,-0.004509267,0.10021237,0.0026926766,0.002675634,0.011531626,-0.0015155681,0.0018895706,-0.30208722,-0.9081342,-0.008941544,-0.033865724,-0.0033004878,0.0023616406,0.0075140563,-0.00345852,0.005438693
-8.221104,-0.55523694,-0.05302407,-0.008733767,-2.5014176,-0.0007377688,-0.024893114,0.004786082,-0.017494885,0.0031338737,-0.0020352167,-0.16832784,-0.008001599,0.0018847799,0.0031574212,0.0014723346,-0.7739479,-0.15024565,0.04148027,-0.0018262262,-0.0069610765,-0.015357887,-0.004691568,0.0022379828,0.011475243,-0.0017959031,-0.0011855568,-0.24302758,-0.8969484,-0.013085395,-0.033537474,-0.0011633384,0.0018858499,0.00032843827,0.0017786046,-0.0027261428
-0.96106976,0.16005747,0.042080432,-0.0013981044,1.0204424,-0.0138338255,0.10056233,0.006277221,0.010917951,0.0029046668,-0.021992806,-0.41536087,0.008849417,0.0008966162,0.001210822,0.009560324,0.47949955,0.04650075,0.009749455,0.008427535,0.01445018,0.024013862,-0.0022270882,-0.003932378,-0.00041081084,-0.0034910003,-0.008165919,0.016833011,-0.7441573,0.00798647,-0.018687602,0.0011858983,-0.0044227983,0.0067347004,-0.02405772,0.023083605
-2.9949534,0.1680247,-0.02810316,-0.0066681015,0.9622435,0.025505455,0.020141851,0.0014996409,-0.008470538,0.0028981813,-0.0048424145,0.14861512,-0.0011789477,0.0195066,-0.0026415712,0.0034734416,-0.67711437,-0.016958332,0.08199353,-0.0073074983,-0.006390147,-0.037247382,-0.0040675304,-0.0013199114,0.068997286,-0.011022226,-0.0011218659,0.0007337838,-0.9449171,-0.0066464194,-0.0063700704,-0.0008090045,-0.0045399023,-0.00207383,-0.020768862,0.0006406401
-8.234373,-0.5456729,-0.041044597,0.004256456,1.081603,0.0019551055,0.05077575,0.003986542,-0.0056435727,0.0032288616,-0.00023739191,-0.15569413,0.001203247,0.010487168,0.0020216226,0.00015552722,-0.73028415,-0.13569526,0.042172827,-0.0051503126,-0.005342607,0.08239536,-0.004104218,0.0006528975,0.0010321068,0.00048392627,0.0013246466,-0.16017273,-0.82274,-0.014730301,-0.03152786,-0.004391121,-0.007013121,-0.0038582257,0.004368124,-0.0014456968
17.608097,0.6219851,0.06656667,0.0021449716,0.87474436,0.0064636916,0.08269225,0.008188292,0.012332033,0.0031599484,0.0045553753,0.4356963,0.00531461,0.023043156,-0.0047109565,-0.0029527058,2.1783962,0.055470508,0.02301286,0.021382783,0.0128237335,0.0110239135,-0.029624734,0.00026475667,-0.007043528,0.0045585106,-0.0005279287,0.05598867,2.3848748,-0.0036544285,-0.014847954,0.006045627,-0.008645259,-0.009882089,0.019415552,-0.005518796
3.9914794,0.44243282,-0.025040438,-0.0032121562,-1.6567655,-0.004818749,-0.20064792,0.0040739966,-0.018123433,0.008413523,0.01786207,-0.39309558,-0.0069304467,-0.0045835483,0.015317722,0.0074133775,1.0089039,-0.0007231092,-0.023382392,-0.0124168,-0.011043749,0.043973215,-0.0040185517,0.018811729,0.011220907,-0.0024433897,0.0008612848,-0.47273338,0.9156456,-0.00782211,-0.025919262,-0.0033057218,0.011520852,0.012169158,-0.0048848228,-0.0016822085
-8.117613,-0.5363463,-0.07671579,-0.0013883588,0.02972777,-0.0023306783,-0.045088,-0.002562414,-0.012495549,0.0027821762,-0.006704292,-0.16889468,-0.0011842212,-0.009690397,-0.0025192907,-1.3838951e-05,-0.7555225,-0.11415629,0.041152943,-0.0031941282,-0.0070568426,-0.017126985,-0.00425511,0.0031268469,0.0022024054,-0.0010155428,0.0014795229,-0.00412561,-0.8882316,-0.006788079,-0.029291036,-0.0042700064,-0.0065162787,-0.0019973908,-0.0040205973,-0.0051793894
-8.171814,-0.5595887,0.035959784,0.0016526784,-2.5190072,0.00026239283,-0.023144277,-0.0054187276,-0.0122021595,0.0034406774,-0.008599574,-0.18025798,0.0021871566,0.008664562,0.0021105753,-0.0007067695,-0.8466328,-0.13196044,0.040979814,-0.005660991,0.0020239085,-0.0032535617,-0.008249867,-0.0028658195,-0.0013482686,0.0009487532,-0.0014975427,-0.2649222,-0.94597644,-0.0079671955,-0.009037722,-0.0015752513,0.0075050895,0.0012480313,0.008059401,-0.0032578516
-8.116148,-0.52935,-0.059590418,0.00033562235,1.042495,-0.00027475605,-0.038146492,-0.0057467534,-0.0046701767,0.002601668,0.0003520337,-0.14965965,0.00093493005,-0.011440883,-0.0035673939,0.0008504751,-0.74041724,-0.13988847,0.04200526,0.00024013892,-0.0068749012,-0.015886076,-0.0052407486,0.0012213943,0.0075123985,0.000612678,0.0011866868,-0.00025361942,-0.820449,-0.00955271,-0.034875963,1.624892e-05,-0.00039941695,-0.0032445984,-0.0006582312,-0.003676241
2.5750885,-0.41247246,-0.0061870734,0.0023011018,0.96254784,0.009270174,0.09653307,0.029233074,-0.00025877816,-0.031134013,-0.1505965,-0.35776716,0.0043992726,0.032823324,-0.0058454815,-0.018924844,0.9103429,-0.32125103,0.018534757,0.0072313277,-0.0013330242,-0.009011221,-0.005434708,0.011227977,0.004890569,-0.00027774845,0.005757967,-0.060774468,1.0035139,-0.011664987,-0.052712407,0.0052439054,-0.00732362,-0.006540887,0.01903622,-0.012429257
-8.23182,-0.56140876,-0.01941038,0.00069459545,1.0796548,0.0072124084,0.07147456,0.0020382544,-0.005695938,0.0029423218,-0.0014813854,-0.15743586,0.0013213027,0.010520612,0.0024086663,-0.00039422794,-0.7507974,-0.13316111,0.04375596,0.0045348313,-0.001776804,0.073374406,-0.003221318,-0.0020342048,-0.002273426,0.00070828194,0.0041261064,-0.16087599,-0.8158512,-0.014164198,-0.028037539,-0.00089374516,0.0050018393,0.00079042104,-0.0039832606,0.0004261
-6.4141498,-1.4689717,-0.128194,0.006674753,0.93236434,-0.0070296004,-0.07523218,0.01230195,-0.028271472,-0.076042674,0.004547281,0.17542687,0.0021281533,-0.00234812,0.0043116114,0.004499395,0.9168777,-0.27506217,0.0015723528,-0.013411717,0.012851395,-0.010398434,-0.0061981943,0.015207182,0.014063773,-0.00028412513,-0.002226044,-0.38608995,0.94911855,-0.03409649,-0.5193995,0.0012846991,-0.010829921,0.013841119,0.0034983074,0.00072486873
-8.168803,-0.56912583,-0.007739941,0.0031959934,-2.5070233,0.0045340173,-0.01915792,0.004162448,-0.0027752868,0.0036337173,0.0034580803,-0.16973795,0.0028671618,0.0014427591,0.0024194946,-0.0032102868,-0.8267401,-0.13923053,0.042977758,0.0087899845,-0.0017039782,-0.015632253,-0.0049336217,-0.0030453072,-0.0012894359,0.0005851642,-0.0005409373,-0.29784286,-0.91339445,-0.011549175,-0.032082133,-0.00010410837,0.0079135345,0.0004165491,0.0021892916,-0.0032838946
-3.5072677,0.2859158,0.008875624,-0.0028701907,-0.56558114,-0.01899872,0.021444384,-0.00078370486,-0.0048711523,0.0033145628,-0.0221778,-0.32544282,-0.031656712,-0.015054849,-0.00075398944,-0.009064216,0.44449112,0.008400085,-0.007339614,0.012322513,-0.01136858,-0.00263155,0.013954716,0.00036488863,0.006001417,-0.010781846,-0.003935939,-0.017305043,-0.9964472,-0.008616391,-0.02113982,0.0014142198,0.008494076,-8.0927406e-05,-0.0050583896,0.016991748
14.8888,0.41688037,-0.060622808,-0.0049913474,-0.20794149,-0.037907273,0.06633782,0.013875381,-0.15429474,-0.0018173028,0.01050982,1.4717355,0.009001094,-0.008545718,-0.010071003,0.005338603,1.3075144,0.15873289,0.07315939,-0.013028995,-0.010539505,0.13593335,0.01065757,0.0061651114,0.0037328545,-0.010553103,0.0038029696,0.07431679,-0.44739017,-0.012141902,0.2301023,0.00090789207,-0.0114214225,0.029230561,-0.0021187197,0.00934158
-8.243978,-0.5443664,0.03089254,-0.0032135304,1.0616561,0.0021030966,-0.005656047,0.0015663939,-0.008885823,0.002935407,-0.0091082305,-0.18239596,0.0011865888,0.0034665405,-0.0033115954,7.538071e-05,-0.7722021,-0.13394591,0.034705278,0.0032862267,0.0020757737,-0.01963482,-0.003967966,0.0016397795,0.0017029317,-0.0022314303,0.0021655306,-0.011941734,-0.87836844,-0.009919921,0.018634554,-0.00067654345,-0.005608731,-0.004553278,-0.0054989583,-0.010202008
20.33559,0.75370216,-0.018386235,0.00045220708,0.864775,-0.008152876,0.10449315,0.012765982,-0.034317955,0.0016818005,0.021876615,0.9135955,0.00299729,-0.0047505735,-0.0035580336,0.004598181,1.9078357,0.04281447,0.17253688,0.03969846,-0.038399894,-0.0051677935,-0.0155716045,0.012806754,0.0045575304,-0.00012847017,0.00092992367,0.38433784,1.8730955,0.012696092,0.1255136,0.015099675,-0.006914958,-0.014164142,-0.008153693,0.031663258
-8.217786,-0.5636468,0.02103485,0.0030204311,-2.5109754,0.0045581264,-0.083396025,0.0041822484,-0.01130219,0.003582594,-0.0050757173,-0.1840884,0.001255168,0.0015777723,-0.0035080924,-0.00032633287,-0.8192478,-0.12824546,0.034705892,0.004801005,0.004811047,-0.14871737,-0.0045188395,-0.0017664856,-0.00067736895,0.0016366633,1.3249422e-05,-0.023009712,-0.91340846,-0.012923649,-0.03193225,-0.0027437233,-0.020982236,-0.003387235,0.0061423853,-0.013038926
-4.3712387,-0.014698642,-0.122986086,0.00045375168,1.0197709,-0.031372894,-0.008496162,-0.007830403,-0.015709389,0.004094235,0.0049540577,-0.30471572,-0.0059200856,-0.01655517,-0.0017492552,-0.002314935,0.38947743,-0.24288271,-0.00833059,0.0002229394,-0.0047105076,-0.0012302124,-0.0027201646,0.003295887,-0.0022926086,-0.008344115,-0.0029650226,-0.03228455,-0.7179032,-0.0040363325,0.0040964065,-4.7291873e-05,-0.009252994,0.00234156,-0.018112972,0.001188511
22.283232,0.82347476,-0.04940133,-0.005717904,0.97273475,-0.009981295,0.09977816,-0.000521833,0.041040063,0.0016012462,0.029719032,0.63907766,0.0011154781,-0.03350225,-0.0019416953,-0.005773352,2.530609,0.12870716,-0.08852317,-0.012606826,-0.020013638,0.016127668,-0.041083682,-0.008469776,-0.018006029,-0.001578182,0.0089141615,0.23633355,3.0276308,0.0053647137,-0.014840684,-0.0076466072,-0.0058711595,-0.012978984,-0.011970675,0.019734252
-8.20919,-0.56465614,-0.013363085,0.0028462764,-2.5002244,0.0026231904,-0.01563649,0.004269274,0.0002743091,0.0032134666,-0.001913791,-0.17000699,0.0011369105,0.010130316,-0.0033426299,0.00072091876,-0.8258455,-0.13356139,0.043509793,-0.00043026387,0.0005524583,-0.0038602357,-0.007072489,0.00071003236,0.003198871,0.0005168072,0.0028848378,-0.25810757,-0.9112941,-0.014533878,-0.031005576,-0.00031126433,0.003234514,-0.0013575198,0.004403859,-0.0021826702
1.4154217,0.3194932,-0.07330824,-0.0038444959,0.93360037,-0.023057373,0.074505195,-0.020915201,-0.018011577,0.0032424203,0.029602295,-0.24215116,0.0013117215,-0.020411106,-0.0073403665,0.00020651649,1.1069288,-0.045809917,-0.013670646,-0.016309975,-0.0079657575,0.028694855,-0.012285244,0.004105558,-0.005221231,0.006290674,0.0010338147,-0.35328048,0.062884204,-0.011421835,0.018174466,-0.009987225,-0.008094212,0.00023460994,-0.010108974,0.0024415855
15.047005,0.33570835,0.015439659,-0.00120357,0.9046184,-0.039315123,0.0070290463,-0.027876906,0.031921923,-0.0040845964,0.037069093,0.8241955,-0.008399896,-0.036681578,-0.0047938335,-0.019428615,2.2579393,0.061873145,-0.026264638,0.0030577397,0.005994068,0.05878576,-0.036664367,0.002438534,-0.018684452,-0.00888806,0.0028605415,0.20167093,2.530961,-0.0012633854,-0.04247612,0.0018349636,-0.011125676,0.0038527907,-0.014228554,0.02342762
-6.797905,-0.7882757,-0.035322145,0.003947998,-2.3592083,0.0026443703,0.011400756,-0.0013263093,-8.508561e-05,0.005366684,0.010029012,-0.18240228,0.00021473988,0.012328116,-0.0018900706,0.0012211439,0.36084387,-0.2797601,0.044543963,-0.0018440306,-0.0065217153,-0.03638929,-0.00140769,0.00076924765,0.00036951478,-0.00016445137,0.00064378127,-0.25638822,-0.51249474,-0.015193155,-0.013034709,-0.0016185838,-0.0044320086,-0.0065681213,0.004381056,-0.0010045886
-0.43928716,0.2600177,0.049143862,-0.0030363258,1.027548,0.016102063,0.089288875,0.009018768,0.0024322423,-0.02279996,-0.00589722,-0.40625197,0.008123727,0.049164414,-0.0013548693,0.0060777133,0.47398466,0.042502943,0.034570552,0.011140754,0.00031703524,0.053641252,-0.0009895255,-0.015658788,-0.020054966,-0.0075610443,0.0018281875,0.005319853,-0.76729083,0.006435327,-0.02274678,-0.006403319,0.023936827,-0.0054331305,-0.017455895,0.023260288
-8.20514,-0.54914916,-0.06585644,-0.0032098533,1.0259194,-0.0062052496,-0.008421411,-0.004735832,-0.019484028,-0.017195448,-0.008497045,-0.1495482,-0.005337205,-0.0069103413,0.0016763525,0.0009712873,-0.6837251,-0.16944799,0.028351061,-0.0011363728,-0.0075297956,-0.03971822,0.005333237,0.03993385,0.0035049128,0.00043439603,0.0012357376,-0.033886213,-0.7793141,-0.010142955,-0.0363995,-0.006942775,0.006979245,0.018140836,0.0016397861,-0.009575311
-8.209358,-0.5523639,-0.024578517,0.0029428534,1.0504954,0.0017689869,0.024622126,0.003042561,-0.013426656,0.0030493555,-0.00097135553,-0.1638874,-0.004257812,0.0027816808,-0.0031052746,0.0009816044,-0.7226901,-0.14306058,0.045655057,-0.0032755595,-0.0065116873,-0.022615215,-0.0074353893,0.0006169519,0.0039387625,0.0007930937,-0.0005862562,-0.0036899697,-0.82997614,-0.008535296,-0.035507604,-0.002883687,-0.0051939813,0.0009357214,0.0044019716,-0.0030454043
4.3402596,0.39999166,0.020259487,-0.0011035887,-0.35740924,0.00262495,-0.028969966,0.005617741,-0.0027953237,0.0065363687,0.030135885,-0.25347534,0.0028282753,0.020709772,0.007299477,0.006752812,1.0317855,0.036328565,0.013342917,-0.018010728,-0.004172311,0.100663416,-0.00033680655,0.014715123,0.003117423,-0.0028727725,0.0031275614,-0.3434404,0.8374162,-0.00857588,-0.06915306,-0.005711555,0.010626594,-0.00033734218,-0.005480224,-0.0010102413
-2.469104,0.08153683,0.039490834,0.0018254413,0.98540425,0.019344503,0.11139821,0.0035537924,0.011771231,0.0034447014,-0.0022891427,-0.35198835,4.3235326e-05,0.015646202,0.0018072217,-0.010110893,0.40942222,-0.22730868,0.0031066935,-0.0040229606,0.00012168196,-0.006208106,-0.001977684,-0.005143412,-0.0031639044,-0.0071661137,-0.0018214344,-0.07065973,-0.69331443,-0.011369068,0.0011264088,-0.005463779,0.0077178595,-0.005820081,-0.02581367,-0.0010968811
-8.136024,-0.52655715,-0.06568459,-0.0020169679,1.0135946,-0.0027897211,-0.008068183,-0.006926103,-0.017760387,0.0024043021,-0.00030643115,-0.14824481,0.00013772529,-0.0112830885,0.00032022843,0.0014873187,-0.71378696,-0.15163729,0.039169442,-0.0008471268,-0.005293907,-0.011384966,0.0064821662,0.0017570665,0.007944001,-0.00085424,-0.00076384516,-0.00178504,-0.8333777,-0.009017857,-0.035973866,-0.001472705,-0.0033267236,0.012832752,-0.004924434,-0.0030893707
-8.195413,-0.53429073,-0.060816824,0.0023977759,1.0396528,-0.0031763364,0.01713017,-0.002030088,-0.0059188018,0.002857539,-0.0011294232,-0.15108608,-9.185115e-05,-0.012239352,0.0019099363,0.0020519109,-0.74138826,-0.14454734,0.042049576,-0.0020163553,-0.0068923314,-0.0236505,-0.0056435047,0.0005741361,0.002230728,0.0005541693,0.0017074716,-0.0049891686,-0.8135198,-0.008772648,-0.03415453,-0.0010862409,-0.004512781,-0.001462296,0.004578954,-0.0003075249
-7.9477096,-0.3532065,-0.03274409,-0.0026790348,1.0569718,-0.0011062813,0.011002485,0.0011767234,-0.015609617,0.003492825,0.004050734,-0.16297561,0.0013961631,-0.009820391,0.000113945534,-0.00014688844,-0.6810247,-0.13439003,0.035974693,-0.00268069,-0.008731026,-0.0027319426,-0.008222162,0.0014228534,0.0005795732,0.00012348435,-0.00079866673,-0.0034506286,-0.8880874,-0.0065989173,-0.03110641,-0.0006782494,-0.0063170074,0.0037049141,-0.007924229,3.7637878e-05
-8.259005,-0.54943407,0.038013734,0.0016110266,1.0641015,0.0033042177,-0.0019552587,0.0018694433,-0.014066652,0.0036608647,-0.010207457,-0.17096637,0.0016318405,0.004690157,-0.00036014616,-0.0016536984,-0.76051164,-0.13360107,0.030642802,-0.0073605976,0.0005941012,-0.027967378,0.0020863882,-0.008511549,5.7021945e-05,0.00063266646,-6.9642745e-05,-0.017142015,-0.87027115,-0.0074202763,0.0007360201,-0.0040952936,-0.0040372913,0.0014178932,0.0047888113,-0.009796937
-8.216197,-0.53995645,-0.0603662,-0.0016166392,1.0425093,-0.00764859,-0.034332443,-0.0060050706,-0.0065649976,0.0027734526,0.011231075,-0.1441497,-1.7142287e-05,-0.011536642,0.002057523,0.0019986138,-0.7285496,-0.14353026,0.027515342,-0.0023942373,-0.0067233723,-0.041226204,-0.0030788286,0.0004942913,0.0031361955,0.00051477866,0.0028987129,-0.03683319,-0.7954599,-0.0113596525,-0.032607492,-0.0016350616,-0.0015547966,-0.0042838296,-0.0040898505,-0.010933861
-8.219943,-0.5491319,-0.056251403,0.0029234504,1.0590296,0.0055603334,-0.0040009343,0.002586835,-0.0042219856,0.0029668328,-0.002125345,-0.15942915,0.0012883574,0.009496248,-6.170148e-05,0.0012499546,-0.7325339,-0.14465313,0.041737508,-0.0034271558,-0.004819117,-0.040067285,-0.0033126113,0.0024832329,-0.0007193265,0.0004995809,0.00034322168,-0.030179232,-0.8179636,-0.011514981,-0.032249555,-0.0014807638,-0.0010835208,0.00015496391,0.004699316,-0.012432144
-8.117303,-0.5377284,-0.037675623,-0.010039523,0.40952724,-0.0013266542,-0.0763509,-0.00077160785,-0.0045297374,0.00439686,0.0044341087,-0.1623948,0.0002558168,-0.0031823758,0.0028675955,0.0011997897,-0.7495785,-0.13551524,0.03619988,-0.0035261398,-0.005701336,-0.04165239,-0.0015004246,0.00095896405,0.002022911,-0.001716515,0.0010716714,-0.011352216,-0.85032165,-0.008913123,-0.0334038,-0.0032794762,-0.005086549,-0.0015366578,-0.0021941145,-0.0046289
-7.8644276,-0.41971147,-0.06365619,-0.00057681906,1.0591072,0.0068551903,-0.0075062453,0.0022028778,-0.018035457,0.0032642093,0.006428902,-0.15050963,0.00096119154,0.014348738,0.00019990606,0.001148295,-0.63560236,-0.14213157,0.033638924,-0.0028974754,-0.006700433,-0.012721111,-0.003014814,0.008378215,0.0019600864,-0.0019898163,0.0012014601,-0.008203192,-0.8594363,-0.0072362316,-0.031226777,-0.0013125327,-0.0071367174,0.0020237905,-0.004047561,-0.0012359362
15.282454,0.6444741,0.097346395,-0.030591227,0.8569409,0.008398214,0.090379715,0.0043165972,0.17321867,0.0023306366,0.0003846965,1.49248,-0.00031406205,0.020610498,0.0008729333,9.883109e-05,1.5940468,0.12489408,0.10018842,-0.008394869,-0.01434163,0.021968948,-0.013805745,-0.00049538416,0.0011621782,-0.0113987,0.0011905709,0.1257602,-0.50945294,-0.008878783,0.025351672,-0.00906655,-0.0042673517,-0.015523355,-0.0030238426,0.0058850464
3.2780159,-0.740747,0.06695372,0.0033694059,0.92140716,0.006408181,0.07711174,-0.00929855,0.011869183,0.0038571018,-0.0019567136,0.1426839,-0.017204821,0.0071758307,0.0022689025,-0.016512658,1.4447165,-0.22444175,-0.059522647,-0.0065450906,0.029789992,-0.009090932,-0.017077934,-0.022488132,-0.019411972,-0.0013233777,0.0029467968,0.07831905,1.0685158,-0.005625482,0.015049442,-0.0012764295,-0.007984709,-0.005913003,0.022851251,-0.003022844
14.093254,0.72026837,-0.098080575,-0.003400008,0.898667,-0.015636973,0.11797951,-0.011948249,0.021234406,0.001033735,0.04981462,0.89454794,-0.0008590904,-0.029582886,-0.0036346705,-0.0069262157,1.7637842,0.055166345,0.018882314,-0.09261276,-0.049410276,0.008274842,-0.037663788,-0.0035548322,-0.0044369455,-0.001085411,0.001261202,0.026692783,1.5300392,-0.0118531855,0.11557156,-0.090275146,-0.00822175,-0.010312951,-0.0069191735,-0.011719673
10.300142,0.34773406,0.06573601,-0.000896556,-2.0875945,0.00340897,-0.026800623,0.007821177,0.035498045,-0.00040582314,-0.09206557,0.14765887,0.008201102,0.022352891,-0.0017266469,-0.008368053,1.8223566,0.03431235,-0.051823612,0.03140355,-0.039886683,0.07261166,-0.003413311,0.0022916335,-0.030113637,-0.0015734498,0.012269056,0.082737744,2.0447807,0.006668387,-0.058685903,0.024928613,-0.004871353,0.0011776709,-0.014719192,0.0107104415
-4.8689833,-0.6235771,-0.07762027,0.0032888944,1.0733546,-0.015624984,0.01643288,-0.016379897,-0.029445698,-0.024499567,-0.0006897008,0.29628333,-0.00075454003,-0.018873448,-0.00021139643,0.0030950964,-0.4055331,-0.19202983,0.0836221,-0.0042164046,-0.00831061,-0.013593341,0.023891896,0.013068442,0.037556093,0.0020617312,-0.0019629176,0.0010466528,-0.7542198,-0.011284088,-0.032090656,-0.00432768,-0.0054561994,0.011655258,0.0051925126,0.0038934997
10.469745,-0.39097276,0.036019355,0.0025158515,0.25037417,0.0061172433,0.03730782,-0.0062405444,0.006472409,0.010718013,0.043431513,0.84442604,0.009455562,-0.009362282,-0.006151186,0.005098455,1.5725257,-0.011781137,0.006409951,0.002194498,0.016542364,0.021205505,-0.012843208,0.008546497,-0.010129857,0.002636877,-0.0028111718,0.043676473,1.2689757,-0.0026872798,0.008484991,-0.011035509,-0.009172199,-0.00042934026,0.013258487,-0.0061547193
-8.2067175,-0.5605034,0.0091007035,0.0028296714,1.0511756,0.0034677652,-0.002216652,0.0038169848,-0.010739019,0.0030346322,-0.011762551,-0.16775957,0.0012065375,0.010361147,-0.002767855,0.00061014015,-0.7528176,-0.14400862,0.046230603,0.0092278905,0.0076483083,-0.020837538,0.003869499,0.00011071801,-0.0016145979,0.0006605661,-0.0008021703,0.001068132,-0.8301791,-0.007857483,-0.03463268,-0.004214086,-0.0028037145,0.0011778857,0.004038977,-0.0024526906
6.4459963,0.13435607,-0.046885934,-0.0062311827,0.948642,-0.022354674,0.14602746,-0.017957216,0.029141454,0.0019592368,0.0048763454,0.21573281,0.0033379088,-0.055387385,0.00082203053,-0.004365412,1.5184568,0.036313254,-0.025587512,-0.018137222,-0.025508637,-0.008777126,0.003884163,-0.005048069,-0.02089538,-0.006317886,-0.0016793822,0.09081372,1.2182555,-0.0018256067,0.06659263,-0.009614809,-0.0053922744,0.00747984,-0.013456218,0.014720258
-8.145051,-0.5472544,-0.058584716,-0.0009850777,-2.3196335,0.016734496,-0.17661697,-0.00014183775,-0.020930672,0.004511876,0.0020326136,-0.1628196,-1.8839135e-05,-0.009177411,-0.0012220481,-8.319505e-05,-0.77966,-0.14887975,0.037040938,-0.0019912634,-0.0062813363,0.042488854,-0.004495178,0.01580641,0.0043293596,-0.0023446502,-0.0007059806,-0.31767872,-0.9238273,-0.008270809,-0.035233688,0.000604371,-0.003248088,0.0004383777,-0.0032019098,0.003748516
-8.003493,-0.41525388,-0.023299782,-0.0030987035,-1.9150976,-0.008036768,-0.114145525,-0.0008668867,-0.018697936,-0.008567217,0.009715291,-0.15569627,0.001704057,-0.0068832375,-0.00291139,-0.0049196393,-0.75786006,-0.13445194,0.049371608,-0.004221015,-0.002854116,0.096373096,-0.00673536,0.003423347,0.002141136,0.0012012968,-5.2913834e-05,-0.26768646,-0.95683867,-0.0070151566,-0.03337279,0.00031032774,0.0024887593,0.0034634985,-0.0075295996,0.0073663495
-8.16455,-0.521139,-0.055961758,-0.0108800605,1.0483243,-0.0007585141,0.0085606305,-0.0064368322,-0.0074833664,0.0033593457,-0.0042765685,-0.15685454,0.00030933484,-0.006729543,-0.00027095294,0.00092112104,-0.7479474,-0.14303571,0.04289556,-0.003931466,-0.0054038563,-0.008706831,-0.006160341,0.0016023809,0.0027098013,-0.0016212758,-0.0018485327,0.0016444277,-0.85157907,-0.009773656,-0.010317054,0.001648131,-0.0026489624,-0.0034257758,-0.00076117436,-0.0024007543
-7.6981473,-1.0365238,-0.2127719,-0.0009864881,-2.1152346,-0.0008852776,-0.17147799,0.0048569515,-0.10522203,-0.07798118,-0.0058230245,0.7684796,0.0062318756,-0.042402957,-0.0023550137,-0.012560189,0.6497379,-0.39764833,0.042990956,-0.0064262515,-0.015364162,-0.124198146,-0.0002425221,-0.0157649,0.013835899,-0.00054326217,-0.0018222315,-0.26372874,-0.51516217,0.020727478,-0.029501867,0.013717522,0.020960344,0.06276438,0.0014115033,-0.0040617087
-8.059522,-0.5576911,-0.015428052,-0.010189803,-1.2485354,0.001621186,-0.08956514,-0.001372917,-0.0044431933,0.0045792707,0.00089822884,-0.16828686,0.0029268565,0.004471827,-0.0064579635,1.1209563e-05,-0.7952245,-0.12961875,0.038754176,-0.0058176573,-0.0052723545,0.12161694,0.004636819,0.00085485866,0.004531477,-0.001794635,-0.0017551307,-0.26858976,-0.91863644,-0.009267595,-0.033793654,-0.0011614577,0.0026053682,3.1797077e-05,-0.0040060263,0.001858538
17.709911,0.57668173,-0.119943105,0.0076629086,0.8616762,-0.025725484,-0.019806009,-0.008937038,0.034229603,0.004674443,0.03498038,0.6755045,0.0022676338,-0.028583761,0.004405022,-0.012756636,2.2180486,0.10944764,-0.048587333,-0.024145328,-0.033525415,-0.086878076,-0.00030585355,0.007474875,-0.023088994,-0.0078785485,0.0041272705,0.21950503,2.5948873,-0.0047050347,-0.03408408,-0.023713596,0.006418441,0.0092344,-0.009759775,0.02188908
13.25674,0.16254644,-0.13983227,-0.006146236,0.9272573,-0.055754557,-0.12561993,-0.039762713,0.020999258,-0.002851653,0.03496547,0.74418473,0.0011152109,-0.05622344,-0.0013343934,-0.02722247,2.1747987,0.06791458,-0.056163993,-0.02374608,-0.025608096,0.023271391,-0.046538047,-0.008961297,-0.07217855,-0.005037066,-0.0014450597,0.24537122,2.5427036,-0.004668592,-0.02259768,-0.012960104,-0.019606967,-0.025166309,-0.017335987,0.015249064
12.002821,0.6404348,-0.12906398,0.0035653801,-2.3556693,-0.050657604,-0.2450994,-0.05644319,0.025511086,0.0020478466,0.05157709,0.8059671,-0.00036065743,-0.02169942,-0.0027605472,0.006639245,1.7607706,0.03659116,-0.03868407,-0.08238388,-0.02181456,-0.021672074,0.020839956,-0.0031118502,-0.020327594,-0.0031800708,-0.0021360822,-0.21744752,1.3560659,-0.000597024,0.06754517,-0.027850434,-0.010513673,-0.008067401,-0.00027556898,-0.006139165
4.7019773,0.3643078,-0.074567914,-0.0015861155,0.9577423,-0.02540179,0.071541846,-0.0069825994,0.008644107,0.002212754,-0.10516249,-0.5456144,0.005032956,-0.042898707,0.0019088098,-0.010864932,1.0376045,0.043508552,-0.023934228,-0.020671967,-0.025980836,-0.009379723,-0.014742175,-0.005499321,-0.027719444,-0.0015766408,-0.00721111,-0.06836921,1.0265967,-0.003938735,0.02889509,-0.01139086,-0.009275019,0.006049105,-0.009468648,0.008439242
-8.178418,-0.53953004,-0.05296534,-0.0012207744,-2.487588,-0.012980276,-0.02794951,-0.0083901435,-0.00088587456,0.003324269,-0.0056919274,-0.15949199,0.00029205755,-0.013379236,0.0024980796,0.0011958017,-0.8056256,-0.14432968,0.041088723,-0.00014052023,-0.003952635,-0.008179725,-0.0016900452,0.0022535392,0.006838093,-0.0003770759,0.0020728891,-0.26864585,-0.91944665,-0.01463593,-0.013796745,-0.0046776696,0.007999063,-0.0050652954,-0.004922495,-0.0010740003
-8.15984,-0.5359713,-0.020378632,-0.0031170507,1.0459542,0.00254973,-0.00933057,0.0017767324,-0.003975951,0.0034506177,-1.8397723e-05,-0.15909275,0.00245397,-0.0022425067,0.0025086657,0.0013763384,-0.75280184,-0.12808983,0.042580593,-0.0031022632,-0.0076230178,-0.020267013,-0.008382684,0.000414152,0.0021279322,-0.00038252983,0.0010296025,-0.003916751,-0.85535246,-0.008135292,-0.03377509,-0.0017143507,-0.002873952,-0.0020914497,-0.005150833,-0.00043849958
-8.24094,-0.5453117,-0.01852405,0.0013073648,1.0561302,0.0009484295,-0.03850973,0.0033670114,0.00027161758,0.003018027,-0.00040505113,-0.16365702,0.00039723047,0.00948525,-0.0005158966,0.00097431085,-0.7497313,-0.1387058,0.030779308,0.0021607622,-0.0026260582,-0.030505497,-0.002856946,0.0007943449,-6.443573e-05,-0.0023582845,-0.0018181468,-0.028544702,-0.8354683,-0.012039635,-0.02886151,-0.0002680413,-0.0032226166,-0.0052025234,-0.005216975,-0.012451983
-8.217723,-0.54548687,-0.058898658,0.0005113006,1.0773529,-0.008572,0.032259837,-0.0031518172,-0.007755553,0.0029766965,0.0004552766,-0.14977352,-0.005845577,-0.0064987782,0.0027427017,0.0010968396,-0.716849,-0.14458811,0.04047423,-0.0044535133,-0.007200339,0.047299236,0.0024573414,0.0020260625,0.0031819833,0.00028797428,0.0012554945,-0.16001675,-0.80047613,-0.012881119,-0.03272057,-0.0034868126,0.009230235,-0.0013382984,0.00056404626,-0.0012944147
-1.4280618,0.008676096,0.02167516,0.0014793167,0.4249462,0.0061419928,-0.027301641,0.005854972,-0.013453602,0.0037527124,-0.0061621936,-0.35575107,0.0037984452,0.022803167,0.00450079,-0.01105416,0.5092072,-0.017812066,0.054286554,0.020619899,-0.004165768,0.019885588,-0.00027293034,0.00080220064,-0.0011387866,0.0018151194,0.0004642583,-0.011249808,-0.81718636,-0.01047922,0.0028683553,-0.0026921714,-0.012002724,-0.015679073,0.004941143,-0.0049027917
25.037636,0.74494267,0.058348384,-0.0035146892,1.125084,-0.0035228818,0.17135188,0.011241761,0.047778882,0.0024159425,0.035460528,0.70674926,-0.0008820482,-0.0043581473,0.004317463,-0.01692421,2.746992,0.14082153,-0.110539496,0.0020701669,0.016936712,0.014638644,0.0028212622,0.005957974,-0.04715028,0.0022908652,0.0041937586,0.21354789,3.2441049,-0.0022940298,-0.0017299405,0.009575028,-0.006201286,0.0039049205,-0.009292402,0.024212036
17.03745,0.62896425,-0.09149905,-0.00742588,-1.3409677,-0.044854168,-0.105200246,0.005840281,0.020840706,0.00847138,0.02339178,0.7702369,0.0048802136,-0.041399617,0.010553781,-0.004058721,2.147651,0.11541544,0.013693178,-0.0130983945,-0.023758793,-0.08343152,-0.04364803,-0.01031615,-0.027771268,-0.0067238826,0.0053739557,0.082777224,2.5569403,-0.007424838,-0.08402152,-0.02342245,0.051015552,0.010379916,-0.01166664,0.025024468
-8.057883,-0.533147,-0.060018994,0.00084542925,1.0208211,-0.00027272236,-0.032511625,-7.852293e-05,-0.017244851,0.0038057698,0.009475682,-0.14964396,0.00017052704,-0.008863291,-0.00026352008,0.0004134627,-0.6631066,-0.14878471,0.04933517,-0.004410064,-0.0066129984,-0.020424608,-0.0025269354,0.012968663,0.0042877058,-0.0002958932,-0.0010121324,-0.004714304,-0.83041877,-0.0087155,-0.032759704,-0.0019253087,-0.006291625,0.013254865,-0.005951334,0.00053075724
-8.134405,-0.5499476,-0.06548025,0.0010658687,1.0403423,0.0029661052,-0.029475965,0.0031110432,-0.016538247,0.003579659,0.0005947744,-0.1538956,-0.004451095,0.0014185975,-0.00095037604,0.0010101879,-0.7190787,-0.14999038,0.042721864,-0.0037623516,-0.006456058,-0.015434971,0.0071232077,0.0016302807,-0.00036041855,0.0002517022,0.0010107443,-0.002475631,-0.82710946,-0.007896625,-0.035638675,-0.002656041,-0.0048394706,0.0016274439,0.0023375307,-0.00044775056
-8.140766,-0.5488263,-0.013746596,0.0015311576,1.0501064,0.0028187481,-0.046700764,0.0018469449,-0.006905452,0.0033909604,-0.0009289924,-0.16318934,-0.005533642,0.0027336793,-0.0022840444,0.000992929,-0.7527397,-0.13129032,0.045484908,0.0060909977,-0.0015496878,-0.014006367,-0.0027658946,0.0009593852,0.0021781425,-0.0012550661,0.000860538,-0.0036883382,-0.8408529,-0.00788587,-0.03622927,-0.0027757636,-0.0035244196,-0.005325089,-0.0052521913,-0.0030754958
-8.219796,-0.533891,-0.020720053,-0.011421592,1.0653714,-0.00059328874,-0.009945329,0.0027027454,-0.009800177,0.0034230335,-0.009429948,-0.17122994,0.00050992705,-0.006621237,0.002210733,-0.00016182777,-0.7506233,-0.14665802,0.03486669,-0.0008680846,-0.0071969493,-0.013401649,-0.004546045,-0.00014113156,0.0026317993,0.0007265359,0.00025549473,-0.017009918,-0.88414925,-0.009499433,0.0047370205,-0.00025925552,-0.0052664275,0.0059966817,-0.0009914975,-0.01095308
-1.4958417,0.0888983,0.053332996,0.00058967527,0.9955813,-0.0013492865,0.04539068,0.0058735786,0.009443919,0.00280999,-0.018773947,-0.37374988,0.007972953,0.0006513195,0.00012112023,0.0029309783,0.49924937,0.07091256,0.011624368,0.0071535446,0.0050884224,0.026968671,0.009288356,-0.0010685801,-0.0047529535,-0.006391431,-0.008062628,0.072236195,-0.80253124,0.0058184653,-0.024305796,0.0072115036,-0.00076099543,-0.0003524676,-0.025099954,0.02554568
-8.103546,-0.5533063,-0.016561035,-0.0010529318,-1.6311706,0.00012669616,-0.12398106,0.0036754473,-0.012612459,0.0046381885,-0.0011134977,-0.17273532,0.0008103887,0.0072477493,0.0051965276,0.0008114612,-0.784748,-0.13621022,0.035561193,-0.0046863304,-0.004875573,0.0878538,-0.0038230363,0.0025745016,0.0016388682,-0.0025620223,-0.0015935239,-0.2694899,-0.9356087,-0.009056277,-0.03497678,0.0006803745,0.009079943,0.0019342117,-0.005837345,0.002687446
-7.3894672,-0.21888624,0.010343604,-0.018667182,1.0397015,0.0116747115,-0.028856546,0.006144611,-0.00748421,0.004167555,0.02179997,-0.19178139,0.00041581533,0.008996292,0.0015925533,0.0011041041,-0.585275,-0.13551795,0.030683365,-0.005813198,0.0017784631,-0.026282512,-0.009923764,0.00079000863,2.1431382e-05,-4.752149e-05,0.0053329985,0.030585688,-0.902647,-0.006111366,-0.030026333,-0.0019741964,-0.007098279,-0.0016893806,-0.009982097,-0.00011461313
-8.218945,-0.5546334,0.008346653,-0.00048369772,1.0610633,0.0033838633,0.017902976,0.0024774931,-0.0064525213,0.002748731,0.005897886,-0.16246141,0.001133915,0.010192018,-0.0030004387,0.001187193,-0.7587422,-0.13436766,0.044894293,0.0078930035,-1.4636369e-05,-0.039559107,-0.0031046858,0.0029347723,0.0038104684,-0.0021455868,0.00011882677,-0.024459174,-0.8269434,-0.009670472,-0.033873495,-0.0027655815,-0.0050487444,-0.0050993147,-0.005595029,-0.0037791925
-8.095605,-0.53787714,-0.06790481,-0.009752998,1.0343102,-0.010112905,-0.06814367,0.0013013588,-0.016840741,0.003317731,0.00022795817,-0.15250362,-0.003640609,-0.0015631574,-0.0049989135,0.00076996564,-0.7109468,-0.14929941,0.041315936,0.00032370767,-0.0056897546,-0.0035686425,-0.0032905084,0.002373068,0.008755134,0.00052650314,0.0019995382,-0.0065222727,-0.8261309,-0.008770197,-0.034495633,0.0008585178,-0.00823544,0.0001527169,-0.0037286996,0.0009164731
6.226726,-0.88340956,0.056719065,0.0011079172,-2.124419,0.008828297,-0.1434486,-0.012744394,0.010338421,0.005309787,0.046015646,0.8381114,0.0021065564,0.013486648,2.0048217e-05,-0.009993505,1.5662153,-0.1409932,0.00945298,-0.0010394625,0.005941607,0.040361255,-0.0067668813,-0.009640922,-0.0075790654,0.0024904038,-0.001097522,0.09463352,1.3712404,0.0056100427,0.048941605,-0.0019756528,0.019443262,-0.007248031,0.019301148,0.020565746
13.810484,-0.11609176,0.06687133,0.0044931197,0.923033,0.019001335,0.115192905,0.014427419,0.022499252,0.0023565653,0.022308504,0.96061563,0.015877713,0.011293313,0.004818642,0.0022377358,1.5615766,-0.10160405,0.015668668,0.029457243,0.016466126,0.023056136,-0.004946941,-0.0032635764,-0.013703991,0.0027150006,0.0016301817,0.06510266,1.5440078,-0.007949334,0.265618,0.0026106036,-0.005715013,-0.010078235,0.019856358,-0.010851639
16.442686,0.5884833,-0.11724578,0.0014449924,0.74508756,-0.023463516,0.098771036,-0.018060323,-0.044535603,-0.0033005183,0.03301675,0.83939415,0.0024971105,-0.039911583,0.001569895,-0.0020792738,2.193463,0.0382494,-0.027737813,-0.06543063,-0.044826232,-0.06292277,0.04235342,0.006666372,-0.003161069,-0.0045747566,0.0010231632,0.28315943,1.8241516,-0.0020038316,0.052391853,-0.016644549,-0.011862893,-0.024961067,-0.011706443,0.020180179
13.546432,0.62075406,-0.041390475,-0.001367232,0.92060167,-0.016699657,0.116491035,-0.0022732858,0.023696044,0.0033272298,-0.055416014,0.12761214,-0.0003805205,-0.026062574,0.0049262424,-0.015167911,1.8688339,0.08080257,-0.054170117,0.02296833,0.0024791278,0.058854,-0.025043394,-0.0092585385,-0.008694949,-0.0060808244,-0.0039593903,0.20840612,2.160006,-0.0013808559,-0.038810495,-7.804422e-05,-0.005840961,0.002916975,-0.008547953,0.028814632
7.4939456,0.345647,-0.09848324,0.010007077,1.005479,-0.02037587,0.060634527,-0.015596415,0.034030885,0.0020439597,0.010509324,0.17775542,0.004737425,-0.033104397,0.0037866065,-0.00993506,1.4482532,0.0012811517,-0.016628027,-0.03675154,-0.028149527,-0.0149003,0.02337965,-0.0076986877,-0.060222175,-0.0053364136,-0.00094695145,0.061860096,1.1384166,0.0053873295,0.069639854,-0.022916514,-0.017012512,0.010631286,-0.0068408763,0.02313029
23.52946,0.87592465,0.043895923,0.0003953196,-1.347982,-0.0026557713,-0.034268886,0.0021362114,0.015476,0.0043097935,0.03525868,0.866411,-0.00079920824,-0.0021783432,-0.0056186817,-0.017543266,2.4371495,0.07134909,0.06489131,0.008607179,-0.011822639,0.063647784,-0.043130595,-0.012612912,0.0060464973,-0.01168679,0.0068277614,0.10796653,2.6513927,-0.0018135421,-0.023241377,0.009333082,-0.018422503,-0.01226233,-0.011157518,0.0136096515
9.74679,0.16758746,-0.04429844,-0.00022628164,-0.45833284,-0.02174712,0.07692159,0.0060430625,-0.15422633,0.002732279,-0.0027636224,1.1889105,-0.008332614,-0.015594706,-0.0056605306,0.061495107,1.3991951,0.104743406,0.10570231,-0.010502169,-0.027696311,0.087319985,0.01825274,0.009256019,0.004002617,-0.0095297145,0.0056468565,0.15746488,-0.5007134,0.00010376519,-0.031356376,-0.0071043326,0.016949225,0.021858674,0.009148045,0.010039049
-8.219137,-0.52905273,-0.060252916,-0.011159072,1.063284,-0.007700887,-0.01786187,-0.004132533,-0.0038528508,0.0033021774,0.0051023206,-0.14872855,0.00074713916,-0.008102753,-0.004064636,0.0022885823,-0.73571557,-0.14628378,0.029069126,-0.0007102588,-0.005431088,-0.04373679,-0.003665105,-0.0017209792,0.0007789507,-0.0011894527,-2.7627904e-05,-0.02874651,-0.8076344,-0.013040067,-0.027881248,-0.0019771415,0.00033789128,-0.005261678,-0.00056197157,-0.01324822
-8.236244,-0.56082267,-0.024513908,0.00523775,-2.504915,-0.0027811448,-0.027941123,-0.00064257864,-0.0061630816,0.0030483874,0.0040258225,-0.17404772,-0.0005896429,0.0070178593,-0.00082301226,0.0009246467,-0.82439166,-0.14374343,0.04458472,-0.0071443617,-0.0041041574,-0.04496978,0.0022217508,-0.0015001709,0.002462816,0.00015706496,-0.00076612376,-0.26481935,-0.9018474,-0.010054871,-0.03190145,-0.0014304947,0.0067306673,-0.00016073616,0.0024267142,-0.0032740082
-8.148109,-0.53156644,-0.05960372,-0.00033195887,1.0351597,-0.0039876103,-0.00056647294,-0.0059125912,-0.001987233,0.002834946,0.0043930775,-0.14913766,-0.00030682088,-0.0114355255,-0.0026584181,0.0022231159,-0.74695003,-0.15110888,0.04096958,-0.0015428396,-0.0055274745,-0.019859642,-0.002575292,0.00011277625,0.0018678954,-0.0022645716,-0.0011573824,-0.004808923,-0.80396044,-0.009538168,-0.03123582,-0.0013748575,-0.004173108,-0.004794618,-0.0006849238,-0.0033534158
6.3584247,-1.3447518,-0.12633893,0.00018646976,0.9632122,0.0039744554,0.146372,0.010467277,-0.023192558,0.004055768,-0.0102825165,0.31390515,0.0058116177,0.02475913,-0.003489473,-0.019001737,1.6205404,-0.5945159,-0.006036635,0.015835078,0.0025179584,-0.0014230794,-0.014155466,0.0062509817,0.004148046,0.0022714823,0.01318479,0.0970289,1.8000052,0.012581881,-0.030157482,-0.025887545,-0.027865542,-0.04922232,0.020850841,0.01991036
-8.253779,-0.543735,-0.012020992,0.0013937987,1.0637647,-0.00041953276,-0.01286387,0.003207379,-0.012742466,0.002907172,0.0053720903,-0.16125724,0.0019243108,-0.0059496835,0.002331067,0.001243348,-0.72822505,-0.13536884,0.03144664,0.010090978,0.00012330407,-0.03226103,-0.0032517035,0.00085016136,0.0017596944,-0.0019781135,-0.0021005007,-0.02842943,-0.8420323,-0.013612772,-0.030524714,0.00011388882,-0.00055473176,-0.0015202614,-0.005292188,-0.012589468
-8.173023,-0.5445822,-0.06508653,0.0010476046,1.025578,0.00026191192,0.0043723998,0.0029754608,-0.015978932,-0.033530932,-0.00018849768,-0.15246221,0.0007804823,0.009993918,0.0020623747,0.0013992197,-0.70750475,-0.16406699,0.04094538,-0.0011448357,-0.0059480416,-0.028176818,0.00063295243,0.0129531175,0.0011482093,0.00065843045,-0.0008955457,-0.0045046615,-0.80077386,-0.008322405,-0.034583315,-0.0015103946,-0.002781786,0.013020487,0.0018936086,-0.0007860258
13.828173,-0.037446134,0.059040815,-0.0013442129,-0.87690026,0.0047892435,0.08756403,0.0010463465,0.022075772,0.004778506,-0.006774839,0.4140005,-0.010447946,0.0047993325,-0.004116666,-0.013778713,2.1354253,0.054555714,-0.029992757,0.004562348,0.009414358,0.018601574,0.022136938,-0.013769231,-0.028643696,0.001425829,0.0018493343,0.18485603,2.2769718,0.008459092,-0.0646313,-0.008406746,-0.0013815879,-0.0017501414,0.0040130317,0.0075355447
-1.5677811,-0.4416716,-0.012895733,0.0038749562,0.99598706,0.0062071276,0.08043016,0.0050941445,0.0010397915,0.002623324,0.01462929,-0.2853698,7.577234e-05,0.01760608,-0.005335497,-0.004138558,0.7590599,-0.2593109,-0.012529695,-0.0045537027,0.0010024458,-0.0029658023,-0.015804391,-0.0018298653,-0.01524045,0.0002662687,-0.009197874,-0.3520851,0.77021164,-0.011560664,-0.27807704,-0.005711669,-0.000790943,-0.0058151237,0.015252162,-0.003677646
-8.146334,-0.55377394,-0.024266602,0.0029267704,1.0443193,-0.00024830573,-0.0329032,0.00046573032,-0.0013812381,0.0030154537,-0.0015374537,-0.15966834,0.0008820148,0.010429418,0.0026201832,0.0011639469,-0.7547479,-0.14282054,0.043013614,-0.004164442,-0.0074983793,-0.031842373,0.009729234,0.0009322853,-0.0022130262,0.00033351322,-0.000760287,-0.006539011,-0.826878,-0.009634387,-0.02972637,-0.0029521456,-0.0038611346,-0.004039735,0.004747802,-0.0014157023
-8.091223,-0.5359489,-0.06322034,3.0446434e-05,1.0285842,0.00453581,-0.07019337,0.0011502949,-0.01884095,-0.020548446,0.00033150386,-0.15840425,0.0007347865,0.010126053,-0.002194433,0.0006852493,-0.71539736,-0.16450034,0.041361872,-0.0034316226,-0.004835123,0.096149966,0.0011028841,0.012390101,0.008900618,0.00052412826,-0.00085430394,-0.18035172,-0.80582625,-0.0086839935,-0.031385098,-0.002452312,-0.0012895521,0.018543169,8.292684e-06,0.004287964
5.391672,0.09921185,0.011407909,0.0019642224,0.32236472,0.0025386102,-0.054098565,0.021450562,-0.001749184,0.0009147417,-0.062301163,-0.3755808,0.0030076874,0.029465519,-0.002658128,0.0011699345,1.2567047,-0.19321619,-0.020720033,0.006102674,0.0025142028,0.079316474,-0.010942305,0.0038935717,-0.002106539,-0.007359379,-0.000489947,-0.08651248,0.9094675,0.0036514082,-0.03161551,0.0065026814,0.013694873,-0.009951668,0.009321923,-0.0047436547
-8.167858,-0.54868233,-0.06408704,0.002852953,1.033087,0.0025116904,-0.008388446,-0.00061109837,-0.017087743,0.0028064095,-0.0005110893,-0.15205179,0.0011131249,0.009697989,0.0023078115,0.0009918557,-0.7139955,-0.15508959,0.041464314,-0.0014646337,-0.006433054,-0.025002696,-0.006897234,0.002206821,0.0070146434,0.00040622498,-0.0010904672,-0.004624278,-0.8140075,-0.00846435,-0.032847054,-0.001237793,-0.0040865596,0.001633956,0.0044273343,-0.0018450302
-6.588554,-0.2984194,-0.015451645,0.001225168,1.0914398,0.009776855,-0.08320909,0.026959093,0.0015733013,0.0039496934,-0.0039609065,-0.19357473,0.0014191828,0.019511582,-8.841528e-05,0.00030773855,-0.5657724,-0.021788318,0.022096194,0.0074555855,-0.0033360596,0.06576374,-0.0016809924,0.0034365088,0.0014819521,-0.00088702375,-3.0173294e-05,0.12302082,-0.97428787,-0.0023180177,-0.010196242,-0.0050732507,-0.009356386,0.00436888,-0.0072674635,0.051261954
8.3060055,0.5949192,0.0042538173,0.0053450866,1.0015644,-0.01286998,0.124929026,0.001796433,-0.009182127,0.001082415,-0.15293682,-0.50481325,0.002846663,-0.018937966,0.0040729246,0.008708721,1.3655609,0.04505889,-0.028570319,0.018377887,0.0062186434,0.0015453072,-0.006009171,-0.0024962125,-0.0007851626,-0.0050761257,-0.00059812627,0.25468242,1.2197245,0.0007223974,0.059404615,0.0026222758,-0.0046822364,0.008234314,-0.0128062805,0.058279112
8.044081,0.3378333,-0.167602,-0.0023726216,0.9896815,-0.014758852,-0.18843503,-0.022910617,-0.050856467,-0.0015891719,0.037726264,0.28973284,-0.0051828227,-0.021442559,-0.0014207037,-0.008712295,1.5303738,0.030517338,-0.033773597,-0.033998627,0.005835206,0.0009475424,0.0038858298,0.0016528406,-0.0061376384,-0.0025920125,-0.0015881925,-0.166385,1.2342017,-0.0030234137,0.062553994,-0.0039442447,-0.0039905743,0.00063524634,-0.0037391381,-0.006166023
-8.223423,-0.5559364,0.029130828,-0.004143258,0.004374037,0.0003586314,-0.0034568596,0.0002085709,-0.008436811,0.0030211995,-0.01151515,-0.1838543,0.00086369243,0.0025903971,-0.003242627,0.0015768599,-0.8203126,-0.088190116,0.042438444,-0.0016500062,0.0022734357,-0.029718973,-0.005532647,-0.00065541547,0.0039537055,0.0014484588,0.0034964553,-0.00914445,-0.93494076,-0.003256881,0.010093352,0.0021160068,-0.005838271,0.0013639103,-0.005438579,-0.0023569034
-8.103249,-0.55839103,-0.086469255,0.0019258605,-2.4844477,-0.0007170315,-0.09077363,-0.0011994198,-0.014607308,-0.006949751,0.021423962,-0.15187132,0.0003227632,-0.015177004,0.0005328849,0.0011341515,-0.77395403,-0.15196724,0.039226763,0.004375168,-0.008991637,-0.033013918,0.0068786736,-0.0027413247,0.002860609,0.00018637217,-0.00023140722,-0.26827857,-0.89136577,-0.009934778,-0.028292725,-0.0006038843,0.011776267,0.058348052,0.0015189847,0.00066734717
-7.2634006,-0.55630076,0.040598247,0.0010263197,-2.4578187,0.00468935,-0.18014085,-0.00017729726,-0.011186435,0.0046640905,0.004769282,-0.16943592,0.002278067,0.01369359,0.0017559299,-0.0034590317,-0.53235495,-0.13000001,0.059394974,5.2323216e-05,0.008362949,-0.045063782,-0.005063544,-0.0025918067,-0.008303228,-0.00046893465,-0.0015648699,0.0022228807,-0.9040677,-0.0058824406,-0.008623689,-0.0012009647,0.014355491,0.0038046832,0.0066788225,-0.012232103
-8.093389,-0.52643883,-0.065068066,0.0008143142,1.0369822,-0.004803056,-0.056444585,-0.00328384,-0.0073193493,0.0033205338,0.004447047,-0.14954571,-8.790905e-05,-0.01137884,-0.00027266724,0.00091227476,-0.743848,-0.14093457,0.041672103,-0.00086563034,-0.007034513,-0.0136792455,-0.0026567727,0.00037806426,0.0008683747,0.00027235,0.002540776,-0.0027104514,-0.82795084,-0.009135353,-0.034874216,-0.0005588549,-0.002955087,-0.0012083577,-0.0039712307,-0.003387086
22.335318,0.8288519,0.029428264,-0.011427176,1.0047606,-0.008249243,0.13883306,0.0044565173,0.026818428,0.0023591525,-0.009281145,0.45477456,0.0009531224,-0.010527899,0.0027301766,-0.0038566769,2.5110803,0.11265939,-0.112766474,0.00829961,0.007132304,0.0055898763,-0.012076691,-0.0071371975,-0.03437006,-0.0062606516,0.005529382,0.23868275,2.95046,0.023797538,-0.011664989,0.0040615373,-0.008860703,-0.0019523986,-0.0148343835,0.01937544
13.892882,-0.48539594,0.14103241,0.0012939725,0.9368067,0.030790675,0.1293891,-0.00040526388,0.033361204,0.017571166,0.020661682,0.80849755,-0.0035886364,0.016880183,-0.0019686942,0.012587886,2.0474942,-0.860735,0.0023379028,0.009509465,-0.0044232123,-0.07378077,-0.014693835,-0.0143012,-0.036819756,0.0117525,-0.01829386,-0.0124632185,1.971169,-0.007407997,0.18271875,-0.006426066,0.0021497915,-0.008026533,-0.013863842,-0.007944655
17.457363,-0.26856598,0.19042711,0.0040115523,0.85979056,0.0148439845,0.10897725,-0.0015234363,0.022079894,0.0048022405,0.013784466,0.7531257,-0.0067679766,0.013068985,0.023001714,-0.008654678,2.0916765,-0.34786743,0.024331003,0.014364339,-0.019477207,0.01962347,-0.013238138,-0.013716005,-0.034221735,0.00012925606,0.029344533,0.081348956,2.1040688,-0.002718733,0.13542634,0.011047376,-0.006846634,-0.009762252,0.03538635,0.021014953
3.3979733,0.29251358,0.051068302,0.0018033093,0.8451002,0.025824953,-0.022097366,0.0055917352,-0.0023722977,0.002587806,0.015578134,0.31457028,0.0026741212,0.020871345,-0.0064050616,0.018453345,0.9699512,0.07529696,0.18242297,-0.010026747,-0.0045415834,0.057822146,0.022448719,0.0045160293,0.008523136,0.0050532212,0.0053991256,-0.0056664106,-0.55449563,-0.007170357,0.0051392494,0.0016356541,-0.0024285517,0.0019365883,-0.0037378261,0.006853114
-8.087198,-0.554166,-0.060534824,0.0014252843,-0.8023988,0.0005495007,-0.05598642,-0.0034074043,-0.026570307,0.004172911,0.004103608,-0.15410869,-0.0014045653,-0.011060808,-0.001830755,0.00046767524,-0.74631643,-0.15158685,0.03613913,-0.0028587738,-0.0056913593,-0.049865473,0.005195352,0.013605553,0.009907682,0.0007035225,-0.0012435631,-0.02840172,-0.8931839,-0.008908835,-0.031175364,0.0002855199,-0.0131469425,0.011976091,-0.004356043,-0.0022042436
-8.115386,-0.5391638,-0.060854148,0.0024440757,1.0397336,-0.006421485,-0.034167428,-0.0044809426,-0.016866881,0.0033919422,-0.012354857,-0.15663745,-0.0046298895,-0.0070240805,-0.0029160476,0.0012687156,-0.72034127,-0.15652107,0.045078136,-0.0032521256,-0.006835259,-0.018988973,-0.0006768404,0.0020467972,0.01137452,0.00084804016,-0.0010968664,0.0035139911,-0.8429631,-0.0073538395,-0.004237347,-0.0017665358,-0.005891408,0.00044127283,0.0041021383,-0.003011534
-8.231038,-0.5513156,-0.01723778,0.0015569525,1.0609753,0.0018341824,-0.007932813,0.0024709143,-0.012913235,0.002936794,0.00019364024,-0.16207488,0.001485231,0.009385646,0.0014901303,0.0017872683,-0.748956,-0.14017974,0.029702326,-0.0029188555,-0.005850934,-0.046588715,-0.0030826188,-0.00032977544,0.0017660374,-0.002127714,4.3628614e-05,-0.040284052,-0.83213,-0.011087324,-0.029661814,-0.0008077312,-0.0045440346,-0.0038027943,-0.0042194044,-0.012778968
-8.184593,-0.5520098,-0.027126862,0.005188491,-2.4951067,-0.0016365802,-0.053836744,0.0039912993,-0.0008006526,0.0030630794,-0.0056346906,-0.17823717,0.00052118,0.00823825,-0.0022568936,6.0906477e-05,-0.81169474,-0.13670208,0.041340012,-0.0036663744,-0.0035330798,-0.15938225,-0.009672896,0.008181794,0.0039892863,0.0016582805,0.0037534127,-0.0043018325,-0.92466956,-0.009729197,-0.01580622,-0.0039947736,-0.017044103,0.00020384458,0.0027131157,-0.0015187049
-8.137443,-0.53310186,-0.03288151,-0.008374087,1.0569088,0.00031547903,-0.030821621,-0.00017451275,-0.014699862,0.0034133994,0.004326752,-0.15873232,0.00058283913,-0.0033392785,-0.0043333275,0.0010184861,-0.7346712,-0.13552693,0.041753553,-0.00404937,-0.006510038,-0.01901033,-0.005743147,0.0014760325,0.0022919837,-0.0011950515,-0.004250257,-0.0043788604,-0.843468,-0.008098011,-0.03437167,-0.0014206587,-0.002389199,-4.9559112e-05,-0.0009626727,-0.002746484
22.846806,0.55902773,0.03697888,-0.0030711624,1.0051425,0.00040756835,0.08992862,0.006531144,0.051203795,0.0032930358,0.0392757,0.66943675,-0.0014113759,0.0071932934,-0.003942859,-0.012099105,2.4939196,0.11028382,-0.08401505,-0.00017716456,0.015245996,0.014837299,-0.02111612,0.008999409,-0.005776964,-0.0061896327,-0.0024159015,0.2027499,3.078086,0.0032254828,-0.056959726,0.0010018384,-0.0014864635,-0.013274663,-0.01149974,0.016335934
-8.246012,-0.5500097,0.035903286,0.000898071,1.062258,0.0008795458,0.0014833543,0.007206555,-0.008960322,0.002244464,-0.00451548,-0.1766832,0.0015952656,0.011832495,-0.004683525,-0.0010620959,-0.79972506,-0.062912956,0.03352848,-0.0011990996,0.009465461,-0.0056870384,-0.0036846716,0.00022671408,-0.0022858414,0.0021648451,0.007664164,-0.02284911,-0.93866646,-0.009887993,-0.0020901875,-0.00059846835,-0.0047635646,0.008329741,0.0039042153,-0.009941436
11.747104,0.3881025,0.06208269,-0.0046483227,0.9139208,-0.01805984,-0.011164662,0.0035264133,0.030646062,0.0017428674,-0.037737638,0.2712162,0.0019152671,0.0024921359,0.0007765831,-0.03470361,1.614213,0.050239086,-0.0119115785,0.013121643,0.007882928,-0.02328094,-0.013778025,0.00081545854,-0.020758202,-0.0014208051,-0.002651574,0.31968677,1.4019332,0.011081627,0.088468984,-0.018624311,-0.016938632,-0.002612503,-0.015458706,0.037410293
-6.516494,-0.5627488,-0.028019262,0.0030582123,-2.0474775,0.0031684332,-0.16159911,0.007679355,-0.028749077,0.0076134847,-0.0037681442,-0.009904265,0.00047204545,0.0034047756,0.0030454546,-0.0066538267,-0.49121046,-0.14608201,0.060350906,-0.0016876623,-0.0025100003,0.08653979,0.015550153,0.0029728338,0.013921305,0.00033844498,-0.0009660661,-0.26989165,-0.88905144,-0.008285745,-0.031533465,0.00041386735,-0.002967586,0.013636496,0.004713952,0.0043497556
-8.190853,-0.5618865,-0.054867227,0.002763774,1.023919,0.00072776736,0.024220113,0.0013694329,-0.004610536,0.0030323816,0.00038386244,-0.1607658,-0.0060194144,0.0017879728,0.0019965009,0.0012278461,-0.72736734,-0.146676,0.041360926,-0.002994245,-0.0052335104,-0.018913956,-0.0004471837,0.0014122827,0.0014438473,0.00072931784,-0.0009877258,-0.0048115454,-0.79775023,-0.0057340767,-0.03380005,8.960769e-05,-0.005309296,0.00016076938,0.005374715,-0.00033451436
-8.052073,-0.54545593,-0.056852926,-0.00030443995,-1.2254292,0.006940187,-0.12386077,0.0025937264,-0.019502692,-0.007007699,0.00083438336,-0.15843333,-0.0069561037,-0.0035691103,-0.0018292716,0.0012758618,-0.7517959,-0.15148793,0.036813512,-0.0030499478,-0.0068798913,0.080532916,-0.0038735713,0.013281119,0.010329339,0.0012438368,-0.00094569393,-0.2663511,-0.8994242,-0.007048432,-0.034603436,-0.0024805376,0.0021271312,0.018927088,0.00012351209,0.009509209
-2.2583125,-0.7035136,0.065970555,0.0056065754,0.97530293,0.0018069275,0.10282981,0.004034896,0.0011910355,0.0025198862,0.020914352,-0.026706852,0.0041675544,0.007349559,0.012117868,-0.0013028512,1.057971,-0.06960934,0.009107163,0.022318447,0.0059148516,-0.0143486895,-0.002474181,-0.0066213273,-0.00611916,-0.00035901275,-0.016569722,-0.14766276,0.04879709,-0.0073963436,-0.050784882,-0.0028694565,-0.004393585,-0.009608626,0.020523302,-0.0026792951
-8.079386,-0.5247622,-0.06244223,-0.0021551524,1.0380143,-0.0043314314,-0.07207243,-0.0061526014,-0.0074377423,0.0032752594,-0.0055696853,-0.14896277,0.00017306721,-0.011347951,-0.004139678,0.0012971231,-0.73276037,-0.14064115,0.040219106,-0.00024719353,-0.0035833032,-0.017321257,-0.006181698,0.0017145672,0.0035755672,-0.0022182702,0.0013581731,-0.0010916272,-0.8431031,-0.008720997,-0.011340357,-0.0007318927,-0.0062653073,-0.00450609,-0.0051305727,-0.0027768584
-8.141256,-0.5309004,-0.061377384,-0.008273573,1.0410539,-0.0036000512,-0.006483567,-0.004775877,-0.00091824046,0.0027874399,0.0051686484,-0.15177572,0.000707844,-0.008003416,-0.0034138095,0.0014655758,-0.74918175,-0.14963993,0.040548995,-0.0005240923,-0.005768145,-0.031230347,0.00089526037,0.0023448875,0.0016032887,-0.00104661,0.0019119629,-0.004855255,-0.8053622,-0.00908436,-0.032007944,-1.884986e-05,-0.0049993973,-0.0033489184,-0.000515074,-0.0029447288
-8.085744,-0.5320976,-0.06751436,0.00063607225,1.0439441,-0.005358924,-0.07215232,-0.0018206906,-0.015643632,0.0034686509,-0.00034632554,-0.14807634,-8.042611e-05,-0.01037992,0.00044226972,0.001292575,-0.7154715,-0.1502562,0.043021854,-0.0032268632,-0.0069959695,-0.010617493,-0.007272193,0.00018208809,0.0033047965,0.00033017405,0.001489022,-0.0035832939,-0.8293231,-0.0075439513,-0.032434907,-0.0033184993,-0.0035705809,0.00022511333,0.0023409366,-0.00020437017
-7.3582306,-0.24876547,-0.05846285,0.002660506,-0.91758186,-0.002652935,-0.08406242,-0.0011004758,-0.013903301,0.005942763,-0.0008598696,0.013612659,-0.000284731,-0.016967572,-0.0018848911,-0.00058843166,-0.62300676,-0.15338743,0.008383396,-0.0033677933,-0.0039119385,0.13777393,-0.0048535434,0.0036950225,0.001979857,0.00013219788,0.0030915427,-0.30795217,-0.88904583,-0.005849743,-0.033011314,8.045566e-05,0.0030772984,0.0025085954,0.008611539,0.0078079295
-3.5464952,0.12777153,0.011305267,-0.0044840435,1.051957,0.0039051857,0.07945019,0.01595969,0.0012616484,0.0041229897,-0.0074032918,-0.0012461538,-0.035535313,0.005501641,-0.00098639,-0.0049610185,-0.41235763,0.018375939,0.038074847,0.030018106,-0.0066058747,0.0076294076,0.0019980576,0.003927811,0.015189347,-0.013459143,0.002737661,0.06995403,-1.0837519,-0.005848958,-0.009111785,-0.0012617032,-0.007174996,-0.0029111733,-0.0144171575,0.014027392
-3.113389,0.21814197,-0.06519502,-0.006865552,0.98406243,-0.040197756,0.052465383,-0.012960969,0.006672743,0.0040004468,-0.010755508,-0.31535494,0.0013474043,-0.021995723,0.0016637193,-0.010068863,0.38648084,0.07635351,-0.014137311,-0.014829682,-0.0124985,0.004453271,0.016354674,-0.0039846795,-0.0042490507,0.0008696358,-0.008107968,-0.0245619,-0.89726734,-0.0063541825,-0.013446191,-0.0046338607,0.011021844,0.009722711,-0.01095549,0.02511899
0.08098917,-0.90801656,-0.10740193,-0.0029740063,-2.102292,-0.059444156,-0.11506503,-0.007892253,-0.020984607,0.0023886738,-0.010683104,0.27734044,-0.0060386336,-0.016158067,0.0029346019,-0.033660404,1.3051962,-0.20149316,-0.037096556,0.014324414,-0.024628593,-0.14705624,0.013763702,-0.0077338824,-0.023010781,0.002500033,0.0041650278,-0.12620346,1.0294987,-0.015402245,0.003171279,3.3354008e-06,-0.0073212325,-0.02000445,-0.0006548435,-0.021382108
-8.121568,-0.5294543,-0.059400797,-0.0068514664,1.0444877,-0.009890253,-0.02944162,-0.005338003,-0.013979969,0.0034754719,-0.005560644,-0.14910714,0.0012113994,-0.009237431,0.004040392,0.00081921654,-0.7467515,-0.14585114,0.04273346,-0.0037803065,-0.0061914516,-0.01728181,-0.00067141454,-0.0008990094,-0.013509284,-0.0010189483,0.0017794135,-0.0025375034,-0.82263684,-0.008742493,-0.033729076,0.0015888062,-0.0053294874,0.0040089493,0.00012041229,-0.0034405303
-8.204731,-0.5544197,-0.025420828,-0.0017059768,1.0437349,0.0046095885,0.009894872,0.0044153505,-0.014009994,0.0029389455,-0.0019967852,-0.16331309,0.0012604956,0.0012779752,-0.002556799,-0.0012671055,-0.7350896,-0.14321214,0.044470303,-0.0038035433,-0.007825978,-0.029501406,0.0033559317,0.00098884,0.0021215256,0.00023465388,-0.0006212563,-0.0034633253,-0.8271434,-0.008873258,-0.03466194,-0.00030487627,0.008109392,0.0018260528,-0.0021991956,0.0029396003
5.4967923,-0.28561854,0.0551819,0.0038291833,0.9505687,0.0067938445,0.107450575,0.0016459868,0.01169322,0.0045272033,0.005998826,0.20045263,0.0014619898,0.018919637,-0.001329881,0.0060909595,1.1503296,-0.123768955,0.020372286,-0.006168261,0.019909846,-0.07816442,-0.0058706077,-0.0049234726,0.0015003306,0.00043541004,-0.0004510208,-0.2924776,1.0153167,-0.012618776,-0.29930124,-0.011913151,0.0066599627,-0.012915785,0.025020022,0.00766723
5.1052856,0.39994815,-0.05053213,-0.0039191856,0.95509166,-0.015229773,0.11393806,-0.00814319,-0.01890994,0.0016004543,-0.10558099,-0.5843418,0.0023607197,-0.046249557,-7.4471873e-06,-0.0030292545,1.1981357,0.03343295,-0.03567774,-0.015607599,-0.014052429,-0.015487076,-0.0057586893,-0.0038455566,0.0030623788,-0.0028593158,-0.004931708,-0.03187978,1.0628192,0.0045085126,0.024960073,0.0007691861,-0.006547296,0.0021680787,-0.005681783,0.004281935
-8.203241,-0.5487705,-0.014378276,-0.0014488727,1.0481312,0.0022366892,0.021168824,0.0021261605,-0.0033821894,0.0032818734,-0.00068279763,-0.16293836,-0.0045517557,0.0020099247,-0.0008567806,0.0010069187,-0.7496744,-0.13055222,0.045516673,0.0024701366,-0.0007482236,-0.011468259,-0.0031742665,0.0012305822,0.0006479203,-0.0006846417,0.00104165,-0.0028054782,-0.845095,-0.008470343,-0.034449454,-0.00029092436,-0.0055816285,-0.0055400184,-0.0069205114,-0.0030658983
16.66282,0.6881528,0.05694716,-0.00044925755,0.90270245,-0.028212268,0.040654313,0.0027949128,0.02870518,0.0038922632,-0.06579827,0.08030183,-0.0026223247,-0.015839446,-0.0029316128,-0.006728736,2.2073958,0.066132054,-0.046850227,0.0017584392,0.009462911,0.030727422,-0.020273155,-0.014748825,-0.052121446,-0.0059342375,0.0021374014,0.27243206,2.414702,0.012484695,-0.030492457,0.014891805,-0.014625464,-0.016303254,-0.014522107,0.019083824
-8.110158,-0.53225857,-0.046195835,-0.0027854408,1.0465809,0.0012316576,-0.057263974,-0.0014610433,-0.014789778,0.0034521017,0.00051420706,-0.15657811,0.000772699,-0.004618647,0.0035902914,0.001708858,-0.7238771,-0.13963248,0.040904168,-0.0035077063,-0.007317239,-0.016782528,0.007746364,0.00065221783,0.004259517,-0.0014900407,0.000562986,-0.0059871315,-0.85207605,-0.007593321,-0.03450411,-0.0025078352,-0.0060502915,0.0015937604,-0.004180285,-0.0030842389
-8.144548,-0.58501726,-0.017597595,-0.0013729637,-2.3147247,-0.0039021035,-0.049918436,0.0062273927,-0.018907687,-0.05112776,-0.022864338,-0.183351,0.0009767859,0.010689673,-0.004415349,-0.0031631738,-0.79297125,-0.16003302,0.041458778,-0.0027144225,-0.0019969444,-0.06354577,-0.002586719,0.00107922,0.004111556,-0.0021416945,0.0025354729,-0.009063352,-0.94555974,-0.0076330598,0.008167893,-0.008179349,-0.007189795,-0.0038438402,-0.00592222,-0.005466699
18.83153,0.69152546,0.06613366,-0.0048837727,0.9167336,-0.0005829275,0.09224329,0.006533776,0.027504092,0.0033083386,0.013545483,0.45047957,0.0020683843,0.0055869375,-0.0013528604,0.005900697,2.2414892,0.040113118,-0.014825985,0.016896298,0.023497468,0.018943226,-0.028722728,-0.0025231563,-0.0072946865,-0.0031703084,-0.0023943544,0.060281184,2.4085004,-0.0035232606,-0.009375791,0.006583241,-0.008137863,-0.013789085,-0.0082276,-0.0051876693
1.9445081,-0.66439915,-0.10527978,0.001971994,-2.267991,-0.01825138,-0.2075718,0.00906569,-0.022363786,-0.024719149,0.008550753,0.2862791,-0.023249635,-0.0021680514,-0.0005092618,-0.0040496723,1.427768,-0.085164934,0.010145557,-0.009186026,0.012884042,-0.13155015,-0.035836056,0.011206777,-0.006755523,0.0028493712,-0.004574746,0.099777184,1.109082,-0.01656995,-0.19463177,-0.0123203825,-0.05345383,0.010928326,0.026062904,0.0023720497
-8.137948,-0.5340471,-0.06069308,0.0016289727,-0.088884756,-0.00906045,-0.070551194,0.0017648485,-0.018427683,0.00065751484,0.00053284905,-0.15266548,-0.0059745945,-0.00410442,-0.0021607543,0.0010201953,-0.72583574,-0.15367582,0.039165854,0.00070341787,-0.003164271,0.09677334,-0.004237977,0.012409078,0.010072871,0.00071538234,-0.00064630195,-0.23834077,-0.85784554,-0.005546739,-0.034201704,-0.00065922976,0.0069462624,0.01814093,0.00418217,0.00867277
-8.166772,-0.54104066,-0.064213514,-0.0074178395,1.0754979,-0.0009110964,0.054960564,-0.0069798115,-0.020386802,0.002860187,-0.0066336636,-0.1587886,0.0009746703,-0.0077341665,0.0022711097,0.002764836,-0.7131208,-0.16364427,0.039886802,-0.001081881,-0.007854051,0.067778446,0.00808369,0.004318059,0.0055354186,-0.00016539982,0.0007036563,-0.15306179,-0.8350986,-0.011583565,0.0017914382,-0.0064722663,0.005789676,-0.0014168373,0.0005216468,-0.0037738623
-8.215916,-0.5460737,-0.022961963,-0.001900825,1.0655211,0.0018399351,0.04257432,0.006407481,-0.015151136,-0.029235225,-0.0051439353,-0.16219927,0.000881683,0.0021269305,-0.0004991584,0.0013488022,-0.73778665,-0.15309894,0.045949284,0.002720252,-0.00031056258,0.02359882,-0.0018126512,0.00094760355,0.002727658,0.0013666605,0.003247533,-0.096073635,-0.8491583,-0.009524781,-0.0050983797,-0.0045033353,0.0012000675,-0.0077714906,-0.009705341,-0.00064387935
5.5951276,0.39456522,0.076911315,-0.009835927,0.9882186,0.007427902,0.10315127,0.0047710286,-0.008217089,0.0015007304,0.008147567,-0.45740587,0.0009824997,0.019541444,0.0052111656,0.003103827,1.077285,0.019001875,-0.012354429,0.018378597,0.009726746,-0.005474531,-0.0014361402,-0.01289981,-0.02335591,0.0011348854,0.0019724756,-0.2913446,1.019222,-0.030051496,0.05746088,0.0040300773,-0.012617855,-0.002484577,-0.013320253,-0.010005068
5.8185725,0.3508724,-0.22707789,0.0019532156,0.90650475,-0.009947738,0.10189032,-0.021121254,-0.029618239,0.00040073492,0.012772228,0.09803018,-3.7573143e-05,-0.029559592,-0.005733175,-0.0054664537,1.385675,-0.036101755,-0.025249746,-0.02693703,-0.024826074,-0.0017268903,-0.013199769,0.0025318228,-0.007203995,-0.0034563341,-0.0002952924,-0.3610026,1.170937,0.004742668,0.056401547,-0.006099657,-0.006219711,0.0062798443,-0.006213627,1.22116835e-05
5.9880424,0.061532762,0.04905153,0.004003334,0.9386548,0.012567801,-0.061581768,0.00445091,0.0043532583,0.005636934,-0.06899071,-0.4333601,0.0030147594,0.03121449,-0.00015607786,-0.012274697,1.0706799,-0.16303548,0.069184355,0.01759403,0.0022324806,-0.014738782,-0.011300916,0.00014152974,0.007091601,0.0017273128,0.002047086,-0.0071403543,0.9516267,-0.00020931884,-0.05437307,-0.0016734025,-0.01788648,-0.0074281674,0.020029377,0.011619968
-7.8565364,-0.5643213,-0.027001183,0.004012713,1.0250435,0.005606869,-0.019353941,0.007941682,-0.0053580557,0.0045058047,0.011880632,-0.15487206,0.0021410568,0.016565366,-0.002546286,0.0023103715,-0.4396638,-0.13792653,0.03380162,-0.0050128754,-0.0027820359,-0.022916108,-0.001915208,-0.00046623134,0.001392046,0.0009727467,0.005122412,-0.016137583,-0.76984555,-0.012208152,-0.028691323,-0.005090477,-0.004166753,-0.005214056,0.007437159,-0.008289894
-8.123154,-0.540967,-0.064635456,0.0002456149,1.0208479,-0.0019011847,-0.041783992,0.0050451197,-0.0158823,0.0026979635,-4.6929064e-05,-0.15342662,2.8813161e-05,0.009149163,-0.0003369387,0.0011153945,-0.71634024,-0.14862795,0.042269386,-0.0022697414,-0.006411314,-0.022816433,-0.0012055574,0.012401004,0.0011523641,0.00078214717,0.0014902779,-0.005128367,-0.83043164,-0.008227134,-0.03553756,-0.0026868663,-0.0046574487,0.012519142,-0.00047318824,0.00044455906
-8.140126,-0.53610885,-0.021851148,-0.0028125292,1.0459658,0.0022417575,-0.030106232,0.0011981637,-0.015656196,0.0033977486,0.00011963048,-0.15994255,0.0028837111,-0.003731219,-0.0010014038,0.0012931257,-0.73785317,-0.1349545,0.044014532,-0.003550757,-0.008417698,-0.020268675,-0.0025245415,0.0015220507,0.0028102736,0.00015078175,0.002029197,-0.004386861,-0.8542763,-0.0063831555,-0.034599736,-0.0008998258,-0.003043507,0.0015219322,-0.005227124,-0.0005002767
-8.229718,-0.5475455,-0.018000739,0.00021351027,1.0564742,0.003545201,-0.0023473704,0.0057859495,-0.0061911955,0.0030184658,-0.00096598617,-0.16252053,0.0006974169,0.009607,-0.0007055916,0.0022391349,-0.7491843,-0.13949282,0.04522794,-0.0025071322,-0.0059669544,-0.028884422,-0.0032792846,0.0008115316,4.5608114e-05,-0.0016777529,0.0027584492,-0.021745058,-0.8341321,-0.011380741,-0.03024793,0.0007396358,-0.0039389827,-0.0050627748,-0.0051344973,-0.012431377
19.101995,0.38880384,0.023547236,0.0013301673,-1.4836793,-2.6704594e-05,-0.14811736,0.006085711,-0.038166746,-0.003141063,0.036238723,0.6288185,-0.0065762093,0.012250479,0.0035309412,-0.009010581,2.494815,0.07219505,-0.03884719,0.012193563,0.0122346645,0.05987342,-0.0037956226,-0.0024452575,-0.0021244588,0.0002899261,-0.0047758063,0.18887818,3.0507398,0.0033807135,-0.02293524,-0.0004761152,0.004768899,-0.018563593,0.0012197972,0.009346201
-8.108819,-0.54020655,-0.033108052,0.0020107785,1.0488265,0.0011449198,-0.059058495,0.0019088209,-0.015428412,0.0037042608,-0.0051341415,-0.15798984,-0.0044029434,0.0028941273,-0.00072900695,0.0002681322,-0.7192068,-0.13940008,0.046273217,-0.0035424128,-0.000696618,0.020136775,-0.008020593,0.00028138334,-0.0010381847,0.00041225308,-0.0016234012,-0.09821296,-0.8781396,-0.00817493,-0.012369526,-0.0019562044,-0.0038497485,0.0018754847,0.0044193375,0.00021545157
-1.4508679,-0.56206,0.108399056,0.0025565943,0.98260456,0.005748836,0.09449993,0.0038185704,0.0008397933,0.002867054,0.0006526967,0.12343731,0.0025343157,0.005293679,0.0010709758,0.0019681675,0.5643684,-0.33526805,0.07767826,0.018875059,0.0015900297,0.0034903558,-0.006878492,-0.0049727308,-0.0059687695,-1.824537e-05,0.0041262573,-0.03860806,-0.55524665,-0.0068581984,0.013890841,0.0013277668,0.0043217116,0.0034155662,0.015940117,-0.0016644213
-8.177651,-0.53880095,-0.054521054,0.00013140992,-2.4731016,-0.011283924,-0.023692312,-0.005267968,-0.006021507,0.002121731,-0.010073722,-0.15967715,0.0013240541,-0.0137336105,-0.0007864863,0.00032237265,-0.80939156,-0.14861912,0.044703033,-0.0016853419,0.00016079455,-0.019451039,-0.0085061295,0.00077272346,0.015151387,0.00075092015,0.0014429087,-0.28591466,-0.91953665,-0.011450397,-0.013266688,-0.007734507,0.006828942,-0.0010482798,-0.004091611,-0.0013654119
-8.155529,-0.54123676,-0.03458349,0.00017868029,1.0471653,-0.0024866865,-0.011982908,0.0031966295,-0.0075280913,0.0028960495,-0.0004955977,-0.16017994,0.00050609314,0.008947574,-0.003691226,0.0010224835,-0.7549261,-0.13417609,0.040542144,-0.0033832786,-0.0016301699,-0.03325369,0.00471744,1.872379e-05,-0.0029099116,-0.0022980864,0.0026140108,-0.0045578983,-0.82363486,-0.010858977,-0.035005685,-0.00353807,-0.0057127485,-0.0016838494,-0.008039405,-0.0016900116
-8.233079,-0.5672537,-0.049492974,0.0046096523,-2.5085614,0.0038755161,-0.01959413,-0.0023497697,-0.0067374213,-0.00028795103,-0.0030715514,-0.16515361,0.0020121443,0.0075765876,-0.0030089247,0.0015883239,-0.8027793,-0.14249377,0.038837608,-0.0026288526,-0.005189307,-0.037632536,0.0069589703,0.0026767042,0.0047995932,0.0002216185,0.00035388407,-0.24769804,-0.88562745,-0.011289843,-0.033456765,0.00045157585,0.002942733,-0.004362415,0.0031266178,-0.0011500639
-1.0073155,0.06659436,0.0090386495,0.00036567118,-0.6220805,0.013710038,0.018938651,0.014466834,-0.014406429,-0.00071462104,-0.016917868,-0.3713579,0.0017450849,0.033188626,-0.0041309632,-0.0074191787,0.53138506,0.0404067,0.020712497,0.009134991,-0.0005101339,0.04044011,0.005055446,0.003688611,0.003983907,-0.010827593,-0.0033821885,-0.010011863,-0.6774183,0.0050308215,-0.0064145513,0.0057959617,0.007803434,-0.012614692,-0.0021583345,0.012433326
-8.1847515,-0.53004485,-0.060501263,-0.0018848665,1.0803409,-0.009945033,0.026309935,-0.0055245114,-0.0023498782,0.002414752,-0.010948118,-0.15184362,-9.301502e-05,-0.014218985,-0.00064031937,0.001666419,-0.74187744,-0.1528103,0.042284697,-0.0034237283,-0.005692797,0.09899697,-0.0038397654,0.0029711637,-9.891574e-05,-0.0021736892,-0.0006052139,-0.15543325,-0.8177756,-0.011629773,-0.002438447,-0.0041014766,0.008160715,-0.0029739228,-0.0043955618,-0.0029546411
-8.070323,-0.558158,-0.05479239,0.0011148975,-0.70656794,-0.0014562908,-0.091306746,0.004431391,-0.017541008,0.0046591177,-0.002447601,-0.16540776,0.00066170364,0.0013055456,0.0055369795,0.000629541,-0.73366284,-0.15206426,0.03554618,-0.0049030404,-0.0063549746,-0.04007927,-0.0011672516,0.004588992,0.010164988,0.0008089986,-0.0013468337,-0.014956638,-0.8868509,-0.008030578,-0.037346095,0.00014163788,-0.008491817,0.0025299601,0.0002745429,-0.0046877856
4.253484,0.5440521,-0.08383614,-0.0026621793,0.94337696,-0.019858094,0.12406866,0.00026517993,0.0016818828,0.0023115808,-0.106573135,-0.57961226,0.003571791,-0.041750316,-0.0033178069,-0.007947054,1.0445615,0.04805079,-0.022107918,-0.023146436,-0.015154621,-0.0037722846,-0.006307436,-0.0035486047,-0.020459384,0.0022748136,0.0007161659,-0.047309943,1.0260938,0.0050671916,0.025196847,-0.013624779,-0.004188241,0.011205231,-0.011960363,0.007949845
-8.22319,-0.5293929,-0.031252917,-0.010323763,1.0587722,-0.0033955846,-0.012994372,-0.0048787696,-0.011098305,0.003444783,-0.00035734626,-0.15658966,-0.0004199559,-0.0014599733,-0.003713672,0.00065258786,-0.7431932,-0.13903214,0.029670222,-0.0029845254,-0.005311275,-0.012339673,-0.00012402356,-0.0018800384,0.0021837456,-0.0017023619,-0.004359447,-0.024795951,-0.8378377,-0.0105873,-0.032188788,-0.0024986884,-0.0035134351,0.0007030618,0.0005845643,-0.012720566
17.678835,0.14909302,0.062261157,-0.0030516642,-2.2915573,0.022016287,-0.09825239,0.003969825,0.013122045,0.0036752964,0.07451784,1.155779,0.00097362784,0.011699357,0.006952969,0.0024638409,1.776795,0.019179868,0.042867642,0.020387607,0.010463995,-0.27574953,0.019969609,-0.008534323,-0.02480066,0.001569777,0.00021008973,0.22922496,1.6699952,0.0028094288,0.07076363,0.0017531514,-0.012304587,-0.0018924322,0.028629145,0.0219932
-8.136152,-0.5490347,-0.05837559,0.0018499943,-1.6749754,-0.006448184,-0.15071519,0.0033967542,-0.019299464,0.0031327277,0.0049726847,-0.16485773,-0.0060285316,-0.003657944,-0.0031606434,-0.00041214167,-0.7631016,-0.15333253,0.037876405,-0.0024639198,-0.005512111,0.08716804,0.006884198,0.0023693966,0.011119502,0.0016004833,-0.0010098957,-0.30121058,-0.9109585,-0.00792086,-0.033961195,-0.002686398,-0.0005489573,0.019623887,0.0031229556,0.003983519
-7.73298,-0.27073357,-0.022769732,-0.0102255475,1.0551847,0.0043839365,0.016648764,0.0024481602,-0.013889871,-0.00074579817,0.031066168,-0.18349674,0.0018898047,-0.0056074588,-0.0010278696,0.00082510855,-0.6604437,-0.13073139,0.038753312,-0.0045690215,0.0023246743,-0.0038588077,-0.004759992,0.0016683247,0.0008629685,0.0017306715,0.0011868185,-0.0031550867,-0.8944957,-0.006704892,-0.031039037,-0.0005853489,-0.007155817,0.0009402688,-0.008470677,2.3049623e-05
-8.152258,-0.55244017,0.0071782414,0.0016242868,1.0500736,0.0009808278,-0.023804402,0.0051744385,-0.013313855,0.0034459084,-0.009765525,-0.18128856,0.0024354008,0.011493946,0.001843261,-0.00045651238,-0.7667631,-0.14674453,0.044974275,0.004033479,-0.0044070473,-0.013964685,-0.0081692515,-0.007465981,3.980382e-06,0.00062053645,-0.0012064786,-0.0007247566,-0.89417267,-0.006014881,0.021598311,-0.0005584924,-0.0022549147,0.0016124666,0.0063142865,-0.0033395689
-8.221905,-0.55280226,-0.051843103,0.0031252836,-2.5127144,-0.007482696,-0.020569945,-0.0023332634,-0.0049748803,0.0032603454,0.005062544,-0.1666331,-0.0057948884,-0.006234764,0.0046153218,0.00089649676,-0.7989424,-0.14066947,0.04065973,-0.0009793482,-0.006555922,-0.0111185,-0.0052362084,0.0011793626,0.0122281,0.0005092841,0.002111188,-0.245,-0.89684993,-0.012959786,-0.031741727,-0.00367675,-0.012984785,0.00027946357,0.0034057167,-0.0022044738
-8.127705,-0.5524612,0.026076868,4.7128484e-05,1.0521839,-0.00010385073,-0.015113467,0.0074102096,-0.0037092597,0.0020602315,-0.004520718,-0.18889335,0.002184026,0.010318732,-0.0034923395,-0.0033733004,-0.7991063,-0.08404214,0.046944354,8.901858e-05,-0.00014705051,-0.018698456,-0.007650103,-0.0025832911,0.00022573482,0.00047453196,-0.0018192703,0.01097063,-0.95397586,0.0001357862,0.0049835937,-0.0066479915,-0.0054413155,0.0037050326,-0.0042862887,-0.0018489964
-8.122451,-0.5444179,-0.06393207,0.0006308168,1.0451235,-0.00062110537,-0.0526181,0.0018984594,-0.015269869,-0.035901852,-3.7214097e-05,-0.15491067,0.0009288003,0.010614791,0.002255159,0.0019604303,-0.7072216,-0.15536372,0.042042945,-0.0037272484,-0.007460247,-0.013667414,-0.00884055,0.0020483418,0.0015106023,-0.0013022568,0.0016243823,-0.004204061,-0.8044241,-0.00769214,-0.035441514,-0.00043595955,-0.0029501885,0.00085827,0.00071827875,-0.0008517315
-8.104481,-0.5351107,-0.06758595,0.00021086058,1.0189462,0.0015081457,-0.061376058,0.0011997636,-0.016360108,0.0033475915,0.0008794828,-0.15019476,0.00039640977,-0.0067957947,-0.00013457234,0.00037301748,-0.7188738,-0.14702903,0.04006032,-0.0028859077,-0.006085172,-0.022100717,-0.006630935,0.013918385,0.008989644,-0.0011961508,0.001271368,-0.005635398,-0.8308957,-0.00804867,-0.03376556,-0.00040809304,-0.0036087856,0.013671438,-0.005856743,0.00086154835
-0.9063095,-0.0016186327,0.023483725,-0.057706792,1.0162407,0.00369213,0.088257715,0.009921528,-0.014468682,0.0036932467,-0.005517867,-0.3672542,-0.00041382018,0.0071032066,-0.00046420205,-0.010452615,0.5078473,-0.002654137,0.017707383,0.02471306,0.016686175,0.026290229,0.0047983183,0.0012242671,-0.016738888,0.0009842232,0.0033665153,-0.021483969,-0.6686954,-0.016142383,0.0005946212,0.0052754125,-0.009329091,-0.011722225,-0.0042282892,-0.014132881
-8.096759,-0.54018325,-0.025920905,-0.009589319,1.0397303,0.0021396007,-0.07899917,0.0017260972,-0.014108617,0.0036424096,-0.00018223643,-0.16023117,0.0010272587,0.0067855716,-0.0032217633,0.0005328032,-0.73165363,-0.13560195,0.04440576,-0.0044502323,-0.0069695697,-0.014922383,-0.0071825893,0.0017680196,0.002514113,1.0443402e-05,0.0011726193,-0.0050646435,-0.8498233,-0.007187191,-0.033343047,-0.00057789753,-0.0028815733,0.0025217966,-0.0005404933,0.00063478266
-6.811192,-0.16659394,-0.065095246,-0.001746079,1.0590189,-0.0039224257,-0.06477717,-3.4220968e-05,-0.016744107,0.0048290803,-0.0012264375,-0.030367585,-0.00047567268,-0.021275954,0.0018374178,-0.005256149,-0.4876662,-0.16340815,0.003297116,-0.0013985565,-0.00422787,0.0142483795,-0.007859145,0.0011587986,-0.0002286653,-0.0013843768,-0.00033545578,-0.09479283,-0.88291794,-0.0071767755,-0.031838533,0.0016731903,-0.008472991,0.00035963117,-0.012076864,0.00076779246
6.01535,0.24736631,-0.061356034,0.0036311394,-0.4747508,-0.014115408,0.10967455,-0.029168976,-0.023645388,-0.0024345412,0.007090542,0.27054852,0.0011920552,-0.0136043485,0.006571949,-0.0033160974,1.2661583,-0.04947001,-0.0039061515,-0.0124365175,0.0023215439,0.090998985,0.012433353,0.022666471,-0.009051142,-0.011776733,-0.0044147833,-0.30402687,1.07676,0.0032705734,0.05030359,0.005847169,0.012640593,0.02332728,-0.006935533,-0.018007578
-8.131954,-0.54043853,-0.019201415,-0.0019823853,1.0427233,0.0012237808,-0.04102297,0.0008860318,-0.015697084,0.0033790867,2.1093381e-05,-0.16123478,0.00066128076,0.0022608256,-0.0009225485,0.0012685807,-0.7361666,-0.13533598,0.044583544,-0.00428,-0.006887141,-0.01816806,-0.00596616,0.0020838596,0.004785463,-0.0006329847,-0.00083166384,-0.0042845844,-0.8538707,-0.008643185,-0.034333482,5.052043e-05,-0.0032867996,0.0020011407,-0.005427464,0.00017329595
7.8018804,0.53500277,0.05809055,-0.00973909,1.0424538,0.00076612516,0.020966642,-0.00024489325,0.0070689935,0.0019987342,-0.15076846,-0.48803023,0.004126047,-0.014408624,0.0012527455,0.017200543,1.3694513,0.045349516,-0.009332328,0.014977569,0.018877048,-0.013539428,-0.010309284,2.489923e-05,-0.0065382565,-0.0031507711,-0.0026655174,0.24444021,1.2308948,0.0055092564,0.07314648,0.0013538768,-0.016776351,0.012182893,-0.011171487,0.06676011
11.629511,-0.38498777,0.14117473,0.0024224636,0.8917646,-0.036681272,0.092273615,-0.025801856,0.0058461893,-0.03817633,-0.0073183402,0.48736727,-0.0037948801,0.01062067,0.0010621959,0.018630914,1.9166447,-0.43430245,-0.09373387,0.003320744,0.003798907,0.0058265724,-0.0016034868,0.00055455166,-0.01075872,0.0103123635,0.07139311,0.0075545986,1.8170694,-0.0033487622,0.16957195,-0.006531944,-0.016823344,-0.0113227805,0.024078516,-0.0032862592
-8.174645,-0.54864395,-0.016436651,0.001268872,1.0489923,0.0025471847,-0.0133585,0.0014909384,-0.013357404,0.0032731292,0.0052840356,-0.16121061,0.0010001431,0.00132501,-0.0004157057,0.0009423008,-0.7381537,-0.13708957,0.044986468,0.004379672,-0.00080771034,-0.01184565,-0.0033384752,0.0012447651,0.0031487735,-0.0015262136,-0.0008621679,-0.0064571495,-0.8520104,-0.00891386,-0.034791537,0.00017448506,-0.0057557337,-0.001471821,-0.006705907,-0.003071003
-8.2091675,-0.5494866,-0.038615804,0.00072970224,1.0707777,0.0029816916,0.049238835,0.0030515231,-0.002427178,0.0029802567,-0.002519632,-0.15196458,0.0016284756,0.009335994,-0.004849589,0.0011676399,-0.7705797,-0.14179546,0.043459278,-0.0029313937,-0.006647067,0.039174404,0.0021073527,0.0006589119,-0.0007200225,0.0006500604,-0.0004776074,-0.2065571,-0.818872,-0.010947992,-0.030117532,0.0016703336,0.007908245,-0.0039328337,0.0011419225,0.002022413
-8.206842,-0.542379,-0.023440864,-0.021867327,1.0428692,-0.0012641425,0.02435302,0.0023858151,-0.013461754,0.003322715,-0.00060420803,-0.16127896,0.00094200583,0.0036895326,-0.00090388703,0.0018689851,-0.738325,-0.13376379,0.043788888,-0.0041425372,-0.0050332863,-0.011810366,-0.0060004126,0.0020299999,0.0026913194,0.00087142875,0.0031152046,-0.0044518313,-0.8542724,-0.00913216,-0.033328224,-7.0590926e-05,-0.004151827,0.0012867034,-0.0006744872,-0.002428357
1.723624,0.013568692,-0.076944746,0.0027933735,-2.2886817,0.0076735523,-0.1973121,0.012586613,-0.0026769792,0.0025104487,0.020625299,-0.3034091,0.0018410773,-0.00022782812,-0.000517701,-0.006843922,1.0037268,-0.084881,0.009458975,-0.013932898,-0.016261118,-0.022570683,-0.013716838,0.010620767,-0.0012849293,-0.010870541,0.004528114,-0.35416767,0.79741836,-0.02587793,-0.04511522,-0.007976713,0.02919353,-0.006453113,-0.02060921,0.002580836
-8.199136,-0.54814154,-0.016138554,-0.0016224938,1.0554239,0.0018044711,0.0152590545,0.0011812196,-0.003959027,0.0028809153,-0.011455635,-0.16402003,-0.0053707045,0.0016307472,-0.002923321,0.00035399137,-0.76115614,-0.14075333,0.04892186,-0.00096224825,-0.0063799634,-0.027008217,-0.0012059754,0.002115632,0.0012778433,-0.0025906526,0.00097221887,-0.013679472,-0.85614145,-0.0069267605,-0.00684238,0.0018108964,-0.0036861044,-0.001715148,-0.00424803,-0.0031078549
-8.158591,-0.53055316,-0.05919567,-0.0011489065,1.0380733,-0.005549032,-0.0030517094,-0.0004407266,-0.005955123,0.002785551,0.0050945035,-0.14853582,0.0008660486,-0.011136334,0.0023369433,0.0011758977,-0.74039555,-0.14524896,0.04022848,-0.0004090286,-0.0064884387,-0.017910032,-0.0029335774,0.001745689,0.0011488862,-0.0016051834,0.0019790076,-0.0043858876,-0.81206894,-0.008877333,-0.033257958,-0.0011554335,-0.0053631067,-0.0039998805,-0.006222153,-0.0028431918
-8.137931,-0.5414711,-0.051875047,-0.0072028674,-2.087915,-0.00070748857,-0.166813,0.0077065434,-0.020963753,0.005030347,-0.0015560318,-0.1663255,0.00051303126,0.0051690186,-0.002143957,-0.00041572092,-0.7740388,-0.14719808,0.03982777,-0.004822125,-0.0046155564,0.049806543,-0.005640144,0.014884594,0.003552,-8.976782e-05,-0.00061802374,-0.311361,-0.92379135,-0.0087138135,-0.03428311,0.0001539533,0.005048094,0.0021797824,-0.0012468452,0.0017839908
18.99204,0.39682218,0.024003018,0.0024441553,0.92159307,0.009026411,0.11888957,-0.013726922,0.014073782,0.010978749,0.05483358,1.1243877,0.0122548025,-0.031518575,0.0012666772,0.010820122,1.7572569,0.1759008,0.15970574,-0.076810464,0.005684025,0.0018306221,-0.007236907,0.0053286827,-0.009001651,0.0007937068,0.002460658,0.019902697,1.3379961,-0.0024546238,-0.048342325,-0.007937885,0.014057072,0.001543068,0.015426882,-0.00445107
-8.132843,-0.543605,-0.036246955,0.001123443,1.0410798,0.002702908,-0.040418416,0.00075764337,-0.015191818,0.0029668778,0.0011300617,-0.15723634,0.0011349743,0.00944559,0.0023890722,0.0008463464,-0.72941834,-0.14650807,0.04164487,-0.0048286226,-0.007125382,-0.026301125,-0.002337616,0.0019260484,0.004051653,0.0007426132,-0.0010499841,-0.005070081,-0.8308572,-0.008062387,-0.03418427,-0.004321786,-0.005469522,0.002244822,0.0012545196,-0.0028872064
-8.231796,-0.55941945,0.026115984,0.00086863997,-2.4854684,0.007194498,-0.014590612,0.001335631,-0.01099718,0.0031741033,1.2107883e-05,-0.17784666,0.0015116853,0.008626238,0.0028219665,-0.0019626187,-0.844317,-0.1263136,0.042362105,0.0026062238,-0.001285244,-0.017818883,-0.0062385094,-0.000698709,-0.0019063432,0.00093412213,-0.0018944314,-0.29295686,-0.9244867,-0.01656651,-0.030015508,-0.0008955817,-0.017697806,0.0014630993,0.0077605033,-0.0023820116
-6.5726995,-0.29999784,-0.038938753,0.0043611843,-0.7132436,0.0012033936,-0.08061651,0.016307898,-0.012485533,0.004798891,-0.0035272713,-0.21403119,0.00087013555,0.01657225,0.005093601,0.0036734494,-0.57007754,-0.10693633,0.008212372,-0.0020995277,-0.0040836697,-0.031268608,0.01354898,-0.00052870356,-0.0017334053,0.00024395772,0.0016151496,0.007944517,-0.959849,-0.0056688585,0.00079867564,-0.00040367706,-0.015411599,-0.005055788,0.009573003,-0.0072782873
11.507326,0.6795866,-0.06523267,-0.0040022787,0.33025727,5.559541e-05,0.0897766,-0.005409048,0.010310042,0.0013507332,0.040510736,0.36318097,-0.00060731603,-0.004982998,-0.005783356,0.004474437,1.6353452,0.027103165,-0.01565589,-0.037599646,-0.001484264,-0.011522956,0.0099924365,0.0035025124,-0.009041963,0.001441391,-0.00024791862,-0.13798758,1.1679254,-0.0049638255,0.07490697,-0.024225973,-0.01362327,8.9196285e-05,-0.00859793,0.0006514276
-8.121056,-0.5546716,-0.015327989,0.0016772321,0.5773531,0.0044436366,-0.050716802,0.0057530142,-0.0029585538,0.002607597,-0.009024812,-0.16875438,0.0004816014,0.009184169,0.0021969092,-0.00047894477,-0.79020715,-0.111460835,0.04350948,0.003154291,-0.00027704626,0.05896775,-0.0021425677,0.0004154561,0.00075273897,0.0021243296,0.0043888055,-0.09921712,-0.903888,-0.0056084376,-0.002204157,-0.0012505649,-0.015053476,-0.0034701193,0.0029908363,-0.003853072
-8.114732,-0.56604,-0.058510385,0.0018309592,-0.94165874,-0.000647746,-0.035653878,0.00071053253,-0.015580472,-0.03977298,0.0011448656,-0.1589971,-0.003966985,0.0016085514,-0.005813894,0.0012528353,-0.72679627,-0.162671,0.038001873,-0.0013057956,-0.0050966567,-0.0033184062,-0.0010566058,0.014349849,0.0011515225,0.00037020538,-0.0006941844,-0.18277338,-0.85845983,-0.007114742,-0.0342078,-0.00059221627,0.008803024,0.009775223,0.0021146592,0.008108252
-8.079158,-0.5297718,-0.062565506,-0.011115129,1.0467731,-0.004142811,-0.07368747,-0.0035796918,-0.007790739,0.003341569,0.00069179334,-0.14698412,0.0007239184,-0.008094282,-0.003226209,0.0015678155,-0.7410125,-0.1395906,0.04022926,-0.004020128,-0.0065038954,-0.01697176,-0.0012739869,-0.00096015906,0.0019792314,-0.0005661142,0.002110539,-0.0054306616,-0.8238803,-0.008300352,-0.034175172,-0.00043084403,-0.0018760575,-0.004570955,-0.0004057222,-0.0004873755
-4.8998327,-0.080103226,-0.069489606,0.00032595306,1.0751083,-0.037401967,0.088752106,-0.0015119858,0.008174253,0.002546921,-0.019549746,-0.33926496,0.00048114583,-0.03079537,-0.0005783375,-0.006352215,0.29755086,0.09384171,-0.0015667283,-0.0081394855,-0.0077339616,-0.015100916,0.0037075994,-0.0029400515,-0.0002598758,-0.007754386,0.00020956493,0.0004491875,-0.80451393,-0.00018652261,-0.0072219586,-0.0052938913,-0.009928871,0.0041228984,-0.018212846,0.022907086
-8.086354,-0.5290724,-0.055585314,-0.0013066698,0.7071699,-0.0012850506,-0.07803948,-0.007563329,-0.0072064972,0.0041065877,-0.00535186,-0.15694927,0.00027793678,-0.010793354,0.002485984,0.0013257234,-0.7445255,-0.147248,0.041282568,-0.0018568308,-0.0063364743,-0.025907114,-0.0029236656,0.0018877094,0.0014195034,-0.0018268967,-0.0010879784,-0.007835532,-0.85245246,-0.010911709,-0.009370524,0.00021616783,-0.009421971,-0.0025192993,-0.0049877698,-0.0039875866
15.292026,-0.09934577,0.11608452,0.000793183,0.9112332,0.015383498,0.10954131,0.016722199,0.029948398,0.0017616038,0.0053243525,0.76354074,-0.00042974597,0.015036287,0.004314299,0.0032387187,2.2947156,-0.071839824,-0.009798095,1.2852714e-05,0.010256624,0.049112793,-0.01860437,0.00041023432,-0.030220525,-0.00048040744,-0.0031133527,0.01303915,2.3633707,4.35054e-05,-0.08175057,-0.006220105,-0.0017810895,-0.0005625566,-0.014343092,0.0038817348
8.11034,0.7755809,-0.09338729,0.005498997,-2.0529485,-0.055113785,-0.1853678,-0.012560693,0.047714096,0.0016347383,-0.037844487,1.0998751,-0.012174131,-0.01310078,-0.0051848534,0.044483535,1.3311179,0.09583674,0.07481956,-0.014292466,-0.025558561,-0.089772575,0.03635991,-0.005172579,0.007506581,0.004352269,0.00043154295,0.14391549,-0.5752263,-0.016311662,-0.072561435,-0.014615397,0.00046709794,-0.022826614,-0.0022421333,0.04357033
-8.083116,-0.5568324,-0.055641923,-0.0021338179,-0.85854346,-0.0012225261,-0.081038296,0.0026538132,-0.01771961,0.0037141733,0.0004386482,-0.16364782,0.00051877165,0.0126154,0.0034546577,0.000102609505,-0.74328655,-0.15108107,0.03511271,-0.0017426916,-0.0054606614,-0.032702018,-0.00837295,0.002979592,0.009557278,-0.0013586817,-0.001288319,-0.13126108,-0.8923076,-0.008148229,-0.035414286,-0.002386968,-0.0072958325,0.0008958138,-0.00109933,0.0004912039
-4.7099395,-1.1840203,-0.23642866,-0.0007781727,-2.3826761,0.020480515,-0.1412041,0.008879881,-0.1392302,-0.083078936,0.0058150906,0.8820258,-0.0083242,-0.029838983,0.0017442185,-0.022375928,0.658101,-0.42806903,0.106997326,-0.005069767,0.0028037324,-0.13212758,-0.0035479302,0.0009194122,0.035135508,-0.0007932855,-0.00071268907,-0.24497055,-0.5048668,-0.027290657,-0.026703596,0.010246675,0.02617564,0.0024026688,0.0028558767,-0.0066005792
14.173779,0.5646292,0.07099735,-0.010598585,0.9475701,-0.014861574,0.12025982,-0.003316908,0.020618042,0.0009293987,-0.040087085,0.22251768,0.0012165806,0.00973024,-0.0025225668,-0.003252152,1.68043,0.058146868,-0.024425939,0.0054819207,0.01054554,0.014775568,-0.012921231,-0.0074185296,-0.014214774,-0.0030834167,-0.013190738,0.25967404,1.422313,0.005412863,0.0949538,-0.020324625,-0.0045865844,0.0034799632,-0.0113952365,0.020365404
-8.24834,-0.54831743,-0.022324823,0.0012947979,1.055276,-0.0006211793,-0.030497981,0.0023519574,-0.014377006,0.0028513311,-0.0006078959,-0.16166428,0.0010763626,0.009667425,0.0018303109,0.0012179535,-0.74849683,-0.13856257,0.03132577,-0.0035496086,-0.006163187,-0.036858764,-0.0033400378,0.00036726482,0.0018374333,-3.647575e-05,0.0009643327,-0.038767017,-0.83203393,-0.012220819,-0.0301771,-0.0022230253,-0.005014687,-0.0039554695,-0.003993628,-0.012890745
-7.2446094,-0.33833954,-0.046475064,0.00041523334,1.0668952,0.009867016,-0.0351667,0.003022841,-0.014934949,-0.0048839725,-0.0025633106,-0.23426735,0.0013564085,0.015637718,0.00071071665,-0.0036605343,-0.41362917,-0.10618495,0.019662395,0.0104786195,0.009473403,-0.025164913,0.0013336758,0.00065034657,-0.004440071,0.0009259655,0.0025786909,0.11745441,-0.849989,-0.0065529183,0.0044534747,-0.0027365966,-0.0066792294,-0.0055531585,-0.011921347,-0.010330537
-8.118829,-0.5316218,-0.06541707,-0.0006021699,1.0336668,-0.0047711553,-0.040654868,-0.0028773476,-0.015147222,0.0033889113,0.009895244,-0.14272465,0.00014468614,-0.011375491,-0.0013416202,0.0015917843,-0.71569216,-0.14912085,0.042524632,-0.002001254,-0.0074000093,-0.016281558,-0.0062258104,0.00032835602,0.0025515035,0.0004069189,0.0017845937,-0.004350996,-0.8287176,-0.008016021,-0.031998068,-0.0021145532,-0.0038391808,-1.8630162e-05,0.000760754,-0.0002834475
3.5249166,0.027447201,0.17830826,0.003622805,-2.2722328,0.019865206,-0.20855156,0.02371182,-0.005134082,0.004301527,-0.05967114,0.080996454,0.0027011444,0.0022754266,-0.0061251787,0.0020970518,1.5992032,0.09754897,0.08542443,0.0023337011,0.02207818,-0.13813876,-0.009503809,-0.030079067,-0.0023025523,0.00048177957,0.0070623164,0.10373215,-0.6512933,0.011380227,0.009732549,0.004529992,0.022175273,-0.003548694,0.008600122,0.016158389
-8.1286,-0.5377696,-0.041659836,0.0023545325,1.041308,-0.0021968328,-0.043667074,0.0015649248,-0.016007075,0.0034418914,-0.0013269832,-0.15935482,-0.0062360805,-0.0033077959,-0.0068635507,0.00070395326,-0.7151375,-0.14480188,0.043398146,-0.0030277974,-0.0073237414,-0.021031069,-0.0010136008,0.0010281603,0.008542369,0.00070285535,-0.000775942,-0.0019760528,-0.84356385,-0.00836281,-0.035832345,-0.0013926881,-0.003580581,0.0014271637,0.0039049555,-0.003546083
20.331758,0.7645843,0.038742695,0.0022838535,0.9210477,-0.028212246,0.13423371,0.0020949556,0.02567657,0.0040546698,0.036617186,0.83903056,-0.00662806,-0.0026762509,-0.00085413666,0.0016721424,2.4062393,0.087478384,0.01596708,-0.00020785886,0.009785678,0.0053346236,-0.009238642,-0.0017309067,-0.017971497,-0.0059444522,0.007042773,0.18077642,2.617309,-0.0006246688,-0.02295871,0.009627872,-0.0030300308,0.00031614245,-0.017825538,0.027866272
-0.38210222,0.26179576,0.06182565,-0.003015962,1.0004897,-0.01597641,0.07751755,-0.0020562955,-0.0011290245,0.0025585569,-0.019681266,-0.36018974,0.008067127,0.0050460803,0.00073121564,-0.0025202627,0.657608,0.07276011,0.027468355,0.00033062033,0.012974021,0.035532374,-0.003424068,-0.0015408987,-0.0044408534,-0.0014263594,0.007275426,0.18965602,-0.7259802,0.0021288167,-0.031365503,0.0060485117,0.0035529651,0.01009889,-0.018157745,0.027932232
-5.289879,0.012332285,-0.055441093,-0.008382413,1.0372404,-0.022478364,-0.027966721,-0.015238877,-0.009368143,0.00420785,0.0009407616,-0.16411918,0.004182494,-0.016565533,0.004384351,-0.0031936069,-0.016774684,-0.17513537,-0.0021314484,-0.0023277528,-0.010445973,-0.011051396,0.009043955,-0.0028086433,0.023204243,-0.005551553,0.0011748368,-0.023695227,-0.90492964,-0.0054130447,-0.023525663,-7.030569e-05,-0.009139356,-0.009603035,-0.017192986,0.0035200093
-8.150966,-0.5334874,-0.060977854,-0.008118977,1.0418664,0.00176213,-0.008803888,-0.0004569242,-0.015848229,0.0033612952,0.0041617965,-0.15420336,0.00027515233,-0.0032805093,-0.0007991609,0.0012510722,-0.7166204,-0.14672993,0.041081596,-0.0041997684,-0.0055242106,-0.021029193,-0.0040046433,0.0009128896,0.0024653866,-0.0009943878,0.0018986581,-0.0055525987,-0.8258329,-0.009109903,-0.03476919,0.00054963847,-0.0062281094,-0.0025061003,-0.00078774965,-0.0033494378
22.206654,0.8237271,0.049570825,-0.007858761,0.98249257,-0.0063287797,-0.055339567,0.00083213235,0.03137426,0.0024307657,-0.009745816,0.4635544,0.00085950294,-0.008347298,-0.004136843,-0.0033593092,2.5142813,0.11567293,-0.08512843,-0.0052575106,0.011192311,-0.0030406853,-0.0246401,-0.008280203,-0.019650338,-0.0053004697,0.009608436,0.23771465,2.9824533,0.014125474,-0.009890204,0.0068304734,-0.0086231,-0.0024444568,-0.00438433,0.020386381
-8.133895,-0.527682,-0.04298786,-0.010205792,1.0473679,-0.0005509379,-0.008754014,-0.00021804743,-0.0095385155,0.0033336077,-0.011718975,-0.15478416,-0.004615443,-0.0012994428,-0.003644408,0.00052528706,-0.7530092,-0.14873284,0.043777023,-0.0024099997,-0.0053019994,-0.022204218,-0.0025938386,-0.0015254384,0.0028176939,-0.001917263,2.9371051e-05,0.0019322955,-0.8570331,-0.007014578,-0.0037424834,-0.0032374102,-0.0026568617,-0.00028909196,0.00065715367,-0.0021817866
-8.156441,-0.5534846,-0.06082485,0.0028790988,1.0386438,-0.00014775856,-0.007694337,0.0050306814,-0.014989566,0.0028388926,0.00067016133,-0.15564075,0.0013674577,0.010225236,-0.0034113447,0.00040785008,-0.7188677,-0.15602995,0.041099016,-0.0025848055,-0.0038867786,-0.036241706,-0.0004656295,0.0013070306,0.0015221465,0.0007879719,-0.00065626256,-0.004707965,-0.808953,-0.007771771,-0.035287358,-0.0011041572,-0.004512907,0.00088087365,0.0047057723,-0.0025225834
18.215853,0.5921234,0.04983209,0.00011176829,-2.3291404,0.0060524293,-0.12517858,-0.012059529,0.024448542,0.006740585,-0.00434952,0.42852628,-0.008411609,-0.004365587,-0.00052227726,-0.004894288,2.1877277,0.06452866,-0.056552384,0.001983637,0.012875859,-0.063473135,-0.048593562,-0.004879379,-0.010702552,0.0041328925,-0.0017743789,0.13690257,2.3490174,0.030772282,-0.020162519,-0.0023136619,-0.014489092,0.0014744533,0.009651142,0.027062666
11.661437,-0.030370668,0.20416933,0.00091763126,0.75248486,0.014065509,-0.0017312563,0.020199025,0.04547712,0.0024909,0.0026685502,0.48906067,-0.0040510534,0.010701202,-0.022960473,0.005609982,1.8992307,-0.27854794,-0.026565755,0.014263398,0.015642444,-0.010178294,0.00198946,-0.0018568711,-0.036503956,0.0004476528,-0.020124028,-0.027315723,2.0064769,-0.009345007,0.12507278,9.181846e-05,0.011014075,0.0027801907,0.02212,-0.004465478
-8.11475,-0.5441454,-0.03065549,0.0010708306,1.0425696,0.0028749136,-0.060236584,0.0006765731,-0.0160005,0.0033347106,0.0043970593,-0.15976171,0.0010829379,0.009944538,-0.003698186,0.00038263662,-0.73362494,-0.13796769,0.04354269,-0.004326399,-0.006444985,-0.018574074,-0.003075123,0.000992644,0.0037536314,0.00017888493,-0.0008170992,-0.0041067647,-0.83833355,-0.0092640985,-0.03496292,-0.0020474624,-0.0057298103,0.001641696,-0.0041860696,-0.0019717007
11.3982725,0.05181815,-0.1092514,0.00046733028,0.85987264,-0.043393683,0.114975676,0.007910869,-0.026056075,0.0018713031,0.036937222,0.8552625,-0.01383232,-0.0144413095,-0.0017089788,0.007841609,1.6538779,-0.09292711,0.032940954,-0.06596353,-0.026798006,0.01075285,-0.0031313777,0.004555697,0.002363722,-0.0006565247,0.0018398697,0.1065287,1.5966667,0.0011106094,0.06367472,-0.010633765,-0.007377198,0.0019667246,0.020190923,0.009888749
-8.14764,-0.5283275,-0.058800444,-0.007388695,1.0434501,-0.0038214575,0.026388014,-0.0029437863,-0.01108214,0.0033018598,-0.010653608,-0.16076578,0.00041938652,-0.00804316,0.0015060443,0.0015901178,-0.7538127,-0.15801533,0.042563017,-0.0040195077,-0.0063914233,-0.011881452,-0.009334891,-0.0015567634,0.0013772345,0.00014450753,-0.0014652052,-0.00061157293,-0.86165166,-0.0062564346,0.007080717,-0.00059675646,-0.005694748,0.008663428,0.0026870938,-0.0028991394
-2.601382,0.17819934,0.0010819243,0.0009639229,0.9944266,0.022096228,0.10067939,0.001243217,0.012199918,0.0036774771,-0.0034567108,-0.33242083,-0.0013164788,0.01860976,0.0050146724,-0.009836835,0.51591086,-0.23629218,-0.0045741354,-0.008187763,-0.004158736,0.04441781,0.004428099,-0.002259007,0.027253054,-0.008302138,0.0021961273,-0.22502884,-0.64353323,-0.011427739,0.008559805,-0.0055745537,0.015008356,0.0015004809,-0.027843304,0.0015097277
-8.180382,-0.5492335,-0.051852584,-3.384382e-05,-2.4842982,-0.016039232,-0.013199374,0.0024517144,-0.008451707,0.003557633,-0.0022590002,-0.15834247,-0.0046900054,-0.007244541,-0.0035703704,0.0006043595,-0.8037811,-0.13535386,0.042218227,-0.000963767,0.00017657864,-0.013787754,-0.0076201577,0.0018267154,0.006529222,-0.0012569133,-0.00020548204,-0.2951973,-0.8912239,-0.011891377,-0.032178655,-0.0028183481,0.006561603,-0.0042086896,-0.004963703,0.0023418053
2.8952188,-0.07243853,-0.117234625,-0.004231415,0.9085196,-0.03304526,-0.08260359,-0.006372285,-0.037077177,0.0042292424,0.0004957744,0.09674498,-0.021329187,-0.029534372,0.0010827623,-0.01180725,1.3009685,-0.012335296,0.00883513,-0.024394298,-0.028684845,-0.012776771,-0.0071624233,6.85801e-05,0.017108575,0.0036468585,0.0032640835,0.071126685,1.1837344,-0.0019685158,0.015167112,-0.013278502,0.026210165,-0.000100158504,-0.012144871,0.009192142
-8.211166,-0.5553063,-0.070672564,0.003630002,-2.4959462,0.0033039378,-0.019451814,-0.00031853002,-0.01629826,0.0033626396,-0.0015902311,-0.16257216,0.0013127283,0.009345182,0.0023123564,0.0022558447,-0.78285,-0.15081154,0.039732922,-0.0016666861,-0.005403103,-0.01836356,-0.0028845647,0.00015696652,0.0038769597,0.00057115033,-0.00016975471,-0.2979086,-0.8948856,-0.011666285,-0.031189552,-0.0057940525,0.007247735,-0.00063522626,0.0032504946,-0.001296602
16.462198,0.64328104,0.049183957,-0.007816341,0.90999424,-0.008940889,0.13933846,-0.0035636378,0.026841082,0.0037332338,-0.06539736,0.09946898,-0.0012513173,-0.017531892,0.008125817,-0.011663356,2.2107635,0.06760172,-0.055737,0.0044000736,0.023515861,0.036197577,-0.0010256389,0.0030677717,-0.046351943,-0.006919029,0.0031177618,0.27108005,2.412926,0.019847477,-0.042779125,0.00013328169,-0.015571586,-0.0024112286,-0.006804453,0.029250124
-8.136175,-0.5284873,-0.0585172,-0.0022826414,1.0425032,-0.012313849,-0.0076337326,-0.005368876,-0.015512271,0.0032164142,-0.011609027,-0.15037414,0.0014155583,-0.012246241,0.0032858374,-0.0018509852,-0.75725675,-0.1581527,0.04275109,-0.005409896,-0.006084624,-0.01660432,-0.0013507138,-0.0020592844,-0.01131452,-0.0018028788,0.0020600124,0.0022952175,-0.8328199,-0.0076930905,-0.0030396217,0.002800531,-0.008954319,0.00481089,-0.005556921,-0.0030314263
6.79739,-0.55118257,-0.017505495,0.0021749008,0.9812801,0.0044198176,0.123597234,0.0010401531,-0.023126923,0.00017287326,0.020684158,1.2502261,0.00349124,0.023224406,0.0002704238,-0.010300752,1.0532383,-0.14127792,0.079474546,0.0025723577,-0.007611303,-0.000545981,-0.00060364656,0.013342472,0.008037207,-0.008830726,0.006983763,0.11849208,-0.44824973,-0.016779356,0.058337666,-0.005038885,-0.0027062914,-0.018830584,0.030189848,-0.006461445
4.955335,0.35493308,0.0026682436,0.0035955196,0.94958663,0.0041255425,0.100231946,0.0036250043,-0.009958649,0.0018838284,0.009160531,-0.33483645,0.0024778151,0.0316753,0.0075771613,0.0051110247,1.0622308,-0.04605249,-0.021687053,-0.010082117,-0.0005494839,-0.018821469,-0.01843825,0.01292881,9.274013e-05,-0.003557896,-0.009264632,-0.31748417,0.906259,-0.014523648,0.04852191,-0.0023739194,-0.009394542,0.0030824817,-0.016523903,-0.0101898955
-5.378189,0.13150041,0.038707476,-0.0037233524,-0.69103795,0.012959284,-0.03611094,-0.0073041227,-0.010199443,-0.0011881809,-0.00071933476,-0.23798068,0.0026407635,-0.016931405,0.010230859,-0.009104433,0.3325062,-0.23303616,0.0042700814,-0.0068618753,-0.0058468394,0.014378298,0.002621247,0.0017012222,-0.003406867,-0.0007609252,0.0009107864,-0.20535053,-0.85268384,-0.0049316995,-0.025278976,-0.007409869,-0.015277738,0.012718064,-0.002010467,-0.0013618411
3.808884,0.2797589,-0.2414393,-0.00016927332,0.88568246,-0.03027884,0.109858155,-0.03363876,-0.13264489,-0.011325058,-0.005900661,1.0635548,-0.0062671527,-0.020355588,0.0056304187,-0.015803171,1.0450037,0.045984216,0.11530316,-0.013081651,-0.016093463,0.041239306,-0.011394383,0.0089521995,0.010644334,-0.007663355,0.0015935942,-0.041837186,-0.44630533,0.00472072,-0.0102597,0.008458272,0.009512874,0.033392683,-0.014783574,0.016493967
14.472629,0.5102779,-0.10736123,-0.0031268043,0.91896546,-0.0430205,-0.01675383,-0.030340692,0.044892754,0.0035391531,0.0050190324,0.79400706,0.003102815,-0.036510102,0.00031947548,-0.0013916902,2.2843802,0.07580756,-0.022598423,-0.001955997,-0.019651776,0.050287962,-0.060922593,0.0068383585,-0.06137334,-0.003566361,0.00509908,0.017450951,2.5083055,-0.013283538,-0.032266486,-0.048999555,-0.01913968,0.0077897264,-0.0101698795,-0.0074825427
-8.208083,-0.56452084,-0.020363573,0.0010596103,1.03857,-0.0009339153,0.02281651,0.0038627172,-0.007255722,0.002963843,-0.00038237867,-0.16692187,0.0010119777,0.01081104,-0.0031530722,-9.460243e-05,-0.75772583,-0.1399136,0.044035472,-0.0015935831,-0.0027702455,-0.026762754,-0.00031468493,-0.0024539507,-0.0001358778,0.00010782827,0.0017542636,-0.009874884,-0.8072182,-0.00840577,-0.030311892,-0.00021470245,-0.0012201834,-0.0052048983,0.0015881347,-0.0020345687
23.625278,0.62518793,0.057253484,-0.0011812485,-0.7425456,-0.0071770884,0.06886682,0.008217006,0.031889006,0.0031010404,0.04366665,0.75062114,-0.003330547,0.0013886509,-0.008845996,-0.014735353,2.4685793,0.09420732,0.07430522,0.0042568687,0.012699992,0.0061083226,-0.0054186573,-0.007434817,-0.003542404,0.007430946,-0.002570196,0.20451684,2.866481,0.0015235109,-0.070135094,0.007707711,-0.0017968699,-0.012221856,0.02637075,0.026420273
14.646582,-0.0024910758,0.09601899,0.0017386379,0.93531454,0.005180462,0.10924985,0.015486652,0.024606884,0.0036000963,0.0073302137,0.4885633,-0.001014949,-0.0032992738,-0.0021823912,0.0058370233,2.1564853,-0.03563467,-0.02341113,0.0077683995,0.023962291,0.05411069,-0.024115305,-0.0076915044,-0.007849841,-0.002189303,6.411445e-05,0.018138047,2.101539,-0.009351982,0.0043328498,-0.005267565,-0.0046996945,-0.007989276,0.013669132,-0.011535894
-8.113223,-0.52961916,-0.06294277,-0.001901114,1.0435643,0.00026493878,-0.039077833,-0.0006216649,-0.017113643,0.003445104,-0.00089558406,-0.15344441,7.591579e-05,-0.00998017,-0.0008660559,0.0010180691,-0.7151224,-0.1495986,0.041892085,-0.0022635702,-0.006637502,-0.020525755,-0.0029233585,0.0017112562,0.0027519849,-0.0008906108,-0.0020029708,-0.0005909279,-0.8303148,-0.007973289,-0.034948952,-0.0016118365,-0.0048254672,0.0011510352,-0.005017182,-0.0023759066
-8.241283,-0.55172974,-0.034325395,0.001628462,1.0534235,0.0013790817,-0.037012707,0.0037720571,-0.006715241,0.0029930552,-0.001214589,-0.1567226,0.0015886193,0.009738734,0.0020650942,0.0011300211,-0.74158967,-0.1398923,0.02796462,-0.003252772,-0.0055200686,-0.032001458,-0.0032914118,-0.0025340877,0.0004498549,-0.0018041983,0.00062033423,-0.036059476,-0.8147035,-0.0107333325,-0.029486008,-0.0033736643,-0.003200191,-0.0053973817,-0.0008306151,-0.012150403
6.3334413,-0.31373692,-0.012863831,-0.0053696334,0.92346984,0.00085312634,0.12829238,0.0070797163,-0.024774076,-0.03785194,-0.013928089,0.17040159,-0.024525592,0.005479911,0.00335959,-0.056289054,1.452341,-0.00683742,-0.019318024,0.020188235,0.0017876767,-0.011185258,-0.017444935,-0.0016377714,0.0022001916,-0.02263072,0.0038508829,0.25652447,1.4200315,0.02025984,0.03670592,-0.00041941312,-0.010280373,-0.01911383,-0.019825533,0.020861803
-8.127306,-0.52319825,-0.074091576,-0.011231638,1.0592343,-3.0111414e-06,0.0031111701,-0.0013212509,-0.007002041,0.0018391215,-0.0052160225,-0.17245889,0.0006978453,-0.008062726,0.00058893894,0.0010957549,-0.7635966,-0.10270711,0.042284634,-0.0044809654,-0.0053750835,-0.01440277,-0.0074145286,0.0019770842,0.0035384484,-0.0009246005,-0.002668127,0.004090327,-0.88627744,-0.0029425938,-0.011950066,-0.0071185096,0.00021857492,-0.0039416756,0.0016241801,0.0009882116
18.56689,0.48641688,0.051948626,0.0020596462,0.9198033,-0.0049172333,0.09687052,0.0025875922,0.028033061,0.0030532037,-0.008853763,0.39195186,0.0024870494,-0.015991654,0.0005641344,-0.008536504,2.2118018,0.038467463,-0.0315619,0.011532978,-0.0039909706,0.011609077,-0.016153365,-0.00034618142,0.0013158404,-0.0042286157,-0.0018477483,0.23920688,2.4264598,0.027382517,-0.017284563,-0.0034219539,-0.019722112,0.0020171453,-0.011846849,0.021450108
21.317497,0.4479357,0.072039016,-0.0014231015,0.9378939,0.02077755,0.077956036,0.011268964,0.016000316,0.003526261,0.042109963,0.8701227,-0.0017258505,0.01627277,0.008905646,-0.0038557102,2.349609,-0.098258436,0.061674204,0.018245913,0.0159984,0.033991717,0.021209741,0.0004971147,0.000681356,-0.00021618874,0.0008034429,0.21581015,2.2814314,0.011462736,0.01890293,0.00018951132,-0.00629649,-0.0017648046,0.010184617,0.032460257
-8.18446,-0.54998773,-0.0146590965,0.0026177978,-2.4788377,-0.011590439,-0.060657308,0.003716946,-0.00064255693,0.0031602983,-0.013938909,-0.17567457,-0.0069303,0.0013234296,0.0019295719,0.000871702,-0.8235569,-0.14707576,0.046233706,-0.002159478,-0.0054281815,-0.16548684,-0.0061779968,-0.0028522068,0.0048933504,-0.0029599848,0.0011363808,-0.025407817,-0.932997,-0.0065900213,-0.0026786441,-0.0017186963,-0.010883601,-0.0057933033,-0.0005571445,-0.0128814345
-8.112885,-0.52930135,-0.046149317,-0.011099701,1.0489049,-0.00055482617,-0.04406012,-0.00076622167,-0.017512342,0.0033896558,-0.00096999976,-0.15455452,-1.9898467e-05,-0.0038967454,-0.0030751417,0.0015503381,-0.72569,-0.14148656,0.04286988,-0.004500236,-0.0063535315,-0.017569466,-0.0034318746,-0.00022348239,0.0019605705,-0.000777697,0.0012159236,-0.0022592428,-0.8401963,-0.00826309,-0.035694577,-0.0006488145,-0.004433207,0.0014554708,0.00035272248,-0.0020824254
-7.5945044,-0.22697756,-0.04774479,0.0012556564,1.0618072,-0.009456363,0.02799232,-0.00472135,-0.0042694043,0.0032347392,-4.4587592e-05,-0.17065369,0.001792549,-0.017127616,0.0031992628,-0.005810795,-0.7710615,0.011936623,0.037095353,-0.011768696,-0.00620091,-0.005703389,-0.0084906565,0.0035834769,0.0015804659,-0.00052940426,-0.0031370097,0.1184609,-1.0807703,-0.008934373,-0.0073595154,-0.00042505417,-0.0052084215,0.0075627696,-0.010843268,0.0014045968
17.485685,0.6221469,-0.0716031,0.001264304,0.8195872,-0.029834954,0.084629826,0.002504193,0.045034043,0.0034642187,0.03301538,0.77573836,0.0031177783,-0.033301987,-0.0023147587,-0.0068205763,2.2982085,0.10880418,0.01031428,-0.025395341,-0.03651072,0.023525095,0.0033521086,-0.002996564,-0.018205423,-0.009832446,0.0036674289,0.22413321,2.5715477,0.0074759754,-0.027070712,-0.024628352,-0.004119489,-0.0037965896,-0.0137642175,0.012946602
-6.887447,-0.1647793,-0.014317753,-0.008391435,1.0739386,-0.018484164,-0.009444485,-0.0011325413,-0.004543896,0.0027651493,0.0010388473,-0.19201706,0.003524561,-0.01586003,-0.0023646834,-0.004143898,-0.6645037,0.0033510972,0.019806653,0.0011568571,0.00015205592,-0.01870677,-0.0020839565,0.0033963034,0.0004095156,-0.002326941,0.00041348307,0.119092576,-1.0913476,0.030697927,-0.008735733,-0.0004402362,-0.003336498,-0.0033223093,-0.00765441,0.08595956
-8.151305,-0.5474715,-0.044016145,0.0028821037,1.0392406,0.0030755263,-0.017232008,0.00032024947,-0.014934869,0.0029209084,-0.00040154278,-0.15748078,0.0007664866,0.010853464,0.002127115,0.0012326007,-0.72370636,-0.14550647,0.04169361,-0.003701334,-0.006542923,-0.03151877,-0.0022573185,0.0015613681,0.001413398,0.00064628833,0.0017304615,-0.005153816,-0.8322665,-0.008221985,-0.03508771,-0.001179582,-0.0058741937,0.0020441527,0.004270145,-0.0014259721
-8.087505,-0.53522956,-0.061467078,-0.0020816682,1.0440513,0.0010174824,-0.07645334,0.0025721036,-0.018344104,0.0033591439,0.0044948044,-0.15991518,-0.0060572894,-0.003988599,-0.001107558,0.0016567492,-0.7046384,-0.14841303,0.044005338,-0.0033271967,-0.006864548,-0.019347187,-0.0053806105,0.00025108224,0.0018737613,-0.0017717662,-0.0009269408,-0.006236439,-0.82866955,-0.008155265,-0.032507345,-0.0020365366,-0.0050879125,0.0013764248,-0.0047467262,-0.00017476708
3.9403782,0.20852198,-0.036119796,-0.004697874,0.90683204,0.0061886613,-0.013852563,0.0018026468,-0.0031813544,0.0023665936,0.018213725,-0.28803983,-0.006489988,0.0100273285,-0.009522734,0.008566736,1.0115108,-0.17956224,0.014787274,-0.011963404,-0.011760455,-0.017556861,-0.0036002984,0.008528695,-0.0053471723,5.9218706e-05,0.011777697,-0.31266573,0.81615686,-0.0051828073,-0.052522987,-0.00013009837,-0.0069097653,-0.0003044526,0.022584068,0.0015515798
17.921444,0.5435579,0.05179713,-0.0039321356,-2.5387874,0.0041103493,-0.124642305,0.0006884315,0.01654914,0.004736768,1.6205668e-05,0.39622992,-0.0013864655,0.00040808605,-0.0023442293,0.013874781,2.0592775,0.06939724,-0.017087221,0.015779648,0.017699396,-0.14752866,-0.018935394,-0.0015831249,-0.016408244,-0.004107141,-0.0017159329,0.18232924,2.3511777,0.02188288,-0.024278592,0.008337784,-0.029413339,-0.0018641653,-0.008041332,0.030316249
-4.8322606,-0.2705746,-0.09143236,0.0006994986,1.0908474,0.02598479,-0.028453518,-0.001323597,-0.017487826,0.0042572874,-0.0004850652,-0.18160664,-0.0004570041,0.014207452,-0.0016014592,0.0022616836,0.42199644,-0.21788831,0.0070898617,-0.0031057196,-0.0011378734,-0.014157846,0.01765989,0.0015600836,0.007453881,-0.0018989128,0.005803949,-0.02558266,-0.83272755,-0.0070900307,-0.0029831599,-0.0015575666,-0.008666057,0.010517049,-0.006006745,-0.000705181
-8.114523,-0.57270414,-0.055000257,-0.00020591482,-2.2033162,-0.003567624,-0.09713728,0.0041771596,-0.021447055,0.0055110473,0.0010130849,-0.16756806,-0.0042198827,-0.004197052,0.007488124,-0.001890135,-0.76545006,-0.14809306,0.038694277,-0.001349868,-0.003752844,-0.06566763,-0.0021492369,0.013001869,0.0084452685,0.00078649365,0.0023454903,-0.055659883,-0.92037064,-0.008132789,-0.035263218,0.0030241502,0.013260889,0.017051127,-0.0051253447,0.0020910054
8.361345,0.54424906,0.037077878,-0.009641977,1.0304201,-0.009858945,-0.047247294,-0.009279227,0.009595151,0.0019102411,-0.12730643,-0.539724,0.0038936974,-0.015992891,0.0014056755,-0.014600004,1.3839905,0.033229787,-0.02353271,0.022543194,0.009527776,-0.020977067,-0.0024405948,-0.0032446587,-0.004185939,-0.0024279363,0.00036063406,0.3466052,1.2721292,0.010473089,0.06580918,0.0066101654,-0.011687366,0.01053451,-0.009901402,0.06246021
18.78398,0.74873275,-0.024275223,-0.007827197,0.93059635,-0.00797946,0.11113406,0.0007553112,0.027055403,0.0034460304,-0.012973114,0.3307329,-0.0012018657,-0.03156244,0.0036537861,-0.00805986,2.1821764,0.08245569,-0.023300951,0.020502666,-0.005299175,0.014599314,-0.03378172,-0.0059349737,-0.007991821,-0.006003859,-0.0047719586,0.18187362,2.4253697,0.018347314,-0.026559917,0.008230596,-0.01753615,0.0006220933,-0.0073832795,0.029912794
-8.169793,-0.54590124,-0.03628186,0.0043832404,1.0481234,-0.001623524,-0.012435517,0.0027264645,-0.0067289667,0.0029351942,-0.0013203453,-0.15763146,0.00034412855,0.0095363045,0.0022211415,0.002153016,-0.7560983,-0.1447359,0.041648164,-0.0045417435,-0.0057779835,-0.0284039,-0.00031283512,0.0006063627,0.0006691026,0.00055025326,-0.00082787196,-0.0064711436,-0.82666945,-0.009115318,-0.029768018,0.0002584771,-0.0010803371,-0.0048982594,0.0042792573,-0.0025135507
-8.266222,-0.5446495,-0.06448734,-0.001668616,1.0622082,0.00039012366,-0.0465461,0.0020384474,-0.01761834,0.0032611564,-0.0006681523,-0.15331446,0.002387833,0.0124150235,0.00079744624,0.0021451174,-0.7055758,-0.14584191,0.028628733,-0.0033815086,-0.008179276,-0.0143936,0.008333265,0.0014465075,0.00808567,-0.001973381,-0.010412014,-0.039450165,-0.83160985,-0.010512105,-0.03259944,-0.0009829616,-0.0053497064,0.0005407011,-0.0025039804,-0.012739023
-8.122516,-0.54280305,-0.019517584,-0.009440155,0.4026689,-7.978049e-05,-0.08037979,0.002574922,-0.013196287,0.00446613,-9.326839e-05,-0.16312464,0.00327385,0.0026705833,0.0053805034,0.0016143867,-0.74454224,-0.1366394,0.040424462,-0.0049666194,-0.0061614434,-0.03228969,-0.0017513802,-0.00036522554,0.0031612664,-0.001127702,-0.001640551,-0.046165448,-0.8600121,-0.0071360483,-0.032852422,-0.0005290044,-0.009813262,-0.0010126757,-0.0014150575,-0.0022563445
2.582399,0.3823176,-0.12768579,0.00045476653,-2.2748384,-0.023397207,-0.1922029,0.0055414555,-0.0012752654,0.0023890974,0.020057525,-0.077355,0.004811417,-0.013785562,0.007167572,0.0075321323,0.42392632,0.06959089,0.0025012025,-0.016534885,-0.013340458,-0.019889532,0.0013896835,0.009406828,0.020905327,0.0032716377,-0.0049473885,-0.038466476,0.07089641,-0.0047002514,-0.0406813,-0.010156764,0.024082623,-0.012894102,-0.0015240521,0.027934302
-4.871754,-0.2023843,-0.074198425,0.0025417516,1.1194439,-0.03891365,0.13463238,0.0019114804,0.019852225,0.0030673752,-0.010247162,-0.33862266,0.0018275083,-0.026771339,0.0008352856,-0.018149951,0.35268927,0.07650241,-0.0036658596,-0.0064340155,-0.006451014,0.011116335,0.0040098387,0.00033969848,-0.03147412,-0.009852698,-0.009830106,-0.010449908,-0.7949488,-0.008519195,-0.012547747,-0.0071783713,0.023742087,0.011953275,-0.0062737395,0.015479157
8.360247,0.6070418,0.041748922,-0.00570896,1.0239884,-0.004647243,-0.056083582,0.0035973222,0.009614734,0.0013356048,-0.1467469,-0.46152213,0.003746027,-0.014495076,0.0020968795,0.008147571,1.4232583,0.03917565,-0.025597313,0.012693045,0.011612104,-0.0072949817,-0.004020909,-0.0094006825,-0.025346393,-0.002036905,-0.0012204129,0.24247067,1.2704196,0.0035899628,0.07439426,0.004732879,-0.003487823,0.0096417945,-0.0138513725,0.06655865
0.13782927,0.32835868,0.054507867,-0.004425973,1.0878559,0.012225408,0.16565728,0.0045700385,-0.0064429473,0.003940585,-0.019855538,-0.3953834,0.005051988,-0.01796674,-9.870724e-05,0.016339986,0.4937508,0.034145474,-0.014887775,0.0019358334,0.009435261,0.12301107,0.0057877777,-0.0044678785,-0.0273254,-0.0010884871,-0.0058745537,0.012099108,-0.7684181,0.012101799,-0.026668018,0.0065511325,0.044956595,0.013318246,-0.0077794497,0.038967058
-6.6241655,-0.22299817,-0.011405691,0.002830563,-1.2015784,0.008748405,-0.12159902,0.020533387,-0.0043075476,0.0066201263,0.0048798583,-0.19570541,0.0007141441,0.014575314,-0.0015660087,0.0043524387,-0.7162578,-0.08851107,0.024728527,0.0009267269,-0.004305657,-0.0529066,-0.0010992762,0.006062266,0.0046958406,0.00092068355,1.9475667e-05,0.01464427,-0.9965395,-0.006157238,-0.0006173995,0.0013304777,0.0076650204,-0.00091066706,0.0067245746,-0.0066121127
-8.145237,-0.5447182,-0.022450352,0.003802889,1.0502272,-0.00037839916,-0.04621072,0.0040334077,-0.004351553,0.00029944506,-0.004300701,-0.16269657,0.0013578063,0.0010740465,-0.0016758025,-0.00036125962,-0.747969,-0.12985131,0.047128092,-0.0035658204,0.0050189705,-0.018810246,-0.0024075746,0.0058894767,-0.012191202,0.0006234806,-0.00054710085,-0.0013638153,-0.8513971,-0.008849541,-0.03491598,-0.0016721237,-0.0019321006,0.000940955,0.005081459,-0.0025542239
-8.174989,-0.5476001,-0.06370714,0.0029661271,1.0336553,-0.0014275274,-0.0035863926,0.0014570673,-0.0154397655,0.003428196,0.0043577086,-0.158391,0.0005230847,0.010353101,0.002118296,-0.00012230723,-0.7143783,-0.14786807,0.041293934,-0.0035417252,-0.0055924775,-0.014168267,-0.0036397777,0.0025444995,0.00056040153,0.0004566224,0.0023239248,-0.00707513,-0.83225834,-0.009229441,-0.033069875,-0.0025273014,-0.003031861,0.007100262,0.0043528937,-0.0007639847
-8.257998,-0.54168963,-0.029592374,0.0010317205,1.0628573,0.0021824387,-0.010509387,0.002397716,-0.013859193,0.002963747,-0.0017659725,-0.16003431,0.0012488484,0.00345677,-0.00014283006,0.0017447919,-0.7227969,-0.13518953,0.032842137,-0.0029752683,-0.0032554397,-0.028009055,-0.0030111822,0.0006409203,0.0031088786,0.00045339068,0.0045901807,-0.01941735,-0.83412784,-0.013462273,-0.031351633,-7.5129115e-05,-0.00430305,0.0003317805,-0.00567148,-0.009627848
6.43012,-0.009207376,-0.08494407,0.0039786454,0.93390906,-0.021930674,0.118629806,0.0023463285,-0.028823817,-8.5850224e-05,0.010609157,0.2687154,-0.021621212,-0.018254798,0.00022609512,-0.005406367,1.2351786,-0.0610498,0.0041639428,-0.013663074,-0.021647792,-0.0022853096,-0.0005545415,0.007019362,-0.001149012,0.0020430805,0.0054136603,0.07847143,1.2639556,-9.887007e-05,0.04405738,-0.013926288,-0.0067810873,0.0063467505,0.020537317,0.006496025
3.9798026,0.39904946,0.060339913,-0.0032219104,-2.0890079,-0.002654789,-0.38452336,-0.0109429,-0.011848104,0.010181823,0.036788084,-0.3307547,0.0025290805,-0.0043475083,0.010648248,0.0016776384,0.9835924,0.00914954,-0.03349022,-0.019748004,-0.0008834742,0.013665559,-0.0022679162,0.003230012,-0.0136579,0.003174948,0.0035386214,-0.44872633,0.7923662,-0.009266783,-0.03621438,-0.0110944975,0.0072676553,-0.0044567836,-0.0020830142,0.009807044
-7.8531795,-0.26464257,-0.05852049,-0.008911284,1.0954205,0.008337599,0.04051823,0.0034073512,-0.014675644,0.002573889,0.0095992265,-0.17949052,-0.0057775625,-0.0038205648,-0.0028343124,-0.0010145187,-0.7631876,-0.14964631,0.052788343,-0.0038614667,-0.008306178,0.10068078,0.012527134,0.0011379275,0.0031762912,-0.00066587655,-0.00091062015,-0.16131124,-0.8621916,-0.00825585,-0.03242551,-0.004794587,0.020295827,0.0017575083,-0.0068874373,0.005517457
16.472828,0.78112507,0.0006059212,-0.007383572,-1.7663159,-0.003301496,-0.21091597,-0.011295039,0.0047617205,0.0020450565,0.010199229,0.7457873,-0.0012906019,-0.013544871,-0.0021543144,-0.003338616,2.1518621,0.035155416,-0.04965537,-0.075878486,0.004852173,0.0826526,-0.0038177571,-0.0076225027,-0.016416239,-0.0060623786,-0.0033713928,-0.04878485,1.6178427,-0.013257246,0.051231224,-0.09318528,-0.0031384046,-0.0026908698,-0.0056804875,-0.015682716
-8.105033,-0.5323441,-0.061903283,0.0016957246,1.0432966,-0.009458526,-0.023324883,-0.003911708,-0.01923371,-0.017871672,-0.00035566074,-0.14706321,-0.0047023157,-0.0066458345,0.0026547862,0.0011954067,-0.7245853,-0.16262828,0.043217987,-0.00268163,-0.0074936817,0.05189099,-0.00035981688,0.012890042,0.008579944,-0.00029422334,-0.001385803,-0.12507215,-0.8119122,-0.006200266,-0.032506663,-0.0023815283,-0.007264644,0.018643828,0.0038521872,0.004321815
-8.133461,-0.5376572,-0.036252555,-0.0011653198,1.0458072,-0.0007940026,0.030583816,0.0024004204,-0.01254298,0.001892156,-0.0058527826,-0.16999532,-0.006103238,-0.0058898753,0.0046866382,0.0010641152,-0.787678,-0.049262457,0.0479752,-0.0029905178,-0.0076267696,-0.015543021,-0.0006157926,0.0018799175,0.0074298102,-0.00063786417,-0.00632123,0.010376158,-0.93119836,-0.0044597536,-0.021034451,-0.0010903683,-2.3027289e-05,-0.0010112871,-0.00331496,-0.0014190808
13.324545,0.6701169,-0.12017105,0.00048537602,0.90873903,-0.026903354,-0.20087662,-0.014755459,0.03387526,0.0017645841,0.054559488,0.7636096,0.0023340476,-0.024202842,0.0070231273,-0.005070909,1.9268589,0.039400335,-0.027911022,-0.09039433,-0.04246154,0.051373053,-0.027736321,-0.0054468676,-0.016208168,-0.0005935439,-0.0004008528,0.026877668,1.5068957,-0.011513998,0.05390647,-0.085007675,-0.0075658504,-0.0010184929,-0.0052553294,-0.008975005
-8.1167965,-0.5335733,-0.06335024,-0.0034260035,0.2001939,-0.0027572494,-0.09382405,-0.002441936,-0.014400283,0.004049378,0.0008443691,-0.15368013,0.0004367457,-0.008505317,-0.0014626714,0.0015827379,-0.72419435,-0.14927989,0.037958324,-0.0028164375,-0.004671278,-0.040665843,-0.0015520237,0.001065142,0.010978942,-0.00041922592,0.000833768,-0.011483853,-0.831577,-0.0085300915,-0.033950772,-0.0028710384,-0.009947324,-0.003352361,-0.005338628,-0.0045423675
-3.465941,-0.5421779,0.08791489,0.0023497718,-2.3594837,0.015465558,-0.071326025,0.012832126,0.02881768,0.0040260917,-0.025479088,-0.3248521,0.0037528074,0.016503645,0.0014120366,0.020733042,0.44791165,0.014021514,0.054477625,0.0009177561,0.0074939993,-0.071055606,-0.0044950377,-0.0017606686,-0.0065252804,-0.0008009992,-0.0030697668,-0.05359659,-0.6095655,-0.015964791,-0.00626142,-0.0047996566,0.017122231,0.0014360804,0.0059230495,-0.00058774353
-8.070683,-0.37544426,-0.056170378,-0.0028662034,1.061536,-0.010656152,0.0063091223,0.0011065273,-0.008216106,0.0017739722,0.0016353931,-0.15863615,0.0009589751,-0.015235859,0.006467696,0.00023060301,-0.83421797,-0.0322981,0.038392093,-0.009164699,-0.0073611443,-0.025182856,-0.0025873221,0.0008974192,0.0023235849,-0.0072413147,0.002195207,0.0011707802,-0.999846,-0.008871731,-0.012889187,0.00072436343,0.0058723893,0.0036589094,-0.005048033,-0.010113661
-8.169733,-0.55493265,-0.013483766,0.0035773937,-2.4770498,-0.0028229286,-0.06448877,0.00371934,-0.010643982,0.0031503828,-0.013869347,-0.17728002,0.00066213345,0.010968333,0.0012414448,0.00014821065,-0.8370054,-0.14959812,0.04378489,-0.0027132414,-0.0037884885,-0.15223119,-0.010388364,0.0031868464,0.008462801,0.0006078028,-0.00016440325,-0.0056653633,-0.931989,-0.006449228,-0.0025553347,-0.0019260331,-0.014576231,-0.0044996,-0.0008911195,-0.0033922642
-8.093999,-0.5327029,-0.06408494,-0.0014720837,1.0465446,0.004799948,-0.06464414,0.0026086357,-0.01886871,0.0024029908,0.00016859069,-0.15811823,-0.00449633,0.001635181,0.0014063119,0.001042074,-0.7187568,-0.14996582,0.043316826,-0.0031777543,-0.0065287924,0.10332146,0.0021238858,0.012672877,0.009773598,-0.0023552605,-0.0011959409,-0.20257945,-0.838333,-0.0072596935,-0.03351403,-0.0020591707,-0.010688656,0.018614957,-0.0032158366,0.0054593473
21.311604,0.35657784,0.039807055,0.0034287134,-0.55649257,0.0039619817,0.044360057,0.011967571,0.023435362,-0.002713069,0.04245083,0.71085,-0.0061225146,0.010121659,-0.009225696,-0.025636643,2.4726615,0.08439992,-0.019292038,0.0023738113,-0.003302241,0.00130796,-0.030148616,-0.0078098397,-0.040828705,0.0019187174,-0.0018952279,0.19652174,2.9367301,0.00040223493,-0.009381093,0.0014182248,-0.015824001,-0.009016583,0.00082131056,0.017934602
13.715848,0.7509315,-0.06714939,-0.00090831984,0.9292545,-0.013846019,0.12004245,0.0012884217,0.036784317,0.0016061127,-0.03631435,0.2598855,0.0037063968,-0.02199055,-0.00011049819,-0.0037612196,1.6918423,0.07458446,-0.0040841578,-0.01697547,-0.036679424,0.009284662,-0.036700513,0.001781881,-0.032462653,0.00063883356,0.0022858612,0.29993522,1.4799249,0.01115656,0.09741465,-0.009285484,-0.002737975,0.012904072,-0.003948304,0.041356184
11.311549,0.057869617,0.08819297,-0.000444836,0.9293386,-0.027107457,-0.019663159,-0.00026540703,0.026677445,0.0019139578,-0.029131552,0.2686945,-0.00044273905,0.0041919984,-0.0018914051,-0.0071679396,1.5880941,0.05415074,-0.043528073,0.023691913,0.012171674,-0.017898278,-0.0057190894,0.004062317,-0.0071221534,0.0029674892,-0.0023848251,0.21473624,1.2757715,0.0008540056,0.076629266,-0.00031652558,-0.013277578,0.002700199,0.008205032,0.031580623
8.871687,0.5682674,0.013039092,-0.0045382953,0.72198755,-0.0046939533,0.10525815,-0.001314998,-0.03363296,-0.01259566,-0.052401226,0.19244556,-0.011484254,-0.022000028,-0.00088949077,0.012668177,1.5946505,0.011264472,-0.037985772,0.020132732,0.00815087,0.07584636,0.02557251,-0.007872283,-0.025900481,-0.0045882,0.0021180706,0.10782823,1.3774925,-0.002160831,0.068303235,0.0036911417,0.0070105316,-0.016557047,-0.006958715,0.0058610295
-5.962075,-0.17557773,-0.061495535,0.0017626919,1.0124718,-0.01929715,0.038972355,0.0001822144,-0.023489462,0.003122945,-0.006930614,-0.10228044,-0.008284522,-0.016819827,-0.0015251229,-0.016776655,-0.06986999,0.0004974237,-0.009377808,0.008941572,-0.008816149,-0.012245377,0.00016089504,0.0073235556,0.0005844328,-0.0009905072,-0.0012719843,-0.025530562,-0.9358973,-0.015348492,-0.0071484586,-0.008938291,0.018243976,-0.0022695705,0.005839436,-0.006031258
-8.205983,-0.55935574,-0.015953293,0.0036188636,1.047085,0.005069069,0.020504853,0.0018707888,-0.001084806,0.0028235256,0.005092433,-0.16082391,0.0007048855,0.009167864,0.0017673519,0.0007371194,-0.7594072,-0.14171776,0.044813912,-0.0028327173,-0.0064096362,-0.042461794,0.0034994828,0.002381877,0.00046163128,0.00053015596,-0.00051906786,-0.014082537,-0.8299833,-0.010613048,-0.031761244,-0.0016651934,-0.0062951082,-0.0033424636,0.004263123,0.00033220125
-4.93057,0.16816261,0.00019299008,-0.0038414001,1.0479512,-0.026182478,0.041559905,0.002779372,-0.01883799,0.0028790834,-0.03645507,-0.34758362,-0.040028997,-0.01597123,0.00138255,-0.008179455,0.32809138,0.028271776,-0.0049187834,0.017122919,-0.0042619333,0.052362088,-0.005924051,-0.0017065441,0.00767929,-0.0105267735,-0.0026330263,-0.006056612,-0.7857748,-0.011655258,-0.0239355,0.009025462,-0.006061501,-0.0036893352,-0.013152204,0.017501324
-7.6888967,-0.55553555,-0.02391783,0.0018525174,1.0757757,-0.0006679501,0.017354593,0.009950953,-0.0035748978,0.0043318416,0.014427894,-0.15427084,0.0020405778,0.014662269,0.00013528936,0.0004186453,-0.45283055,-0.13055235,0.01676396,-0.004382283,-0.009477428,-0.024809804,-0.0021917573,0.0007076421,-0.0003312937,-0.0017598824,-0.0016646367,0.0055793743,-0.78759694,-0.0077227755,-0.030607251,-0.00023388192,-0.0073789516,0.00023567738,-0.0010105373,-0.0021451511
-8.141952,-0.521601,-0.044228874,-0.008068636,1.0491916,-0.0033886663,0.008980758,-0.003384513,-0.007567258,0.0033113034,-0.009906746,-0.16584586,0.0005243457,-0.009774626,-0.0043283477,0.0009479697,-0.7590108,-0.14511743,0.04441934,-0.0031450237,-0.00744899,-0.011977457,-0.003480278,0.0015739934,0.0032137674,-0.0010506066,-0.0006332536,0.0018113472,-0.87130624,-0.0063282894,0.0030525932,0.002642536,-0.004295037,-0.004574335,0.0033448252,-0.0026455333
-8.100142,-0.53511524,-0.030128991,-0.0018173546,1.0434431,0.0012723539,-0.0712948,0.0011371578,-0.015799895,0.003372029,-0.001343818,-0.15738027,-0.004237917,0.0022698764,0.001969523,0.0003551394,-0.72641134,-0.13889973,0.043192092,-0.0029349916,-0.008037526,-0.016174655,-0.0026565415,0.0002927493,0.0015273915,-0.0023054231,-0.0007436538,-0.0020875635,-0.8513516,-0.0070762243,-0.036072794,-0.00012006613,0.0037125126,0.002041066,-0.0037050871,-0.0003871018
-8.135869,-0.53008866,-0.06425028,-0.0018731408,0.20671958,0.0022430408,-0.06578534,-0.0012137742,-0.017596142,0.003756702,-0.0007488183,-0.15288888,-0.001319802,-0.004818655,-0.0009524057,0.00094444066,-0.7344086,-0.14894696,0.037609357,-0.0039375275,-0.004468952,0.11259401,0.0055604596,0.0040769507,0.010668474,-0.002044797,0.0021612293,-0.23631099,-0.84366524,-0.008432619,-0.036144316,-0.00044283108,0.0041296454,0.00208691,-0.004265064,0.0052635586
-8.077198,-0.54421884,-0.021121148,-0.02431462,0.96960723,0.0025885734,-0.098846756,0.001806934,-0.014087295,0.0036045073,-0.009216334,-0.17513523,0.0014983463,0.0032724068,0.0027616674,0.0013759489,-0.74362993,-0.15159795,0.044055033,-0.00075597205,-0.0066208327,-0.026774626,0.01018704,0.0014350838,-0.0016029625,-0.0021280823,-0.0066705495,-0.005677967,-0.8958467,-0.008354607,0.010693221,0.0003565278,-0.007253804,-0.0018163488,-0.0014372463,-0.0039510764
-8.162671,-0.5474612,-0.061803322,-0.003370397,1.0423927,-0.001570703,-0.010295732,0.0020327317,-0.018090012,-0.00029714394,0.0047164294,-0.15711445,-0.0037543897,0.0025081497,-0.000911184,0.0014382143,-0.7128429,-0.14885917,0.042836007,-0.00309145,-0.005360368,-0.021238906,-0.0028295892,0.0011914457,0.008490982,0.00091386226,0.0014924275,-0.005471736,-0.8315749,-0.007133766,-0.035365306,-0.0006832743,-0.003722276,0.0003485017,0.000838632,-0.003010796
-8.15731,-0.53487605,-0.05739901,0.00075779523,1.0422491,-0.026707876,-0.0037605106,-0.0022743351,-0.0019852347,0.0028357764,-0.001477803,-0.15279764,-0.00032306652,-0.01229349,-0.0066153114,0.0015731243,-0.7476639,-0.15132578,0.041425962,0.00038198146,-0.004145714,-0.029879317,0.0059954566,0.0013964636,0.0016068047,3.0035346e-05,-0.00028751898,-0.0053042234,-0.80386835,-0.0102589745,-0.02881715,0.002339125,-0.008085747,-0.0026152425,-0.0056673563,0.00016696326
-8.104593,-0.53512865,-0.036329273,0.0012348669,1.0393162,0.0024043915,-0.07558982,-0.00023341937,-0.015970135,0.003481149,0.004681378,-0.15535562,-0.0041874684,-0.006551198,-0.0030401861,0.0001660598,-0.7251921,-0.13681082,0.043274753,-0.002725494,-0.0076123853,-0.015290671,-0.0062522725,0.0022099263,0.008144519,-0.0011504223,0.0015897636,-0.0050630914,-0.8401847,-0.007621188,-0.03517986,-0.0012546082,-0.0031886,0.0016121537,-0.0010829086,-0.0019547008
-0.94262123,0.15323098,0.061193544,-0.0060218787,1.0810213,0.0037376748,0.18254219,0.0028664416,0.00901917,0.0043065664,-0.01575184,-0.33698228,0.008175599,0.0013459651,0.00044278716,0.0056185094,0.6308787,0.08890911,-0.0063703237,0.0042418744,0.0104066385,0.04512766,0.009163813,-0.0049341843,-0.024302736,-0.0034491355,-0.0078021926,0.14170478,-0.71404433,0.0040295003,-0.016938914,0.0027831222,0.00859054,0.01007998,0.0016371306,0.014529263
17.723288,0.11411496,0.079831846,0.0017178461,0.85221756,0.02251137,0.15101808,0.017734576,0.015516141,0.0017313805,0.08294621,1.1771705,0.0035982763,0.021605937,-0.00035305473,-0.0022529361,1.6695402,0.045612108,0.10409939,0.013480661,0.00283648,-0.008982059,0.006552025,-0.010698349,-0.004867464,0.0025831175,0.002488708,0.34886542,1.6454028,0.006265518,0.13348673,-0.00609764,-0.019846993,0.004255669,-0.008501376,0.020570233
-5.3973856,0.12925945,-0.11757208,0.002790286,-2.5614898,-0.05568202,0.02563829,-0.011857535,0.019959845,0.004589806,0.0068353717,-0.28957036,-0.0072223395,-0.018038595,-0.0020060188,0.014745057,0.41072848,-0.29090232,-0.019531807,-0.00035093585,-0.0035672633,-0.05005112,-0.0025725386,-0.0026353265,-0.00058924156,0.0012076683,0.0015317779,-0.3055215,-0.73035073,-0.008956927,-0.016467052,-0.0031015507,0.021110006,-0.008237914,0.016790418,0.0016317326
22.838186,0.6707654,0.05218318,-0.006332715,0.9973613,-0.0076709,0.09393036,0.0021573086,0.036728393,0.0018537256,0.024582796,0.6452247,-0.0011442874,-0.00323353,0.005051366,-0.008871992,2.7029154,0.12662193,-0.1381402,-0.008130173,0.018283945,0.009130017,-0.017194714,-0.005221063,-0.050977,-1.5235564e-05,-0.000542417,0.24429785,3.1751087,0.0026110718,0.00036667916,0.0008252517,-0.0129386205,0.0021622914,-0.011378652,0.016872644
-8.126993,-0.5429135,-0.029187536,-2.4310724e-05,1.0459424,-0.0013884617,-0.050841745,0.003391392,-0.008263839,0.0028943967,-0.00030536496,-0.16056144,0.00036175054,0.008043212,0.0032451495,0.0013767239,-0.76190645,-0.14341049,0.042854328,-0.004289119,-0.0013044394,-0.0267953,-0.00042506037,-0.00060620834,0.001008022,-0.0011822864,-0.0008134363,-0.00650504,-0.83853483,-0.009401989,-0.024443919,-0.0028625545,-0.0072953184,-0.005674478,-0.005818105,0.00041748275
22.375053,0.51792914,0.06771902,-0.001409588,0.9994118,-0.0029387604,-0.07378243,0.0030606312,0.03035638,-0.026643386,0.02445109,0.6463093,0.0017598525,-0.003987706,0.00032144674,-0.015072386,2.5427916,0.11064367,0.0008455136,-0.0012327168,0.02315066,0.004419735,-0.018635493,-0.008342015,-0.009540075,-0.0072162664,0.0045950823,0.23065867,2.8878093,-0.006296605,-0.0035301542,0.008211805,-0.015437418,0.0008394223,-0.013449867,0.018902972
11.341265,0.56544703,0.089962944,0.02578201,0.85523236,0.018021597,0.09624508,0.00022360781,0.18399602,0.0009329308,0.001159102,1.2498877,-0.022610452,-0.013776856,-0.00100466,-0.0534403,1.395256,0.041693784,0.13195044,0.012767671,-0.02183647,-0.036194492,-0.06343069,-0.008409794,0.0055252723,0.0043992237,0.0017078171,0.23056889,-0.99601626,-0.013200588,-0.047464505,-0.001245374,0.0010655428,-0.00064701145,-0.01069759,0.014790845
-8.15844,-0.5376738,-0.01699893,-0.0016132712,1.0427492,-0.0005962877,0.024666635,-0.00045316372,-0.0002136653,0.0018901008,-0.0069640153,-0.17585935,0.0026425978,-0.003240039,-0.0039896257,0.0010771244,-0.7867912,-0.0918911,0.04568444,0.007313437,-0.0030425275,-0.011120945,-0.009055188,0.0034817774,0.0022844283,-0.0025263692,0.00035239515,0.0041874945,-0.9277526,-0.0056289793,0.005490042,-0.005115142,-0.0027593516,-0.0025777454,-0.0053900746,-0.0031148503
-8.194695,-0.54198194,-0.05923511,-0.008172801,-2.5266008,-0.00822492,-0.094928645,-0.0032439004,-0.01385531,0.003439536,-0.008022901,-0.16354455,-0.0010574372,-0.011891764,-0.0050485074,-0.0012178011,-0.80456597,-0.14608838,0.028739657,-0.0033885848,-0.004132324,-0.16370748,0.0020368802,-0.0025007937,0.0037551145,0.00056637806,0.0044778846,-0.031032015,-0.9098993,-0.013418711,-0.0033364822,-0.0052769803,-0.014162498,0.003155379,0.00312027,-0.012187567
-8.068946,-0.5345042,-0.0268852,0.00012426826,1.0541292,0.0045353896,-0.09214505,0.0043050298,-0.003318514,0.0038673051,-0.0066238362,-0.17240387,0.0014382578,0.010917243,-0.0007686472,0.0019848475,-0.7733209,-0.12122142,0.045336377,-0.0045248484,-0.005119828,0.060797125,-0.0027030602,0.002321271,0.0037393128,0.00094413914,-0.0006807319,-0.000687067,-0.89554733,-0.0066340314,0.0028119443,-0.002432731,-0.00657443,-0.0005727529,0.000113287024,-0.0002732395
18.085114,0.6225245,0.043730516,-0.0019712977,0.92751324,-0.02208765,-0.013059954,-0.008710202,0.017777102,-0.0020766493,0.03061123,0.78837025,-0.0059379265,-0.0059817806,-5.5577755e-05,-0.007103444,2.3797042,0.07279525,0.00968431,0.0086289,0.013481118,0.017238619,-0.007502079,-0.0019830565,-0.020823795,-0.008278185,0.0024431583,0.21011606,2.5923166,0.00450365,-0.033011023,0.0073732175,-0.01911979,0.0010523072,-0.019801963,0.021871896
25.983627,0.92491317,0.04561126,0.0015256833,1.0667254,-0.010427355,0.19028762,0.00442748,0.058037367,0.0021081718,0.046752695,0.7196327,-0.0011996866,-0.011852744,-0.0077860965,0.0030616797,2.8248081,0.12107494,-0.07384845,0.0010123351,0.013804266,0.040075883,-0.024486892,0.0051694987,-0.008904963,0.0017192548,0.0039525456,0.27529347,3.2846475,0.0137299495,0.021447094,0.007148952,-0.015017569,-0.02451794,-0.00505113,0.025345635
8.338134,-1.1288526,0.092450306,0.0024875926,1.0345131,0.01454097,0.18221578,-0.0056262836,0.008081874,0.010276486,0.034072086,0.95281863,0.011137616,0.015852463,0.0031116444,-0.001805481,1.4223305,-0.06302462,0.030291174,0.0073267305,0.013642189,-0.006370158,0.0020753779,-0.012376148,-0.042842906,0.0026534286,0.0008081479,0.079967715,1.1275167,0.00065435143,-0.10602106,-0.0021858492,0.0020281442,0.005500076,0.03137257,0.022978643
25.015963,0.8732433,0.050112873,-0.0029166648,1.1194527,-0.0059255734,0.150075,0.0007257941,0.031471744,0.0026316738,0.03411701,0.71135783,-0.00030083084,-0.0083393715,0.005538082,-0.00028354884,2.7053735,0.11934297,-0.07442496,0.0016244617,0.0033622256,0.09409426,-0.034814294,-0.0007635264,-0.012842282,-0.005742583,0.00549549,0.2272156,3.2593625,-0.0014351316,-0.008684678,0.0025208134,-0.0053265924,-0.008662299,-0.009641355,0.013909768
-8.086064,-0.5296141,-0.066421255,-0.008399114,1.0494834,0.0018391722,-0.073383234,-0.00025684564,-0.02040794,0.0033147982,0.004731257,-0.15301736,-0.00032101234,-0.008045661,-0.0007999542,0.0011452142,-0.71411777,-0.14916912,0.041335046,-0.0032840308,-0.0064494745,-0.013417786,0.00060095923,0.0039745728,0.001839639,-0.0015396475,-0.001574608,-0.0059509035,-0.83247155,-0.008771861,-0.03517456,-0.001035496,-0.0062505817,-0.0011531385,-0.00059937825,-0.002869826
-8.118764,-0.55912846,-0.07405559,0.0020493304,-2.524894,0.0071122805,-0.080111325,0.0035872264,-0.006682777,-0.041113757,0.005470683,-0.16702513,-0.008544605,-0.007761254,-0.0009214683,0.001436141,-0.7962457,-0.1504562,0.040422965,-0.0012928353,-0.007511015,-0.028612845,-0.011884189,0.0014942454,0.010810174,0.0003967934,-0.00055885856,-0.29125774,-0.880591,-0.009154501,-0.03272331,0.00056205795,0.020235797,-0.00020699338,-0.00373587,-0.009472737
-4.9325576,-0.05804209,-0.08617411,0.00029853804,1.0778581,-0.042477816,0.010189957,-0.00115141,-0.016835641,0.0030447464,-0.016860096,-0.29988122,0.0011878761,-0.03189182,0.0030763284,-0.0087400405,0.2995396,0.03916445,-0.0011503774,-0.0031588713,-0.00801094,-0.0029242195,0.00017950441,0.0052848607,-0.0065516136,-0.00940822,-0.0016864935,-0.024409385,-0.7381263,-0.010921251,-0.007313024,-0.0016255467,-0.011278023,-0.010438217,-0.011702338,-0.004842407
13.355671,0.1004004,0.15090463,0.003633611,-2.2180266,0.022992514,-0.24120094,-0.0017174241,0.0405136,0.0035713098,0.011681426,0.8208583,-0.0036738566,0.007942842,-0.0015382348,0.0079796435,1.5846751,-0.031598352,0.0010020839,0.0314932,0.011391114,-0.08453017,0.015854685,-0.0027271928,-0.04387454,0.00010611063,-0.017083982,-0.18630041,1.3687326,0.005388862,0.13534799,-0.004241509,-0.0118343,-0.008880391,0.013793851,-0.0027965603
15.81177,-0.34845796,0.07094226,0.0018748933,-0.7447064,-0.07672053,0.058422618,0.016917812,0.016872002,0.0035012206,0.077318594,1.1199338,0.0071309423,0.030638238,0.0065470035,-0.0103326375,1.7048205,0.030474981,0.048870023,0.01536959,0.0017272291,0.07307261,0.028921127,-0.0037128902,-0.029349957,0.0013562959,-0.0022231217,0.24086551,1.6682724,-0.002923679,0.0958486,-0.015091995,-0.006941285,-0.0111681,0.02098131,0.012638933
-8.182222,-0.53603595,-0.0650957,0.00030824385,1.0403045,-0.0060050115,0.029914502,-0.0031864303,-0.015820747,0.00091061037,0.005580677,-0.15038943,-0.0045664776,-0.0061522303,-0.0009275574,0.0020848475,-0.7163463,-0.15558812,0.043318994,-0.0018520706,-0.0060939463,-0.021851817,-0.0030259278,0.0017254001,0.0018300783,-0.0014828517,0.0002776721,-0.004219071,-0.8136127,-0.007525553,-0.03439663,-0.003234561,-0.0042878813,0.0008739107,-5.6615718e-05,-0.0023609642
6.5649934,0.5551604,-0.07308805,-0.003972029,0.9623845,-0.014116354,0.1627405,0.0005664212,0.010455832,0.0020260275,-0.17184645,-0.46975106,0.007906883,-0.03703946,0.0012115729,-0.0013722095,1.109111,0.04102056,-0.010403173,-0.016259804,-0.013123221,-0.013150814,-0.015727798,-0.005603357,-0.018716438,-0.0035931633,-0.004120847,0.22429368,1.1915525,0.00884813,0.059173983,-0.0071420716,-0.010483601,0.011211842,-0.012746759,0.009101107
22.500444,0.6131586,0.059374012,-0.0035500242,1.0064288,0.0031282988,0.10568128,-0.0020184952,0.036846425,0.0021486776,0.032561872,0.6638935,0.002111405,0.0150700025,0.0014686208,-0.0090476405,2.530986,0.114280775,0.07955371,0.0010442025,0.025663372,0.026788162,-0.029332306,-0.004232128,-0.00211941,-0.002210697,-0.0055780797,0.20405087,2.8757915,0.0067430898,-0.002576449,0.009430297,-0.002325298,-0.0059863725,-0.015668826,0.024785085
-8.100705,-0.53937197,-0.060029276,0.0012916971,1.0431738,-0.00013701073,-0.07810877,0.002410083,-0.015582989,0.003249369,0.00499746,-0.15787175,0.0013918502,0.010127958,-0.0010344795,0.0014741679,-0.71545744,-0.148281,0.04308248,-0.005160306,-0.0057690865,-0.018140977,-0.0016055199,0.0018229318,0.0021170753,-0.0012932285,-0.0009403678,-0.004759234,-0.8322349,-0.008954481,-0.03470661,0.00050173,-0.0037433887,-5.4143155e-05,-0.005410938,-0.0026673633
-8.206456,-0.55835754,-0.04944725,0.0016954074,-2.473998,0.00025056207,-0.013211682,0.0040928437,-0.0034607572,0.0033153025,0.0039327205,-0.1680158,0.002396824,0.008485908,-0.0028363,-0.00011607564,-0.8200314,-0.13940471,0.040698897,-0.0013230987,-0.006172591,-0.019292815,-0.005960726,0.0020070595,0.011294559,-0.0038873435,0.0026926575,-0.30057254,-0.89023954,-0.012468988,-0.03186084,0.0030684057,0.0045331153,-0.002691534,-0.0011677354,-0.0015512819
-3.6148477,-0.027382474,-0.08649574,-4.6875004e-05,0.9818187,-0.04025057,0.052245956,-0.01354771,0.0100533385,0.0029768785,-0.01892425,-0.33246222,0.00028351718,-0.032716073,0.0022563592,-0.010099228,0.2624386,0.032380328,-0.00025775368,-0.0069410997,-0.007631858,-0.0034048317,0.008596166,0.0002632606,-0.003056111,-0.0034666725,-0.0015689671,-0.018980194,-0.7407563,-0.007646851,-0.010814599,-0.01201362,0.013107699,0.0077831894,-0.008381367,0.02151821
17.749887,0.62825435,0.041668568,-0.0033553827,0.900143,-0.01650338,0.016789474,-0.018626137,0.015878418,0.004429261,0.03385942,0.7914608,-0.007877604,-0.015227469,-0.00058031967,0.006288924,2.325591,0.06648485,-0.022120869,0.020360798,0.012489382,0.00031323786,-0.0098798275,-0.004671462,-0.0017991065,-0.009012456,0.0032659539,0.09458303,2.5602896,-0.002592316,-0.030551657,0.007801445,-0.010647546,0.006284982,-0.0077565988,0.020717077
-4.6235733,-0.18908486,0.0076019517,-0.004707101,-1.9420341,0.009348075,-0.30897003,0.0046281745,0.019506125,0.0058375425,0.006867351,-0.36785004,0.0009821035,0.0021356756,-0.006026731,-0.008660443,0.6250667,-0.08132549,-0.0075296653,-0.0059313267,-0.0035390414,0.05730253,0.004730108,-0.0009917314,-0.00667999,-0.0019266988,-0.0063373786,-0.2567001,-0.5519587,-0.011948382,-0.009846534,0.006607311,-0.010087001,-0.0029421647,-0.012184392,-0.00047244533
-8.183389,-0.54912835,-0.0639476,0.0028777185,1.0423995,-0.0004861316,0.0046997876,0.0012084247,-0.01709259,-0.016244305,0.0007185606,-0.15268068,-0.0037124832,0.0022719062,-0.00077411876,0.00097018457,-0.7081958,-0.16227382,0.043936092,-0.0021776648,-0.0052675516,-0.026208483,-0.007873148,0.0007567379,0.0071772938,0.00060407346,0.001545869,-0.0060189287,-0.7974573,-0.0072716004,-0.035121422,-0.0012936885,0.004993068,0.001615686,0.0043290663,0.0034778751
21.454384,0.5890022,0.06562322,-0.0015760837,0.9653385,0.010832389,0.07859237,0.0036205878,0.049974,0.0033680028,0.0379591,0.784836,-0.00076082064,0.022738652,-0.004463616,-0.0014557906,2.458224,0.076040596,0.0030636773,0.00337109,0.019411115,0.0037976152,-0.018079296,0.005769728,-0.038642865,-0.006539537,-0.0007101338,0.20064153,2.5977452,0.0013879688,-0.071100384,0.00510071,-0.0025478653,-0.008789863,-0.022958813,0.019840844
13.470917,0.6825276,0.06895521,-0.002877038,0.93201834,0.004534793,0.13280338,0.0015084699,0.029236669,0.0012344684,0.038974978,0.33053795,0.0022934366,-0.0014494412,0.0051216185,0.00024894334,1.6812505,0.046709385,-0.021307327,0.026619248,0.022757426,0.020912709,-0.023309661,-0.00026902743,-0.010606103,0.00021112605,0.002179529,0.0133964475,1.3705722,-0.00055255526,0.094348855,0.0040893652,-0.007787171,-0.010777424,-0.011586619,-0.003325107
-8.160896,-0.54090935,-0.018894857,0.001281643,1.0410707,0.0006209253,-0.009389649,0.0021804536,-0.014249818,0.0028455912,-0.0052756136,-0.16535194,-0.0046110116,0.0022513922,0.0023234887,0.0012059069,-0.7365856,-0.15045783,0.045125596,-0.0028569698,-0.0067966883,-0.01872496,-0.0026663672,0.0013373301,0.0035412211,-0.0013086401,-0.0009946917,0.00012485255,-0.8627501,-0.008014677,-0.0034050334,-0.0018211488,-0.0060653603,0.0014077937,-0.003739646,-0.0029230844
8.693308,0.13063663,-0.055667173,0.0057421387,0.9750374,0.009654603,0.1174253,0.0082946,-0.011743389,0.00184389,0.021357553,0.32402712,-0.0011976586,0.022015056,-0.001071846,0.0053071617,1.1375682,-0.09787149,0.09789209,-0.012748002,-0.008836326,0.0012652407,-0.0050921473,0.00641699,0.009979203,0.0035953186,0.00079298834,-0.14889368,1.0530311,0.0017749551,-0.005052934,-0.00400552,-0.004128219,0.0055597653,0.023844546,0.0028032984
1.0712453,0.10304487,0.04438384,-0.0059227534,-2.110638,-0.023105748,-0.2654764,0.0038890513,-0.010449735,0.009862715,-0.099872924,-0.28058714,-0.022198517,-0.011694828,-0.00020767498,-0.025706023,1.3601841,0.056259934,-0.0089240195,-0.021271769,-0.009125977,-0.018363636,-0.0026711905,4.2210486e-06,-0.0018556849,-0.014537119,-0.014242863,-0.10098291,0.07327344,-0.018494662,-0.055823583,-0.008721498,0.0057351883,-0.023475833,-0.011597103,-0.005446884
-8.120642,-0.53716016,-0.036729984,-0.0026458723,1.0459918,-0.0019265842,-0.049925867,0.0016868397,-0.008832339,0.0035382512,-0.000414055,-0.15737885,-0.0034529392,0.0014363101,0.0027870273,0.0017969718,-0.7540519,-0.1367077,0.043056827,-0.0011025886,-0.007009331,-0.021808201,-0.0035137187,-0.0005779822,-0.0026178171,-0.0012206535,0.0019440928,-0.007491049,-0.841128,-0.0074649816,-0.029106703,-0.004149809,-0.001856768,-0.0057366057,-0.005863213,-0.00051459105
23.670275,0.55726135,0.066573024,-0.005671293,1.0330223,-0.0012538724,-0.073418096,0.010726693,0.0320787,0.0027950786,0.043423586,0.70352465,0.0031660036,0.0039478103,-0.000985843,0.0042144377,2.6836207,0.12332915,-0.08537543,0.0002864597,0.025171237,0.024115728,0.008326703,0.0042535765,-0.008762418,-0.0104959775,0.0040435405,0.27489406,3.1374469,0.020622883,-0.007785684,0.015763458,-0.014365944,-0.0037647234,-0.011961146,0.024725394
5.843596,0.14623046,-0.054033656,0.0031522918,-2.141886,-0.046995886,-0.18489417,-0.018090611,-0.02263282,0.0062396894,0.0011591204,0.19504754,-0.0106902765,-0.019284993,-0.0006312549,-0.013823616,1.4748516,-0.010324193,-0.031902686,-0.015729722,-0.032098982,-0.07291032,0.012837249,-0.004513823,0.0011182058,0.00046486242,-0.0013992103,0.083443195,1.2358012,-0.01417673,0.07271414,-0.024916839,0.019206425,-0.023292923,0.012409712,0.020919919
-4.3390913,-1.6668938,-0.19696443,0.0015542356,-1.6622056,-0.0067379316,-0.28241664,0.0035105315,-0.18279277,-0.05600935,0.009510136,0.5969718,-0.019247128,-0.007041545,-0.0023685512,0.003911799,1.3464905,-0.64869106,0.0058451635,-0.022444852,0.007852517,0.094947316,0.0052893437,0.002849821,-0.0041341656,0.0010601059,-0.007519253,-0.2403572,1.1344658,-0.015247954,-0.16830024,0.0012062355,0.00379573,0.0051986845,0.008027503,0.0033833678
-8.075503,-0.5501726,-0.054211657,0.0018230707,-0.7030895,-0.0065981844,-0.08566499,0.0010933827,-0.017074486,0.004380816,0.0056038257,-0.16328906,-0.00270628,-0.006490472,-0.003618035,0.0006572011,-0.7321826,-0.15179832,0.0392332,-0.0046111853,-0.0053241723,-0.021674138,-0.0021873247,0.0017104659,0.0020547886,0.00040212262,-0.00084786554,-0.11459558,-0.8928936,-0.0076895426,-0.035220295,0.0005373173,-0.011557134,0.0017104741,0.003614419,-0.0044036005
-8.097484,-0.5376412,-0.022503005,-0.013308876,1.052355,0.002910198,-0.079334825,0.0022691512,-0.015869966,0.003433072,0.0011260214,-0.16152777,0.0009098169,0.0066141547,-0.0040638265,0.0006436541,-0.7336252,-0.13733213,0.042840134,-0.0051797973,-0.0065649254,-0.019860651,-0.0055706217,0.0019394314,0.0023709515,-0.00077354355,0.0010486636,-0.0063257627,-0.8482157,-0.0071230554,-0.033863958,-0.000649123,-0.0032433025,0.002799001,9.528386e-05,0.0005589533
-3.9070628,0.19451141,-0.10415869,-0.0052856808,-1.8822006,-0.032878857,-0.27128845,-0.0021683597,-0.0825872,0.0055131093,0.0035937119,-0.29350495,-0.009232781,-0.012336721,-0.00597951,-0.0012368426,0.28894696,-0.306038,-0.009801694,-0.0003216022,-0.0066392473,0.034046713,-0.0022930205,0.0046842033,0.03514401,-0.0105132805,-0.0014199576,-0.29432833,-0.67867553,-0.005497244,0.00055642234,0.0013525109,-0.0013579892,0.018267458,-0.010280273,-0.012372133
-0.9833123,0.21346466,-0.031058528,-0.0024600998,1.0130696,-0.021659683,0.09756608,0.00284336,-0.020924427,0.0016203686,-0.02138226,-0.3255566,0.008917206,-0.018756265,0.0003894878,-0.008014654,0.46811813,0.06549579,0.009722481,-0.0078379065,-0.002766179,0.024363896,-0.0028797374,0.006730924,-6.683956e-05,-0.0013361358,0.0051858835,0.002899396,-0.76715404,0.010362298,-0.026094673,-0.008129606,-0.0017272782,-0.01084205,-0.015098128,0.015564669
15.080814,0.90020335,-0.06516454,-0.0047027194,-1.9582858,-0.03160799,-0.16630776,-0.02521024,0.028194023,0.0015386848,0.052763548,0.96667266,0.0039462075,-0.013011976,0.0014474187,0.00017842176,1.8223139,0.054199014,0.009025984,-0.07219748,-0.007754148,-0.1575914,0.021869503,-0.00122799,-0.0024510333,-0.0066764927,-0.0031727704,0.02601846,1.521624,-0.0012138983,0.0966729,-0.068294406,0.026585035,-0.011220228,-0.005882821,-0.01223837
7.1816945,0.45877194,0.12301805,-0.0012394353,-2.0465715,-0.01266124,0.056810956,0.00064235943,0.013282794,0.002555428,-0.106223665,-0.28336123,0.005472135,0.042287987,0.007368461,0.025993673,1.4914303,0.11418872,0.044129055,0.0064241877,0.0072473325,0.009551929,0.027618911,-0.0027969596,-0.029036947,-0.0059967935,0.010857613,0.22196347,0.23071146,0.033969544,0.020191954,0.0008179336,0.0043035946,0.0040385434,-0.005878265,0.005043178
-0.3237467,-0.28930944,0.018230421,0.0041178046,1.0267786,0.012907855,-0.018923724,0.0041388767,-0.004592145,0.0036406543,0.005454304,0.18611692,-0.006967717,-0.0011963174,-0.001623642,0.0020970337,0.54927623,-0.27586976,0.08636004,-0.0063808057,-0.002810876,0.009504863,-0.002477104,0.0014879522,-0.0029796453,-0.002854369,0.0005585589,-0.037429094,-0.5936887,-0.005697811,0.014138127,-0.0013418512,0.0056842943,0.000771431,0.021116897,0.007945613
-8.072113,-0.5282054,-0.06276167,-0.0017350053,1.0443006,-0.0055578565,-0.04867263,-0.004808702,-0.006353846,0.003215117,-0.010649896,-0.16231135,1.3820071e-05,-0.011156802,-0.00052104774,0.0015695405,-0.753887,-0.15053606,0.043105517,-0.001559889,-0.0062684035,-0.01913795,-0.0019744919,0.0021786096,0.0051264153,0.00034157516,0.0013341765,0.00597009,-0.85912085,-0.005699609,0.0029845636,-0.0017627047,-0.0056076413,-0.004321325,-0.0027408958,-0.0012905003
-4.5930715,-1.8287896,-0.120401755,0.0030466323,-0.87870336,-0.008070022,-0.01620984,0.00929423,-0.1712831,-0.24635941,0.0116270995,0.34874597,0.0057188454,-0.00234957,0.008937833,0.0048684287,1.2659514,-0.9995618,0.002625943,0.0064857127,0.01521312,-0.017296864,-0.011405732,0.020078208,-0.0034448402,-0.0003446358,-0.009431144,-0.26066026,1.6210308,-0.023041103,-0.016107313,0.0039607454,0.002647754,0.039437953,0.0052553765,-0.008009456
23.620708,0.5177963,0.055938005,0.0024571843,1.0386121,-0.00440649,0.09909661,0.0027776815,0.0445484,0.0021987692,0.03596041,0.7152107,4.256519e-06,-0.0036253622,0.001954946,-0.015522427,2.584533,0.11632041,-0.027866982,0.0071265996,0.01846205,0.018039024,0.006897724,0.004565594,-0.0039282446,0.0044719493,0.0047568292,0.20903578,3.0888126,0.0050911647,-0.000737047,-0.017517228,-0.005320595,-0.0056429207,0.010491002,0.022100098
-8.224171,-0.54468876,0.030612923,0.0018025142,1.0594733,-0.0025923299,-0.04083277,0.0022613674,-0.002491662,0.003384945,-0.0056601046,-0.18914703,0.0015751852,0.00047755384,-0.00076658686,-4.3298496e-06,-0.7985341,-0.11621266,0.033913307,0.00022009,0.009583038,-0.013298544,-0.0058929366,0.0005579015,0.0026791906,0.0006440066,-0.005244427,-0.017830987,-0.89700866,-0.00833308,0.007664474,0.0029127733,-0.0025843736,-0.00522902,-0.0040562325,-0.011829167
-8.11049,-0.54163504,-0.061839845,0.0009360111,0.53917545,-0.0014217709,-0.07867565,-0.0021486224,-0.0178457,0.0035829374,0.00026867178,-0.15216781,-0.00034812823,-0.011395412,-0.0033334605,0.00051939965,-0.72005886,-0.15081705,0.038699467,-0.003265789,-0.0047851237,-0.040387638,-0.008240961,0.011951908,0.0091977855,-0.001254304,-0.0008386624,-0.012708082,-0.8276691,-0.008023998,-0.029936094,2.651693e-05,-0.010009278,0.0128999455,-0.004460021,0.0033760762
20.164062,0.70498824,0.005093731,0.0007099648,0.90157264,-0.005380898,0.08675998,-0.0020561498,0.027080609,-0.00075290963,0.028095413,0.6815862,-0.0023985924,-0.03709313,0.001177286,-0.004952793,2.537945,0.11012715,-0.072661184,0.004922929,-0.0060492177,0.018971946,-0.020479979,0.0019042447,0.0007137361,-0.005429387,0.0016158782,0.2131956,2.7749627,0.0052889115,-0.011904754,0.009636153,-0.0059215445,-0.006795496,-0.012534379,0.018974906
-6.7232103,-0.1833204,-0.07390337,-0.034651786,-0.2696249,0.005433767,-0.044755038,-0.010795912,-0.023146428,0.009894577,-0.04605099,0.013530657,0.00787381,-0.044396546,0.031265322,0.0013915902,-0.500168,-0.14470203,0.016173173,-0.0071471673,-0.004427212,-0.08524238,-0.008720246,-0.04294233,-0.002174688,-0.000891152,-0.019177847,-0.050869357,-0.89068264,-0.004372303,0.004299899,0.012248169,0.09516365,-0.0020768135,-0.022912094,-0.007928875
11.888298,0.41926998,0.061354063,-0.004362055,0.88370425,-0.025425727,0.107602164,0.003289341,0.025478194,0.00032740156,-0.04345791,0.24158062,-0.019054418,0.0032925347,0.0021256548,-0.007794796,1.598843,0.041206546,-0.03294553,0.010216827,0.00643663,-0.0011872863,-0.012523766,0.0015912291,0.020570047,-0.0048465,-0.0018770691,0.23889364,1.3819388,0.0016974824,0.08284618,-0.0017347358,-0.005669504,-0.00070393353,-0.015434833,0.02372989
15.21266,-0.3293342,0.08382578,0.0029036961,0.9145097,0.017521534,0.010175268,0.01960838,0.016883738,0.005510957,0.07142935,1.0708286,0.004056239,0.02396841,0.0012129135,-0.0054230914,1.671736,0.04543747,0.08455538,0.018509505,-0.0058471803,0.026138334,-0.033318367,-0.011171795,0.0008355674,0.004569022,-0.0018424845,0.31624365,1.6244916,-0.003852779,0.10652284,-0.004507923,-0.019512938,0.003109939,-0.031265322,0.023824284
16.806067,0.18380271,0.04805792,-0.00019716032,-2.2195618,0.014152237,-0.10510441,-0.022608839,0.0002116101,0.0025943078,0.045532715,1.2741657,-0.0058821607,0.01574961,-0.0061475225,-0.002533909,1.7568331,-0.059601106,0.05906978,0.02180634,0.005397277,-0.05798329,-0.044784028,-0.00024611762,-0.017412297,-0.0004922542,-0.0006430251,0.099755436,1.4514316,-0.013668041,0.22425623,-0.0041758926,-0.028736211,-0.001513614,0.02548051,0.0035067752
-6.9336843,-0.74340504,-0.0956946,0.0027515725,1.0027589,0.0057196687,0.034406282,0.00043627562,-0.01599469,-0.0007736305,0.004331153,-0.13306117,0.00070000696,0.012826171,0.003266004,5.8464815e-05,0.027269093,-0.22205485,0.02086951,-0.0077131535,-0.0072650425,-0.01781411,0.002208895,0.0036612179,0.0017972931,0.00018692885,-0.000908719,0.008995627,-0.6077671,-0.009410425,-0.029859222,0.0014162292,-0.0013772296,0.0013840846,0.005628517,-0.00021111745
2.046374,-1.1200867,-0.082332775,0.0015235861,0.92330647,0.013896061,0.07629618,0.0055470746,-0.030222273,-0.038785927,0.018575786,0.59259593,-0.0022743035,0.018071687,-0.00027102462,0.0005340365,1.2675643,-0.24348485,0.010153105,-0.019323792,0.023201782,0.0075107645,-0.013362778,0.021709163,-0.010837849,-0.0009473893,-0.00045078673,-0.089151986,0.97791666,-0.0023684907,-0.24645114,-0.004737991,-0.0026303958,0.016771434,0.021430865,0.0073527484
-8.149521,-0.5310472,-0.058707908,-0.0025468864,1.039222,-0.0060617765,-0.0067474744,-0.0006458681,-0.008131308,0.0030492027,0.0013446274,-0.14886472,0.0007599663,-0.011608894,0.0022481652,0.0017890129,-0.74723655,-0.14973165,0.040119555,-0.002304231,-0.0062578646,-0.017389385,-0.0028778086,-0.00016443153,-0.00017116871,-0.0014205666,0.002065434,-0.0058766226,-0.8119775,-0.008105253,-0.03045902,-0.00031260378,-0.0051878155,-0.0048777643,-0.004121453,-0.002514068
-3.104561,-0.31300104,0.0011333845,0.004353076,0.97953594,0.017800458,0.020028645,0.015740806,-0.014758879,0.0029518371,-0.03305201,-0.34139118,3.4663422e-05,0.019131156,0.0017041356,-0.0030511378,0.5400084,-0.02022332,0.00096819777,0.017690785,0.014311755,4.1026215e-05,-0.0002441458,0.005594737,0.0007666054,-0.00026346662,0.0052938955,-0.0152250575,-0.63057494,-0.0031390237,-0.0074706245,0.0019935563,-0.009348328,-0.008898474,0.014466964,-0.0013213016
16.978197,0.73855186,0.04280537,-0.0029214052,-1.8464173,0.012145506,-0.39090228,0.0053404365,-0.02711884,0.0019452076,0.013620436,0.7980295,-0.010586126,-0.005641557,-0.0015800061,0.006016285,2.2117255,0.033817656,-0.031027107,0.03845362,0.009709252,0.039484993,0.0061257095,-0.004182466,3.6801917e-05,-0.00846103,-0.00023652807,-0.012518564,1.7502347,-0.0046828636,0.05394555,0.0017975565,-0.0055563673,0.003028702,-0.0072005847,-0.0009445776
-8.187918,-0.53486025,-0.029740514,-0.0120698875,1.0600191,0.0014038153,0.0076003065,0.00013447717,-0.0076771067,0.0033086557,0.0045094052,-0.15948407,0.00055625226,-0.0036474606,-0.0035660404,0.00070955115,-0.75084215,-0.1311119,0.042132135,-0.0042684115,-0.0056683715,-0.016925776,-0.002164426,0.00031273667,0.009559205,-0.0018212795,-0.00409915,-0.0063072187,-0.8315195,-0.00838897,-0.033767875,-0.0027373193,-0.0049170577,-0.0049941754,-0.00129123,-0.0025670815
14.531907,0.69247586,-0.033464063,0.003391038,0.8949871,-0.010209987,0.111084394,-3.3038945e-05,0.025472453,0.0030564757,-0.046854075,0.1264576,-0.0003881773,-0.025510786,-0.0034535516,-0.013527732,1.9100294,0.08353398,-0.06657503,0.01220912,-0.0012449153,0.047292706,-0.037620995,0.00034595715,-0.020033617,-0.0033327518,0.0047857435,0.24703258,2.1812596,0.009939158,-0.041930996,-0.0016981962,-0.009186063,-0.0060076197,-0.011980571,0.033129945
-8.242481,-0.54591215,-0.021240786,-0.0004936092,1.0540944,0.0019175671,-0.0351211,0.0020789534,-0.01318834,0.0029304482,-0.001225195,-0.1646897,0.000821647,0.0023437063,-0.003713077,0.0013540394,-0.72476846,-0.13986032,0.03179225,-0.003920933,-0.0029547538,-0.026887648,-0.006503208,0.0011565861,0.005657677,-0.0019626764,0.00295871,-0.02818794,-0.8328629,-0.011612491,-0.032964293,-0.0010703034,-0.0044557005,0.0011857814,-0.0061084307,-0.010608142
23.793129,0.83398265,0.03850806,-0.0047901925,1.0240135,-0.0015118488,0.09704345,0.004594841,0.027117064,0.0019982872,0.022703359,0.6503181,0.00035549584,-0.010843677,0.0036857578,-0.004960142,2.589516,0.10270124,-0.078364365,-0.0013276851,-0.005140593,0.027065055,-0.0127589945,-0.002484351,-0.0016206882,-0.005938611,0.0009622786,0.25257817,3.009331,-0.00016338541,-0.004368225,0.009381411,-0.0071211113,-0.002869095,-0.01104195,0.025723442
-3.300292,-0.1684971,0.05054672,0.0044456054,-2.4594743,0.020870166,-0.058103018,-0.0015357485,0.011969467,0.004883596,0.00025224788,-0.32675725,-0.0003539124,0.009100615,0.0024625643,-0.015089556,0.44779402,-0.2524112,0.03895704,0.008546383,0.0017714315,-0.0723413,-0.0073857224,-0.0019926876,0.030762365,0.00020127917,0.00029675406,-0.19269554,-0.6576495,-0.016553534,-0.00020931478,-0.00083037314,0.021775734,0.007461101,0.012518425,-0.00088432594
-7.1238084,-0.565367,-0.020962078,0.0018778808,1.1095052,-0.00031666743,-0.04312193,0.0029644459,-0.007638309,0.003402196,-0.0019262182,-0.1598456,0.0020997354,0.016067449,-0.0033008927,-0.001284906,-0.4606686,-0.092397094,0.024418103,0.0032182038,0.010270255,-0.018308552,-0.0040034684,-0.0002705881,-0.0018167789,0.0004363472,0.001039983,0.03163785,-0.85475975,-0.009067622,0.00016760804,-0.0011380294,-0.009985973,-0.0045636366,0.007135754,-0.009154288
-8.222682,-0.5463658,-0.05509802,0.00416185,1.0871395,-0.0010653668,0.055697937,0.0037111933,-0.0044219038,0.0028520997,-0.00024442648,-0.15616064,0.0009384626,0.010127724,0.0023898964,0.0010191796,-0.7390307,-0.14055283,0.040777687,-0.004632457,-0.0057235546,0.097492464,-0.0019300143,0.000954661,0.0016684845,0.0005354381,0.00058544264,-0.12850235,-0.81239635,-0.01140906,-0.030189397,-0.0008534849,0.0024021552,-0.0029583923,0.0040314216,-0.0007266027
-8.095822,-0.5436146,-0.060068283,0.0011090796,-0.53882486,0.005439282,0.0089854365,0.0013465417,-0.01670544,0.0022448655,0.014460048,-0.15466213,-0.00422434,0.0026377572,-0.0050607007,0.0011988633,-0.6953398,-0.15074748,0.040642463,-0.0024309957,-0.0042406972,0.08962927,-0.004118837,0.014691614,0.0016105617,0.00045217812,-0.0003154078,-0.2400879,-0.8830486,-0.0067666867,-0.030954955,-0.0019180144,0.005670044,0.016451726,0.001792886,0.0077783447
-8.154058,-0.53896695,-0.036753017,-0.001975831,-2.019098,-0.0044802497,-0.14417562,0.003591736,-0.015493588,0.004823988,0.0031965543,-0.16620965,-0.006102765,-0.001961098,-0.004393557,-0.0003691439,-0.77448815,-0.14025137,0.039988916,-0.003536536,-0.00396602,0.08503746,-0.005793102,0.0014388742,0.0033199426,-0.002043044,0.0024678037,-0.30962357,-0.93357533,-0.008097486,-0.033463147,0.00042909055,0.009144638,0.0030189904,-0.004834743,0.00069154834
-8.203691,-0.5377337,-0.0629946,-0.0075051156,1.0544488,-0.0042031063,0.02141144,0.0005710492,-0.011285793,0.0029681171,0.001103802,-0.15078646,2.6916012e-05,-0.007454346,0.00058422383,0.0021039678,-0.7304422,-0.14936316,0.04147499,-0.0019318904,-0.005241544,-0.020952716,-0.0023034345,-0.0013783078,0.0019502694,-0.0012889281,-0.0044407467,-0.022532606,-0.80671793,-0.0077094426,-0.031058803,-0.0015219292,-0.006673895,-0.002688978,-0.0001901952,-0.012985107
-8.128034,-0.55691427,-0.06573578,0.0018048472,-2.3804746,-0.0076679224,-0.0828611,-0.00071001705,-0.017471569,0.0057210233,0.0022422455,-0.16391747,-0.0011864335,-0.0074107326,0.0049116197,-0.003000232,-0.7800733,-0.14942966,0.038515706,0.0014861033,-0.003076607,0.0681085,0.0002539453,0.01341907,-0.004562562,-0.0009868649,0.0022207783,-0.27582827,-0.92165256,-0.009119633,-0.033717584,0.006414041,-0.0072441753,0.02202836,0.0015370441,0.00043877156
-8.11094,-0.55838907,0.027885018,0.0024802734,0.5533231,0.0034212074,-0.08838538,0.0012983446,-0.01365508,0.0039951387,-0.009813596,-0.18007049,0.00037250674,0.0075622876,-0.0015563003,-0.002473834,-0.7969779,-0.13469514,0.04228903,-0.00038511257,-0.0010123397,-0.03644724,0.007003574,-0.015251315,-0.0074471515,0.00082887866,-0.0011758192,-0.0047113467,-0.8881903,-0.006476745,-0.0037660883,-0.0020705303,-0.009118,0.002651334,-0.0011222234,-0.005627554
9.736641,0.24607807,-0.30265656,-0.0018611918,0.9343346,-0.026286852,0.089472,-0.029341977,0.01889962,0.0038698656,-0.00077882706,0.37445247,0.0017006743,-0.04139393,0.00061631633,0.007883477,2.090358,-0.28255302,-0.037401512,-0.012552634,-0.020773372,0.0032504422,0.0007387561,0.0017220714,-0.014205855,-0.004401445,-0.006360808,0.008439563,1.8984445,0.00015916122,-0.04362308,-0.07888315,-0.00044779852,0.0045789834,-0.01094216,0.00046335935
23.291426,0.7371057,0.05307206,0.0036488548,1.0088508,-0.011933805,0.1003007,0.010926422,0.030399589,0.0018689883,0.02572931,0.71621877,0.00082542916,0.0057765036,0.0011754197,-0.013508597,2.5729496,0.10148232,0.08944208,0.0019466709,0.026396802,0.10916887,-0.02190903,-0.006905761,-0.012496886,-0.0058719837,0.007111785,0.18796428,2.791158,0.00064915087,-0.009944345,0.010656676,-0.007992882,-0.0056394814,-0.014956458,0.018993048
-8.082321,-0.5286595,-0.067782775,-0.0004088656,1.0370411,-0.0057297,-0.072100155,-0.0017842096,-0.016233379,0.0033242009,-0.0004978313,-0.14860286,0.0002775068,-0.010786408,0.0027966877,0.001676938,-0.7146854,-0.14836232,0.03948614,-0.0033075742,-0.006274758,-0.017654538,-0.0022607022,0.0005841399,0.005347245,-0.0016389855,0.0016627442,-0.0032372854,-0.8304923,-0.007797167,-0.03389828,-0.00041656065,-0.003665807,-0.0012784863,-0.0052314913,-0.0006717881
0.2686956,0.17747107,0.028020618,-0.0096550565,1.0045055,-0.0034584724,0.093101256,0.011799111,-0.0054830913,0.0018403576,-0.010510588,-0.30500516,0.007337679,0.03614764,-0.0006298191,-0.005280444,0.5555695,0.08936242,-0.013195466,0.017194351,0.002440979,0.04887363,-0.010331516,-0.0040766727,0.000830932,-0.0003720539,-0.0040057567,0.14555123,-0.7402478,0.007951247,-0.030757837,-0.0015462385,0.0054139723,-0.011064194,-0.024380606,0.025972364
-8.131198,-0.5506862,-0.07263664,0.0006452299,-2.496833,-0.015315276,-0.0257233,-0.004198682,-0.021896774,-0.052549116,-0.0072116093,-0.15469079,0.0006449235,-0.013813911,0.0018854756,0.0007164291,-0.75920117,-0.16252972,0.040225457,-0.002917235,-0.00750458,0.030688584,-0.0017264417,0.0794172,0.013223424,0.00037901133,-0.00232135,-0.25744957,-0.87730855,-0.010532909,-0.033561498,-0.008126603,0.006449396,0.05549259,0.0028167455,-0.004011941
-8.152908,-0.5434743,-0.015764464,-0.002397098,0.5581228,-0.00037294024,-0.013564234,0.0015523869,-0.0024481383,0.0038671154,-0.01118819,-0.1761559,0.0025029157,-0.0048524174,-0.0033423586,0.00094018603,-0.77967346,-0.1481046,0.04402166,-0.0018265296,-0.0024357452,-0.034862407,-0.0062706107,0.0022549066,0.0035662733,-0.0019763347,0.0001884622,-0.0031609472,-0.88519555,-0.00644881,0.015614118,0.0007827862,-0.0098840855,-0.005352194,-0.004095354,-0.003953419
-8.211205,-0.5428152,-0.019010456,-0.01301958,1.0587575,0.0020971994,0.017309181,0.0011011412,-0.0130800875,0.0033826393,-0.00031477804,-0.16017339,0.0028306155,-0.0014581454,0.002329091,0.0012045057,-0.7341255,-0.13854131,0.04445957,0.002194783,-0.0008105953,-0.013735211,-0.003796154,-0.0005907992,0.004452866,-0.001288913,0.002078184,-0.010609081,-0.85610443,-0.008838241,-0.035828713,0.0008258548,-0.0047911527,-0.00081136124,-0.00065676594,-0.0034374227
3.3068523,0.33246997,0.023375893,-0.0020019298,0.9162843,-0.011540987,0.09646046,-0.02601317,-0.013347025,0.00078694447,0.013465533,-0.3022599,0.0012818598,-0.020743182,-0.008237303,0.00542404,0.99308246,-0.007401062,-0.0195162,-0.013539031,0.0012151939,0.0047268593,-0.0032092452,0.005992523,0.0012393178,0.0033428594,-0.011167862,-0.33677438,0.8776832,-0.010910023,0.013857152,-0.007370986,-0.00786039,-0.003068649,-0.004915611,-0.00985145
0.35161787,0.44891435,-0.20250657,-0.00030083922,0.9851199,-0.02133171,0.07640386,-0.016662892,-0.01830999,0.0020311705,0.004349352,0.13938798,0.00028093412,-0.018849943,-0.0022846719,-0.0060196826,0.71476835,0.032575462,-0.023325883,0.00034523947,-0.00677989,0.044655006,-0.012562589,0.004748356,0.005112384,0.0009808629,-1.3457384e-05,-0.041066755,-0.6040509,-0.011285581,-0.0011561924,-0.0020282792,0.002591456,-0.0017364406,-0.009468011,0.00511146
-8.242957,-0.5598223,0.0013651168,0.0003050534,1.0604547,0.0020515851,-0.0032336805,0.0023428216,-0.0059926766,0.0029718224,-0.00077094743,-0.16171618,0.0015993194,0.013645415,-0.0033498602,0.00023880918,-0.74593884,-0.13633817,0.032275744,0.008635075,0.0013170631,-0.03027337,0.0093369,0.0020489022,-0.0012630984,0.0011341198,0.0037908168,-0.026892362,-0.8286758,-0.014098769,-0.035637632,-0.0028131448,0.00018851343,-0.0049695596,-0.0007357372,-0.009917294
-8.072183,-0.53312075,-0.059008643,-0.0013181352,-0.47964254,-0.0062546018,-0.074773595,-0.0025120156,-0.00325347,0.004004642,-0.00042658925,-0.15694618,0.0010273934,-0.007850689,0.0061397455,0.0012724375,-0.77835965,-0.13866456,0.03652004,-0.0053277956,-0.008049879,0.11274536,0.004046495,0.0019142624,0.0037360305,-0.0013112599,0.00045726562,-0.2552864,-0.8944469,-0.008336395,-0.036820713,-0.00010856937,-0.008309808,-0.0034967808,-0.006746805,0.0057824086
-3.0747113,-0.2142415,0.02323475,0.003997023,0.99330604,0.020515988,0.09576499,0.008028097,0.005336465,0.004078727,0.0006157615,-0.17437117,0.0027954476,0.0025889685,0.002831495,-0.009758313,0.08282858,-0.18915644,0.1398254,0.01197839,-0.00043756032,-0.023223003,-0.010624387,-0.000680868,-0.005056122,-0.00023873623,-0.00058663945,-0.038615562,-0.6650541,-0.007459547,-0.0016126704,-0.006203015,-0.003968229,-0.0061355806,0.013848012,0.0006693271
-0.34441477,-0.64610237,-0.014957967,0.00085264,0.99230784,-0.014463594,0.082570404,0.020507202,-0.017783497,0.004630597,-0.14629965,-0.34072605,0.0038136411,0.0013617999,0.003843226,-0.0058771917,0.9069421,-0.35127255,0.014854197,0.022455437,-0.0027655456,0.01862744,-0.0062984754,0.003852608,0.0010187248,-0.00047924463,0.008950534,-0.027266566,0.9008528,-0.0040560197,-0.05777288,-0.005455546,0.012879665,-0.0073604663,0.021901792,0.0043940586
-2.5480924,0.09962916,-0.0001857852,-0.001322757,-0.4527542,0.021355446,-0.0015008321,-0.0009023577,-0.018778084,0.0036989057,0.0022774923,-0.34169546,0.0034261332,-0.011478355,0.010871296,-0.0075918967,0.51325214,-0.08075409,-0.0007964983,-0.009895459,0.0030555914,-0.00803176,-0.007648418,0.004857014,0.0017155741,-0.009122324,2.3175038e-05,-0.092737906,-0.6851546,-0.0071568224,-0.003841398,-5.4433465e-05,-0.013016416,0.006547588,-0.013349208,0.0006598732
-8.04051,-0.5473678,-0.022077253,0.0045115594,-2.527962,0.0025008738,-0.10107618,0.0042813863,-0.0055249818,0.0036243636,0.02121371,-0.15185559,-0.006109257,0.0033665362,0.0016787854,0.00018233553,-0.7367817,-0.14146775,0.037229486,-0.0070976866,-0.005486981,-0.15762587,-0.0035227411,0.0015529731,0.0025835705,0.0005854429,-3.6798003e-05,-0.046124484,-0.89303493,-0.01105426,-0.02695616,0.0010472584,-0.004503581,-0.0048199384,0.0049397987,-0.0076192645
-7.2783976,-0.5632494,0.026906583,0.0028390272,1.0690829,0.009002189,-0.004501194,0.006192811,-0.006508337,0.0046727075,-0.001361307,-0.17207606,0.00012875049,0.015745742,-3.33364e-05,-0.0010015373,-0.46853706,-0.13613307,0.018013703,0.003641049,-0.0017421263,-0.0124949,0.0023370322,-0.00083704916,0.0019200392,0.0005519346,-0.00062523456,0.03736118,-0.8268193,-0.005429342,0.0009854626,-0.0011807451,-0.011133742,0.0030905732,0.0040747845,-0.0025210478
-3.9979002,-0.9029536,-0.17536359,0.00055878935,1.0155699,-0.037888967,0.10351044,0.0013693288,-0.01903489,-0.019216994,-0.020385256,-0.04059882,-0.013619437,-0.0055406867,0.005329585,-0.0066977204,0.35024402,0.056125615,0.011002355,-0.018114602,-0.0102109155,0.00028050982,-0.006187528,0.008324248,0.008441688,-0.0036743188,0.005892421,0.013391616,0.026312118,0.0005015269,-0.018385183,0.0022669688,-0.00021372644,0.0014820836,-0.0036079164,0.002387967
-8.133332,-0.5421451,-0.022997335,-0.008982985,1.0461941,0.0019880843,-0.041941788,0.0013335694,-0.01403656,0.0033271408,-0.00046439172,-0.16092364,0.00046316918,0.005431062,-0.00093765964,0.001162086,-0.73939097,-0.13303614,0.04566129,-0.003306351,-0.0039651734,-0.017376183,-0.007552272,0.0019455544,0.0022143598,-0.0022451181,0.0019345336,-0.004630579,-0.8540315,-0.00834652,-0.03407486,0.00092523324,-0.0033177747,0.0013189259,0.0014622965,-0.00078073866
-7.851214,-0.82809746,-0.14268033,-0.00026220095,-2.3548765,-0.024207005,-0.0984579,-0.0019932245,-0.024670823,-0.0367809,0.0060390127,-0.16666956,-0.008204177,-0.0093152765,0.0020579495,-0.009692326,0.3496318,-0.32825533,-0.00045604407,-0.00091281696,-0.00866478,-0.1004261,-0.013323583,0.035892814,0.010437553,-0.00025367623,0.0012212945,-0.05991946,-0.5188553,-0.0152298575,-0.023160182,0.0036457686,-0.020623272,0.034716006,0.006600536,0.017594147
-8.224904,-0.56034034,0.009476133,-0.002009591,1.0473412,0.0021554534,0.009470595,0.0024706123,0.00023574848,0.002881122,0.0034770467,-0.16701801,0.00071264023,0.0111112725,-0.0029103772,0.0014997747,-0.75701666,-0.13803701,0.04419194,0.0015053893,0.0006573974,-0.018702418,-0.0026610964,0.002246228,0.0029133058,3.934222e-05,0.0023835727,-0.0056241085,-0.8245066,-0.008490955,-0.032840367,-0.0020818345,-0.0035569635,0.0022837678,-0.005277458,0.003257474
18.484762,0.40078318,0.045317065,-0.00414102,0.95204467,-0.012458429,0.03107217,-0.0027622306,0.033317585,0.004212019,-0.015714118,0.36687285,-0.0019110839,0.041957844,-0.0027354902,-0.011454072,2.1236377,0.062697716,-0.012647128,0.01932097,0.018873492,-0.04203231,-0.0049971254,-0.0008500438,-0.007179901,-0.0010769875,-0.0038810489,0.1733568,2.3730812,0.031543773,-0.024989674,0.006465644,-0.019563206,-0.0077706696,-0.006234809,-0.017614095
-8.22171,-0.5651418,0.010391095,0.003290675,1.0469615,0.0032646905,0.017049342,0.0037609,-0.014472822,0.0030197185,-0.008193192,-0.16857743,0.0010372356,0.008113998,-0.00018401176,-0.0016179282,-0.74445933,-0.14390661,0.04477157,0.0071744234,-0.0043972493,-0.018771337,0.0043428116,-0.00039976632,0.0021742643,0.00048076623,-0.0009136486,0.0041362476,-0.85479504,-0.005224673,-0.014533006,-0.0014084242,-0.0065684253,0.0005616197,0.0048097153,-0.0015019513
-8.1473675,-0.56035495,0.00764855,0.0028969,-2.10916,0.0013234759,-0.1238048,0.02582203,-0.0008430559,0.006271437,-0.014480295,-0.17288102,0.002833156,0.00077298627,0.0070297117,-0.0031042201,-0.80762833,-0.13444097,0.0413357,0.003331952,0.0026247054,0.06775849,-0.0011113026,0.00034689633,0.0006685106,0.00044114044,-0.0013277209,-0.2606433,-0.96627575,-0.0068073017,-0.0075550303,-0.004170122,-0.003933542,-0.011095994,0.0028034763,-0.0033903804
-8.147211,-0.5434929,-0.032912828,-0.00044713225,1.0424129,0.00012486373,0.011610431,0.0020087291,-0.014059248,0.0018487897,-0.011033264,-0.17513692,-0.005744508,0.0011434145,0.002147953,0.0009249593,-0.75773495,-0.11133511,0.046306886,-0.0023639982,-0.0062731,-0.015973773,-0.0033578996,0.0019317953,0.0040236926,-0.002117139,-0.00017774019,0.0039147083,-0.8923264,-0.0043349178,0.0031525125,-0.001649889,-0.0058401306,-0.001588429,-0.0052867765,-0.0019506615
10.385448,0.061196674,0.06654893,0.006094505,0.9049295,-0.02233271,0.08287927,0.005250499,0.020761378,0.001797594,-0.029961398,0.28188214,0.00026609187,-0.018192144,0.0027712565,-0.04476862,1.5829554,0.01801888,-0.013211195,0.013641562,0.0030018603,0.07813382,-0.007988223,-0.010373757,-0.046907805,-0.005950192,0.00027742275,0.20359208,1.2730361,-0.00064112333,0.07443516,-0.005725907,-0.0006497742,0.00076239725,-0.015484393,0.023878258
8.698202,0.06576656,-0.083077416,-0.00034156587,0.9748446,-0.047563948,0.1245367,-0.030878857,-0.029235931,0.00093726616,0.030873368,0.854218,-0.010546589,-0.03890712,-0.003845713,0.0072129285,1.6688362,0.0221483,-0.0009537393,-0.068946876,-0.027959308,0.009437178,0.025356438,0.003116375,-0.0043496056,-0.004495786,0.0014321245,0.1250308,1.6376752,0.010038966,0.09251157,-0.019935688,-0.0031938057,0.002155947,-0.016669957,-0.0011696067
13.189591,0.46239728,0.06793539,-0.0021731586,0.9438596,-0.0124256015,0.121111326,-0.0017516735,0.039599266,0.0012253047,-0.034837425,0.25093028,0.00091447006,-0.027364925,0.0005442414,-0.003139326,1.6397889,0.045509566,0.0030708213,0.016717676,0.011462664,-0.0056758574,-0.0053588487,0.0035613256,-0.012823836,0.0015075798,0.0030151897,0.26336297,1.4106703,0.022659026,0.08211902,-0.023234544,-0.007455839,-0.0014070531,-0.013289981,0.02668961
-8.196218,-0.5511563,-0.07255993,0.00048217256,1.0816306,0.0020265023,0.019534238,0.0046426966,-0.027947407,-0.042158738,0.0032155262,-0.15602782,-0.00369506,0.00024438722,-0.004954978,0.0022586987,-0.6911866,-0.1562389,0.030867951,-0.003186902,-0.007323986,-0.008134574,0.0038491099,0.004286197,-0.00803938,0.00017796701,0.004298426,-0.024303086,-0.794933,-0.012740596,-0.04166373,-0.0025795754,-0.009518981,-0.001721333,-0.0023928,-0.011232402
-8.134136,-0.5556743,-0.05982459,0.0013242693,0.44901863,0.0013213623,-0.07170264,0.0011812971,-0.016793888,-0.0036333606,0.0024747932,-0.15643775,-0.0033356426,0.0023568454,0.0037309132,0.001167478,-0.717352,-0.15040551,0.036872536,-0.0011281597,-0.005018542,-0.048287414,-0.0024662765,0.009802021,0.0015812538,0.0008378694,-0.0010493972,-0.008536927,-0.83436686,-0.0069250306,-0.0338293,-0.0005099203,-0.0069495137,0.0023103105,-0.00028294369,-0.0038091205
-0.15681392,0.3288934,-0.18398741,-0.00080281415,-2.2007027,-0.024240749,-0.01953215,-0.022365388,-0.037556943,-0.006681751,0.009086452,0.18100958,0.00092327874,-0.015834067,-0.00018448567,-0.042739205,0.7056702,0.010320505,-0.012504483,0.01888786,-0.010855548,0.0037122527,0.0018941682,0.006797505,-0.00027991063,-3.908953e-05,0.008253877,-0.23595232,-0.68380535,-0.047953833,-0.026138524,-0.012299087,-0.029719064,-0.004902684,-0.015228987,-0.017279271
-8.124467,-0.54906714,-0.057327963,0.0027105557,1.0454602,0.0029289585,-0.04517778,0.000348332,-0.01809035,0.0034278377,-0.0013038504,-0.15710604,-0.003896994,0.0026105677,-0.003771286,0.0006425582,-0.70803726,-0.14915891,0.044251803,-0.0048182686,-0.006845607,-0.019853273,-0.0062517407,0.0018321091,0.001253413,0.00081907806,-0.0006403656,-0.0021173405,-0.82353693,-0.008172334,-0.035546623,-0.00094757933,-0.002824885,0.0015439938,0.00396189,-0.0033506511
3.4960306,0.10445244,0.080785654,0.0005486559,0.9498633,0.016412003,0.018576851,1.425753e-06,-0.01659139,0.004310127,0.0076541663,-0.33189264,0.00062632613,0.019376285,-0.006538785,0.007750242,1.0442945,-0.069024175,0.02959396,0.016443957,0.021068623,-0.02026031,0.001407263,-0.02514564,-0.018911729,0.0011015199,0.0026703593,-0.25905567,0.9140671,-0.0062414324,0.026649421,0.0034540375,-0.0047796257,-0.0019420662,0.009661678,0.005336034
5.3620596,0.44303706,0.08355907,-0.004937472,-1.0856766,-0.00057633896,0.0019869776,0.004681852,-0.005868854,0.0025087467,0.034697436,-0.2829566,0.0028941412,-0.0011157853,0.006396859,0.0015817179,1.0294256,0.055103276,0.05456705,0.016979627,0.0015450844,0.06361134,-0.013196901,0.009257895,0.0030091165,0.0012903113,-0.00091734115,-0.3781597,0.86061007,-0.007890033,-0.09691651,0.0044942405,0.0037621174,-0.007936823,-0.004872584,0.0006424505
-8.081166,-0.52748394,-0.06258278,-0.0021692982,1.0414915,-0.002217897,-0.07818583,-0.0008632818,-0.0058770482,0.0033381884,0.0034871835,-0.14890514,-0.0006841878,-0.011304293,0.0027304378,0.0018275115,-0.73413455,-0.14243507,0.041329037,-0.0021882826,-0.0071500083,-0.012920204,-0.0007752467,0.0012879315,0.002342479,-0.0017935602,-0.0010443098,-0.00577853,-0.82884836,-0.0088563645,-0.035819937,-0.00016375908,-0.0054341825,-0.000699074,-0.005119382,-0.0036636074
-8.103947,-0.5443744,-0.059551448,0.0008637394,1.048238,-0.00460026,-0.07681141,0.0018128635,-0.015108543,0.0034872068,0.0019084319,-0.15757746,-0.004464077,0.00157601,-0.0027288655,0.0008922272,-0.70651495,-0.14767347,0.042637188,-0.0051127314,-0.006065463,-0.015085522,-0.005699335,-0.00044669825,0.0011392827,0.00089179556,-0.00021028313,-0.0042614653,-0.82557523,-0.0068506254,-0.034169096,-0.0008425512,-0.0022547948,-0.00018006105,0.0010426943,-0.002331414
14.576354,0.6765067,-0.050044157,-0.0050215847,-0.41588482,0.00054510345,0.090828784,-0.015426566,0.020836633,0.0021438734,0.009120973,0.33646765,0.0004477795,-0.021777611,-0.0066249254,0.0032711003,2.1581595,0.050384443,-0.04973092,-0.007179278,-0.02827187,0.11299903,-0.016584074,-0.0052951546,-0.056368567,-0.01092639,0.0003702869,-0.14961264,2.297346,-0.016452523,-0.030984392,-0.08803342,-0.013872722,-0.0022676026,-0.016586786,-0.01262237
-8.168728,-0.519197,-0.058922414,-0.011559577,1.0580935,-0.0017932956,0.0006115792,-0.0062571946,-0.00072074257,0.0018594858,-0.0045930846,-0.16946098,0.00014140602,-0.00844109,-0.016637234,0.0013396151,-0.77955043,-0.10602462,0.0438954,-0.0024247996,-0.006604951,-0.013139998,-0.0023972555,0.0034091421,0.0016688723,-0.0017173282,-0.0019711296,0.004232444,-0.9021309,-0.0022380478,-0.03996459,-0.0050839386,0.001568033,0.001185043,-0.0022970543,0.0015959409
-8.194677,-0.5289315,-0.059290763,-0.009931754,1.0505791,-0.0048500323,0.027527928,-0.0026855632,-0.01065851,0.0033704676,-0.005776277,-0.1516729,0.0007300107,-0.006575976,-0.0039344546,0.0016291351,-0.7332634,-0.15237197,0.042371985,-0.0023652469,-0.005559158,-0.018750696,-0.0025357082,-0.002673093,0.0006729133,0.0006241397,0.0020436253,-0.019527704,-0.8058736,-0.008703347,-0.032470856,-0.0008299185,-0.007663482,-0.004265043,-0.0003382775,-0.013854878
-8.147039,-0.533444,-0.059467614,-0.001692071,1.0404254,0.0018784472,-0.018720394,-0.0010393016,-0.018801574,0.0034037118,0.0047231894,-0.1521463,6.571974e-05,-0.0063077756,-0.00024358473,0.001201018,-0.7143057,-0.14801438,0.04165043,-0.0036090664,-0.005634813,-0.020090614,-0.0009383783,0.0027549288,0.004966911,-0.0017665578,-0.0010462732,-0.005856523,-0.83034766,-0.009,-0.034625903,-0.000118695585,-0.0035179935,0.00075734494,-0.004725405,-0.0022310268
-8.108232,-0.5433958,-0.03129969,0.0030666015,1.0473641,-0.00103399,-0.07950526,0.0022076129,-0.0047828215,0.003394738,0.0039741253,-0.1623129,0.00028586428,0.008284417,-0.003032056,0.0011117158,-0.75159633,-0.1310227,0.042224247,-0.0023878252,-0.0040036985,-0.014790721,-0.010335038,0.0009860131,0.0025557587,0.00057260686,0.0014202638,-0.005829792,-0.83884394,-0.008652563,-0.035368893,-0.0028661797,-0.008300868,-0.0019430353,0.002778886,0.0004347682
15.114658,-0.14597547,0.06665191,0.0035469264,-1.8040767,-0.002262279,0.076790035,-0.0041128625,0.015521016,0.0043399613,0.0037336482,0.39520854,0.0020245963,0.029907905,-0.010520505,-0.01322825,2.1481824,0.06626027,-0.015144929,0.0065430044,-0.0067272466,0.03285015,-0.0061672186,-0.006154653,-0.040803544,0.0020874827,-0.0005397221,0.1474193,2.2410405,0.009648702,-0.0316536,-0.0015010011,-0.009718582,-0.002677274,0.004222075,0.024761364
-1.4524585,0.16572675,-0.004679406,-0.0026628668,0.9993533,-0.022145111,0.122587785,-0.004020181,0.0066677867,0.0039888555,-0.023540908,-0.31548187,0.0015622881,-0.031168617,0.0019241765,0.00831494,0.6759242,0.0909673,-0.020362267,-0.0008305806,-0.009983476,0.021485748,0.006290466,-0.0024594518,-0.008630035,0.0026457778,-0.0024692737,0.19153085,-0.7123876,-0.0010268743,-0.013751629,-0.00398821,-5.296621e-05,0.012331048,0.0030655519,0.03472979
7.9622936,0.61764413,-0.0023575597,-0.0092061,0.99373436,-0.005809057,0.15149535,0.0034608387,-0.010161369,0.00092893024,-0.15230924,-0.49909255,-0.0009340613,-0.024589555,-0.00047729578,0.007882894,1.3574873,0.036825597,-0.020339753,0.029327894,-0.014679527,0.0035965065,-0.006946412,-0.003774493,-0.012944944,-0.0031544114,-0.0035478515,0.24537091,1.2354568,0.0017355358,0.05348834,0.002457732,-0.00476218,0.0047100186,-0.013182937,0.07046204
-8.170365,-0.54330933,-0.028892381,-0.009657878,1.0396615,0.0024231912,-0.002774845,0.00092091755,-0.015512415,0.0028927436,-0.00010906425,-0.16155814,0.0035785842,0.00015507778,-0.0032063953,0.00037720325,-0.7358877,-0.14146176,0.043596644,-0.0036319054,-0.0068283225,-0.019494567,-0.0023400106,0.0020142326,0.004549806,-0.001034425,0.0006566278,-0.0037785128,-0.82586586,-0.006304946,-0.034077134,-0.0014945794,-0.006026985,0.0021166303,-0.00078774703,0.00044263303
5.316062,-0.028887687,-0.22116867,0.001988636,0.9284306,-0.017162928,0.11029297,0.0051844856,-0.03033286,-0.01810865,-0.01068372,0.30201378,-0.013923708,-0.013640424,0.00086353405,-0.016781593,1.3094314,-0.12945196,0.054269705,-0.011795441,-0.02158233,-0.008599588,-0.008546363,0.00127,0.012224265,0.0034706483,0.00416605,0.04370101,1.2081506,0.0033645602,0.035251256,-0.011030587,-0.010353371,0.0064341277,0.00043238947,0.0019700993
3.8733304,-0.79715794,-0.21402398,0.00075602933,0.9022238,-0.018717652,0.13179353,-0.00035555518,-0.02116289,-0.05270867,0.020601807,0.5761375,-0.009175112,-0.007819125,0.007031945,-0.008071866,1.2539765,-0.2550304,0.017108249,-0.028158316,0.002428416,0.016910352,-0.011976134,0.020723438,0.00928773,-0.0007038051,0.00058740785,-0.049899295,1.2453021,-0.002140683,-0.23145631,-0.008916223,-0.0007190591,0.008554655,0.021097556,0.004289359
20.8883,0.5904734,0.025487259,0.0021627184,-1.8441088,-0.010905733,-0.113240965,0.010929255,-0.03003222,-0.014291508,0.032762796,0.61776125,-0.012733829,0.00068503636,0.007955831,-0.0076663177,2.5011237,0.07473754,-0.03071947,0.014127842,0.008339344,0.039150093,-0.031924278,0.0015341553,-0.0021364868,-0.006961613,0.0021591473,0.19207764,3.035266,-0.0035118514,-0.022042433,0.0040184907,-0.01279537,-0.014267393,-0.008289552,0.011951753
7.213478,0.62946314,-0.0052584694,-0.004949552,0.99245083,-0.0149480235,0.11712272,0.003732923,0.007985965,0.0012474473,-0.14955166,-0.49520707,0.00023033758,-0.02568477,-0.0019801424,-0.0048610633,1.3606162,0.03789371,-0.014404641,0.0309981,-0.0030073277,-0.0039754133,-0.017632244,0.0011329047,-0.05422575,-0.006113626,-0.00039069628,0.25148308,1.2194079,0.007988931,0.054393746,-0.00054791284,-0.009219229,-0.002942841,-0.012249005,0.061969463
-8.08743,-0.5495738,-0.056020968,0.0011170249,-0.6849544,0.0042044315,-0.1106306,0.004373724,-0.01770633,0.0008499223,0.0010168055,-0.16276541,-0.004582101,0.001252552,0.0041661547,0.0009968283,-0.74063885,-0.15068111,0.038507245,-0.00069860724,-0.004729405,0.07667725,-0.0037777128,0.013390332,0.005271671,0.0003140342,-0.0010713503,-0.25744864,-0.89252186,-0.006341578,-0.034213554,-0.0014328065,-0.0052820374,0.01821564,0.003271794,0.0050308756
-8.122269,-0.5332472,-0.061722133,-0.008886389,1.0403198,-0.00095117954,-0.050235797,-0.00021775284,-0.016673528,0.0033582454,0.0012797186,-0.14951813,0.0002398355,-0.0012684984,-0.00030886615,0.0012350336,-0.71298504,-0.14887744,0.0411435,-0.004082026,-0.0060226056,-0.02069246,-0.0079055,0.002820785,0.0077347513,-0.001679634,-0.0010427502,-0.0059635257,-0.8298118,-0.007759394,-0.03415868,-4.499317e-05,-0.0034180062,0.0011990622,-3.3385364e-05,-0.0018072737
-8.061622,-0.5675137,-0.060848013,0.0021514155,-0.59313774,0.0022842926,-0.062004752,0.0023688048,-0.015403195,-0.0069116014,0.00044923567,-0.16284636,-0.004433341,0.000880439,0.0057958993,0.0005528177,-0.7375733,-0.14904618,0.034187768,0.00014086299,-0.0055014854,-0.052214548,-0.0033103183,0.013834913,0.0019503562,0.0006491504,-0.0012680971,-0.019524518,-0.88738626,-0.0060741305,-0.03411222,-0.0012480281,-0.0077017383,0.013315194,0.003857212,-0.002123612
-8.119874,-0.53658575,-0.06399062,0.0008648877,1.0362569,-0.006544448,-0.0049933093,0.0013842602,-0.017264448,0.00033422624,-0.012510185,-0.16217883,-0.00766705,-0.0042916765,0.0021441572,0.0015568674,-0.71416897,-0.16596651,0.043196794,-0.0031267747,-0.0073207524,-0.031544223,-0.0052005146,0.0031553549,0.0051775123,0.00085825025,-0.0010308601,0.004096326,-0.8492859,-0.0054218727,0.0038577446,-0.0017603016,-0.005262669,0.0019377728,0.0010520997,-0.00043999753
-8.219666,-0.5277785,-0.021324191,-0.0083622215,1.0583537,-0.0023512717,-0.013274704,-0.006985712,-0.006411072,0.0034025023,-0.009343987,-0.17022903,0.0008379528,-0.006112031,0.0020098856,0.001100067,-0.74759984,-0.14229341,0.03407783,-0.0018633564,-0.0077352705,-0.014630634,-0.0012693441,0.0018842628,0.0027925745,-0.0022032373,-0.00017436725,-0.011592657,-0.8842676,-0.009781814,0.0032424028,-0.00057291414,-0.0060194707,-0.0050909473,-0.0007823862,-0.011089598
3.9132779,-0.5309965,-0.14270653,-0.005621505,0.9171266,-0.015507016,0.11851506,-0.003169965,-0.030536786,-0.010229737,0.01392525,0.18192254,-0.008190079,-0.0004439255,-0.0032771307,0.0043922174,1.1105114,-0.15994227,-0.0015235406,-0.0061233565,0.005081556,0.002777927,-0.007916246,0.010535955,0.007792244,-0.00034412288,0.0020050635,-0.3126629,0.94843394,-0.0022411605,-0.2672407,-0.0037237243,-0.004909454,0.006579212,0.016194263,0.0024026767
22.312792,0.52075917,0.067929156,-0.0023582529,1.0034168,-0.011238508,0.08837329,0.00899678,0.028782355,-0.0008866168,0.033904444,0.6795779,0.0019662539,-0.002370249,0.00521132,-0.008696583,2.5269027,0.110440075,-0.06258574,0.004823421,0.024616174,0.02831881,0.0075622047,-0.006531719,-0.007779695,-0.005617838,0.0007527512,0.18935177,3.0228496,0.0016864052,-0.008278616,0.0033295793,-0.0030741838,-0.0025250195,-0.013317896,0.017850788
-8.15376,-0.52947974,-0.063697,-0.0012278451,1.0397686,-0.0027907377,-0.0077592754,-0.0062087174,-0.0144458795,0.003378951,-0.00048446623,-0.14814319,0.00036248367,-0.011211533,0.0023083165,0.0016962354,-0.7182781,-0.1470094,0.039702818,-0.0045781266,-0.007272212,-0.013161324,-0.00815644,-0.00043254692,0.005024475,-0.0012623318,0.0008546676,-0.0032591831,-0.8232521,-0.008367481,-0.0337403,-7.190437e-05,-0.006990876,-0.0017075294,-0.0051443693,-0.0007304455
25.400747,0.79574597,0.049841054,0.003726546,-0.13791408,-0.008505034,0.1314773,0.011283882,0.034646124,-0.033328563,0.04758335,0.71037614,0.005920169,-0.00088086753,-0.0016314505,0.00085139653,2.7885594,0.12959266,-0.041491296,0.0065237866,0.02324221,0.024799759,0.0014743207,0.0017897313,-0.043328904,0.0025611913,0.0027206107,0.24075183,3.2692935,0.019668825,0.0014787696,0.015797148,-0.0023280114,-0.011251642,-0.0027822985,0.0233597
-8.197822,-0.5473156,0.03599079,-0.0013341594,1.0661614,0.00069587893,-0.026671233,0.0052016596,-0.008224662,0.0018198962,-0.0024491386,-0.18691191,0.0020520405,0.01163225,-0.0020280238,0.0011807358,-0.79601336,-0.06573524,0.0323438,0.0010222413,0.004839911,-0.019530635,-0.007733938,0.0030656336,-0.0006314997,0.0010090995,0.0064389817,-0.01617037,-0.95699054,-0.0057387277,0.0015819282,0.0032984666,-0.0061168843,0.0016654249,-0.005170524,-0.0028961508
-8.118778,-0.54116416,-0.06307458,-0.0074853105,-1.5162863,-0.0021520015,-0.14049442,-0.0009837517,-0.017811676,0.004711629,0.0013496797,-0.16507363,0.0002049332,-0.006862903,-0.0046173097,0.00021641566,-0.7623979,-0.15003401,0.037495784,-0.002133646,-0.0063407025,0.10784669,0.0026782758,0.0044375067,0.009531976,-0.0020443243,-0.0054797144,-0.30447185,-0.9160646,-0.008605186,-0.033728387,-0.0019959628,-0.0064377864,0.0018306893,-0.00415575,0.0024854017
-4.3617077,-0.21326424,-0.03391572,0.002237903,1.0454758,0.023414519,0.046798367,0.0017484801,0.014824632,0.0036170385,-0.00048094615,-0.2923475,0.00057064387,0.020240532,-0.00090129283,-0.004776614,0.39004445,-0.2044248,0.0022882859,-0.0059510265,-0.00095975125,-0.029703988,-0.002704645,-8.1651495e-05,-0.0029544502,-0.0006428983,-0.0065805507,-0.04354701,-0.66547793,-0.007998201,-0.003282095,-0.001810624,-0.006297642,-0.0063761375,-0.014781898,0.00052960525
-3.1754627,-0.010881854,0.004961201,-0.0029467028,0.9656735,0.024213111,-0.0015466403,0.0010610969,-0.013476245,0.003982732,0.004248576,-0.32146844,0.003800896,-0.0116866585,-0.0033493629,-0.004574478,0.40142706,-0.21138683,-0.004095458,-0.0068275775,0.00036079358,-0.0054311454,0.008394785,0.0023975603,0.0012148996,-0.008177331,-0.0029743786,-0.05905855,-0.70115125,-0.0077771535,-0.0014808802,-0.0050338446,-0.0073362533,0.001551739,-0.01989728,0.0031245826
-7.6897073,-0.5152757,-0.07056862,0.021858055,0.04343578,-0.005677189,0.02170377,0.0031184852,-0.008424717,0.009362381,-0.027758384,-0.14749339,-0.034579072,0.009861471,0.021558696,0.00025990335,-0.6069024,-0.134803,0.054118935,0.0038520365,-0.012096769,-0.007251997,-0.0013114767,0.007326949,-0.014308294,0.00028831366,0.016469462,-0.054953586,-0.7930439,-0.0072512506,-0.0011883312,0.0015333361,0.11312524,-0.000929128,0.012752289,-0.008321066
-8.08907,-0.5353207,-0.068318516,-0.0013165454,1.0438553,-0.015180156,-0.06996732,-9.130954e-05,-0.017386815,0.0034024636,-0.0005233085,-0.1508891,0.0013213484,-0.0107374275,-0.003203583,0.00070570334,-0.7156532,-0.14437965,0.040932994,-0.002579801,-0.0045075687,-0.00015656411,-0.008818969,0.0014413967,-1.0892476e-05,-0.00019659742,0.0017610161,-0.0053128684,-0.8230915,-0.008198605,-0.03505944,0.00057893887,-0.005201306,-0.0003439142,-0.008152934,-9.5987554e-05
-8.197241,-0.5559133,-0.06180263,0.0032437772,-2.4844038,-0.014375903,-0.0240279,-0.0006323397,-0.0013197397,0.0031234862,-0.0014012314,-0.1637129,-0.0054654633,-0.007968984,-0.005955822,0.0007659205,-0.80063856,-0.14117809,0.042335223,0.003329183,-0.003807928,-0.0033647579,0.006633238,0.0008732153,0.0014660986,0.0009078486,0.0026976885,-0.27070782,-0.8878678,-0.0145290475,-0.02950717,0.014741467,0.010850869,-0.0014831064,0.0027358232,-0.0014875537
-8.17043,-0.5179222,-0.05850275,-0.008092666,1.0612929,-0.00593649,-0.0053664763,-0.008934585,-0.00036527592,0.0018588502,-0.0036035203,-0.17169714,0.0006745995,-0.008468338,0.009399358,0.00095537334,-0.7649398,-0.10335771,0.04517948,-0.002417053,-0.00622103,-0.0139098205,-0.008623828,0.0075481813,0.002057169,-0.0011414362,-0.0013356421,-0.009527517,-0.906276,-0.0054394063,-0.008228534,-0.0058120615,0.006404451,-0.004965482,-1.716521e-05,-0.001173798
6.674165,0.44027293,-0.20206495,-0.0027831255,0.95897764,-0.009372759,0.11662966,-0.021567483,0.0024808247,0.0010595088,0.010403819,0.16212131,-0.00025613964,-0.03433412,0.004709398,-0.008515438,1.3231688,-0.0005969548,-0.0059410306,-0.039200157,-0.02589408,0.044845603,-0.00946125,0.005590272,0.003780965,-0.0009147439,-0.00041558556,-0.3383313,1.0637517,-0.0033969246,0.046526335,-0.0103041995,-0.0056533604,0.002451038,-0.006670451,-0.0044763596
-6.807244,-0.12382478,-0.005956377,-0.006186785,1.0762159,-0.014077648,-0.017540215,-0.004673204,-0.0040910766,0.0025653157,0.00084099773,-0.19877964,0.003920501,-0.019819941,0.0011924428,0.0011169004,-0.658249,0.010725917,0.011409806,-0.0022119405,-0.009949521,-0.032008074,-0.00067203364,-0.00700023,-0.0014371957,-0.0007359707,-0.015564031,0.10748574,-1.1155629,-3.9563103e-05,-0.0057240133,0.00206824,0.018295217,0.00866646,-0.010435471,0.032561883
-8.090139,-0.52886647,-0.06704426,-0.00037640246,1.0359977,-0.0057065757,-0.06672315,-0.0015916884,-0.016418312,0.0033348228,-0.0005724889,-0.1474824,0.00019066877,-0.011374775,0.002502817,0.0015341744,-0.7137357,-0.15020786,0.040373795,-0.0019425268,-0.0072056735,-0.013902337,-0.005976065,0.0015369374,0.009516367,-0.0019599195,-0.0007931096,-0.0030515795,-0.83011943,-0.007898979,-0.034212746,-0.0021216043,-0.0030030408,-0.0005080986,-0.0041313367,-0.0007533282
-6.8460565,-0.122240916,-0.021529846,-0.009823251,1.0746177,-0.009218032,0.012333223,-0.004615864,-0.0045995316,0.0024463902,-0.0037566188,-0.19109261,0.0033053632,-0.023006234,0.0012294732,-0.00407762,-0.65308595,-0.007361903,0.008951789,-0.002762606,-0.0104103945,-0.008526333,-0.0032528304,0.0025694398,-7.504479e-05,6.460008e-05,0.0013843926,0.13612375,-1.1087497,0.014251057,-0.024388487,-0.0031189257,-0.006645196,0.0090968665,-0.010667214,0.08495583
8.276451,-0.9272862,0.046381105,0.0009344906,-2.2657437,0.01785656,-0.20728292,-0.004367573,0.02464772,0.000915296,0.0491835,1.0038922,-0.00020349816,0.011887156,-0.0021096808,-0.013847088,1.7032895,0.008327339,0.007914169,0.013352835,-0.009417201,-0.02180081,-0.03498014,-0.003562316,0.0113466745,0.0009406275,-0.00033415406,0.22284497,1.37289,-0.0028276236,0.08861567,-0.008068066,-0.008753209,-0.005027513,-0.024458997,0.029617678
12.163751,-0.42415348,0.05128146,0.0024818517,-1.6083763,0.0063697547,0.06001643,0.002592759,0.029062765,0.00831377,-0.017751014,0.38326716,-0.0037680846,0.018466145,-0.00053385476,-0.026057098,2.0113041,0.03643913,-0.011251204,0.01738453,-0.05335208,-0.018518018,-0.007334071,-0.0073524415,-0.045553863,0.013146801,0.008155904,0.083275266,2.1131413,0.009483677,-0.047700986,0.0016445019,-0.014635722,-0.0036857051,0.009131468,0.016515201
5.762289,-1.0963521,-0.06879874,0.0025125605,-0.10213565,-0.0019953346,0.09431029,0.003396299,-0.021646919,-0.014311022,-0.017459907,0.3428319,0.0021749048,0.020593122,-0.009432648,0.0073982356,1.6149845,-0.69058573,-0.0061557977,-0.00011313132,0.002698516,0.053125244,-0.0023571576,0.0013425677,-0.018848216,0.0009228236,-0.006594591,0.032860667,1.9026489,0.015410612,-0.02812601,-0.01805065,-0.013899871,-0.048187032,0.017215954,0.027315458
-8.204204,-0.55627924,-0.0365537,0.002443453,1.0342777,0.00023812432,0.008743167,0.0030239066,-0.016581414,0.0030203664,-0.00243133,-0.16003282,0.00057346775,0.008727207,0.0029476974,0.0016115594,-0.7597985,-0.14341642,0.042355247,-0.0040494157,-0.006364822,-0.046395,0.0032405732,-0.0009005902,-0.00626077,0.000120599965,-1.33371905e-05,-0.017299525,-0.80414975,-0.008867758,-0.03023146,-0.0031554431,0.00026495074,-0.0010755231,0.0014376715,-0.0009459342
6.5434294,0.28416,0.056350503,-0.0055598742,0.9904561,-6.566505e-05,0.12537819,0.010659218,-0.015521028,0.0014243079,-0.1432049,-0.46569872,0.009049148,0.04910937,0.0019787697,-0.004478682,1.3446511,0.028774623,-0.006809898,0.011880739,0.014971141,-0.0091798445,-0.010069437,0.00039953995,0.000975571,-0.0039146557,-0.0003067112,0.23391801,1.1627159,0.0106882285,0.058047004,0.0032317617,-0.0053355694,-0.0073859226,-0.015579409,0.057964258
-8.10612,-0.52938855,-0.061399758,-0.00039360562,1.038673,-0.004434329,-0.042076807,-0.0014704184,-0.0018562403,0.0033423258,-0.00026012017,-0.14778139,0.0014506836,-0.011493092,0.0028870055,0.0016608858,-0.74741745,-0.1417949,0.040793344,-0.0015066242,-0.0065823337,-0.020020245,-0.00793742,0.0022887276,-0.00032716733,-0.0017139616,0.00113792,-0.004790077,-0.8230371,-0.008384861,-0.03106038,-0.00017435756,-0.005159207,-0.00381625,-0.0044413963,-0.00016368867
-8.085003,-0.53015316,-0.06869517,-0.011652087,1.0465531,0.0023565595,-0.073502846,-0.0010047347,-0.017849179,0.0033330508,0.0035869516,-0.1507631,-0.00043639343,-0.008133147,-0.00011929478,0.001095568,-0.7118349,-0.15018061,0.040300716,-0.001350514,-0.0055038803,-0.016428517,0.00032920574,0.0017220097,0.0023381168,-0.0013375417,0.001716153,-0.0070157894,-0.83253545,-0.008865526,-0.03565473,-0.000964902,-0.005945106,0.00057564164,-0.0004980136,-0.0034558931
-8.186261,-0.5326121,-0.06573314,-0.0016770142,1.0353017,-0.0045267222,0.01892947,-0.002414357,-0.014248939,0.0028293051,0.009263878,-0.14579277,0.0008258928,-0.011261297,-0.00077915814,0.0019022695,-0.7223782,-0.15375918,0.039967433,-0.0011473787,-0.007896643,-0.02872726,0.0051694745,-0.00090505765,0.0018890607,-0.0019922464,0.0011731441,-0.0033942203,-0.8134506,-0.010093465,-0.033659317,-0.0061164605,-0.00400786,-0.0019219302,-0.0057243737,-0.00076336646
-8.12792,-0.54280746,-0.02202942,-0.001238931,1.0479597,0.0026657854,-0.042605385,0.0024197658,-0.0142115895,0.0033853257,-0.000472429,-0.16291799,0.0007618975,0.0013148905,-0.004573677,0.0012284768,-0.7414721,-0.1341435,0.04384179,-0.003009372,-0.005476202,-0.016879633,-0.008824532,0.001916863,0.0026938235,-0.0023146765,0.0007321311,-0.004818011,-0.8477267,-0.0077948608,-0.03382512,0.001213917,-0.0029301895,0.0016657108,-0.0058754417,-0.00071553903
-5.4745784,0.033087354,-0.07021257,-0.002845622,0.97797215,-0.028883439,0.007175309,-0.0092717325,-0.008480426,0.0039214743,0.0016117125,-0.09116416,0.0010045996,-0.024978885,-0.0028521577,-0.0034524119,-0.16045164,-0.1567479,0.0074488386,-0.00360133,-0.0057329778,-0.02731464,0.003258056,0.0008352879,-4.124058e-05,-0.0061566806,-0.0003605331,-0.00014617735,-0.8661133,-0.00790434,-0.025968872,-0.0017496388,0.007003685,-0.002073963,-0.01941504,-3.9718117e-05
-8.131457,-0.5488549,-0.022554828,0.004751305,1.0473696,0.0024471013,-0.04626768,0.0031251812,-0.005970945,0.0029971926,-0.0035512522,-0.16120829,0.00032985612,0.009347739,-0.003323601,0.0007943401,-0.7434122,-0.13613896,0.04536176,-0.0039469427,-0.0050813886,-0.027824571,-0.0071124826,0.00073765585,0.0023577744,0.00088904175,-0.0008258685,-0.0031164775,-0.85032964,-0.009271714,-0.018841485,-0.0023425496,-0.0055897166,-0.0016571272,0.0039656092,0.0015360708
-8.078879,-0.5274508,-0.06924597,-0.007912239,1.0436594,-0.0045915996,-0.07345097,-0.003351337,-0.018082846,0.003355134,0.00025444664,-0.14652145,0.00020065754,-0.008366118,-0.0002758178,0.0016522963,-0.7165877,-0.1495316,0.04032391,-0.0032890372,-0.0069820997,-0.016422702,-0.0040700953,0.0011259587,0.002900292,0.00032014344,0.0011369074,-0.0035749981,-0.82984585,-0.007809144,-0.033754908,-0.0026491873,-0.0039748023,0.0006429406,0.0010297943,-0.00039699042
-0.3699157,0.21927284,0.040778823,-0.0036629362,1.0279535,-0.0099231275,0.10368636,0.005161077,-0.0020675051,0.0036881887,-0.023157883,-0.41770396,0.006234154,-0.022020407,-0.0034612129,0.010001898,0.46115577,0.047782965,-0.015672443,0.004716387,0.01483155,0.032487687,0.013782567,-0.007936159,-0.00027344225,-0.004139797,-0.015272196,-0.018930819,-0.7767118,0.00015740078,-0.024822382,-4.112505e-05,0.005057033,0.0049862694,-0.004321515,0.038241267
-8.116498,-0.5282164,-0.064353876,-0.008616818,1.046706,0.0005273847,-0.043253325,0.000380944,-0.014989309,0.0034355216,0.0040985527,-0.15159142,-0.00029300014,-0.00850414,0.002230234,0.0013674941,-0.7179496,-0.14671606,0.040280055,-0.0032965622,-0.007366053,-0.01695411,-0.0065857586,0.00070134713,0.0007479724,-0.0014553339,-0.0019977826,-0.003997383,-0.82844853,-0.008367018,-0.034045707,-9.379286e-05,-0.002987141,-0.0025921748,-0.00067418755,-0.0030110804
12.891942,0.4630475,0.08248935,-0.0043934393,0.9129038,0.002623625,0.09033234,0.008515301,0.01641288,0.0011639029,-0.055165634,0.23866479,0.0022499831,0.053014256,-0.0007122514,-0.0060924706,1.6407596,0.05316669,-0.012406837,0.03223329,0.011458432,0.0629164,0.008327669,-0.005127062,0.0032209693,-0.008120889,-0.0070174965,0.20099294,1.3792737,0.035403706,0.08883041,0.021699905,-0.0066688596,-0.005082798,-0.0052992897,0.0066308076
-8.044102,-0.5498745,-0.06253032,-0.007819177,-1.2295554,-0.002895284,-0.075555615,-0.0005011755,-0.018141123,0.004551289,0.0008100938,-0.15869282,-0.00089730637,-0.0045084553,0.005427041,-0.00042978063,-0.7676063,-0.14937057,0.03326947,-0.003868316,-0.005319661,0.1058274,0.005330321,0.0040577953,0.0107186595,-0.0014613725,0.002923687,-0.26755816,-0.90185255,-0.0086438665,-0.035370864,-0.0024193183,0.003334054,0.0023379363,-0.0044955136,0.009691472
-8.142645,-0.54340917,-0.014278576,0.00048442584,1.0464343,0.0034540272,-0.03777773,0.0009422797,-0.014590714,0.0033712848,0.0040895604,-0.16145934,0.0029819033,-0.005203944,0.00044348836,0.0009830967,-0.7358419,-0.13584107,0.043504264,0.008752751,-0.008262984,-0.021594977,0.005097859,-0.00040790078,0.0012959065,-0.0015820495,-0.0022731067,-0.0050706053,-0.8573127,-0.004885426,-0.03511406,-0.0017916451,-0.0035389385,-0.001294077,-0.0023961442,-0.0040661898
-8.114998,-0.53391206,-0.066947795,0.002376101,1.0463538,0.003730404,-0.027184783,0.0011745776,-0.018099828,0.00357273,0.00037837744,-0.15154101,0.00023694089,-0.007229021,0.0031773061,0.0010568969,-0.7247093,-0.14882132,0.04103106,-0.0048959423,-0.007400079,0.06417012,0.009778963,0.011559462,0.008218506,0.00044835423,-0.0006854119,-0.13957886,-0.8397361,-0.008135298,-0.033945937,-0.0040257466,-0.004109743,0.01867364,0.0032467758,0.0052494127
-0.7835292,0.2039504,0.06913889,0.0012579258,1.0321789,0.0072121886,0.10768795,0.009517649,-0.002732527,0.0019471708,-0.012432029,-0.4134206,0.005621057,0.025134947,0.0010261398,-0.0014351379,0.48698354,0.029014148,0.008162212,0.01267292,0.0025939588,0.038955234,-0.010954123,-0.005442533,-0.010806283,-0.005408871,3.8087863e-05,0.012946728,-0.71088797,-0.010871043,0.004317921,0.0036888528,-0.0035374141,-0.0038913884,-0.0059502604,0.0031997054
-4.9741926,0.37951833,-0.07660811,-0.0015097328,1.1551062,0.022029677,-0.14805043,-0.007081965,0.0015616376,0.0040527596,-0.000432464,-0.051582288,0.0061824564,-0.02412888,-0.001980174,-0.0071776737,-0.24543822,-0.15674722,0.0043558488,-0.002633199,-0.0061740247,0.00056487403,0.008932473,0.0014574472,0.0009876583,-0.0034340739,-0.001379732,-0.15632343,-0.89145356,-0.006700371,-0.02212101,-0.0008011067,-0.012119406,0.0010439962,-0.0058138487,0.0032915692
19.897993,0.66031605,0.031477053,-0.004428315,-0.9998864,-0.006166974,-0.17983456,0.0032675099,0.010905874,0.004099964,0.043946557,0.73013365,-0.009681833,-0.0024460785,-0.003943259,0.0019442571,2.5280902,0.072387405,-0.061576877,0.002564882,0.007794239,0.07091593,0.006409329,0.005241642,0.0028468114,-0.003493212,-0.00080297794,0.09767991,2.7993674,0.008780368,-0.01822078,0.015876586,-0.005950488,-0.0062172855,-0.010547727,0.013086972
0.42796776,0.40956455,-0.008116396,-0.0019164634,1.0192121,-0.0009321099,0.16419415,0.002901446,-0.0038766817,0.003412685,-0.024398811,-0.3378627,0.0077702934,-0.022418464,0.0013312862,0.006966774,0.668444,0.08030916,-0.010047151,0.006424832,-0.00011567647,0.03620767,-0.004642188,-0.005171352,0.0026498772,0.0014047332,-0.007445653,0.24357405,-0.74073243,-0.00014050899,-0.021103105,0.0049365736,-0.0023042585,0.0063927104,-0.0118028065,0.042086378
-8.176906,-0.5333549,-0.073416315,1.8044042e-05,1.0510354,-0.0052770893,0.0018485127,0.0005993844,-0.018484449,0.0005479223,-0.0031559495,-0.16327475,-0.0062458636,-0.0042005307,0.0024471527,0.0023241262,-0.72987264,-0.10094838,0.042143073,-0.0042596785,-0.009410481,-0.015195577,0.011915685,0.0012316485,0.012682172,-0.00046241045,0.0010220394,-0.0029075954,-0.91111153,-0.0066737286,0.00047098324,0.0033150883,-0.0016131499,-0.0014772393,-0.0039086053,-0.004097521
-8.108805,-0.53582126,-0.06303794,-5.5118526e-05,1.057452,0.0033012503,-0.05132641,0.0011217085,-0.01683808,0.0023809874,0.0010749425,-0.16015077,-0.00070866814,0.009341556,-0.001809291,0.0018555576,-0.72345096,-0.14733197,0.04267798,-0.0043100687,-0.006550521,0.09913233,-0.0038081685,0.0015182947,0.009761639,-0.0017047038,-0.0006816846,-0.20272957,-0.83265305,-0.008719913,-0.032208588,-0.0010071443,-0.0044545257,0.0134411715,-0.00046511722,0.002751198
-8.19669,-0.5535346,-0.030197242,0.0021326165,-2.5287812,-0.00093593064,-0.086490035,-0.0014745086,-0.006090676,0.0031016443,-0.0030202342,-0.17136581,-0.009083595,0.0016953816,0.0016338213,0.00068777316,-0.8152558,-0.1398145,0.029366877,-0.002791486,-0.007402817,-0.17630206,-0.0048848703,0.0009966238,0.009968642,0.0019007608,0.001183874,-0.043363784,-0.90815973,-0.009784561,-0.028929422,-5.2097224e-05,-0.018347232,-0.007263325,0.0021622481,-0.009869397
-8.159654,-0.54276055,-0.061170127,0.0012735791,1.0195252,0.00026388705,-0.0122843925,0.0022375574,-0.016571507,0.0033578302,0.000664924,-0.15346771,0.0007211725,0.009947179,0.0022473794,0.00023344916,-0.7164497,-0.15161705,0.04081155,-0.0026646415,-0.0056344345,-0.02807739,-0.0036540297,0.013521911,0.0072039203,0.00072805793,-0.0008970357,-0.006187236,-0.8305615,-0.007995438,-0.034936093,-0.0029708513,-0.00285929,0.012443847,0.001207278,-0.0014513186
22.954975,0.8079304,0.04375186,-0.0021352347,0.9999442,-0.00211128,0.098473676,-0.017191108,0.02468969,0.002703317,0.026878472,0.6603612,-0.007505586,0.001540178,-0.001257196,-0.0024039594,2.5988593,0.12477372,0.039559893,-0.013668192,0.01227706,0.020391397,0.08268016,-0.012571017,-0.005687092,-0.0056081954,-0.0022868481,0.24659285,2.9976444,0.01141095,-0.009582249,0.008647534,0.0029657008,0.0005734082,-0.013138426,0.022889035
-8.209746,-0.5604834,-0.014564278,0.00094387383,1.0481272,-0.0013622378,0.02085754,0.0039325403,-0.008029022,0.0028731904,-0.00072511705,-0.16432698,0.0008203257,0.010872778,-0.003330724,0.0014675439,-0.76567674,-0.13900588,0.043964233,0.0015273587,-0.0021919298,-0.025802305,0.003732257,-0.0005069856,0.0016884577,0.0006386856,0.0017384582,-0.007538646,-0.8276297,-0.009627378,-0.032242972,-0.000799249,-0.0037770353,-0.0046447795,-0.00054761756,-0.0023295046
-8.2033205,-0.54650265,-0.06598344,0.0016663561,1.054711,-0.0033743044,0.022914287,0.0008164025,-0.020853588,-0.01736123,-0.00069495785,-0.15149757,-0.0044678366,-0.007073983,0.0016307667,0.0015217459,-0.6897459,-0.16643943,0.042270865,-0.0017742689,-0.008327091,-0.0185583,0.0073269517,0.0015832913,0.0022090422,0.00043144566,0.00045368116,-0.020544905,-0.80140245,-0.009059207,-0.035958797,-0.0063761054,0.006157381,0.0012383742,0.003957958,-0.0070085726
-6.776983,-0.17060718,0.018021394,-0.0018476795,1.1073655,-0.011480421,0.030647997,0.0033148902,-0.003929695,0.0035823514,0.0016953221,-0.19399785,0.0029063532,-0.013394798,-0.00097311276,-0.0060001467,-0.6717762,0.01753688,0.012776629,0.008706355,0.0013659466,-0.0062906025,-0.002245323,0.0055369865,-0.009637034,-0.004656656,-0.011688366,0.027905647,-1.0890617,0.0022738704,-0.009671493,-0.0026863934,0.012026672,-0.006084697,-0.012585372,0.028098825
-8.118998,-0.52708197,-0.040614374,-0.0023060145,0.373968,0.00049178087,-0.072452195,5.462025e-05,-0.017181464,0.003992597,-0.00027623266,-0.16107485,0.0024500259,-0.003305151,0.0056593907,0.00036426942,-0.74405026,-0.13969822,0.038131714,-0.004289028,-0.005880897,0.08758488,0.0107469605,0.013654037,0.010312209,-0.004670696,0.0015670232,-0.250192,-0.860631,-0.007563374,-0.030073695,-0.0016226216,-0.01259032,0.018211076,-0.0033886847,0.0051914
-8.1361,-0.54752403,-0.018957177,0.0036777658,1.057439,-0.0012138695,-0.034713082,0.0010365271,-0.0059854756,0.0034778367,-0.010307542,-0.17260881,0.0018205558,0.010875752,-0.0009440427,0.0011310928,-0.761405,-0.14349034,0.04688581,-0.0026559127,-0.004181022,-0.0191072,-0.0022623667,0.0011969279,0.003600029,0.00072228035,-0.0033908787,-0.0010807586,-0.8869256,-0.0068375343,0.01697013,-0.00049189816,-0.00420236,-0.004823851,0.0036097828,-0.0026362739
-8.092182,-0.53023654,-0.06319407,-0.008376122,1.0273361,0.00017857556,-0.07865266,0.00023689058,-0.018494036,0.003434017,-0.0006244395,-0.15756124,0.0005183592,-0.0036908165,0.0028764184,0.0016435427,-0.7122008,-0.14724973,0.039924443,-0.0053672767,-0.0068024425,-0.018319592,-0.005587906,0.0012505535,0.0097764805,-0.0010106895,-0.003976054,-0.0069326437,-0.8321394,-0.0077093407,-0.034244984,0.00020697672,-0.0038153226,0.00078039186,-0.0003592247,0.0007875507
-8.1031475,-0.54406893,-0.037796125,-0.00610904,-1.5323223,0.0027077917,-0.13013059,0.0015433502,-0.014494151,0.0047408943,0.00024764688,-0.16913421,0.0035874827,0.0022028552,-0.010699548,0.00081098144,-0.7777649,-0.13942277,0.035389125,-0.005227615,-0.0025422466,0.08914886,-0.0005997506,0.0015653083,0.005033006,-0.0010856385,0.0021954689,-0.26617983,-0.92788386,-0.008851549,-0.033973888,-4.546348e-05,0.0054457188,0.0029456608,-0.0070042233,0.0056126374
11.598003,-0.38726413,0.04944591,0.0036392594,0.88519406,0.021618811,0.092968665,0.010126781,0.014799046,0.010222621,0.03694499,0.8458158,0.015432724,0.02856621,-0.00044881768,-0.00032423734,1.5341581,0.007998581,0.058715075,0.01307096,0.016673721,-0.0072470047,0.0040660636,-0.005154237,-0.013354405,0.0023794733,0.0005021469,0.05673229,1.2685728,-0.0050037582,0.023489766,-0.004468995,-0.006906304,-0.010523417,0.020146927,-0.0051820404
-3.2253299,0.46118298,0.0013483,-0.017183922,-1.782144,0.019274617,-0.24444038,-0.010070387,-0.006512629,0.0045323344,0.00037055268,-0.0016067949,0.008931594,-0.0072795316,-0.008446414,0.024052337,-0.6158642,-0.10784541,0.096265785,-0.008789638,-0.0022056152,0.100931935,0.012605361,0.0006245177,0.057222757,-0.0184521,-0.00051149895,-0.26467645,-1.0108845,-0.00563197,-0.010902238,-0.0005871295,-0.021771414,0.00022105557,-0.012291573,0.008818601
0.19510502,-0.3872592,-0.0075511537,0.0031546007,-1.5274326,0.005370392,-0.077627964,0.0020813239,0.0034035365,0.004703835,0.010802497,-0.2812078,0.001950088,0.015318518,-0.009817341,0.012684833,1.0190785,-0.11800794,-0.0027157932,-0.006696642,0.0019668643,-0.0019068286,-0.0072411583,0.0022423444,-0.0056978557,0.00021296136,0.004207529,-0.2800644,0.8349782,-0.009745042,-0.05565865,-0.0038503497,-0.004847743,-0.014190247,0.009494973,-0.004118635
2.5497015,0.23154996,-0.016125744,-0.0014189872,-1.6611174,0.003915894,-0.14418295,-0.008140774,0.0032609259,0.010004812,0.01503976,-0.4374044,0.0019900275,-0.0033878142,0.014305188,0.02059777,1.0002517,-0.07081733,-0.018772393,-0.013789786,-0.010365964,0.007439514,-0.0031951435,-0.0031306683,-0.0019943998,-0.0016808461,-0.012227228,-0.44048715,0.885779,-0.0051817335,-0.022882573,-0.004912573,0.011614387,-0.009881134,-0.011057332,-0.0012236617
-8.120271,-0.54391617,-0.022128519,0.0030895309,1.0556387,-0.00027666302,-0.058211546,0.003857026,-0.0060000424,0.0035983562,-0.0010102878,-0.15977265,0.00018863706,0.009229992,-0.0024387387,0.001104312,-0.7506404,-0.13182348,0.04416633,-0.0042626616,-0.006867681,0.019404516,-0.0006115001,0.00016762866,-0.0038194642,0.0006233868,-0.00037719062,-0.10098543,-0.84628105,-0.008983848,-0.03537462,-0.002152516,0.006088489,-0.0044094734,0.0047858227,0.0016041986
-8.155504,-0.5616383,-0.026045617,0.0033413596,1.0938462,0.00954134,0.08510675,0.0011232747,-0.0018637916,0.0036660915,0.00089915347,-0.1543799,0.0017804718,0.008857674,0.001205803,-0.0006089636,-0.7563608,-0.13646324,0.043296326,0.003182923,0.013060771,0.03380218,0.004700137,-0.0013267932,-0.0015650411,0.0003523801,0.00088718074,-0.21187101,-0.84401,-0.015205061,-0.02939275,-0.0011385013,0.013351928,-0.0029542686,0.0021224688,-0.0019027102
-3.4700913,0.20108226,0.011958272,-0.0040327557,-1.9111553,0.019749902,-0.31107655,0.00069438934,-0.003647155,0.0023926368,0.008053849,-0.3459021,0.0069959434,-0.008442936,0.009864196,-0.0016321375,0.3948758,-0.26740867,-0.008570106,-0.0052118516,-0.0059764874,0.0487576,0.0056792316,0.0047873203,-0.010080309,-0.004788482,-0.005397172,-0.2623306,-0.69554985,-0.0060973517,-0.0031221292,0.0058138072,-0.0018622207,0.00070935127,-0.009657306,0.0083721755
-5.9170766,-0.5436239,-0.08915915,0.0015471575,1.0008835,0.015566827,0.048084818,0.0022657965,-0.00028804407,0.0046987436,0.0008241477,-0.11901108,-0.0030591534,0.0015125573,0.003003402,0.0060104015,0.3119965,-0.25370428,0.0056367,-0.0042390497,-0.008867822,0.01300201,0.005749024,0.0013512935,-0.0022311271,-7.425554e-05,0.004096757,-0.24224785,-0.7367773,-0.009647416,-0.029570613,-0.0031131536,0.0045107435,0.0014265096,0.006057791,0.0052573453
-8.2119875,-0.5403904,-0.022257755,-0.008559087,1.0608443,-0.00062184816,0.01820724,0.004252282,-0.016065234,0.0029071523,0.005385925,-0.16358171,0.002785862,-0.0011569426,0.0021571598,0.0014679779,-0.73594135,-0.14029554,0.043095514,-0.002267469,-0.003371454,-0.026889797,-0.005394584,0.004657768,0.0025642847,-0.00011935233,-0.004285075,-0.014466636,-0.83964026,-0.008882006,-0.03246277,0.0010543301,-0.0056171687,0.0003377894,-0.0006808453,-0.0024697713
-8.152156,-0.5327011,-0.062128734,-0.0004196069,1.0385449,-0.0028963173,-0.0055639017,-0.00013896612,-0.00021684241,0.0028235028,-4.5562956e-06,-0.14921412,-0.0038355985,-0.006633821,0.00019370663,0.0023048965,-0.74520916,-0.14952552,0.040705685,-0.0019394656,-0.0052189794,-0.026262395,-0.001753904,0.0024052633,0.01053605,-0.001329093,0.0010610317,-0.004309981,-0.8115238,-0.008061668,-0.030834014,0.002401252,-0.005316116,-0.0027958853,-0.004979197,-0.00020220333
2.3871968,-0.6070716,-0.050270397,0.005002634,0.8923364,0.0101720495,0.0780523,0.0054008677,-0.016567083,0.005401652,0.003290158,0.3355031,0.00027543816,0.017462615,-0.0025085064,0.02897745,1.0919306,-0.324568,0.022288766,-0.0034746826,-0.008098367,-0.057539515,0.0044860686,0.014838043,0.0030528246,-0.004138234,0.009217234,-0.19205841,0.21203397,-0.005600236,-0.11856462,0.0032149656,-0.00103769,0.006111499,0.019401887,-0.0068476447
-8.079919,-0.52680826,-0.06802708,-0.0011345231,1.0389562,-0.0048657986,-0.08412729,0.0014358374,-0.01538373,0.0032934255,0.0001995446,-0.15142521,0.0003927045,-0.011022545,0.0019178814,0.0018207453,-0.715208,-0.14934292,0.04178472,-0.0049075866,-0.007250355,-0.001300678,-0.00538496,0.0011201288,0.003267577,0.00021096529,0.0010596554,-0.043198828,-0.83356804,-0.007822224,-0.03432783,-0.002166572,-0.0015163184,-0.00016271751,-0.005815944,-0.00048687475
14.362169,0.37511015,0.10456869,-0.022384424,-2.1225147,0.012698457,-0.18561603,0.00030405787,0.17750332,-0.019268218,0.017793823,1.4870554,0.0006689405,0.015717408,0.0026360822,0.04182453,1.720081,0.09952509,0.09629116,0.020486433,-0.0026945828,-0.19134904,-0.09115371,-0.004434062,0.018076237,-0.00656924,0.0005505982,0.16895334,-0.54043376,-0.007075728,-0.007221208,-0.0045581656,0.018181171,-0.009106935,0.011005494,0.026457878
-8.216697,-0.55901057,0.034577936,0.004046003,-2.4982731,0.00528415,-0.07253674,0.0049085207,-0.0050946116,0.003274573,-0.008810413,-0.19028203,0.00070336205,0.005850001,-0.0004741185,-0.002177908,-0.82993233,-0.12746981,0.03105172,-0.004411674,0.00075711054,-0.13689665,-0.00018477807,-0.0038478943,0.0023321128,0.0018628289,-0.00010242912,-0.023016172,-0.94827586,-0.012665444,-0.009813147,-0.0031291235,-0.020159459,0.0008568475,0.010080459,-0.009363588
-8.098824,-0.545414,-0.06328735,0.002637071,1.0443301,0.0018395041,-0.08002551,0.0027872908,-0.01564012,0.003744326,-0.0001047624,-0.15785547,-0.0042871814,0.0014554099,-0.0028073953,0.001575609,-0.70801437,-0.15258963,0.04220638,-0.004091008,-0.0060113827,-0.014400081,-0.0029583974,0.0028225372,0.0022364191,0.0008627809,-0.00059907394,-0.0047315722,-0.82343674,-0.006811362,-0.035512246,-0.00018094663,-0.0024002122,-0.00053460366,0.0043605026,-0.00031119623
-8.128616,-0.53577703,-0.06769645,0.0024748922,1.0409226,-0.0048536817,-0.025528906,-0.0023354527,-0.014203524,0.0028340379,0.0013973432,-0.1532061,0.00021237573,-0.011525032,0.0023422013,0.0012133777,-0.7156456,-0.15710403,0.04038603,-0.0023742148,-0.0058233286,-0.031978853,-0.025485503,-0.00053559116,0.0029762594,0.00047627813,-0.0011428075,-0.004301291,-0.8147206,-0.008138902,-0.03405108,-0.0027032604,-0.0057650823,0.00015329644,0.004404419,-0.002824154
18.58711,0.47374368,0.03652289,0.00783112,-2.165466,-0.003331592,0.05857744,-0.007270698,0.025779894,0.0043683667,-0.015883205,0.34096655,0.0041582864,0.014986296,0.0047502303,-0.016304616,2.2229958,0.0629248,-0.02666691,0.012831567,0.018850155,0.0057322476,0.034264103,-0.009284189,-0.070318185,-0.0021947345,0.0015220972,0.1662401,2.4734762,0.005961593,-0.013456255,-0.008454508,-0.009822384,-0.011563882,-0.001197026,0.023109555
-8.087368,-0.53218687,-0.029921839,-0.0013991641,-0.5021028,0.0008002854,-0.13065939,0.000544141,-0.01461263,0.004454214,-0.010243032,-0.16424626,-0.0046006907,-0.004468615,0.0048487214,0.0008510175,-0.7747405,-0.14409454,0.038575508,-0.0037196667,-0.0043308698,0.101711705,0.0024376702,0.0035644264,0.0031182289,-0.0020226252,-0.0015886311,-0.27921355,-0.93308103,-0.0066420618,-0.0047043613,0.0020254187,0.004627444,0.002654094,-0.005197486,-0.00296614
-8.194303,-0.54084736,-0.06464468,0.0010471793,1.0180302,-0.0044116266,-0.01026148,0.0016818928,-0.006784513,0.0028746517,-0.00099545,-0.14723885,0.0006577639,-0.013729349,0.0022162646,0.0018178527,-0.71519196,-0.13769394,0.031506643,-0.000683792,-0.0018953127,-0.045258995,-0.0018637025,0.00112671,0.00038397874,-0.0017803168,0.00335712,-0.029717742,-0.7954121,-0.013702939,-0.030636543,-0.00022656244,0.008344407,-0.0015335614,-0.0042343936,-0.0071461773
15.374602,-0.49157086,0.1665054,-0.0021288167,0.9195478,0.021387903,0.11397053,-0.010988774,0.021397818,0.0046444614,0.0164246,0.7084694,-0.0071498174,0.019388188,0.016919399,-0.0076911957,2.0519288,-0.47906634,-0.005509672,-0.0010088524,0.002672864,0.054733712,-0.0038313048,-0.002812498,-0.033412755,0.011934784,-0.01594021,0.074629545,2.35351,-0.002875027,0.1790926,-0.0044918833,-0.003438587,-0.012780258,0.029542204,0.027761072
22.901606,0.55619544,0.058553472,-0.003244171,1.0068451,-0.0073262015,0.12868504,0.005182207,0.027434431,0.0024703403,0.023980938,0.6274687,0.00019923912,-0.008081704,0.00020914865,-0.003185853,2.5385408,0.11519391,-0.0617195,-0.00030681823,0.0126803145,0.0028637548,-0.020497723,-0.000519867,-0.0067052236,-0.0068232687,0.0008039692,0.22497931,3.0235136,0.0058564167,-0.015026942,0.008239408,-0.013474337,0.00053737324,-0.012141701,0.02011842
-7.8861256,-0.28446847,-0.04595167,-0.005988024,-2.4934638,-0.019516286,-0.08342576,-0.008299264,-0.004203407,0.0024588055,0.005337035,-0.16841835,0.00080423226,-0.014205821,0.0025974384,-0.0053524566,-0.8788195,0.013508865,0.052765902,-0.0017192328,-0.0058386703,-0.051610563,-0.004132173,-0.0036562071,0.008488938,0.0026803068,-0.0034756165,-0.015305902,-1.148282,-0.008871234,-0.017123163,-0.0018220238,0.010853016,0.008559413,-0.0020415823,-0.0065938425
-8.252779,-0.5426733,0.00064460875,-0.00032299562,1.0637993,0.0023947307,-0.013380086,0.0016930737,-0.006322856,0.0029722145,-0.006237845,-0.16076325,0.002146152,0.012271337,-0.0006345321,0.0010866793,-0.75310755,-0.13783757,0.03431441,0.008587787,-0.0023793895,-0.036606487,-0.0043480126,0.0021989653,0.0035393587,-0.002320294,0.0017907253,-0.024180537,-0.85733557,-0.0139318835,-0.012884778,-0.004991279,0.0070137577,-0.0056904685,-0.005051261,-0.011742165
-8.210086,-0.5543874,-0.018538442,0.0017928195,-2.4698207,0.00915511,-0.006963403,0.0035067315,-0.0015095299,0.003481056,-0.0019849034,-0.16966553,0.00097484636,0.0068566357,0.0027522088,-0.0005834947,-0.828309,-0.1322793,0.041230705,-0.0011594279,-0.006511034,-0.017366817,-0.0046823984,-0.001167248,-0.0034812565,0.00056419946,0.0019380397,-0.29262534,-0.9122525,-0.014216404,-0.029738199,0.00040911973,0.0067878906,0.0036656167,-0.0009103338,0.00031716126
-8.151348,-0.53777856,-0.017188085,-0.009614022,1.0464115,0.0025887736,-0.021311143,0.001424382,-0.0045890477,0.0032454864,0.0042811427,-0.1637215,0.0025587962,0.0012480454,-0.0009159239,0.0013557948,-0.7557492,-0.1275859,0.044078853,-0.0009495641,-0.0011788075,-0.021589274,-0.00912588,-0.00055799657,0.0022289136,-0.0014660389,0.0017788396,-0.005299522,-0.8537757,-0.009293191,-0.034324262,-0.000864725,-0.0033157812,0.00014499869,-0.00043793453,-0.0031308478
-8.143942,-0.54109144,-0.02387959,-0.0005589477,1.0467286,-0.004154509,-0.035893895,0.005105114,-0.0053872396,0.0029991171,-0.001048162,-0.15846041,0.0008691724,0.008888412,0.00209312,0.0018949104,-0.75299,-0.13642444,0.040782508,-0.0038687373,-0.004948397,-0.026841965,-0.0012977396,0.00089879025,0.0013117997,-0.002055879,-0.00096886617,-0.0039696973,-0.8368192,-0.008059466,-0.033558276,-0.0027602767,-0.0037548537,-0.0014315658,-0.005435989,-0.0027757664
-0.33795175,0.3701891,-0.0051902635,-0.005141436,1.020293,-0.023524035,0.136046,-0.010270699,-0.01092602,0.003780578,-0.021971101,-0.3242288,0.0007772048,-0.024713269,-0.0022748478,0.013456878,0.6773406,0.08373296,-0.012097243,0.023460506,-0.0062745805,0.022722052,-0.0027987154,-0.007364494,-0.0017173701,-0.0005254333,-0.0073366137,0.22344708,-0.7423442,0.0067791953,-0.024413869,0.0003571367,0.0013847569,0.012063518,-0.0044011073,0.04269259
-7.85249,-0.35455942,-0.040725406,-0.0021808946,1.0579871,0.0036579918,-0.018815704,0.0008423009,-0.01653888,0.003427981,0.009216374,-0.1605622,-0.0031559626,0.0033778602,-0.0026847564,0.0016487426,-0.68090457,-0.13564102,0.035098962,-0.0040804665,-0.008095686,-0.013329416,-0.0030043893,0.0008598413,0.0012062229,0.00082903315,0.0007850017,-0.0025408592,-0.8790032,-0.0052094012,-0.031498358,0.00077825185,-0.0069173435,0.0009643643,-0.01035437,-0.00032774953
0.82395196,0.32312778,0.031218039,-0.0024101317,0.96096313,-0.019758543,0.12645583,-0.0015771578,0.015753178,0.0037459082,0.015223589,-0.1738026,-0.024328314,-0.013573305,-0.0015800681,-0.0013056385,0.5344957,0.103243984,-0.013014583,0.011522282,-0.00508721,0.03029128,-0.0042408356,-0.0069196075,-0.0035490736,0.009679205,-0.004653866,0.03596592,0.049809374,-0.0028678414,-0.08238775,-0.0003961746,-0.0017585574,0.01314633,-0.008123368,0.033065215
-8.212356,-0.56584525,-0.012128804,0.004006467,-2.5038283,0.0025398151,-0.016938627,0.0005833174,-0.00605047,0.0038922508,-0.0034385836,-0.16634442,0.0029484285,0.0020532194,0.0022454793,-0.0011865641,-0.8265718,-0.13704176,0.04322899,-0.00048615003,-0.0061145504,-0.008602954,-0.004882103,-0.0042973747,-0.0010176136,0.00040229777,0.0004419808,-0.27495408,-0.90878713,-0.01067254,-0.024395443,0.0023687768,0.0073435903,0.001099637,0.0033226886,-0.00617513
14.950384,0.644766,-0.048581757,0.004461512,-1.101692,0.0030413151,0.08463208,-0.025393607,0.009522504,0.0025579464,0.0114609115,0.36777958,-0.0021991476,-0.023449415,-0.0028487975,0.0030264428,2.1737583,0.037680022,-0.02792207,-0.009456884,0.006908855,0.12861364,-0.027357036,-0.0097748265,-0.016227214,-0.0057161604,-0.00030861524,-0.14345354,2.280378,-0.013511939,-0.028266603,-0.04329137,-0.0028415432,-0.00079822727,-0.0041608345,-2.037271e-05
-5.537381,0.21315777,-0.08548137,-0.0011519021,-2.4914887,-0.04099947,-0.050585408,-0.0023272086,-0.02214679,0.0030479836,-0.020374993,-0.24821681,0.0033518027,-0.024390817,0.0011960824,0.0052747317,0.45819652,0.06324044,-0.016495848,-0.018769449,-0.015976168,-0.06378139,-0.0010711811,-0.0016423027,-0.007917223,-0.0040148436,0.0031259563,-0.03130406,-0.8800452,-0.045162596,-0.07153631,-0.0010747595,0.017658846,0.0070520393,-0.011862256,-0.0020864913
-8.198324,-0.5551603,-0.0587375,0.0011905301,-2.533349,0.0011043703,-0.08782815,0.004860666,-0.012857596,-0.0006456855,0.0019777243,-0.16876598,0.0009847446,0.010024439,-0.0019065654,0.0006520401,-0.7816134,-0.15336516,0.028815167,-0.0052083046,-0.004979538,-0.17796285,-0.0057257637,0.0006594608,0.0028940113,0.00094122277,0.0017878267,-0.042136054,-0.88135034,-0.01209953,-0.031427924,0.00042897987,-0.008070442,-0.0008267256,-0.00094894617,-0.010523315
20.722143,0.27558425,0.06614539,-0.0007770857,0.9181614,0.0061667874,0.14447595,0.0054284097,0.031648807,0.0026914028,0.037458308,0.8343663,-0.005455453,0.011560732,0.009548541,-0.008994009,2.4783666,0.0781611,-0.034724507,0.0031080989,0.0074030836,-0.0029697753,0.036543306,-0.013514691,-0.014404424,0.0022551175,-0.0030026538,0.28632137,2.7081046,0.008901733,-0.012795269,0.0012094423,-0.009313063,-0.007185965,-0.0015484348,0.019256093
-8.198305,-0.5382784,0.008229924,0.0006948742,1.0420128,0.0025473416,0.02409423,0.0032569526,-0.0058700754,0.0033743547,-0.010899086,-0.16518468,0.002236872,-0.005071717,-0.00019556005,0.0004190152,-0.766757,-0.13591217,0.04622815,0.0041309954,-0.0019863301,-0.012110856,0.0032662505,0.003089167,0.0028816075,-0.0017251528,0.0008885883,0.0038389228,-0.8746016,-0.006127143,-0.006549254,-0.004143265,-0.003480651,-0.0048139724,-0.0049728947,-0.0026571972
-8.203973,-0.53206563,-0.06195613,-0.0021166469,1.0493958,-0.0069643226,-0.007051198,-0.0035373624,-0.00080855406,0.002812492,0.005155503,-0.14965123,0.0005723352,-0.011895567,-0.0029001692,0.0014663879,-0.7350702,-0.15084195,0.042253155,-0.0014499957,-0.005611904,-0.027617425,-0.0025098864,-0.0010440034,0.0006548284,-0.0018827431,-0.0021801384,-0.021012753,-0.8072421,-0.011585121,-0.030238608,-0.0011835968,-0.0005730121,-0.0047758613,-0.0057628723,-0.009160502
23.735153,0.86943704,0.029116964,-0.0004982663,1.0303955,-0.0066677458,0.09682109,-0.00031152208,0.027120115,0.002004534,0.039657775,0.711969,-0.004671174,-0.036079377,-0.0031674267,-0.0149130635,2.6971235,0.11651956,-0.11265999,0.0032197183,0.012047712,0.062719055,-0.011492959,0.0003538502,-0.04633433,-0.018321823,-0.00014593003,0.20479631,3.218985,0.0034029728,0.009150306,0.0022397533,-0.009651423,-0.0025622016,-0.018858574,0.014770452
-8.140314,-0.52748954,-0.058544036,-0.010627967,1.048902,-0.00039468973,0.010204392,-0.0003696748,-0.0042035007,0.003326887,-0.010617235,-0.16658464,0.0003149836,-0.009479462,-0.0029025206,0.0013209028,-0.7501328,-0.15011582,0.042905062,-0.0040861005,-0.006022456,-0.012015505,-0.0062760627,0.0024391362,0.003984814,-0.0014294579,-0.002281441,0.0014195988,-0.8613947,-0.0064989766,0.0025044158,0.00136462,-0.001795141,-0.0030168425,0.00015548817,-0.0023248522
-8.19847,-0.5431635,-0.016498156,-0.00948954,1.0409328,0.0022578756,0.025691956,0.0013553136,-0.014271863,0.0028987224,0.0011821948,-0.16887465,0.0029921082,0.0014203964,-0.0030777291,0.0011410427,-0.7378165,-0.14099395,0.04307652,-0.00441278,-0.0061441236,-0.023782842,-0.020537723,0.0022839927,0.0024158163,-0.0007968323,0.0013982554,-0.005149698,-0.8323503,-0.007303982,-0.0333535,-0.00044065667,-0.004531571,0.0018146739,-0.0008067167,-0.002174735
14.0327,-0.28301042,0.07527845,0.002267514,0.93838215,0.010143217,0.13175546,-0.0013082582,0.022610184,0.0045434814,-0.0053418726,0.3866378,-0.0038415848,0.02066109,-0.004697588,-0.020673258,2.094869,0.06779418,-0.0006633237,0.007963832,0.008218702,0.01922424,-0.019034287,-0.0045014303,-0.046809863,0.0011695556,-0.0034973293,0.15368024,2.1647608,-0.0009235516,-0.018878251,0.009709017,-0.0056983423,-0.010827204,0.018211154,0.022415403
-7.9424343,-0.54387075,-0.031235771,0.0060842787,1.046907,-0.0010526663,-0.044939063,0.005612623,0.00022383517,0.0036066503,0.020834846,-0.1518218,0.00029768108,0.010957006,-0.0011545622,0.0010237587,-0.63535064,-0.14176922,0.041806854,-0.0049640876,0.0068804934,-0.030176649,0.0022165668,0.0012724906,-0.0014498971,0.0002888745,-0.00065189437,-0.0014104614,-0.8131528,-0.009341242,-0.029300122,0.00058906566,-0.004640806,-0.0050837556,0.0052939313,-0.0012281595
16.502634,0.30460334,0.06715111,-0.0054580383,0.8299038,-0.0025735486,-0.01850937,0.011913009,0.025900256,0.0021720473,-0.007549264,0.3891185,0.0008428022,-0.032937996,0.0005748203,-0.0045767683,2.3400202,0.070171885,-0.044257607,-0.0007123867,0.012699223,-0.06748405,-0.017631846,-0.0023742253,-0.017618753,-0.0033606873,0.012243096,0.16296908,2.5614808,0.01498433,-0.031460017,-0.0072476757,-0.013772404,0.008474727,0.0026140437,0.01884391
-8.106471,-0.5320421,-0.06140153,7.657925e-05,1.0387006,0.0025901585,-0.04349465,-9.37746e-05,-0.014558099,0.0033694014,-0.00028031025,-0.14861365,0.0012094154,-0.012331381,0.0026010817,0.00054479734,-0.7472849,-0.14295825,0.04067371,-0.0007268372,-0.007166685,-0.016456973,-0.008170988,0.0031102586,0.0028081404,-0.00090249535,0.0018088648,-0.0059472327,-0.8240775,-0.007416771,-0.030438267,-0.0010692464,-0.009998383,0.0045236493,-0.004271736,-0.0012755742
-8.224417,-0.5567485,-0.0070979157,0.0029996678,-2.5088496,3.8611717e-05,-0.009745929,0.0005117818,-0.0072854646,0.003128653,-0.0048547373,-0.1720064,0.0014173914,0.002051277,-0.0013305709,1.725878e-05,-0.8085507,-0.13615523,0.04450403,-0.0013882618,5.2175954e-05,-0.020068295,0.008462496,0.0010943213,0.005688115,0.00065571885,-0.0006664873,-0.20496865,-0.9416388,-0.014052128,-0.018569402,0.00037309862,-0.0041573816,-0.0013748645,0.0025100575,-0.0022408704
3.6496093,-0.50003153,0.075788945,0.003232837,-2.3937156,-0.007401117,-0.24946886,0.020165486,0.015968796,-0.014117259,-0.022152599,0.19165269,0.004526257,0.0013177879,-0.0006142873,0.0043593626,1.5227525,0.010326803,0.0049173348,0.022573655,0.02545733,-0.09634724,-0.019007098,-0.017353674,-0.043665208,0.0009439439,0.0010970908,0.10068409,1.1139749,0.007166388,0.017156897,0.024125034,-0.03212682,-0.00913407,-0.022545962,0.02162509
22.044788,0.6923377,0.05849817,0.0010893308,1.0039133,-0.008654708,0.087089546,-0.01267674,0.02756365,0.0020999676,0.032543395,0.66052616,0.00016417669,-0.0003574269,0.0016348257,0.0009184892,2.5790014,0.09663382,-0.06996462,0.0020072518,0.020889828,0.018440003,-0.022384586,0.0038058725,-0.0017199062,-0.0068375277,0.0004072578,0.18067162,2.9244392,-0.0022995805,-0.0114751905,0.004193128,-0.0107908435,-0.009396245,-0.01290994,0.0220186
-8.088032,-0.5276916,-0.0617297,-0.010652996,1.0459334,-0.007959778,-0.027237833,-0.0012419865,-0.0013453006,0.003365224,-0.010841066,-0.1596842,-2.4734982e-05,-0.009581786,-0.0037989945,0.0017989674,-0.75574744,-0.15634128,0.043157883,-0.0032934917,-0.0055774013,-0.016737351,-0.009685985,-0.00031401636,0.00476829,-0.0031654977,0.0009236445,0.0009852517,-0.8596842,-0.0065755555,0.005161823,0.0018951162,-0.001439101,-0.0026057232,-0.0008255261,-0.0024832394
6.143134,-1.3314967,-0.13117348,0.002477602,0.18863755,-0.009581042,0.067576274,0.011604308,-0.009014644,-0.032830406,0.0043228525,0.63106084,-0.0069091027,-0.0022192094,-0.0023865553,0.0051594106,1.7490618,-0.62438685,-0.005580636,-0.00023123919,-0.010723822,0.09676312,-0.007976534,0.0005881392,0.0012637142,0.0027951878,0.011891985,-0.070115335,1.768735,-0.005054497,0.061739296,0.085493654,-0.037179597,0.024961047,0.023509054,0.0037981777
-8.20505,-0.5409515,-0.00820831,-0.008541422,1.0591325,0.0014177376,-0.0051704077,0.0011787576,-0.005760199,0.0018584129,-0.0045694634,-0.17097117,0.002119346,-0.0028179125,0.0019689412,0.001421871,-0.7722144,-0.088616095,0.034511313,0.009240951,0.00084047846,-0.015778387,-0.0026415964,0.00010364198,0.0024958453,0.0005166702,-0.002000502,-0.012268947,-0.9336652,-0.008519201,0.0057002357,-0.0028698742,-0.005434373,0.0029674645,-0.0004663258,-0.0023213436
-8.140657,-0.5400965,-0.026715169,-0.0010109006,1.0468202,0.00394541,-0.031913504,0.0020954756,-0.004842193,0.0033084697,-0.0006280425,-0.16124745,0.00097645243,0.010267666,-0.0028049976,0.0015021404,-0.7593671,-0.13576657,0.042219356,-0.004063739,-0.00568158,-0.020570192,-0.0017336695,0.00085240643,0.0018168801,-0.0005311343,-0.00069200207,-0.0049794107,-0.83129007,-0.00891346,-0.030829696,-0.002316078,-0.0043270676,-0.0052140304,-0.005456371,-0.0023629747
11.397197,-0.2489164,0.089126386,0.0011950007,-2.0041008,0.0027285728,-0.29690897,0.01668424,-0.09117199,0.009162128,0.0009513646,0.53556615,0.015735239,0.016977279,-0.02226949,0.009596945,1.8666737,-0.37076703,0.0016736293,-0.0035474221,0.006823362,0.037495192,-0.0059498018,-0.0053158477,-0.0027876447,0.013164072,-0.038376026,-0.054842114,2.0231042,-0.004794106,0.16995522,-0.008953186,-0.008004278,0.0034892834,0.013975821,-0.0058731157
-8.1014595,-0.5340123,-0.061434265,-0.009165971,0.938994,0.0023039323,-0.060510166,0.0011380241,-0.017154146,0.0035222974,0.00023392594,-0.15518428,0.00040701308,0.007337795,-0.00059567566,0.000708754,-0.7122821,-0.14681876,0.04188885,-0.0052666077,-0.00668852,-0.0031750773,-0.0051717167,0.0017674504,0.0022542446,-0.00023699895,0.0015496741,-0.1104216,-0.8363534,-0.008603167,-0.0335062,0.000783606,0.0020719601,0.0141412215,-0.0015962602,0.00209583
-8.201684,-0.5576219,-0.014206305,0.0042374567,1.0460303,0.0020752887,0.008984222,0.003783195,-8.951127e-05,0.0029669767,0.004220734,-0.16499196,0.0011568933,0.009886007,0.0035498182,0.0007822982,-0.75921565,-0.1413962,0.044195488,-0.0028831423,0.0027695918,-0.01715339,0.0088705355,-0.0017749899,-0.0006598251,0.00079631526,-0.00083438563,-0.00550568,-0.85596794,-0.0105297025,-0.024491165,0.0006721454,-0.0049877595,-0.0001513627,0.0051548653,-0.0015705219
-8.155673,-0.52945125,-0.063510515,-0.0081601,1.0474579,0.00068878813,-0.0065934053,-0.0011615092,-0.014605529,0.003406983,-0.00039366883,-0.1533065,2.715329e-05,-0.008507695,-0.0033814993,0.0011826734,-0.7147605,-0.14929882,0.04018067,-0.0024047687,-0.005972517,-0.014587928,-0.007668358,-2.0095718e-05,0.0029968997,-0.0017224017,-0.0021674158,-0.0017629915,-0.8211526,-0.008777973,-0.034450512,-0.0011675748,-0.0032918165,-0.0016275157,-0.0009983324,-0.003305615
-8.098476,-0.5294778,-0.058794253,0.0006504643,1.0524806,0.0019176869,-0.103973895,0.0015966159,-0.01893022,0.0022462094,0.00078205235,-0.15272935,-0.006847491,-0.0043018367,-0.00058270426,0.0012090427,-0.7161915,-0.15149753,0.04566535,-0.0038092178,-0.00688694,0.05246601,-0.0022636196,0.013513154,0.009700883,-0.000623707,-0.0006247137,-0.12931986,-0.84151095,-0.004840027,-0.031760126,-0.002929388,-0.003108945,0.019473631,0.000949819,0.004055626
14.788481,0.6331921,-0.029185656,-0.0030273988,0.8774706,-0.011403855,0.11405656,0.002103271,-0.034644887,0.0007573982,-0.027969753,0.15697663,-0.0009600604,-0.009791671,-0.00033590526,-0.00423589,1.4212182,0.028759893,0.08957476,0.025386188,-0.029341893,0.033806194,-0.011986836,0.007631652,0.0035344942,-0.009283576,0.0005452337,0.36870903,1.4305168,0.013927978,0.08332294,0.006631064,-0.00606728,-0.018330451,-0.00700703,0.039325856
20.163504,0.69970196,0.02766869,0.009121337,0.90742075,-0.012203754,0.07565687,-0.02943101,0.030799884,0.0028627678,0.030919097,0.69758457,-0.0030619442,-0.03489579,0.0016470763,0.010833861,2.442366,0.08956724,-0.114971995,0.015006687,0.015316423,0.09435675,0.00822699,-0.008453499,-0.06946649,-0.0051553682,0.0040609757,0.08766376,2.7809026,-0.0008995199,-0.075294524,-0.05513895,-0.0046554604,-0.01059957,-0.006961472,-9.76843e-05
21.2101,0.5100982,0.08263603,-0.0052156793,0.9621553,0.0055177854,-0.039667245,0.005241377,0.037194077,0.0023604676,0.034531314,0.67570925,0.0017655327,0.019965189,0.003698475,-0.010259204,2.5230446,0.116157554,-0.022636155,0.0063083936,0.024592664,-0.027946062,-0.026279984,0.0038172372,-0.062903434,-0.0046715555,-0.0013740322,0.18676393,2.9063013,0.0022549992,0.004602671,0.0076001133,0.0062352046,0.004482868,-0.013698688,0.0231405
18.251303,0.42917255,-0.09724655,-0.0024435744,0.8953267,-0.0228385,0.092212394,-0.0035634877,0.034917172,0.0030585486,0.03973026,0.8244206,0.00015450506,-0.042526513,-0.00025014838,-0.008128323,2.2658489,0.09646067,-0.035289988,-0.03173945,-0.014696983,0.03024504,-0.025081623,0.000990842,-0.0105705215,-0.0052195033,0.0024988363,0.20921654,2.5713873,0.004781272,-0.025108373,-0.038028236,-0.0016828815,0.010878404,-0.008215801,0.016791923
-8.064065,-0.54324156,-0.06166941,0.0010823014,-0.57150364,-0.004357365,-0.07734148,-0.0016804994,-0.017628346,0.0039077243,0.0014427649,-0.15811822,0.0009732839,-0.009592009,0.005508273,0.0008885992,-0.74616224,-0.15429674,0.037428502,-0.0054367566,-0.0075074877,0.10730512,-0.0012009286,0.0029176052,0.010775514,0.0005601349,-0.0020608853,-0.24983059,-0.89488417,-0.0073519177,-0.03623067,-0.0029101707,-0.010242647,0.001726525,0.003573364,0.0019394953
-6.7381377,-0.15298817,0.019103456,-0.0076972255,1.1067189,0.0064244876,0.015554283,0.0022476222,-0.0009687416,0.0029737519,0.0020311219,-0.20207281,0.003964103,-0.010993062,0.0007344965,-0.0031733268,-0.676845,-0.0017433078,0.010918,0.00054648763,0.0016284346,0.01208548,-0.0010277183,0.0057472466,0.0015538264,-0.002310013,-0.01372834,0.027934618,-1.0999241,0.0064646616,-0.009473285,0.0024960828,0.018415214,0.0067548384,-0.008012993,0.046872873
2.4957507,0.1189368,-0.13907039,-0.02396426,-1.9678985,-0.032423303,-0.2721001,-0.022332424,-0.018067982,0.010109112,0.016016642,0.36823794,-0.00011372841,-0.027550947,-0.011980202,0.009758767,1.0228589,-0.14016883,-0.005042247,-0.0034028708,-0.0068114717,-0.0045680976,0.016042942,0.03311285,-0.0012707636,0.0020953931,-0.004633356,-0.42480606,0.9415907,-0.0019416384,-0.19409795,0.001173576,-0.025702506,0.017313553,-0.006142414,-0.014733435
-8.1488285,-0.5446983,-0.028879387,0.001112451,1.0485737,0.0026007649,0.0035266622,0.0023864233,-0.01371181,0.0030320594,-0.011594677,-0.17362288,-0.0061827176,0.0011774731,-0.00027807808,0.0025168303,-0.74129146,-0.15183489,0.0480776,-0.0008028039,-0.0062960596,-0.02164166,-0.002661821,0.001943884,-0.0034568105,-0.0017884865,0.0013500544,0.004350759,-0.8677673,-0.0043298085,0.00025001838,-0.00043042912,-0.004800121,-0.0066061467,-0.005123262,-0.0026315392
1.9991838,0.32655948,-0.06712042,-0.0014862451,0.9474593,-0.025113314,0.10018922,-0.0070518423,0.007332886,0.0023751208,-0.10933336,-0.5599347,0.0068641794,-0.040665135,-0.0033402161,-0.0089106215,1.007244,0.04040178,-0.0133474525,-0.012434839,-0.015171617,-0.0033722678,-0.0046619712,-0.0077994373,-0.01390422,-0.0010616509,-0.0064293453,-0.07396684,0.9630424,0.0041732807,0.0232763,-0.007001273,-0.006969439,-0.0012456337,-0.014260463,0.0062838844
-8.231407,-0.5369446,-0.0036619916,-0.007442661,1.0612831,0.0022599658,-0.014173222,0.0021934572,-0.0061024963,0.0028596963,-0.01021227,-0.16870274,0.00202879,-0.0041233306,0.0019491517,0.0015694136,-0.75332856,-0.15141462,0.03333764,0.010123219,-0.00041077094,-0.02735068,-0.0022795526,0.000896486,0.0032026232,-0.0018588831,-0.0014117592,-0.017088354,-0.8760384,-0.0100627355,0.01856328,-0.0014162879,-0.005629671,-0.004725577,-0.00088116876,-0.011325226
-8.216535,-0.5606661,-0.012015091,-0.015333324,-2.4733608,0.008156233,-0.014077451,0.0045903106,-0.0031520352,0.0032603568,0.005226735,-0.17169617,0.00093715166,-0.0101576075,0.0031265512,-0.0006413167,-0.8285383,-0.13774456,0.040703,0.0069532986,-0.0061616763,-0.009434879,0.00756485,0.00077697524,-0.0013092184,-0.0020366046,-0.00062354596,-0.27425528,-0.9129744,-0.015004106,-0.030247789,2.2627959e-05,0.0091451835,0.0064003244,-0.003361443,-0.004589431
-6.5857906,-0.5707055,-0.10066018,-0.00018304712,1.0134212,-0.022846809,-0.022957243,-0.0014069007,-0.026804768,-0.002427704,-0.020800505,-0.19981714,-0.006699317,-0.008064117,0.0037103726,-0.008961183,0.35058868,-0.079215005,0.020946331,-0.011604915,-0.009995495,-0.019210542,-0.00067644956,0.004405705,0.012479753,-0.0005279804,0.0021733807,-0.11254078,-0.623968,-0.0054909675,-0.0023594,0.0007170199,-0.0031419059,0.00460085,0.0012288335,-0.009429155
-8.204801,-0.56026304,-0.02212342,0.0031538985,-2.4844387,0.0007757743,-0.0061516603,0.0026544288,-0.002190267,0.0031867137,0.0043418156,-0.16672122,0.0004751495,0.007995828,0.0045142206,0.00015454681,-0.8295982,-0.13705418,0.045157112,-0.0026087873,0.0021077674,-0.014611587,0.0054097273,0.0008503219,-0.009679059,-0.0008949426,0.0011814808,-0.27561715,-0.90562296,-0.014280532,-0.032017924,-0.0021728654,-0.016680086,4.1267176e-05,-0.0005397432,0.00030378744
-8.155758,-0.54602313,-0.061039206,0.0011812533,1.0437008,0.0008865975,-0.018866237,0.0026074918,-0.018609935,-0.0040136157,0.0005610924,-0.15688618,0.0007688805,0.010343342,0.0036411686,0.0016711389,-0.72011304,-0.14799178,0.040484626,-0.0029799978,-0.00587128,-0.011764148,0.005215678,-0.00048640333,0.0024563035,0.00068764004,-0.00086024223,-0.006945647,-0.8370843,-0.008574801,-0.0349843,-0.002284818,-0.0058202953,0.0032240797,0.0023362564,-0.0012140552
-7.1870074,-0.15179683,-0.039788105,-0.0019640047,1.0401112,-0.0084041655,0.0019682217,-0.002371275,-0.0049900594,0.0027227667,1.32959685e-05,-0.17892234,0.0016230344,-0.028409919,0.001877295,-0.006761314,-0.6517183,-0.004785101,0.003067741,-0.0033316317,-0.007600564,0.00015678597,-0.011674413,0.003766776,-0.0029498136,-0.0033159922,0.0006074701,0.12309608,-1.079724,-0.000595872,-0.018237187,0.0014594793,-0.009950595,-0.0015323428,-0.01122285,0.047698196
15.607096,-0.58031005,0.18971032,0.0026465538,0.89011014,0.013874261,0.10147718,0.011122605,0.022311492,0.0052048084,0.007830085,0.69411534,0.002969877,0.017976535,0.021372717,-0.002896424,2.0882564,-0.4175992,-0.011441866,0.010392563,0.02496064,0.05740132,-0.027580936,-0.01834953,-0.005726004,0.011664613,0.030867252,0.021390243,2.29213,-0.00045951435,-0.028394615,-0.008049938,-0.00047304318,-0.00797111,-0.010898669,0.02719434
-5.706476,-1.0418386,-0.13348179,0.0024467572,-2.3245971,-0.05752591,-0.06608125,-0.015703999,-0.0058944495,0.0054394556,0.01563574,0.04892184,-0.0075499457,-0.012508463,-0.0029786513,-0.002993809,1.0457007,-0.3256091,-0.023977445,-0.00027986622,-0.015258595,-0.019696798,0.0068245702,0.009110032,0.020768479,-4.8624166e-05,0.004612812,-0.4436944,-0.49456072,-0.010897323,-0.10840468,-0.005952408,0.019954456,-0.002838865,0.0033218856,0.007494902
18.258373,0.64623415,0.15883146,-0.00416163,-2.4511733,-0.0012527589,-0.118779674,-0.009669005,0.027487624,0.004928049,-0.0042298725,0.5348171,0.00025217244,0.020750567,0.023212299,0.01039351,2.050302,-0.20897208,0.025303569,0.010809543,0.004940163,-0.09786088,-0.028581372,-0.009590919,-0.02824791,-0.0041939854,0.03806409,0.07430944,2.0595057,0.0043422594,-0.00025741782,-0.0046354076,0.019763213,-0.011418274,0.00015857686,0.03116982
-1.4725894,0.11592545,0.047513742,-0.0058322926,0.9828012,-0.017216075,0.062120497,0.003985867,0.008072978,0.003159872,-0.020736998,-0.40568838,0.00909865,0.00566861,0.0002316059,0.0075513837,0.49240053,0.04935724,0.01247316,0.008243275,0.010035962,0.022368625,-0.012716317,-0.00025363924,-0.0049721086,-0.0056357468,-0.011029543,0.014266912,-0.756223,0.0042472365,-0.02320769,0.002623823,-0.0067796567,0.0074136774,-0.026735388,0.031247461
-8.165095,-0.54462713,-0.033390645,0.004511368,1.0483809,-0.0016793588,-0.009314261,0.0034409082,-0.005042128,0.0029076466,-0.00087569415,-0.15964426,0.00032022747,0.009722297,-0.0036819698,0.0017150822,-0.7638235,-0.13274147,0.042365056,-0.0046506417,-0.0044295,-0.060389463,-0.0029188865,8.654696e-05,0.001047859,0.0007711483,0.0013778238,-0.012313579,-0.82442456,-0.009129759,-0.03518476,-0.00016023671,-0.0046074768,-0.0018034138,0.0047154087,-0.002750115
-7.8091936,-0.79053307,-0.1385563,0.0027243616,0.9791542,-0.00081440376,-0.044914145,0.0016674278,-0.022477448,-0.060210045,0.004278992,-0.16016304,0.0046863663,0.012980223,-0.0013458345,-0.0034558875,0.31429493,-0.3122209,0.017958649,-0.006251608,-0.007253757,-0.019414473,-0.0011786495,0.011760884,3.4172917e-05,-0.0003801526,-0.0004994665,-0.04905279,-0.55009794,-0.010332645,-0.030806202,0.00052597903,-0.00992291,0.0061156177,0.004419214,0.02456622
17.523212,0.29419932,0.06847525,0.0012075978,0.8561082,0.0019994543,0.0051220236,-0.0006466978,0.043505352,0.0051755356,-0.008799179,0.39937747,-0.0008056504,0.010435295,-0.00025581877,-0.008288095,2.1284597,0.06144951,-0.03142907,0.020876542,0.010852257,-0.052703436,-0.007041523,-2.0586038e-05,-0.004702534,-0.0027828186,-0.000935529,0.24355012,2.3925066,0.005850652,-0.0252433,0.009799709,-0.020247974,-0.0012069806,-0.0008958976,0.024313623
-8.108085,-0.53973997,-0.025547497,-0.0018667488,1.05366,0.00021808874,-0.06543964,0.0041273064,-0.0029032156,0.0034828102,0.0003396525,-0.15685701,0.00087411003,0.010865625,-0.0023000347,0.0015616905,-0.7550893,-0.1353395,0.04483898,-0.0044418303,-0.006767871,0.017388212,-0.0014311804,-0.0015762558,0.00055413094,-0.0024722333,-0.00039180333,-0.09927245,-0.8414788,-0.008908084,-0.030195551,-0.0013188298,0.00030680347,-0.004997622,-0.005065899,0.00023986137
-8.199982,-0.5391352,-0.023327164,-0.012060433,1.0620042,-1.1625364e-05,0.025620589,0.0007182279,7.2223964e-05,0.0029792057,-0.00035827514,-0.16057643,0.0006606289,-0.0037385058,-0.0036515922,0.00089050934,-0.75347567,-0.13930427,0.044947334,-0.0032184005,-0.0060317363,-0.023104472,-0.0035757197,0.00015545735,0.0029395176,-0.0018913407,-0.004506032,-0.0034777352,-0.8287802,-0.008471736,-0.032360237,-0.0021369508,-0.004928371,-0.001850525,-0.0011540469,-0.0028702677
-8.102639,-0.5245603,-0.0569519,-0.011838427,1.0537994,0.0027921698,-0.042446166,-0.007128132,-0.003975831,0.0034223746,-0.004542017,-0.15477224,6.288827e-05,-0.009315547,0.0020575472,0.0011101111,-0.75190437,-0.14764611,0.04265904,-0.004287122,-0.0075102285,-0.019617913,-0.0073779654,-0.0006954912,0.0026597185,-0.0017603866,-0.0017216529,-0.0016440094,-0.85113984,-0.009041937,-0.008089367,0.0018298819,-0.003209099,-0.0037958324,-0.00072315935,-0.0023311747
21.367874,0.6265635,0.011791031,0.0031055924,0.9315623,-0.015152636,0.072557434,0.0118497545,-0.03828872,0.0019710667,0.030461976,1.0146899,-0.012600859,-0.006328155,-0.0012515396,-0.006503522,2.4078941,0.054793235,0.08050302,0.038090862,0.012477587,0.06780566,-0.0037585632,0.0045395046,-0.00014331266,0.005750602,0.00012189739,0.2834762,1.8891795,-0.004397453,0.045540147,0.00910184,-0.0114096,-0.013457587,-0.0012275045,0.019398099
-8.140564,-0.54377085,-0.062165856,-0.0014340191,1.0428787,0.0033881967,-0.031671025,-0.00025633545,-0.015960244,0.0028771856,-0.00027760406,-0.15636308,0.0010946012,0.009827066,-0.003581596,0.0020034462,-0.7197271,-0.15552568,0.04098462,-0.0024077801,-0.0047848737,-0.025676781,-0.0018129979,0.0008031689,0.00870404,-0.0015491875,-0.00073695654,-0.0044460236,-0.8057709,-0.008631412,-0.032023985,-0.0021454026,-0.0065654987,9.6723845e-05,-0.0061784466,-0.0025839806
-8.250276,-0.5562333,-0.016341629,-0.0005131517,1.0603857,0.0012692737,-0.002627921,0.004611055,-1.6993248e-05,0.0029929602,0.005303409,-0.16108839,0.0007221918,0.010286316,0.0019630056,0.0018854903,-0.7398167,-0.13473745,0.03102168,0.007766124,-0.008710144,-0.04085819,0.007886252,0.0063799107,-0.0017886818,-0.001834014,0.003287382,-0.030783273,-0.8263189,-0.01579975,-0.026560083,0.00075927685,-0.0012310989,-0.004537711,-0.0007153732,-0.012920743
11.014817,0.38640603,-0.11669624,-0.001647373,-2.4309018,-0.07870645,-0.19995812,-0.055864293,-0.0019499976,0.0024349259,0.044443566,0.95410603,0.0034959752,-0.043634284,0.00046747178,0.022763517,1.7221563,0.050447896,0.0075348592,-0.078258656,-0.025391916,-0.00030808544,-0.0035446265,0.00040999855,-0.0018078017,-0.0010270901,0.00071823056,0.090949446,1.4529831,-0.0026177284,0.095689036,-0.018657506,0.013339715,-0.010416168,-0.004773829,0.019362386
-8.13615,-0.54578173,-0.062341556,0.0022906484,1.0383987,-0.00046773592,-0.036871187,0.001926601,-0.019702809,0.0034494482,0.0010491457,-0.15438502,-0.0065786843,-0.004932366,-3.854306e-05,0.00073326007,-0.70617324,-0.15081747,0.044672497,-0.003700853,-0.0061765993,-0.021618392,0.0019399232,0.0016202284,0.0042002285,0.0007036653,-0.00076594966,-0.005421449,-0.82926476,-0.0061515947,-0.034071755,-0.0001841835,-0.0033564384,0.0016502016,0.0039710794,0.0026613951
-8.038466,-0.53957677,-0.063136145,0.000992859,-0.5661594,-0.008447256,-0.07714165,0.0015927977,-0.018012756,0.0038004434,0.0013181706,-0.15788354,-4.7977483e-05,-0.010773143,0.0082526365,-8.413899e-05,-0.7552413,-0.15042278,0.035433784,-0.0016175972,-0.0056786207,0.060159303,-0.00092619914,0.016047494,0.009996516,-0.0018063954,0.0015056137,-0.18035193,-0.89488804,-0.0077589466,-0.037094157,0.0012128872,0.0014170511,0.017873764,-0.003916475,0.00490132
-6.0987415,-0.87671626,-0.17728448,-0.0015433846,0.9662379,-0.01240925,0.02963911,-0.017202977,-0.0053161834,0.003915053,0.010275899,0.022122517,-0.00011927972,-0.016114993,-0.0056163715,-0.0024431148,0.37936145,-0.33763573,-0.010444243,-0.009514641,-0.010977044,-0.020209415,0.0129905045,-0.0041121687,-0.003139259,-0.0012376675,-0.0033724988,-0.059945107,-0.5297337,-0.011123475,-0.026338072,0.0011675373,-0.010445636,-0.003959064,0.0063826223,0.0008692087
-7.7551427,-0.252133,-0.038806226,-0.0021914921,0.5123917,0.0010774826,-0.07515701,0.0018092862,-0.016848892,0.0045827096,0.008348054,-0.16923821,0.00052052544,0.012625464,0.0025795915,-0.0019847956,-0.70538455,-0.13800667,0.045685265,-0.0060202093,-0.0021050922,0.08822163,-0.005464484,0.009780591,0.0020368965,-0.0028434836,-0.0010145699,-0.23534195,-0.8906102,-0.006178195,-0.03151004,0.00010201997,0.0002986838,0.019095577,-0.013436191,0.0045202887
-5.340733,-0.19484496,-0.1278737,0.00062519696,1.0187112,-0.028629828,-0.0015497638,-0.008366317,-0.040809777,-0.0003056886,0.0044528814,-0.21798413,-0.006191551,-0.017889004,-0.0023865097,-0.0020593745,0.26087987,-0.2820565,0.0113216005,0.0049516945,-0.0070269713,-0.005922375,0.00021978011,0.003415275,0.0008275897,0.00018011221,0.0024772724,-0.02545075,-0.6590602,-0.0053949645,-0.027539073,-0.0010409214,-0.004252186,0.0023053074,-0.01202804,0.024878168
-8.2197485,-0.5307575,-0.03748334,0.001044011,1.0572251,-0.008614835,-0.009808059,-0.0041858153,-0.0063165026,0.003428189,0.007443254,-0.15293826,1.6677641e-06,-0.008336731,0.0031724507,0.0012153338,-0.74227685,-0.14436044,0.030446915,-0.0026969898,-0.005601893,-0.029205242,-0.0028316658,-0.003318805,-0.005942917,-0.0012613388,-0.00050462864,-0.02937735,-0.82470834,-0.011402449,-0.029437125,-0.0049197352,-0.0025439623,-0.005316209,-0.0036443945,-0.01309858
-8.128185,-0.53543127,-0.018497793,-0.001779464,1.0406632,-0.00039230712,-0.00883378,0.0012903755,-0.007863375,0.0033105456,-0.010874876,-0.17226179,0.0027235372,-0.004779942,-0.0040676114,0.00052447885,-0.7617993,-0.14433971,0.04501842,0.0024881302,-0.001996198,-0.020748781,-0.002498972,0.0018693041,0.0019018586,-0.002302654,-0.00047833202,0.0019737566,-0.88178885,-0.0056654285,0.0054689045,-0.0008388572,-0.003204426,-0.006072839,-0.0051190723,-0.002900452
-8.201805,-0.53312206,-0.06788514,-0.0012071421,1.0479695,-0.0066693164,-0.0042100153,-0.0047007087,-0.017492265,0.0027939985,0.00444128,-0.14991179,-5.7724723e-05,-0.011398049,-0.0035452812,0.0012835646,-0.7072501,-0.15640546,0.041889656,0.00097088417,-0.005465233,-0.026546143,-0.003862022,0.0018414898,0.0009250622,-0.0017650631,0.0022658997,-0.019291595,-0.8088982,-0.011391212,-0.033338975,-0.002424892,4.3438646e-05,4.981747e-06,-0.005933656,-0.01365875
-7.418058,-0.23897009,-0.016792588,-0.007285999,1.0184052,0.01299112,-0.059208583,0.004772863,-0.007229785,0.0044961204,0.023782818,-0.18367927,0.0008318526,0.0077072806,0.0019444001,0.0014463011,-0.6084871,-0.1264538,0.029508863,-0.0055547664,0.001931094,-0.010346397,-0.007850626,-0.0016978721,4.8454032e-05,-0.0009662505,0.002048733,0.02960424,-0.8958754,-0.0065981997,-0.031835645,-0.000756087,-0.0066724955,-9.199485e-05,-0.011078021,-0.00029164524
-6.8126884,-0.18854763,0.009125154,0.001151443,-2.5464098,0.005926859,-0.08448697,-0.0009252334,-0.0069709388,0.0028208501,0.009632367,-0.19623205,0.0032330917,-0.0108295735,0.0009046411,0.00862691,-0.7218472,0.008945735,0.030269895,0.0035928057,-0.00036199306,-0.11722442,-0.0031859004,0.002022065,-0.0030804921,0.0016717047,-0.01703147,0.10068439,-1.1754881,-0.011926323,-0.0040546833,0.0032224418,-0.023503559,0.0032489395,-0.0005148775,0.037462767
-8.255021,-0.5613019,-0.012637972,0.003978073,1.061874,0.0033935532,-0.0072688614,0.002880352,-0.01241436,0.003019135,-0.0028671501,-0.16024704,0.0016535735,0.011808518,-0.00036518174,0.0011587831,-0.7459955,-0.139347,0.032313243,0.005911208,0.00023811929,-0.04479227,0.0077492963,-0.0021079648,-0.0032061778,0.00041546454,0.001520008,-0.033020876,-0.8354294,-0.013554706,-0.03015166,-0.0012017352,0.00785523,-0.0044520944,0.004288488,-0.009038341
21.241339,0.8233472,0.022937488,0.0032148517,0.9589267,-0.0037264773,0.079100765,0.004723585,0.040823203,0.0018059614,-0.011608144,0.46334606,-0.0011156459,-0.038134534,-0.0033869133,-0.0011821039,2.5023417,0.10370422,-0.11170874,0.009502103,-0.0024114489,0.020263754,-0.030666148,-0.01105981,-0.002626152,-0.000541614,0.009447663,0.23524274,2.9786773,0.021936774,-0.019077102,0.002470426,-0.0038251877,-0.021560904,-0.010792217,0.031006567
-8.092835,-0.525154,-0.06343542,-0.0017390796,0.9796361,-0.006751666,-0.07254197,0.0007235496,-0.017915422,0.0037499657,0.00088383374,-0.14781332,-6.831036e-05,-0.010205872,-0.0011882698,0.0014242021,-0.7267053,-0.15060413,0.039884888,-0.006394039,-0.0057001505,0.10997068,-0.0036163828,0.0014155551,0.0033903988,-0.0007797715,-0.0014620039,-0.20941746,-0.83746624,-0.008942049,-0.034734633,-0.00037309984,0.0022719123,0.0016309691,-0.004314631,0.0029853375
2.1460257,-0.11159726,0.14768116,-0.0018217185,0.9741602,-0.0114764515,-0.05772591,0.022548422,0.0013406267,0.0009525522,-0.07788857,-0.02742598,0.00021278148,0.030202653,0.0011022185,0.0024011508,1.509503,0.12876731,0.024153706,0.0030806337,0.0037473817,-0.00041305245,-0.030100748,-0.011753295,-0.0032932693,0.0004691989,0.0015940316,0.103784986,-0.6602657,0.032582816,-0.013444263,0.017359026,-0.0029037646,-0.0005853601,-0.0011852327,0.019136064
-8.164844,-0.5183034,-0.05969484,-0.007886936,1.0678165,-0.0019961277,0.022801112,-0.0066480665,-0.006429152,0.001835373,-0.003998515,-0.17349231,0.0005388117,-0.009059996,0.009967823,0.0011604232,-0.7617592,-0.09861925,0.045221258,-0.0019209555,-0.006287953,-0.012643766,-0.008415932,0.0093945395,0.0015392217,-0.0012122963,-0.0046739327,-0.011030632,-0.9074158,-0.0029067246,-0.011161178,-0.004662467,0.007891838,0.0023101554,-0.0015963144,-0.00085305696
6.9091086,0.31355694,0.055649605,0.0019481542,1.0178454,0.00048253415,0.1839276,0.0063327355,-0.012761579,-0.00013374629,-0.09676056,-0.6012373,0.008401047,0.06663745,0.0028639887,0.009096303,1.2684785,0.059852913,-0.0071691596,0.015063215,0.012483684,0.009589458,-0.0024553495,-0.005334425,-0.022407543,0.0029569443,0.00011498325,0.00093766,1.0086706,0.010391599,0.04145809,-0.0005767994,-0.0063278163,0.011135448,0.014876117,0.00713481
-8.13705,-0.5474537,-0.022489574,-0.025186347,1.0491123,0.004057646,-0.04706842,0.0034295388,-0.013158271,0.0033369781,0.0010337161,-0.1640037,0.001366293,0.0010614323,-0.00096534454,0.0015860315,-0.7410597,-0.13441536,0.044413093,0.0042596883,-0.002239397,-0.017054694,-0.0028179088,0.001622037,0.003219345,-0.001402441,0.003411841,-0.005003914,-0.85623276,-0.008385491,-0.034430813,9.333474e-05,-0.0034168265,2.3501618e-05,-0.00048632835,-0.003157279
-8.152849,-0.5373259,-0.060305264,0.0024996498,1.0382987,-0.004311479,-0.007437147,-0.000101581754,-0.0036352077,0.0028861328,0.0046411124,-0.14931911,-2.0832833e-06,-0.011544952,0.0023964846,0.0013281174,-0.73836523,-0.14981331,0.040271793,-0.001547688,-0.006982374,-0.02232275,-0.0015882637,0.0009477114,0.0029348207,0.00037353876,-0.0010204376,-0.0057700286,-0.81282824,-0.008614219,-0.034725122,-0.0014754696,-0.0040285974,-0.0020202575,0.0046576015,-0.0036242427
-8.107111,-0.52991784,-0.06094073,-0.011132979,1.0479494,0.003208447,-0.05965837,-0.0012303583,-0.016064314,0.0032474801,-0.00055357785,-0.15423094,0.00068151124,-0.0033267953,-0.0007574354,0.0014727693,-0.7149372,-0.1450883,0.042129382,-0.00465715,-0.006533016,-0.01734147,-0.005474825,0.000989546,0.0042121904,-0.0008794597,0.0022344885,-0.0023643358,-0.8297362,-0.009070851,-0.03563938,-0.0015964002,-0.0031276213,-0.000629059,-0.00046227372,-0.0032971294
18.837955,0.57617605,0.05671533,-0.0026842414,0.9183311,0.0051381825,0.07967972,0.004011801,0.024279166,0.0031387152,-0.0020155883,0.459908,0.005545163,0.039105274,0.0009410068,-0.004215654,2.2299848,0.07212332,0.00834531,-0.00045980478,0.009934561,-0.0006259218,-0.014558874,-0.0054440987,-0.025611851,-0.0057125697,0.002816665,0.2377278,2.34215,0.04630334,-0.009927821,0.006150182,-0.004952221,-0.0033185622,-0.017494844,0.028764512
-8.204309,-0.5379924,-0.06148103,0.0014261476,1.0376352,0.0028698232,0.013729597,0.0039235447,-0.017382242,0.0029398622,0.0019684033,-0.15484385,-0.0064283246,-0.0042588683,0.0017955421,0.0009781712,-0.7127285,-0.15333384,0.042065956,0.0014581091,-0.007286839,-0.024921032,-0.0019524917,0.0026783498,0.0015265204,-0.0017681647,-0.00092761667,-0.004711188,-0.81341565,-0.007225054,-0.03364199,-0.0012876474,-0.0052148597,0.0018010074,-0.0045426395,-0.0009549381
-8.248503,-0.5614165,0.010078375,0.0009871527,1.0633224,-0.0013088092,-0.04506169,0.005105505,-0.00425952,0.0023672068,-0.0065983166,-0.18030655,0.0017573028,0.011151107,-0.0030584729,0.00076130277,-0.7741494,-0.083538435,0.03446297,0.0048930184,0.013344012,-0.0044101346,-0.0007376973,0.0010820347,0.0023186337,0.0012257092,0.0014563225,-0.02696053,-0.93371063,-0.008136237,0.021005193,-0.0013910239,-0.003997236,0.0005467994,0.003387815,-0.010204731
0.3258555,0.052424394,-0.106374435,-0.0025691218,-0.72144914,-0.018256746,0.010350993,0.0010890964,-0.012090755,0.0045568105,-0.013536661,0.22607045,-0.012326614,-0.013830732,-0.002991912,-0.014602467,0.7451492,0.092907354,0.11672526,-0.0066978987,-0.0075493823,0.011531116,0.019944323,0.004912684,0.0077383,-0.0041347984,0.0054239132,0.046060294,-0.7871919,-0.004604694,-0.008970489,-0.0022749454,0.004022141,-0.0056479066,-0.012649299,0.02172772
3.314567,0.36079326,0.037789654,-0.0077535603,0.9184426,-0.012967003,0.09970717,-0.036048524,-0.0127422735,0.003012489,0.03130977,-0.25817278,0.0010525546,-0.016536038,-0.0057706186,0.0037808137,0.9925066,0.006587322,-0.028474765,-0.019866329,-0.00015174471,0.004074451,-0.015405343,0.007102593,-0.0069917827,-0.0061979806,-0.012707545,-0.33516327,0.73668927,-0.011799685,0.011172417,-0.0062103695,-0.008840799,-0.002625346,0.0012499301,-0.01087835
-8.089676,-0.55291325,-0.027180303,0.0015870465,-0.8237812,0.004748257,-0.08886143,0.0029580956,-0.014736872,0.0014912846,-0.0066142543,-0.16664158,0.00094759744,0.0011362956,0.005851618,0.000438006,-0.76157725,-0.14291257,0.03578661,-0.007353709,-0.003971096,0.091089636,0.009085974,0.0039959634,0.01160772,0.0013049408,0.0019753226,-0.2590223,-0.94299066,-0.009107564,-0.013055341,0.0025150673,0.0050060134,0.001560411,0.001963234,0.0060217343
-8.142661,-0.53191805,-0.06466273,-0.00076727674,1.0363322,-0.0029214793,-0.0044219433,-0.002588409,-0.0024205125,0.0027109364,0.00062640855,-0.14797492,-0.003880221,-0.006576899,3.49592e-05,0.001666262,-0.7493232,-0.14999901,0.041750193,-0.0013261791,-0.005122898,-0.039901666,-0.021594571,0.002417555,0.010173362,-0.0017123884,0.0012018089,-0.004136243,-0.81230205,-0.008085801,-0.03093517,-0.00033145622,-0.00536215,-0.0027685887,-0.0053224796,8.233687e-05
5.953347,-1.4787382,0.16646346,0.0029900686,0.94743025,-0.003621134,0.14210518,-0.0071144896,0.011193561,0.003198423,-0.0061367727,0.62383384,-0.00045831906,0.0014033287,-0.0144927995,-0.007820799,1.8207,-0.5352944,0.0038513467,0.00094475644,-0.027790545,0.0014986885,-0.01792798,-0.023855874,-0.0364991,0.0017773405,-0.018204655,0.047308933,1.7152805,0.0012344692,0.013780785,-0.008646278,-0.0034686455,-0.01117919,0.030559722,0.009331915
-8.179854,-0.53352994,-0.068408445,-0.0006918052,1.0505117,-0.0044019576,-0.044297226,-0.006720534,-0.0066333967,0.001929473,0.0018447818,-0.16313416,0.001278851,-0.012212129,0.0027401273,0.0012376739,-0.7444419,-0.08839859,0.031999107,-0.0038531092,-0.006916826,-0.026112959,-0.003400174,0.002148164,0.0046662693,-0.0024539093,0.0022453063,-0.014242436,-0.90121853,-0.0054902458,-0.0018631781,0.0043837735,0.0068880874,-0.0049024336,-0.0042617656,-0.013305556
19.574389,0.7828925,0.07974814,-0.0014587579,0.89190507,0.010357148,0.09422349,0.0032886511,0.05869808,0.001587339,0.010585027,1.1605083,-0.01912908,-0.005378663,-0.0020335235,0.036966365,0.20804234,0.023356523,0.31088445,0.024336888,-0.026459672,-0.02709249,0.044786785,-0.011598973,-0.011402963,0.0029541652,0.0008516414,0.20342194,-1.1768396,-0.013971891,-0.011624454,-0.004166787,-0.010341768,0.0027455045,-0.015535728,0.034124244
-8.175989,-0.5442167,-0.020732978,-0.0025904588,1.0399054,0.0036882127,-0.008885644,0.0040701195,-0.013671131,0.0029228688,-0.00065887725,-0.15839231,0.00069777743,0.0016107843,0.0022310296,0.00046432498,-0.7368728,-0.14073285,0.043532968,-0.0029862346,-0.0076917177,-0.019491345,-0.008888905,0.0024487798,0.008595869,-0.0020892252,0.0004409535,-0.0043846527,-0.83588815,-0.007624295,-0.033821445,-0.0007406364,-0.0065524005,0.007879636,-0.0039333003,-0.000536557
-8.148937,-0.52903974,-0.06161722,-0.007991992,1.0359054,-0.0005076172,-0.004450219,-0.006140954,-0.015521468,0.0033588803,0.004185512,-0.15234438,0.0003308123,-0.00832825,0.002640774,0.00077171443,-0.71908224,-0.14571463,0.040188104,-0.002533787,-0.0069798282,-0.01835954,-0.006537226,0.0019256028,0.0025263005,-0.0012670266,0.0020894932,-0.002858754,-0.8257809,-0.0083128,-0.033926617,4.6842906e-05,-0.005143803,-0.0010918446,-0.00035251878,-0.0033744161
-8.237093,-0.5559305,-0.013295374,0.0025449686,-2.5370193,0.0025359308,-0.0017804062,-3.0788557e-05,-0.0063339286,0.00330262,-0.0033225343,-0.17160459,0.0014509832,0.009624677,0.0020784284,0.0001331261,-0.8185763,-0.12887648,0.04161522,-0.0039133667,-0.0056641186,-0.023564799,-0.0056759957,-0.0010538163,0.0011544409,0.00074746064,-0.0002493712,-0.21734074,-0.915151,-0.014162759,-0.03180893,-0.0024400132,-0.0047542453,0.0011453012,0.0040835217,-0.0007891115
-8.168334,-0.54932237,-0.023782572,0.001355922,1.0464343,0.004355469,-0.010738538,0.006327071,-0.00615731,0.0030272512,-0.0010408843,-0.1594911,0.0011887702,0.009912243,-0.002562803,0.00023301048,-0.74983114,-0.13525309,0.041813772,-0.004032528,-0.0062660347,-0.033169307,-0.0026180209,0.00035083832,0.0016537292,0.0009431876,-0.00091340725,-0.0053956,-0.8252434,-0.007425562,-0.03401883,-0.0013413293,-0.0036544092,-0.0013839027,0.0014824552,-0.0023010569
22.4171,0.45771605,0.06738947,-0.0061962157,1.0150437,-0.0051530884,0.13748032,0.0019797566,0.026062395,0.0024349836,0.03348433,0.69603884,0.0016138856,-6.396493e-05,-0.0032690717,-0.025411632,2.4931738,0.11322663,0.019645758,-0.0021999362,0.015692309,0.017706508,-0.016956687,0.00027824647,-0.00897283,-0.0049362727,0.0012861666,0.19449607,3.009035,0.003977857,-0.010394138,5.123671e-05,-0.003768983,-0.0042216163,-0.014865015,0.024133155
11.948997,0.7601394,-0.0064151576,0.00020552588,-0.48829627,0.010087093,0.077199765,0.0083302995,-0.10881276,0.00048562116,0.00824616,1.2061509,-0.0022162488,0.010557997,0.0045847157,0.0014346386,1.3335651,0.082084656,0.16241099,-0.023816708,-0.017226662,0.010620309,-0.00417514,0.0061446275,0.0045809923,-0.0022707984,0.0013228235,0.03737038,-0.4392965,-0.0032921147,0.0072425595,-0.0039073746,0.002524866,0.024731115,-0.0029391488,0.021278797
-6.837971,-0.20923597,0.03297783,0.0010880014,1.1004853,0.015886076,-0.0057264348,0.009851788,-0.004055606,0.0048370864,-0.0045035803,-0.2020026,0.0014685992,0.0016129484,0.0018080114,0.0012252068,-0.54891795,-0.12827316,0.040365502,-0.007592367,0.0066636046,0.012577759,0.0016887267,-0.0016181831,-0.003511382,-0.0004424889,0.0009975691,0.0041207145,-0.9145562,-0.009702176,-7.580226e-05,-0.017135901,0.022164056,0.006384214,0.020453699,-0.008041131
-8.148222,-0.54304445,-0.06809669,0.0021061709,1.0140445,-0.0035780307,-0.007442792,-0.0009815077,-0.015507162,0.0032903715,0.0008483182,-0.14901944,-0.0045089023,-0.006631063,-0.0030316678,0.0013717217,-0.7128401,-0.15022781,0.040719777,-0.0016520888,-0.007319702,-0.02547017,-0.004157164,0.012908805,0.008556204,0.00060131954,0.0010503429,-0.0051688743,-0.8204887,-0.0068494403,-0.035055973,-0.0022599057,-0.005528289,0.013078742,0.004342729,0.000497688
-8.102865,-0.5372197,-0.01984259,-0.0034862957,1.0843991,0.0040823617,-0.06609987,0.0029572882,-0.0033316258,0.003593858,-0.00046940302,-0.16416033,-0.003702857,0.0020627119,0.0019382742,0.0014706646,-0.7562974,-0.12869562,0.04555238,-0.0035788575,-0.0021327962,0.11692037,-0.006728354,0.0011956304,0.0018883492,-0.0031075333,0.002059936,-0.18021141,-0.8603324,-0.008393819,-0.032872774,0.0006940044,-0.0013555294,-0.0018472596,-0.0041501704,0.001386409
-8.116176,-0.5264752,-0.066600725,-0.0012935115,1.0366296,-0.004507012,-0.04063748,-0.004073592,-0.016161254,0.003481694,0.0012911684,-0.14979312,0.0005432345,-0.010878693,0.0027893349,0.00094264024,-0.71810883,-0.14813249,0.040117726,-0.0009517996,-0.0076532452,-0.01501122,-0.003340446,0.0010351008,0.009449971,-0.0020066933,0.0018794533,-0.0034783264,-0.82876176,-0.008024065,-0.03443828,-0.0017326274,-0.003658527,-0.0006119859,-0.005589382,-0.0030712304
-8.218715,-0.55836207,-0.02599067,0.0011807963,-2.4703753,0.006870646,-0.015246227,-0.0018161014,-0.0033944012,0.0034532987,-0.0028658826,-0.16602969,0.003242308,0.01049121,0.0016745189,6.541168e-05,-0.824717,-0.13468206,0.03837287,-0.0022551282,-0.0073730187,-0.017596796,0.00300374,0.003019518,0.0015576903,-0.0014878659,-0.00048744038,-0.29747465,-0.90524006,-0.012303888,-0.029843379,-0.0004594932,0.002536109,-0.005236639,-0.0013057471,0.0004949533
-8.214297,-0.5245126,-0.06032531,-0.009759605,1.0554533,-0.00725477,-0.009161346,-0.004168174,-0.010078039,0.0033672526,-0.011890559,-0.1501255,0.0015418563,-0.008431785,0.0022516574,0.0014354318,-0.744345,-0.15943271,0.029818805,-0.0029806604,-0.0064710956,-0.026280481,-0.0014346023,-0.003389672,0.000118559314,-0.00039695454,0.00046756753,-0.027868537,-0.837198,-0.010307017,-0.005693363,-0.0011139178,-0.0023110753,-0.0022459154,6.0020093e-06,-0.010999842
-8.156247,-0.5560557,-0.027756749,0.0046410738,1.0463355,-0.004329004,-0.015071516,0.009562474,-0.011965995,0.0030968464,-0.010321332,-0.1757876,0.0007177514,0.011692254,-0.0024975336,0.0005171237,-0.73978144,-0.1549871,0.044760358,-0.0023457217,-0.0045714155,-0.025687167,-0.007990124,0.0013348069,0.0035669853,0.0009933773,-0.00032704484,0.005211783,-0.8585796,-0.0075071,0.014928504,-0.0026608927,-0.0043026167,-0.0066726846,0.0034571055,-0.001472398
14.654692,0.6606047,0.036728017,-0.0023393848,0.92004275,-0.028553432,-0.051588237,-0.032824416,0.022729991,0.00202403,0.0047595683,0.68555975,-0.0042537227,-0.0102707185,-0.0010378626,-0.005965232,2.1476536,0.04095253,-0.051595554,-0.075288095,0.00894148,0.045477964,0.044353623,-0.004725355,-0.09482447,-0.002779514,-0.0008352992,-0.017038483,1.5980312,-0.010024611,0.054401703,-0.054650348,-0.009747375,-0.010217425,-0.010092648,-0.017297452
-8.217157,-0.5345627,-0.05818543,-0.0028921086,1.0583035,-0.007304215,-0.003924468,-0.005152187,-0.007726556,0.0028642463,0.00066745887,-0.15075743,-1.960113e-06,-0.013917569,-0.0034511534,0.0008957016,-0.7227566,-0.14614832,0.028525844,-0.0031884948,-0.0060303104,-0.024951303,-0.0050825635,-7.9431105e-05,0.00216176,0.00059133355,0.00067415455,-0.031112298,-0.80745536,-0.010749563,-0.032230403,-0.0035617931,-0.0034050662,-0.0019510414,0.0018614826,-0.01267125
8.128527,0.55378866,-0.14983644,-0.0016028985,-1.4527074,-0.0006797833,0.06044083,-0.029070739,0.007903636,0.0008655165,0.010864551,0.2587736,-0.000372969,-0.029452693,-0.0074845986,0.00031065557,1.4454256,0.040918473,-0.024006324,-0.02218235,-0.012679192,0.093006924,0.0009616026,0.010010448,-0.0028330686,-0.004181509,0.0039029026,-0.36638725,1.1645371,-0.002878048,0.07904404,-0.010377019,0.0014006577,0.007340786,-0.009702887,-0.0022665726
4.3193,-1.1915716,-0.048470292,-0.00025391195,0.91238177,0.006512753,0.11006348,0.001413946,-0.018645536,-0.0013588208,-0.03330208,0.5567709,0.0013122401,0.029482208,-0.009248324,-0.018207956,1.2017944,-0.2049872,0.028270202,-0.017420819,0.014658446,0.13030414,-0.004872234,0.009607557,0.0058472897,0.00036905758,0.00038638126,0.0057954523,0.95925844,-0.0059817787,-0.29336,-0.00080082053,-0.0018530879,0.0039263917,0.017855654,-0.010496305
7.374111,-0.85384756,0.065780334,0.003976282,-0.9138699,0.00623532,0.045602754,0.0134765925,0.015344305,0.011613882,0.04585457,0.96315753,0.000643493,0.0060581653,-0.0028933638,-0.017203074,1.60593,-0.07119261,0.033913683,0.013324344,0.0035071368,0.064593725,0.008702742,-0.014812537,0.0058708177,0.0019500615,-0.0036616568,0.060379945,1.2556423,-0.0029317029,-0.09731442,-0.0012591531,-0.010413125,-0.0058080847,0.025476797,-0.004584377
-8.101386,-0.5456118,-0.054654762,-0.008378181,-1.5402408,-0.0013270655,-0.12875316,0.0052466965,-0.020355256,0.0047803926,0.0013500776,-0.16594516,-0.006620999,0.0016127063,0.0038791113,0.00026148465,-0.76378685,-0.14778781,0.035540573,-0.0017564341,-0.0057036006,0.07686096,-0.0033819845,0.016067171,0.010306951,-0.0018368596,0.0018829348,-0.26396638,-0.9168526,-0.007868978,-0.034205787,0.0009019273,-4.9352e-05,0.020963974,-0.001708086,0.005635824
-8.064063,-0.5480493,-0.06146686,-0.0018002911,-0.91361445,-0.009192805,-0.071881644,0.0011702372,-0.016779153,0.003928743,0.0068011633,-0.15493974,0.00074943784,-0.010267002,0.0045920834,0.00044924457,-0.75725865,-0.14735837,0.035857975,-0.0017122602,-0.004535866,0.070205785,-0.004878959,0.0030861227,0.0074594202,-0.0018594699,0.0016677972,-0.200543,-0.8910998,-0.008057731,-0.03133909,0.00013522638,-0.0064991876,-0.0009754734,-0.007507663,0.004814824
-8.060143,-0.54118764,-0.05990693,-0.002969511,-0.39899975,0.0003860883,-0.078680925,-0.0052109184,-0.013803536,0.0041311225,0.0037970508,-0.15974976,0.00021006128,-0.007341003,0.007920197,0.000836328,-0.7389349,-0.14847845,0.037730236,-0.0024858278,-0.0049720546,-0.04054414,-0.0035463695,0.00089197955,0.002249701,-0.0016080858,-0.0009883823,-0.04871277,-0.8796722,-0.007936467,-0.033335842,0.0012565755,-0.0063633816,-0.002431019,-0.0022944168,-0.0047045867
21.199978,0.46063977,0.0573269,0.0034387603,0.95845133,0.00019970535,0.07052862,0.009040916,0.045145802,0.0038856564,0.03641057,0.6875724,0.0012725024,0.0016863174,0.003223632,-0.01100499,2.4884672,0.09990398,-0.07504506,0.013191013,0.0070040184,0.09011644,-0.025093183,0.0089061875,-0.052301295,0.0010681151,0.0025309615,0.17470516,3.0272977,-0.001406944,-0.0018733509,-0.0010515673,-0.009870204,-0.0049985144,0.0045797783,0.014157431
-8.102756,-0.5385979,-0.060969353,0.0023185983,1.0452914,-0.013389849,-0.07538646,0.000576667,-0.003976077,0.00344679,-0.0006033244,-0.15089701,6.1956256e-05,-0.012549465,0.00078621565,0.00086424703,-0.73357016,-0.14157155,0.039727964,-0.0009009358,-0.0049893116,-0.00619513,0.006032287,0.00062004005,0.00095992506,0.00055185764,-0.00049158855,-0.008254613,-0.8344824,-0.00817488,-0.034277543,0.00073931745,-0.0056804395,-0.0032182722,0.0043199887,-0.00047875624
13.448975,-0.09487135,0.0195169,0.0025139474,0.92433226,0.02295879,0.112720616,0.016257625,-0.009156435,0.0039118635,0.014840075,0.87357825,0.0020378549,0.010573631,-0.0029028507,-0.009589027,1.5689399,-0.077955574,0.039977163,-0.071101375,-0.0052039432,0.014113157,-0.0048747943,0.0063573704,-0.0014879423,0.0026558433,0.0011989253,0.05224103,1.52217,-0.008405341,0.07323481,-0.004227947,-0.006384152,0.0030854521,0.024126405,-0.008400518
17.22019,0.7584983,0.04114035,-0.007314541,0.82965994,-0.016911307,0.084982745,-0.00062861666,0.013981859,0.0013471243,0.024988458,0.9178566,-0.018626863,-0.0068783183,-0.004413021,-0.0032331848,1.872684,0.05310167,0.030130941,0.025490029,0.0025538208,0.01696258,-0.023278536,-0.0018944498,-0.0022306675,-0.0060796943,0.0012996087,0.3018657,1.7086822,8.8670575e-05,0.09875924,0.010311642,-0.0080182105,-0.007187457,-0.009445251,0.032967508
-8.232384,-0.55281854,-0.05495203,0.0028892464,-2.5417702,0.002234127,-0.03803647,0.002375174,-0.0134482905,0.003210757,-0.00017432253,-0.16820307,-0.0065039895,0.001828562,0.0018201416,7.509739e-05,-0.77452123,-0.14727353,0.041791167,-0.003574706,-0.0060107433,-0.015263303,-0.007607086,0.0018898174,0.0024816664,0.0013806707,0.00022501595,-0.24304011,-0.8947284,-0.01204782,-0.028118938,-0.0018306801,-0.015000778,0.001741657,0.003371279,0.00030846952
-8.175244,-0.55335534,-0.058857873,0.0024782976,1.0390087,-0.0022915148,-0.008929622,0.00036562738,-0.01861524,0.002958213,0.0013521737,-0.16149095,0.00057623343,0.009584387,-0.0031600315,0.0009487653,-0.7156401,-0.15579957,0.041691672,-0.005069203,-0.006958487,-0.023659548,0.012012698,0.0021907801,0.009762775,0.0008114494,-0.0006647501,-0.0042688735,-0.8099327,-0.009863317,-0.035932902,-0.00199196,-0.0054934737,0.00027964482,0.004050853,-0.0019856163
-1.7390331,-0.25760815,0.060052793,-0.0024965417,-1.6844622,-0.010904847,0.035503708,-0.00046490962,0.011737822,0.0036779493,-0.028620321,-0.4264004,0.0011103357,0.02381935,-0.00982203,-0.00534885,0.53898615,0.039448153,0.035786685,0.011252619,0.009722316,-0.0076502543,-0.007158204,-0.0022050915,-0.010427882,-0.0008692068,0.002458497,0.012663408,-0.6324975,0.0053135282,-0.017741071,0.0071791154,-0.010808291,-0.012253949,0.010891981,0.008296393
-8.261326,-0.545222,-0.014566785,0.00042944166,1.059846,0.0047248285,0.004376144,0.0031855342,-0.00987828,0.0029280742,0.0054677445,-0.16238439,0.0014490813,0.0120171355,0.0023104511,0.0016284841,-0.7400876,-0.14025599,0.03084298,0.00095508475,-0.0067846845,-0.025204983,-0.0023844698,0.0016364496,0.0010913229,-0.0022059768,0.00096943486,-0.037775625,-0.83010054,-0.012594207,-0.026316354,-4.092035e-06,-0.0022708352,-0.0047407625,-0.004303229,-0.012126806
9.804908,-1.0085864,0.11201991,0.0045193685,-2.3827486,0.012532912,-0.13956112,0.014393893,0.009691725,0.016343536,0.0027916555,0.7612974,-0.0029830167,0.010315444,-0.0070459056,0.035788346,1.9116901,-0.6277517,0.009083401,0.0028361059,0.005542559,-0.0935932,-0.027533857,-0.002800009,-0.017796945,0.0032238925,-0.017181965,-0.10611313,1.8050416,-0.004227842,0.12898494,-0.0055596284,0.005673122,-0.014944675,0.028547898,-0.001386322
14.389324,0.63063926,-0.031045577,-0.0035370735,0.9467489,-0.006933588,-0.048763335,0.009654981,0.030624412,0.0030122881,-0.069874056,0.07713008,-0.0005321821,-0.034967802,-0.00014016424,-0.017374309,2.1661875,0.0930011,-0.08742538,0.017477319,0.0128947925,0.042942513,-0.057048164,0.00019640748,-0.038429804,-0.0080542695,0.004519716,0.20257764,2.3340635,0.015543496,-0.04273622,-0.0043741516,-0.007161844,0.00031376537,-0.013311454,0.033832483
2.4148502,0.4359369,-0.09174036,-0.0051858705,0.92260504,-0.0134575255,0.085487954,-0.017661173,0.0124526005,0.003112574,0.03142475,0.039718457,0.0035497958,-0.01849093,0.008461778,0.0211997,1.3729912,-0.02343369,0.0061720847,-0.013185529,-0.0053400868,-0.007297522,0.018189408,0.0074086185,0.005932152,0.009012469,-0.0011959649,-0.15966587,-0.59236765,-0.011312228,0.0120064365,-0.0063001304,-0.009022491,-0.007039962,-0.009806633,-0.0063772686
-8.193751,-0.52458143,-0.065134354,-0.0035267975,-0.045248564,-0.0056266556,-0.12346393,-0.002250807,-0.021098016,0.0036990095,0.00026460856,-0.1481305,0.00074714585,-0.007761878,0.0059570908,0.0016456698,-0.71623063,-0.15012491,0.03842756,-0.0022550789,-0.0070548803,0.043535657,0.0059532,0.002312018,0.009459962,-0.0014118287,0.0042488505,-0.2039257,-0.8635187,-0.007441292,-0.033796053,-0.0034872196,-0.008827805,0.0015442877,-0.0053584375,0.0014295648
19.268747,0.6377259,0.03458244,-0.010638193,0.90926003,-0.0053627854,0.067824505,0.006861759,0.030688696,0.0019544442,-0.013135344,0.43504968,0.0016585474,-0.009654452,0.0028281363,-0.006361211,2.447298,0.09075505,-0.05634346,0.005373469,0.010001955,0.005596706,-0.010549897,-0.008198636,0.00187384,-0.0014297215,-0.00093938014,0.22656898,2.6414535,0.026342912,-0.004744284,0.0044396073,-0.0054419893,0.00482493,-0.008540311,0.010336329
-8.308559,-0.5432491,-0.067181066,-0.00021877859,-0.12640311,-0.0109573845,-0.09854768,0.0014521065,-0.017589698,-0.038980715,-0.009321936,-0.15297306,-0.006722648,-0.0045316634,-0.0036055604,0.0015275447,-0.6986618,-0.15968491,0.02700142,-0.0003057238,-0.004706488,-0.026321534,0.0010311962,0.0023464076,0.0052500577,-0.0021105118,0.0025626658,-0.042938348,-0.84984565,-0.01045549,-0.0040706443,-0.0024544306,-0.010912686,0.0002064689,-0.0045778104,-0.0071715247
-1.7258537,-1.3362173,-0.057973612,0.004184864,1.00563,0.009886477,0.09921564,-0.013805575,0.018570932,0.0019713826,0.0025941199,0.2438293,0.0034995116,0.009979165,-0.00495154,-0.0024258005,0.8656117,-0.19694294,0.016792048,-0.0060377163,0.014192159,-0.0106608905,-0.004485972,-0.0115321865,-0.008879316,0.00025745833,-0.0004986016,-0.33700654,0.6699094,-0.0006388728,-0.31495366,-0.010582008,0.0011408627,-0.014828925,0.0013107453,-0.002532493
-8.097369,-0.5337263,-0.059358206,-0.0023533052,1.0390421,-0.0044720955,-0.0484636,-0.0010681478,-0.00431967,0.003263924,-0.0007457251,-0.14867924,-0.00023545483,-0.009528166,-0.0032944554,0.001402905,-0.7416427,-0.1402304,0.040055927,-0.0039843866,-0.005296659,-0.02033987,-0.0038110537,0.00079446944,0.0017612299,-0.0005580963,-0.0012382678,-0.003603365,-0.8190254,-0.008490045,-0.034646038,-0.0015787394,-0.0058368505,-0.0036344344,-0.00496003,-0.0006310537
-8.234439,-0.5421167,-0.048577994,0.0011410482,1.0906687,0.0058428696,0.06933396,0.005538933,-0.019005828,-0.029859204,-0.0019316467,-0.15727985,0.0016661432,0.004846303,-0.002271447,0.0014664537,-0.70951444,-0.15233971,0.043040734,0.010836497,0.0015356586,0.083259664,0.00282779,0.0007625952,0.00097640755,-0.00010592186,0.0029970014,-0.11686025,-0.8184651,-0.011778365,-0.03138754,-0.00067250844,-0.0034844587,-0.0036653338,0.0047382046,-0.010933701
20.742023,0.8071463,0.045029882,-0.0026594147,0.88696253,0.006512053,0.05442814,0.003968985,0.019052805,0.0046630213,0.03874072,0.8080073,-0.0032510033,-0.0049977168,0.0036910675,0.012450273,2.4547637,0.06698807,-0.0059971106,0.015113092,0.018070119,0.03117921,-0.019111,0.0018160166,0.0014194321,-0.0062440448,-0.003992328,0.106060974,2.553591,-0.003704362,0.0061516217,0.009871367,-0.0075929975,-0.00026967266,-0.012910167,0.014317154
-8.204785,-0.5472822,-0.06283924,0.001115358,1.0533057,-0.0006067233,0.019001646,0.00032721457,-0.015423634,0.0026795242,-0.0009943829,-0.15571243,-0.0038101592,0.0019357118,0.0015772524,0.0012700423,-0.7041249,-0.15395363,0.043434087,-0.0014568708,-0.005672846,-0.039755613,-0.0036485516,0.002159534,0.0013182902,-0.000103115235,0.0005412295,-0.029956477,-0.816347,-0.008210991,-0.032389615,-0.0042798035,0.0069982936,0.00050512806,-0.00031583398,-0.0074644266
-8.120223,-0.5355722,-0.028230192,-0.0027383524,1.0430866,0.0022736604,-0.049962062,0.0015892,-0.015040307,0.0034086236,4.464862e-05,-0.15917487,0.0029009455,-0.003300441,-0.001062541,0.00058126665,-0.7368739,-0.13295741,0.043946203,-0.0043583447,-0.008894084,-0.017375888,-0.0061682733,0.0018490823,0.0027877728,0.0003533681,0.0019855131,-0.0040610484,-0.85341054,-0.0067980643,-0.03411409,-0.0008601032,-0.002178091,0.00289419,-0.0049362686,0.0006618538
-8.15,-0.5512215,-0.07094387,-0.00028171382,1.0833519,0.0087115485,0.068623684,0.0014388302,-0.029855045,0.0011217145,-0.008853274,-0.1468884,0.0014239879,0.008771711,-0.0038827183,-0.0009986948,-0.7091204,-0.15193433,0.041461438,-2.5997495e-05,-0.0088568535,0.018895721,-0.0020502822,-0.00745235,-0.00024766923,0.00013753175,2.8719931e-05,-0.2136715,-0.8099997,-0.016097466,-0.040121056,-0.0070205065,0.014638955,-0.0017439055,0.0019110951,-0.002151824
-8.130927,-0.53432,-0.062413882,-0.0005571623,-2.085094,-0.0032839477,-0.15257311,-0.001101405,-0.018525342,0.00521345,-0.0019668425,-0.15762596,0.00014105257,-0.009452119,-0.0014567701,0.00015402645,-0.77104354,-0.14923702,0.039055917,-0.00339956,-0.0037864998,0.072731055,0.0013364949,0.0019823492,0.003357881,-0.001696942,-0.00026661676,-0.30614817,-0.92241776,-0.009404157,-0.034614667,-0.0015825217,-0.0016937675,0.0007329052,-0.0040826784,0.0016221716
-8.143061,-0.5477241,-0.06318399,0.0013763957,0.5329148,0.0014607725,-0.046221025,-0.0011926315,-0.014235028,0.0038986953,0.012779923,-0.15050274,0.00014561895,-0.0064636343,0.003867377,0.0011548965,-0.7250273,-0.15125006,0.039540555,-0.0021854427,-0.006981788,-0.039827473,0.007166367,0.012833892,0.010034761,0.00024670368,-0.00093328604,-0.013196407,-0.83960474,-0.008068961,-0.030461188,-0.0020401843,-0.009133671,0.009906911,0.0021043376,-0.0014202248
-8.136081,-0.5297303,-0.052110244,-0.007743494,1.0687741,-0.008511977,0.0032716473,-0.008340136,-0.005012462,0.0024065864,-0.0007949913,-0.16225119,-1.8115334e-06,-0.0080220355,0.0020896613,0.00067542435,-0.76459646,-0.10250252,0.031044584,-0.0015243131,-0.011037843,-0.020048924,-0.0028524825,-0.00085953716,0.00045707758,-0.0007824428,-0.00047256576,-0.01651081,-0.8953074,-0.00563846,-0.001683477,-0.004662177,0.0042883465,-0.0024389278,0.0018006354,-0.0082619535
-0.77497125,0.25656652,0.020802597,-0.0056932196,-2.2542317,3.8698126e-05,-0.0030235671,0.0032950332,-0.013550479,0.0027384097,-0.02836792,-0.30302724,0.009600218,-0.015841197,-0.0010292524,0.03342957,0.81097555,0.086305164,-0.011688927,0.005485039,0.0043161996,-0.08491224,-0.0014579637,0.0031829847,-0.004830034,-0.001303812,-0.019926121,0.22988293,-0.83454734,0.008166563,-0.02644096,0.00017035566,-0.047197975,0.0037803794,-0.016592657,0.043327454
-8.207588,-0.55830836,-0.003537868,0.001262527,1.0819113,0.0026419968,0.021654963,0.006006697,-0.006154547,-0.0041208756,-0.011717487,-0.1745092,0.0024649831,0.009078818,-0.002120988,-0.0024797672,-0.7795968,-0.13803755,0.04634527,0.009738934,0.011021232,0.100606196,-0.008277698,-0.00138283,-0.0038406637,-4.5472807e-05,0.002864369,-0.13653077,-0.8710309,-0.005442939,0.0016968139,-0.011111961,0.00022974325,-0.002517483,0.0035621615,-0.0010820336
-8.194181,-0.5524687,-0.068082705,0.0020599097,-2.4824507,-0.017956432,-0.027158089,0.0016633164,-0.014600776,0.002010148,0.0042372807,-0.15742685,-0.011369748,-0.0041664033,0.0023111943,0.0008278228,-0.7716868,-0.15138474,0.04059177,0.010068378,-0.0058315312,-0.016066464,-0.0069833435,-0.0016544303,0.008020579,0.00043635207,-0.00074970577,-0.27094612,-0.89605975,-0.010797921,-0.03141104,-0.005599714,-0.0060835388,-0.00014216706,0.0043775924,-0.0028401995
-8.161577,-0.52985084,-0.03302469,-0.0111442255,1.0488511,0.0018543513,0.015801655,0.0008449506,-0.015964987,0.0028223586,-0.011219619,-0.16849224,-0.008836104,-0.0025308516,-0.00043454146,0.0014158486,-0.7396244,-0.15458421,0.04419822,-0.0032118412,-0.0070923506,-0.0318818,-0.0029284281,0.00245472,0.0034725368,-0.0010763021,0.0011303716,0.00080535095,-0.87614655,-0.0065573165,0.002061613,-0.0010900884,-0.0033583706,0.0011329361,-0.0007396547,-0.00012470808
11.683365,0.69579124,-0.043771133,-0.0028538522,-2.1343153,0.023658698,-0.29750744,0.0010291944,0.009991207,0.004198032,0.03736283,0.31582883,-0.00051715504,-0.0077388226,-0.0054060295,-0.00093061675,1.6243973,0.031694334,-0.03731971,-0.04508587,0.0032681283,0.03854516,0.0075389547,-0.01414988,-0.010256079,0.0033790583,-0.00278056,-0.23118068,1.1510057,-0.0071933847,0.08175052,-0.020437403,-0.0031135075,-0.02064094,0.0023304073,0.0005065405
-4.049941,-0.43497908,-0.12810867,0.005051614,1.0407404,-0.02523711,0.020273823,0.00074274885,-0.015450058,0.004755089,-0.013810842,-0.2692193,0.0025385837,-0.018410183,0.004051915,-0.018684113,0.33135337,-0.242117,-0.019139942,-0.014692551,-0.008695962,0.0017233107,-0.0021356572,0.006092218,-0.0068357573,-0.0018536575,-0.015430948,-0.005702844,-0.62866396,-0.009503915,-0.007210423,-0.0010855386,-0.00785481,-0.0013499917,0.017060429,-0.002163829
-7.576665,-0.3911941,-0.014673728,0.0014896021,1.033633,0.0079165,-0.0040647183,0.008431165,-0.0055416133,0.0042357105,0.0244674,-0.15871987,0.00066085864,0.0048678406,-0.0024299196,0.00036877184,-0.60559165,-0.13386436,0.07478744,-0.0049034776,-0.0072007133,-0.011557544,-0.0068707154,0.0022537513,0.0017740749,0.00015067447,-0.0009814452,0.0014465952,-0.84260345,-0.0065285955,-0.027275812,-0.0030252833,-0.0064786314,-0.0051226104,-0.00685734,-0.0011618403
23.999027,0.5673099,0.06820734,-0.0016222426,1.0393816,-0.00924126,-0.17102426,0.0045420974,0.030745305,0.002490527,0.04457143,0.69256794,0.001227853,0.000754067,4.1706226e-05,0.0016913554,2.6873503,0.12688185,-0.01828898,0.002037082,0.025480011,-0.012697747,0.031854708,-0.002566283,-0.0053572524,-0.0030513613,-0.0031721573,0.27446148,3.1516626,0.012974909,-0.0038772607,0.011740867,-0.0006053156,-0.0039602844,0.010014977,0.021683449
-7.781327,-0.6277385,0.017821355,-0.00057663023,-1.0056968,0.006269487,-0.10005471,-0.00040876807,-0.0043846355,-0.03543906,-0.008617488,-0.2269245,0.0019927379,0.025219936,-0.007603385,-0.0056715575,-0.5312563,-0.15493485,0.0051499596,-0.021298021,0.009727652,-0.035391696,-0.0030823285,-0.020635651,-0.011100527,-0.00067813427,0.0002497544,0.0062087285,-0.7465058,-0.00687755,0.021857217,-0.034166552,-0.011495842,-0.0036522653,0.0115729915,-0.0040566493
9.766852,0.6460422,-0.08995512,-0.0033533338,0.9370449,-0.023037976,-0.020530315,-0.0052793785,0.03190147,0.002245728,-0.03936981,0.18857759,0.0044271196,-0.024109388,0.0009949232,0.0028916432,1.5568761,0.04052326,-0.021264851,-0.042936098,-0.05137644,-0.029056221,0.04656984,0.00085299683,-0.025256734,-0.00391583,0.0004317326,0.13192947,1.2320905,0.0074660564,0.08619714,-0.019600656,-0.0054206867,0.01306566,-0.010920075,0.019660283
-7.9652257,-0.5523531,-0.058757097,0.0017376237,1.0248978,0.0056690774,-0.038067065,0.002342223,-0.014591897,-0.0034167028,0.012731674,-0.15251827,-0.0087979585,0.0026187822,0.0036084584,0.0014351814,-0.65587026,-0.15006506,0.04134418,-0.0024674041,-0.0066296477,-0.02610435,-0.0033464131,0.005890979,0.0022819068,0.00032087017,0.0008825574,-0.036937296,-0.79839826,-0.011089451,-0.031295747,-0.0012901605,-0.0045264857,0.00015410503,0.0037329986,-0.009093656
-8.078052,-0.5274208,-0.06337385,-0.0064712386,1.0371294,0.0046911603,-0.07991548,-0.0006902458,-0.0017546657,0.0034000452,-0.00043254416,-0.14659986,-0.0008426237,-0.0077676126,0.002478371,0.0016635577,-0.73958296,-0.14041053,0.04068846,-0.0040944847,-0.006774418,-0.008857308,-0.008831183,-0.0005233785,0.0034996078,-0.0013250952,0.0010757727,-0.003916128,-0.8312457,-0.0077243405,-0.034163613,0.00028010915,-0.0063670026,-0.0015467947,-0.000117716125,0.0022312044
18.507174,0.7010188,0.03273843,-0.0031192666,-1.5991342,-0.0048517045,0.042884663,0.0009671508,0.015213068,0.0014281364,-0.034731124,0.77161527,-0.0008602144,0.028738149,-0.0022087663,0.0018909087,2.2472532,0.053658668,0.0025895322,0.03171713,-0.0009020218,-0.00037949707,-0.007039204,-0.0026805077,-0.026830623,-0.0034831762,-0.004489203,0.2653568,1.7966096,0.044637293,0.07225695,-0.003727592,-0.0041878475,-0.006442321,-0.012223785,0.0011663102
-7.817206,-0.4263553,-0.02992499,-0.0008290342,1.0601822,0.0034587556,-0.04230773,0.0076297815,-0.003539528,0.0033767063,-0.006971895,-0.1729477,-0.007157833,0.0035446836,0.0026250137,0.001811683,-0.72415674,-0.046701364,0.04340519,0.0043156743,-0.0059846956,0.075500354,-0.004482915,0.0033078531,0.0033819128,0.0025339748,0.00070340594,-0.007875009,-0.9514159,-0.0059075933,-0.0074117645,-0.0018218006,-0.0044882954,0.0007765364,-0.0012106551,-0.0030388143
-8.182208,-0.5496096,-0.020203294,-0.003489984,1.047341,0.0010993459,-0.0070449873,0.0022254104,-0.013562272,0.0033024983,0.0011903296,-0.16539644,0.00048348622,0.0026143603,-0.0009460476,0.0005175395,-0.7338964,-0.1345483,0.04491349,0.00085802615,-0.00317589,-0.012679138,-0.005538536,0.00060207275,0.0027348865,0.00046035482,0.001973505,-0.0051749363,-0.85204023,-0.008129547,-0.033735245,-0.00074687117,-0.0058400254,0.00060167833,0.0011008187,-0.002391252
-8.1187,-0.55599964,-0.074835084,0.0017113301,-2.5089576,-0.021274278,-0.08086975,-0.0011836297,-0.02340662,-9.686404e-06,-0.0010207724,-0.1593715,-0.0054724733,-0.008823099,-0.0024060484,0.0019478182,-0.7776151,-0.15392789,0.04140461,0.0091299545,-0.0035932544,-0.036218453,0.004163559,0.0024189518,0.013143412,0.0004862564,-0.0002610845,-0.29151094,-0.8923548,-0.012241516,-0.03688829,-0.0066289487,0.016331116,-4.4646116e-05,0.0013344625,-0.0021604192
0.7500498,-1.6079452,-0.0814988,0.001445488,-0.37815446,0.01623052,-0.13133088,0.001591123,-0.01606275,-0.01876282,0.053545576,0.71656936,0.0017953855,0.017537678,-0.016786983,-0.022160212,1.1258351,-0.24489789,0.029476361,-0.015414089,0.011747872,0.04629656,-0.0146525875,-0.00030975742,0.006752769,-0.00019022073,0.0011821379,-0.028434256,0.7595867,0.00011507452,-0.27181378,-0.006780014,-0.0017223568,0.005157526,0.009412477,-0.0041719326
-8.127073,-0.5514893,-0.04281124,0.0026837746,1.0413094,0.0022894724,-0.045834158,0.000969538,-0.016719833,0.003365091,0.004550916,-0.15847677,0.0011532354,0.010016599,-0.0028857957,0.0013207318,-0.7208811,-0.14369069,0.042241607,-0.005432772,-0.008255401,-0.019973103,0.009669945,0.0009793506,0.0023396024,0.0007428865,-0.0006263776,-0.005624815,-0.83694494,-0.010241885,-0.036118615,-0.0037166537,-0.005127418,0.0015160796,0.00421265,-0.0025221836
-4.2989607,0.04452932,-0.10583182,-0.0035939594,1.0216165,0.006918284,0.0030979211,0.002584391,-0.015629359,0.0040382203,0.0012943376,-0.2737842,-0.0072503993,-0.016585888,0.004016555,0.0012219987,0.25663245,-0.22364601,-0.00056690245,0.0055125766,-0.0020391163,0.0015660567,-0.0025100743,0.0051045013,0.0043964805,-0.0060028727,0.0013279701,-0.042372074,-0.7412889,-0.0047016125,0.0055749263,0.0017886802,-0.007968681,0.002716039,-0.019921938,0.002935267
19.262114,0.7867445,0.061317835,-0.0022233003,0.90546745,-0.006814179,0.080805324,0.0074988776,0.049953178,0.0016326747,0.010058992,0.4949237,0.0029937103,0.0026023735,0.006229119,0.0025491335,2.416857,0.08761361,-0.09681679,0.014850955,0.01629474,0.010365181,-0.023594474,0.0019420896,-0.08418342,-0.0053561893,0.00013000262,0.060419377,2.6430888,-0.0040749833,-0.068701304,-0.0019983433,1.1474883e-05,-0.008852205,-0.015802734,-0.004286274
-8.126424,-0.5485511,0.02523789,-0.0023001235,1.0479504,-0.0015192811,-0.016026758,0.0018533523,-0.010161835,0.0020401448,-0.006406352,-0.18455864,0.0008009844,0.008947889,-0.0015996057,0.00021372698,-0.7970113,-0.08324034,0.044555686,-0.0022392683,0.0012183334,-0.017247092,-0.0028616965,-0.0032041306,0.0032300716,-0.0022305613,-0.0023590412,0.005395914,-0.9493162,-0.0065559526,0.0065215896,-0.0064493087,-0.0040053753,0.0038232338,-0.007372847,-0.0023217578
-8.2034855,-0.56353855,0.023102308,0.004048941,-2.5048676,0.00094682776,-0.08434238,0.0034421415,-0.015316988,0.0033005453,-0.009126754,-0.1977143,0.0014289694,0.011323598,-0.0008519417,-0.00030491338,-0.8357452,-0.14165692,0.033588104,0.004856198,0.002615965,-0.17484777,0.00010758192,-8.8612454e-05,-0.00080761727,0.0005727004,-0.00016438724,-0.028173558,-0.96345705,-0.009624828,0.02175665,0.0015992419,-0.0047497707,0.0017833866,0.0049040318,-0.012364653
20.290722,0.3917601,0.08506165,0.00083283585,0.90508807,0.00887861,0.08885864,0.011650943,0.036889773,0.0033841487,0.03022942,0.881589,-0.0020047484,0.030101014,0.009240946,0.0017321002,2.3264108,0.066388994,0.06629986,0.008672298,0.0061493414,0.014319875,-0.02625657,0.0031884355,-0.03637262,-0.0033643206,-0.0007487654,0.21046327,2.5742512,-0.0014786579,-0.00720275,5.7384867e-05,-0.0010419807,-0.0023372555,2.3484687e-05,0.02189972
-8.178128,-0.54966277,-0.06353611,0.0026918696,1.0334674,-0.00017493407,-0.0012717125,-0.0006355247,-0.016591374,0.002830668,0.0004544167,-0.15564406,0.0006556793,0.009733689,-0.0032085106,0.0011781764,-0.71334034,-0.1558605,0.039711274,-0.0009885256,-0.004302156,-0.02486349,-0.0015024754,0.002330861,0.008892572,0.00079095666,-0.0009115161,-0.007339344,-0.80764145,-0.009083571,-0.03494523,-0.0014734054,-0.0061410028,0.0027524556,0.0043099266,-0.0015634571
-8.208153,-0.5518276,-0.018882211,0.0023188388,1.050808,-0.0030612303,0.011777315,0.00080485485,-0.017248781,0.0030230694,-0.0021938414,-0.16316481,0.00016541404,0.0072749825,-0.002281335,0.00043569782,-0.75940156,-0.14271681,0.044289704,-0.0028493565,-0.0047346293,-0.035460778,-0.0032751134,-0.0025126808,-0.0053964406,5.1311727e-05,-0.00041949324,-0.016832486,-0.8241858,-0.008796863,-0.027932398,-0.003051375,-0.0034836372,-0.0047006584,0.0017976784,-0.0021928789
1.3783015,0.3342363,-0.13342799,0.003680186,-1.3966445,0.0058887354,-0.06632534,-0.012544557,-0.012757772,0.010680845,0.0132403765,-0.035466753,0.0007762715,-0.0149827,0.015613437,0.013587087,1.3614933,-0.020942852,-0.01517964,0.008562419,-0.0045463117,0.03148044,0.019053442,0.01613228,0.0026479068,-0.00043991808,-0.0023946706,-0.2828795,-0.58464265,-0.009970096,0.021537196,-0.00264482,-0.017134596,0.017631289,0.00042434223,-0.0013844395
-2.1223207,-0.45977893,-0.059608914,0.0032567806,0.9841722,0.008154877,0.08074908,-0.001987943,0.014284217,0.0040122992,0.0023688104,0.08027595,-0.00607815,0.00395154,0.0018167187,-0.0032612938,0.55814105,-0.29642597,0.07560677,-0.0040972396,-0.007827541,-0.013636877,-0.0014753593,0.00057314424,-0.0051361676,-9.461615e-05,0.005701189,-0.0536058,-0.583177,-0.0061852993,-0.006857567,0.00087425194,0.006540189,-0.0062968084,0.022091946,-0.010918742
0.3157216,-0.24140522,0.16631354,-0.0015910268,1.0428512,0.02820056,0.101960264,-0.001336814,0.014101238,-0.03765477,0.03320745,0.27944586,0.0055728015,-0.0020669885,-0.0012467437,0.022538442,0.8493421,0.094136365,0.08440488,-0.0018198475,0.0009177888,-0.07730324,-0.010503505,-0.0036747565,-0.008980827,-0.0018102789,0.006600072,0.07710789,-0.578055,-0.0005425172,-0.029361367,0.0036586032,-0.0176094,-0.0065171723,0.03304809,0.03391542
-8.119955,-0.54514444,0.025028553,-0.009332092,0.36630806,-0.002096783,-0.0617998,0.00069449266,-0.008519451,0.0042424453,-0.010794318,-0.17576472,-0.00012055532,0.006639655,-0.003232297,0.00061049475,-0.7932676,-0.13111366,0.042604286,0.0021452226,0.0008268614,0.040856753,-0.0055611045,-0.004197639,0.0034216114,-0.0013995678,0.0052176886,-0.15847793,-0.89053637,-0.0066776956,0.001034954,-0.0016788535,-0.0060527967,-0.0023944313,-0.0023900191,-0.0021988696
-8.210337,-0.5519515,-0.028828582,0.001173794,1.0511155,-0.0016241905,0.010465023,0.0037069712,-0.013546537,-0.033682868,-0.0015817818,-0.16455576,-0.0033680962,-0.00049148453,-0.0037531336,0.00041173535,-0.72336614,-0.14724153,0.04742228,-0.0032686512,-0.007044885,-0.0138999205,0.0026557723,0.0016473851,-0.009778309,-0.0019589264,0.001331244,-0.0019596769,-0.8120361,-0.00885226,-0.037350606,-0.0005172729,-0.0030445047,9.698434e-05,-0.0044928533,-0.0028906518
-0.3761288,0.3928853,-0.028477943,-0.0024507237,0.99850893,-0.0012230636,0.080460146,0.00085925905,0.011073072,0.0021436529,-0.012380247,-0.31072134,0.0023451026,-0.029241355,-0.0021376766,0.0034813215,0.6556928,0.07812229,-0.019873291,-0.0045412723,-0.011191668,0.025569845,-0.014743565,-0.0064265034,-0.001334225,-0.0014083114,-0.0070297667,0.22882001,-0.7513089,0.0061889007,-0.024687195,-0.0014004554,0.00044613954,0.00640151,-0.004237252,0.029742371
-8.125727,-0.53356415,-0.05940324,0.0008387637,1.0460731,-0.0052069556,-0.03052396,-0.002036015,-0.0040785093,0.003427607,0.0015868669,-0.15070064,0.00024490806,-0.011229475,-0.0010085393,0.0016423165,-0.7408984,-0.13828899,0.04175342,-0.004441613,-0.0065540536,-0.017942624,-0.0039967643,-0.00095750234,0.0029091872,-0.0016282456,0.0017236582,-0.0030236521,-0.82583547,-0.008180493,-0.03384916,0.0011753893,-0.00452058,-0.001428577,-0.004255175,-0.0024966944
-8.242252,-0.5363265,-0.064719364,-0.004166959,1.0636423,0.0013968283,-0.011153795,0.0019095505,-0.019329878,-0.03400234,0.0060863807,-0.15384397,-0.005902057,-0.004877151,-0.004772583,0.0029179768,-0.691169,-0.15702802,0.029936204,-0.0057009896,-0.0071153804,-0.013701109,-0.0008072759,0.00061350066,0.0036080712,-0.0025331313,0.003436268,-0.022542479,-0.7971393,-0.01167412,-0.02929692,0.0003903383,-0.0038622217,0.0019363204,-0.004243725,-0.010264918
-8.099866,-0.5499147,-0.063517526,0.004332959,1.0383172,0.0016651637,-0.07596916,0.0050732433,-0.017327758,0.0035639019,0.0042682383,-0.15718295,-2.1956103e-05,0.008941543,0.0020818347,0.00037439584,-0.7066937,-0.1515742,0.03991047,-0.002952657,-0.008775107,-0.0145669365,0.011827272,0.0018872806,-0.0013960862,0.0004941753,-0.0008341034,-0.004852066,-0.8280541,-0.009975043,-0.036059152,-0.001628682,-0.0048643597,0.00068027823,0.0042708125,-0.000555515
-7.7412243,-0.26948008,-0.017079268,-0.013250498,1.0267848,0.00074473454,-0.03909869,0.004591535,-0.0078020655,0.0038877532,0.02141168,-0.179322,0.0003224734,0.004634852,0.0011521187,0.0018679369,-0.68041354,-0.13827652,0.055657104,-0.005140538,-0.0049383324,-0.02982676,-0.0007239391,0.0011041791,-0.003556869,-0.0015380129,0.0005318128,-0.028861118,-0.87698555,-0.011936939,-0.026504595,-0.0028215065,0.01711992,-0.004953328,-0.012892384,-0.008266703
22.907814,0.82662016,0.031275652,0.001088426,0.5190704,-0.007980706,0.08536031,-0.0014154074,0.040019274,0.003048514,0.0443608,0.7001323,-0.0068778424,-0.02714541,-0.0008574764,-0.017860683,2.5592425,0.1102402,-0.09254493,0.005073195,0.010554972,0.051164646,-0.037330747,-0.00969106,-0.046950165,-0.00855438,0.0059272707,0.19362494,3.1524787,0.0072578243,-0.009843793,-0.010285465,-0.008509971,-0.010591945,-0.009179576,0.020614019
-1.5010921,-0.3514328,-0.14654444,0.004120138,1.0332687,-0.014957112,0.060800806,-0.0110177845,-0.039924596,0.0054906146,0.0045846435,0.17851612,-0.009358823,-0.008779965,0.00010054361,-0.0005118889,0.4395138,-0.30445084,0.085504085,-0.0058007888,0.0012882957,0.024928767,0.02004803,0.006221363,0.024189852,0.00042922582,0.00026821843,-0.06677386,-0.7044108,-0.003145567,-0.014292253,-0.0032661052,-0.0045768186,0.009259991,0.019977625,0.035684638
-8.24025,-0.5547581,0.042743668,0.0033587855,1.0638875,0.007913042,-0.009198457,0.002763952,-0.016686903,0.0024593521,-0.002747413,-0.19057757,0.0016062976,0.013400656,0.0031016553,0.0003258099,-0.79181784,-0.094167955,0.03203823,0.0013758714,0.008669143,-0.021919468,0.0038222016,-0.0071392376,-0.008982529,0.00092198414,0.00022517685,-0.011545781,-0.92199737,-0.008104356,0.017915849,0.0140942745,-0.0034474053,0.0030860202,0.011962087,-0.0129983695
5.6142516,0.4433235,0.14586352,-0.006551933,0.9805407,0.009086284,0.09973688,0.0057853246,-0.010498926,0.0027559965,0.028050616,0.11598216,0.0020040304,0.013077395,-0.004796925,-0.00095639564,1.5503447,0.06355218,0.031371187,0.02093829,0.0155720245,-0.010425643,-0.0012011166,0.009509211,-0.023910996,0.00079067046,0.00028447423,-0.08577409,-0.62188566,-0.030426014,0.03521772,0.0018569573,-0.011089714,-0.0020782745,-0.009004042,-0.006553832
17.122446,-0.23088261,0.082493894,0.003318051,0.8482356,0.020549804,0.09085368,0.016339853,0.024140086,0.0016064628,0.04251312,0.7251625,-0.00093755254,0.02192347,0.0024483597,-0.006781314,2.2779372,0.09152172,-0.028524153,-0.000372894,-0.0015853856,0.023991726,-0.008199612,-0.016565185,-0.039159175,0.002022651,-0.0032451423,0.19442241,2.892629,0.0024112295,-0.07648927,-0.0024315284,-0.0036851794,-0.0031720162,0.037112676,0.023241416
-8.12744,-0.5383482,-0.05770707,-0.010332805,-0.12874556,0.0018212192,-0.07500775,0.0008625944,-0.019531487,0.0040997574,0.005123293,-0.1510265,-3.9062543e-05,-0.0001471296,-0.0029089262,0.0012128082,-0.72220856,-0.14814165,0.0377112,-0.0046839146,-0.004759892,-0.024474643,-0.0053496556,0.0034904412,0.004361799,-0.0021435528,0.0017957657,-0.10663256,-0.8542929,-0.008345417,-0.03382936,0.00058749743,-0.0059283515,-0.0022194064,-0.00070990797,-0.0043458845
7.231806,0.50301373,-0.1620574,-0.0031876962,0.97396284,-0.016487725,0.124793686,-0.018482322,0.03815284,0.0022155503,0.039193287,0.14378299,0.00023947592,-0.027151305,0.004989895,-0.010919401,1.4626026,0.04261982,-0.028150257,-0.042674657,-0.026311245,0.011378222,-0.013290725,-0.012031188,-0.025763977,-0.002416542,0.0006089708,-0.24222946,1.1079003,-0.0124122305,0.06689274,-0.020702224,-0.0046659983,-0.010740341,-0.0061698435,0.0008210946
20.610844,0.36909667,0.07577931,-0.0018318932,0.9204328,0.007586026,-0.06666237,0.012224537,0.029324202,0.004108868,0.035686415,0.8913995,0.0021082426,0.035074167,-0.004225064,-0.0013434915,2.3095472,0.07576136,0.065992884,0.009890545,0.0301183,-0.0019861604,0.043182783,0.004608566,-0.055642635,0.0017868906,-0.0004973778,0.25943437,2.6806011,0.016394705,-0.026647637,0.0066604586,-0.01082858,0.0013941006,0.0028621454,0.03007923
-8.203034,-0.52794117,-0.054855537,-0.00137019,1.0479113,-0.002642348,0.023259353,-0.005628538,-0.0066633676,0.00288285,0.00512045,-0.15270081,0.00047933572,-0.011458966,0.0021999413,0.0010797225,-0.72860974,-0.14295653,0.04088676,-0.0031962716,-0.0059124213,-0.023013348,-0.007413395,0.0013643771,0.0032600176,-0.0010949031,0.002711281,-0.020699251,-0.8142824,-0.009016512,-0.03284506,0.0013492968,-0.003854585,-0.0031227837,-0.005330243,-0.012198171
-8.197028,-0.5539032,-0.026375024,0.0044158194,1.0469552,-0.0029283648,0.001115617,0.0024343994,-0.010948859,0.002952686,-0.0012979226,-0.15908773,0.00019927711,0.008554697,-0.0004897014,0.0015160795,-0.75352377,-0.1421566,0.043568633,-0.00426369,-0.0056636836,-0.03312666,-0.0008784832,-0.00072494725,-0.00018125607,0.000545503,-0.00059493823,-0.014323484,-0.8183609,-0.008459376,-0.030723993,-0.003903695,-2.1881775e-05,-0.0048104716,0.0044700718,-0.002428634
-8.191219,-0.5318609,-0.06747449,0.0009359562,1.0381187,-0.0035039973,0.015614757,-0.00020912237,-0.016517766,0.0028918062,-0.0003368745,-0.14932357,0.0011003244,-0.01173486,0.0021097676,0.0016570189,-0.7150151,-0.15617079,0.043495663,-0.0016891978,-0.006875613,-0.022634713,-0.0020224438,0.001982752,-0.00030315973,-0.0013401604,0.00096165953,-0.00073361787,-0.81374615,-0.0088918,-0.034583066,-0.001395224,-0.0055248616,0.0009691468,-0.00562115,-0.003190163
-8.13352,-0.53194225,-0.06563733,-0.0014717194,1.0451756,-0.0046625473,-0.016800031,-0.005282915,-0.01677855,0.003353188,-0.0010278681,-0.14906836,0.0003110321,-0.011196274,-0.00027096053,0.0016241721,-0.71825045,-0.14881133,0.040397357,-0.0018035945,-0.0053866557,-0.02124627,-0.0022316617,0.002219807,0.00330861,-0.001166393,0.0018543219,-0.002884979,-0.8233691,-0.0077732163,-0.03351047,-0.0006283267,-0.0054855365,-0.0011404406,-0.0063461843,-0.0006005536
9.993913,-0.49836862,-0.08322621,-0.0056511853,-2.4140737,-0.17056833,-0.19692908,-0.034573004,0.020181432,0.016187117,0.011073963,0.82057524,0.0008668181,-0.011163071,0.0019069632,0.022652106,1.9414291,-0.86940104,-0.029324537,-0.0057895784,0.008332428,-0.07416776,-0.01245634,-0.0080504315,-0.029420437,0.010983732,-0.0018302613,-0.065524064,1.7662531,-0.0023640417,0.1008284,-0.035497002,-0.005436979,-0.036578666,0.02066724,-0.006252008
-8.215871,-0.5625465,-0.02157242,0.0051490837,-2.4722962,0.003362389,-0.017621094,-0.00026511322,-0.005352432,0.003147543,0.0039349957,-0.17445596,0.0005893809,0.00741852,-0.0027305097,0.0007751106,-0.814922,-0.14002718,0.041160077,-0.0022085793,-0.0040528234,0.009883259,-0.0025052016,-0.0026636245,0.0031062288,0.0006462078,-0.00015977566,-0.24748492,-0.9021323,-0.01447443,-0.031004753,-0.0067178016,0.0059269676,-0.003000823,0.003265493,-0.0070208283
-8.21245,-0.5584427,-0.008708587,0.0020403888,1.0494716,0.003180741,0.0203778,0.0040362924,-0.0005029018,0.0030234025,-0.010017191,-0.16344935,0.0013196504,0.009834133,0.0019527598,-0.0003058067,-0.7492531,-0.1438188,0.042458788,0.00219678,-0.0011548065,-0.020272326,0.0003971319,3.5354347e-05,0.003324187,0.00046600788,-0.0011261698,0.0044701067,-0.8597407,-0.0045243595,-0.012091156,-0.0047765872,-0.0048438455,0.0022657197,0.004488532,-0.0019276752
-8.144656,-0.52888393,-0.06472735,-0.008187636,1.0393149,-0.0007606256,-0.0071733883,-0.005167204,-0.016208718,0.0032513614,-0.00061902317,-0.15228185,0.00033258816,-0.008229361,-0.0034214372,0.0014439145,-0.716369,-0.14937024,0.041483223,-0.0022906577,-0.0051364833,-0.021213781,-0.0063352697,0.0023516158,0.0050353142,-0.001441646,0.0015966793,0.00057227357,-0.8212921,-0.008716643,-0.035289172,-0.0010922474,-0.0039093704,-0.00047070225,-0.00039807748,-0.003584069
18.501617,0.61680937,-0.07818033,0.00091180747,-2.4432738,-0.02954472,-0.18552817,-0.011935517,0.026186181,0.0043648346,0.04121854,0.68846005,-0.001475496,-0.045788944,-0.005277023,0.005609792,2.3952837,0.13747878,-0.11454903,-0.011755386,-0.021285554,-0.014161127,-0.06120012,-0.00044022436,-0.009662257,-0.004337665,0.015385595,0.11368584,2.6774611,-0.008239895,-0.037675146,-0.033498332,-0.0034992567,0.0032823132,-0.0011088733,0.023547664
15.711157,0.58559644,-0.04023157,-0.0063248756,-1.602006,-0.014664876,0.054445047,0.010829902,-0.0046273447,-0.02561368,-0.011263211,0.66985923,-0.01812477,-0.009899153,0.002426281,-0.0025027513,2.1577654,0.028649775,-0.0061441204,0.037316535,0.008209513,0.09615636,-0.004733093,0.0055967052,-0.000996787,-0.008712809,0.0035718349,0.2231752,1.8904327,0.019918406,0.028728448,0.0055425093,-0.008457548,-0.0142286895,-0.0039536566,0.012485504
23.528172,0.5610704,0.06586322,-0.0023532368,1.0240222,-0.007368944,-0.07911855,0.0052247066,0.025744803,-0.021438804,0.042856246,0.692036,-0.0019610124,0.0071079107,-0.0003405896,0.0004425094,2.5570168,0.13009284,0.013661266,0.009893909,0.031148635,0.010046691,-0.026892502,-0.00080051605,-0.012276184,-0.0052882936,0.000573821,0.25948685,3.0456827,0.017477654,-0.011275631,0.005722011,-0.009951316,-0.0096023735,-0.008642722,0.022275854
-8.231448,-0.54412925,-0.056992393,-0.0114455,1.0550754,-0.008044491,-0.014931907,-0.0012072377,-0.014673588,0.00347599,0.005209487,-0.15476194,-0.004749329,-0.0011826357,-0.00066190923,0.0015753201,-0.72953165,-0.14170094,0.030119723,-0.004825975,-0.006461007,-0.035364907,0.0024608183,0.0002901184,0.0001519919,-0.0011967024,-0.0026255904,-0.030557266,-0.7972735,-0.012020616,-0.030764397,-3.9837963e-05,-0.0072475024,0.0029076522,0.0010406477,-0.01233663
-5.266187,0.099759415,0.036408745,-0.0039285636,-0.37233862,0.010228176,-0.03685893,-0.007972307,-0.0064645885,0.005717778,-4.074295e-05,-0.19008246,0.0072529474,-0.02177606,0.007841886,-0.008055596,0.15735903,-0.16393614,0.0011693031,-0.0034111496,-0.003396495,0.08551803,0.01577318,-0.0015524658,0.020233419,-0.01130371,0.00093740236,-0.25982442,-0.89214176,-0.0060734437,-0.026110731,-0.002938367,-0.012721716,0.013853525,-0.009766379,0.005846867
15.562686,0.46378314,-0.08737827,-0.008020348,-1.9940557,-0.055723485,-0.115283094,-0.04187807,0.020335436,0.0015824499,0.019789474,0.9377707,0.0005961073,-0.045883678,-0.0041923746,0.008035348,2.145084,0.03893421,-0.030414613,-0.05625544,-0.02357057,-0.22383492,0.03821326,0.0048474595,-0.026760077,-0.003963566,-0.0016054837,0.1419302,1.6210657,-0.004652356,0.04036814,-0.01207111,0.022846553,0.0065637785,-0.0072455546,0.02228231
19.281963,0.739152,-0.021894135,-0.0017735166,-0.7221321,-0.010545288,0.046761572,0.004968536,0.02067882,0.0051423963,0.04059811,0.78465605,-0.005820464,-0.0037181224,-0.0049216123,-0.012101357,2.4074056,0.069207124,-0.046279486,0.01845905,0.02697782,0.070348665,0.007422813,-0.00571035,-0.0016746839,-0.010520052,0.0033522167,0.20205748,2.673993,0.0044969167,-0.011988204,-0.009248747,-0.00768546,-0.009122451,-0.010333195,0.015951768
16.456713,0.76337105,-0.008265428,-0.004079965,-0.5566005,-0.0003624706,0.04399962,-0.011775857,0.016373465,0.0015685507,0.009613975,0.68012583,-0.0022456823,-0.021645596,0.0025765183,-0.0015911898,2.1648827,0.03266428,-0.019673683,-0.054156836,0.0019655516,0.105289035,-0.0108792065,-0.0030358126,-0.0049750526,-0.0059583946,0.0022545205,-0.03009532,1.5715929,-0.008433047,0.038501922,-0.093257874,-0.0057331715,0.00011129805,-0.0050359415,-0.007267721
-8.230745,-0.55857503,-0.04854655,0.0053827707,-2.5089767,0.0016483016,-0.015948327,0.00031807815,-0.005717705,0.0034017893,-0.002652238,-0.16830228,0.001967704,0.007841325,0.003802983,0.0015692291,-0.80273235,-0.13745748,0.038635634,-0.0036473344,-0.005188483,-0.018403996,-0.014454825,0.0017121353,0.002787387,0.00073928735,-0.0009445147,-0.24920031,-0.89375055,-0.013665716,-0.03005104,0.0010550201,0.0042496272,-0.00030350525,-0.0010852271,-0.009585223
3.5960245,0.06998024,-0.06512408,0.0024785656,0.90296984,-0.018404238,-0.17551853,-0.018273486,0.016185382,0.006952573,0.007897154,0.19030273,0.0054643047,-0.03768193,0.006320534,0.00465921,1.1255715,-0.055543333,0.0018668887,-0.016359169,-0.029329626,-0.0028605487,-0.011955194,-0.010300659,-0.0133809075,-0.0145101175,-0.002619345,-0.37566072,0.962871,-0.00740292,-0.15531349,0.0005817891,-0.0116646495,-0.0092353765,-0.016697425,-0.0016928458
-8.223308,-0.56018734,0.03245862,0.003305161,-2.4911969,0.0025365916,-0.084860764,0.0047186166,-0.0127985105,0.0032802415,-0.010323081,-0.1879967,0.0015903378,0.011227489,0.0031470277,-0.0022647777,-0.8421072,-0.132887,0.03163207,-0.0031465432,0.005918436,-0.1466741,0.0042538308,-0.0074642794,-0.0074401232,0.0016758046,6.626434e-05,-0.018123625,-0.9438722,-0.012250286,-0.004850348,0.0019060854,-0.014427186,0.0047009117,0.008221435,-0.011198827
-8.188723,-0.53067297,-0.05645606,-0.0017486953,1.0362183,-0.00050966407,0.028257787,-0.0034535634,-0.002977846,0.0029837973,-0.00079932134,-0.15199924,0.0003700035,-0.011271252,0.0021921324,0.002329326,-0.74102205,-0.14182317,0.041289166,-0.0034190943,-0.006900581,-0.022144658,-0.008688535,0.0015453444,0.00406987,-0.0016329341,0.0007148027,-0.004681553,-0.81306046,-0.008479175,-0.033522066,0.0014745132,-0.0045452467,-0.0023556473,-0.0030738744,-0.0005436593
-1.8930242,-0.23703164,-0.18820755,-0.00393905,-1.8853855,0.013281693,-0.3671022,0.0024655203,-0.041872784,0.0025067076,0.0028402915,0.16558024,-0.0076869843,0.0031788524,-0.0044248956,-0.013866039,0.81465113,-0.03689632,0.057239424,0.0046459553,-0.0005505273,0.023064138,-0.004436038,0.0039415057,-0.0014601252,-0.0008628913,0.0061518704,-0.070326455,-0.5381075,-0.009729777,-0.022293905,0.006270416,-0.024234666,0.026853528,0.0019916543,-0.009514182
16.671967,0.6606799,0.041420784,-0.0071881665,0.9187764,-0.008118906,0.11105612,-0.00074838544,0.033546656,0.0033937343,-0.065280564,0.09956344,-0.00027977765,-0.014418373,-0.0035129956,-0.010151986,2.206751,0.06810234,-0.07469979,0.008511247,0.007512966,0.027637683,-0.018716903,0.001398242,-0.030605147,-0.007997032,0.0033068594,0.27005577,2.417451,0.023414748,-0.034535937,0.0012782202,-0.018050209,-0.019005278,-0.013619489,0.02685014
6.5445867,0.5422793,-0.17348063,0.00091217074,-1.4692681,-0.0053260215,-0.12241096,-0.024259264,-0.023033213,0.0026282074,0.009865673,0.17221205,-0.00018829675,-0.027570114,-0.012625034,-0.007971036,1.3558158,0.00064884726,-0.017826667,-0.033611357,-0.011620798,0.07090082,-0.002355903,0.007972693,0.0016200806,0.0013517245,-0.011217859,-0.4532375,1.2009696,-0.015107902,0.08262117,-0.010061033,0.0028732994,0.011145851,-0.011943363,-0.005835939
23.08861,0.592492,0.021572987,-0.0011791518,-2.179273,-0.0114179645,0.045260347,-0.0009529836,0.02301711,0.003948199,0.027667468,0.7197235,0.0011024736,0.02518013,0.0028029752,-0.015819002,2.543119,0.10657959,0.14151432,0.005091836,0.0044589285,0.028678374,-0.019764096,-0.006818071,-0.035232548,0.002437214,-0.0030345265,0.16569337,2.9182558,0.010532609,-0.008567459,0.016799705,-0.0052445796,-0.005828614,0.009944508,0.025550073
-8.1073475,-0.5288036,-0.05455355,-0.005866269,0.7987479,-0.002969125,-0.028265463,-0.005624123,-0.008217398,0.0040202127,-0.010035692,-0.16403767,8.284481e-05,-0.008597194,-0.0029944072,0.0010506317,-0.7539891,-0.14967334,0.044444617,-0.0040442236,-0.005908518,-0.013935659,-0.0016815588,0.002010603,0.0024318406,-0.0010951913,0.0020183956,-0.095477834,-0.86269486,-0.007291411,0.0039929138,0.0016805404,-0.005064653,-0.0023304832,0.0005113612,-0.004008988
-8.165532,-0.5506039,-0.064320914,0.0027037049,1.0398706,-0.00016817881,-0.008651956,0.0006210717,-0.017205918,0.0028608,-0.000497763,-0.1532557,-0.003758555,0.0024972064,0.0017281274,0.0010890424,-0.71626717,-0.155033,0.04277733,-0.0022168069,-0.005600225,-0.029148895,-0.0018774808,0.0011077177,0.0012562141,0.00048191106,-0.0006508738,-0.011892262,-0.8133345,-0.0072595966,-0.03195786,-0.0024689275,-0.0021856977,0.0016144202,0.0042871283,9.069156e-05
12.304587,0.5874774,-0.19718088,-0.0005981169,0.8840747,-0.045766406,-0.10538822,-0.0056607667,-0.17495161,-0.0034973014,0.017035037,1.169393,-0.01045602,-0.019255161,-0.0029708317,0.04487721,1.2953408,0.08552767,0.122918405,-0.030903092,-0.030082665,-0.0054876315,0.041254815,0.0100487,0.0027710586,0.013909987,0.0013338863,0.2609529,-0.6311458,0.02277849,-0.031403314,-0.0015038577,-0.019371442,0.018570999,-0.008872954,0.04311667
3.172195,-0.65045,0.10052754,0.0022760883,0.9227196,0.01792621,0.07445783,0.0025819193,0.014777364,0.002346267,0.031057326,0.19869408,0.0009789696,0.0069987113,0.0050288816,-0.02549373,1.1627235,-0.100112565,0.021606343,0.008541999,0.015026224,-0.0056592617,0.004002478,-0.011781417,-0.029543677,0.0001398912,0.00614128,-0.01804332,0.92850775,-0.0075524678,-0.104979806,-0.013299795,-0.006220475,-0.00050810736,0.026697041,-0.00019080772
-8.139069,-0.5659375,-0.0046764747,-0.0011954291,-2.2542727,-0.009316473,-0.10565737,0.0012379198,-0.015631443,0.006034595,-0.013725153,-0.177882,0.0025972482,0.0082978085,-0.0032179062,-0.004407244,-0.8093864,-0.15052044,0.04099655,0.0044513494,-0.00011338369,0.06776495,-0.001151782,0.00016332105,0.008249931,-0.0021476517,0.00028503762,-0.2770199,-0.95626795,-0.0074084997,0.000989916,-0.002997751,0.0054635215,-0.0073030577,-0.0007201138,-0.0027319307
19.79794,0.34990156,0.057334162,0.0039971606,-1.3894515,-0.017511873,-0.0896861,0.012189301,0.03046756,0.003550476,0.037632875,0.71816504,0.0012710799,0.019517822,0.0036011832,-0.0026084871,2.3987422,0.073079444,-0.03504046,0.010276778,0.015993588,0.060503796,-0.029530898,-0.0085549755,-0.030643271,0.00030119417,-0.0006596022,0.10310433,2.883802,-0.0112902075,-0.068034366,-0.004954988,0.008083384,-0.008815183,0.016228668,0.017297601
8.615366,0.40559855,-0.040076762,-0.0049845516,-1.8129455,0.0028098633,0.0805468,0.0099839885,-0.028728483,-0.0659312,-0.0028136466,0.22589262,-0.025368389,-0.016724477,0.0035548527,0.0031697324,1.5687879,0.018713323,0.0006756181,0.020977918,-0.010165024,-0.057896268,-0.016636584,0.00073959614,0.010757181,-0.0051689614,0.011185347,0.06507823,1.3779949,-0.007646088,0.05161599,0.0002583657,0.00032062142,-0.022243865,-0.012442675,-0.000684973
10.249746,0.54604715,-0.09211062,0.0016983983,0.8571231,-0.008477698,0.08378697,-0.010993976,0.0041697603,0.0013831519,0.012335106,0.30731228,0.0004162768,-0.011122114,0.0017323152,0.0119352965,1.4716476,0.021687346,0.0006803285,-0.03734646,-0.003923311,0.039120853,-0.010554747,0.00594857,-0.006686984,-0.0052222633,-0.0016055243,-0.31486848,1.2507179,0.013123869,0.09972345,-0.01732127,-0.009605489,0.005038937,-0.006020892,-0.0045506763
-6.392758,-0.034179725,-0.06297806,-0.0019814884,-0.67289346,0.01070038,-0.044331547,-0.0069050128,-0.01543026,0.0056891586,-0.00019867955,0.034796234,-0.0014505457,-0.021075018,-0.006329076,0.0027348155,-0.6258606,-0.15988928,0.010541829,-0.005289921,-0.0018099623,-0.038958266,-0.0008757171,0.008779033,0.014771937,-0.0021536045,0.001577399,-0.031412702,-0.98133695,-0.0064020776,-0.03314273,0.0016594846,-0.013394001,0.009178536,-0.009765554,0.00015313225
17.163795,-0.16451795,0.09257738,0.0019088003,0.85441524,0.021848325,0.06485266,0.011495092,0.027156506,0.0016939836,0.026581034,0.66808945,-0.0021366838,0.017055621,-0.0023863679,0.0037268156,2.2771604,0.10092853,-0.032808565,0.005836263,0.01418635,-0.009203806,-0.00085837767,0.0024551316,-0.03631689,0.0007757726,-0.00065709767,0.086538315,2.7390337,-0.009088268,-0.06010299,0.0019357074,-0.0012443463,0.0026480826,0.03761644,0.021494273
7.127748,-0.67831486,0.04989172,0.0020725885,0.9997732,0.000642217,0.122348495,0.0049112802,0.013273822,0.010258667,0.029659288,0.7851817,0.0060125208,0.025034148,-0.001091572,-0.017764056,1.5277909,-0.027091498,0.010480281,0.01205497,0.015554451,0.014335274,0.005802408,-0.017033448,-0.012654981,0.00074827345,-0.0007625931,0.05997165,1.2729601,-0.009790967,-0.16275246,0.003053127,-0.007633036,-0.020565424,0.019954694,-0.0053702816
-7.754274,-0.3612626,-0.026732463,0.003207428,1.0665206,0.0027762498,-0.052977208,0.0029767177,-0.003324381,0.003967408,0.009228124,-0.16586956,0.0008241797,0.014866605,-0.003366433,-0.00054933113,-0.69831645,-0.12577817,0.043024816,-0.002645017,-0.0063761594,-0.012116786,-0.006000523,0.00024669673,0.0009666304,0.00043751323,-0.0005015293,-0.0022397037,-0.88541657,-0.0064914105,-0.031386357,-0.0002495622,-0.0081609255,-0.00048896094,0.008345493,0.0009732307
1.3459116,-1.6003277,-0.4137742,0.002219008,0.92831933,-0.019863896,0.052119236,0.01087004,-0.19037162,-0.08613774,-0.0008567667,0.58671445,-0.011791999,-0.006613539,-0.00085714844,-0.009098187,1.5862993,-0.8973204,0.01151217,-0.007726982,-0.023608714,0.030297965,-0.008693573,0.007351727,-0.0041283406,-0.0011671976,-0.004966852,0.0011804822,1.5149479,-0.014179933,0.0343934,0.0630767,-0.0022900505,0.014703467,0.027799759,-0.01168006
-6.044345,-0.737093,-0.18183167,0.0025060838,0.9811714,0.0128768,0.07179258,0.002845396,-0.008632805,-0.0004917622,0.0009178518,0.09333197,0.0045589874,0.00847672,0.002109393,0.0004908147,0.32570267,-0.344294,0.056393735,-0.0071012694,-0.0066572176,-0.005350379,-0.023759453,0.0056441566,0.0024170107,-0.00058500096,0.00058278773,-0.21540776,-0.5482739,-0.014136697,-0.025684161,-0.0025559217,0.0035861426,0.0052650524,0.0049948026,-0.000691251
-8.086127,-0.5267127,-0.06563007,-0.0017158434,1.0385457,-0.0016769926,-0.09085889,-0.0015763675,-0.018031249,0.0033255916,0.00092590286,-0.15026107,0.0003390324,-0.01137847,0.0024247956,0.0013891975,-0.7106417,-0.15094641,0.04212479,-0.0026516311,-0.0068856967,-0.015604815,4.0296884e-05,0.0015318973,0.009182796,-0.001923196,-0.0011971088,-0.0063561867,-0.8324959,-0.008288046,-0.035687607,-0.0019816177,-0.006579093,-0.00010095599,-0.0034474868,-0.0031138575
-8.041571,-0.53985435,-0.05310953,-0.0016043029,-1.1669533,0.00081623904,-0.08461225,-0.005580042,-0.004085487,0.004269775,-0.005659016,-0.16331735,-2.405734e-05,-0.0075778454,0.0056702434,0.0003333053,-0.799363,-0.14335662,0.036533058,-0.0017961408,-0.006968879,0.1059436,-0.008025392,0.0014098452,0.0031446614,-0.0027333875,-0.0025152063,-0.2640744,-0.9206804,-0.009181,-0.005099493,-0.0008337964,0.0072493944,-0.0011527339,-0.0038863684,0.0038650155
-8.197595,-0.547647,-0.032923605,0.0010491799,1.0443997,0.0065155555,0.023631362,0.00538876,-0.013147493,0.0029049418,-0.000756759,-0.16349214,0.0012086414,0.001188029,-0.0026651525,-0.0011601053,-0.7410525,-0.14204526,0.043374736,-0.0042405347,-0.006007485,-0.029559318,0.0005027445,0.00060337735,0.0017402355,-0.0018963378,0.0022681109,-0.0034101587,-0.824025,-0.006991189,-0.034037802,-0.00082617986,-0.0013106946,0.0016225686,-0.00253949,-0.00055561366
3.9854882,0.3699927,-0.07996447,-0.005426589,0.20143695,0.009196542,0.06714405,0.002893951,-0.015936065,0.0018665866,0.021616274,-0.2550632,-0.008164104,-0.005756657,0.014073004,0.0017304942,1.0502927,0.0361495,-0.03637916,-0.010106469,-0.010541998,-0.022753926,0.0032731101,0.027813021,0.009359951,0.0024045096,-0.009344664,-0.3280458,0.83101887,-0.0034522824,-0.07129684,-0.007045018,-0.022529969,0.005999624,-0.0073110205,-0.0025658794
-8.2014,-0.5437266,-0.023894193,-0.0016765804,1.0485781,-0.003477887,0.021135936,0.0022873003,-0.005795203,0.0028980942,-0.00013190832,-0.16125059,-0.005126894,0.0012560781,-0.0035704952,0.0015903569,-0.7548185,-0.14056416,0.043507975,-0.0029288584,-0.005537374,-0.025660586,-0.014621139,0.002162998,0.002394336,-0.0013614725,0.00042760037,-0.0070640924,-0.8195211,-0.00803407,-0.029960286,-0.0024048043,-0.005300119,-0.004443651,-0.007348465,-7.365419e-05
-8.099622,-0.5397187,-0.06497087,0.0023031621,1.0364997,-0.02381412,-0.075723484,0.00037972565,-0.014613639,0.0034787527,-0.0019113971,-0.15061773,8.980647e-05,-0.012327294,0.00077690807,0.00077911344,-0.71013635,-0.15045443,0.03981954,-0.0008211992,-0.0053361203,-0.008763595,0.0061041857,-0.0020776542,0.0017874116,0.0004372941,-0.00047762538,-0.007207997,-0.8345978,-0.008018258,-0.034396797,-0.00060581707,-0.005303715,-0.0023130947,0.0042877044,-0.0005719675
-8.197724,-0.53218377,-0.04439435,-0.011396798,1.0701506,-0.001475858,-0.006933063,0.0017558464,-0.0078116185,0.0019203154,-0.0025590416,-0.1731816,0.0010910021,-0.005434149,0.008965795,0.0014179178,-0.7624973,-0.099753134,0.03540129,-0.0016725017,-0.0071568717,-0.018575631,-0.002915719,0.0071170446,0.004585813,-0.0006581028,-0.0021242895,-0.009032184,-0.89735836,-0.011447935,-0.010840325,-0.0045514368,0.007566413,-0.0022413486,-0.00029273413,0.0022274076
22.755938,0.5922625,0.045114115,0.00495834,-1.8431765,-0.02042608,0.034881856,0.004291711,0.019277522,-0.0020828121,0.037039623,0.79121184,0.005813975,0.0271196,0.0015364438,-0.01083387,2.526527,0.081703775,0.07467454,-0.00028089693,0.014075641,0.045032665,0.0035346888,-0.012801667,-0.013319145,-0.011650868,-0.0013762848,0.17740832,2.6275494,0.00036564685,-0.00064056827,0.0013252574,-0.008140899,-0.0058367327,-0.0203041,0.018387593
-8.1307,-0.5292399,-0.06870914,-0.010600302,1.0523537,-0.0012712876,0.007311493,-0.0020604546,-0.00992907,0.001864681,-0.007009988,-0.16595043,0.000119876306,-0.007928369,-0.0036918232,0.001086431,-0.7785591,-0.10024358,0.042742893,-0.005180063,-0.006277816,-0.011050183,-0.007588263,0.00017437169,0.0040734964,-0.0016520133,0.0015697409,0.0014759913,-0.8935132,-0.0063869506,0.0018993984,0.004670752,-0.0009941352,0.0048586563,0.0007013026,-0.0019438236
-8.198203,-0.5381931,-0.05445274,0.0007687917,1.0715802,-0.0063401707,0.03216358,-0.009804984,-0.0018818398,0.0030064003,0.00096224406,-0.14822513,0.00011142803,-0.012688495,0.0021225938,0.0021422561,-0.7304946,-0.1448482,0.041432522,-0.000615466,-0.0064449143,0.09371973,-0.0020340658,0.003497795,0.0027864478,-0.0017583705,0.00093510794,-0.16395174,-0.7947993,-0.014161995,-0.031133424,-0.003896349,0.0069267745,-0.0033348019,-0.0057582124,-0.0011092275
-1.641278,-0.61035687,-0.036607154,-0.00033662337,0.99229234,0.008820201,0.028671863,-0.0025470252,-0.013340522,0.0013450162,0.013324607,-0.26988083,0.0010846967,0.013840329,-0.013714941,-0.0029375674,0.8233624,-0.26455548,-0.011385679,-0.015807616,0.0062456434,0.013456976,-0.003228035,0.011897999,-0.031192569,0.0002944874,-0.0088940635,-0.26915908,0.7760704,-0.0104222065,-0.2862007,-0.0057209292,-0.0068521323,0.0028589403,-0.00011772105,-0.0030627875
-8.131449,-0.5471535,-0.0056990557,-0.0013685869,1.046488,0.0035671561,-0.046487942,0.009236611,-0.0059978603,0.003953059,-0.008070301,-0.16246556,0.0015364152,0.010847489,-0.0011409115,0.0006826516,-0.7646828,-0.13737898,0.045179665,0.004971962,-0.006893687,-0.013732562,-0.0054626875,0.00385444,0.0042551635,-0.0012670656,-0.0012089782,0.002747511,-0.8695608,-0.005512557,-0.0048197303,-0.00083908247,-0.003382689,-0.005541002,0.0016425968,-0.0029883229
15.880166,0.7116697,0.045813877,-0.007824811,0.89001536,-0.008425287,0.09014173,-0.0007345398,0.029561402,0.0032130356,-0.07317246,0.08079677,-0.00044271883,-0.01325995,-0.0001170137,-0.013007894,2.199128,0.05619554,-0.018010737,0.0012564657,0.009920857,0.058913343,-0.011756632,0.00047698215,-0.017283624,-0.008485095,-0.013514837,0.2192899,2.2100868,0.016962267,-0.048891034,-0.0011864664,-0.0066734096,-0.0058669164,-0.011397962,0.014117836
-8.149341,-0.55108654,-0.015986867,0.0024679333,1.0473652,0.002567561,-0.041095063,0.003868719,-0.015528948,0.0033548283,-0.0006304029,-0.16593294,0.0010907556,0.0015904618,-0.00070984446,0.0009609231,-0.73966736,-0.13571276,0.04578397,0.007373063,-0.00315663,-0.018377822,8.867752e-06,0.0011415322,0.0027241807,0.0003993376,0.0024952276,-0.0070497957,-0.85850805,-0.007939494,-0.03586837,-0.0025525955,-0.0057098423,0.0011175373,0.004219825,-0.0010830044
8.660177,-0.11895485,0.04590294,0.0027338963,0.8196198,0.00047172044,0.041696187,0.022426324,0.012903524,0.0036651501,-0.004278413,0.25252736,-0.00056568143,0.022331392,-0.0004298352,0.0017040495,1.4044244,-0.035648413,0.013724039,0.016898956,0.00010548126,0.09088432,-0.009246821,0.007604197,0.004199932,0.00275794,-0.0033528816,0.08089743,1.115286,0.0047583217,-0.08701554,0.003048695,-0.0061909403,-0.010400138,0.011055766,0.018055733
17.66237,0.6194916,0.020963036,0.00076551957,-1.9647691,-6.2353192e-06,-0.17856956,0.0063354718,-0.030070953,0.0020510107,0.01270386,0.39538074,-0.0034414302,-0.004419292,0.0071794083,-0.001307167,2.2276063,0.06451377,-0.066689655,-0.02875916,0.013900317,0.056990597,0.017565725,-0.007112613,-0.0020563274,0.0029761163,-0.0010567565,-0.037744686,2.475176,-0.015327529,-0.032477044,-0.0024438875,-6.452834e-05,0.004736866,0.0015445768,-0.0020688875
-8.105251,-0.5391962,-0.058938526,-0.012270488,0.7952165,-0.0069554136,-0.09676757,0.0033266565,-0.01842188,0.0040731505,0.004616702,-0.15776592,-0.0034139291,0.0033205515,0.0036976142,-7.619801e-05,-0.70775753,-0.14975755,0.043082174,-0.001709068,-0.007122763,-0.0228811,-0.009057702,0.0012764537,0.0033522064,0.00032730485,-0.0017780128,-0.0118613755,-0.83135635,-0.0069012735,-0.0339451,-0.0004035777,-0.006293448,0.0017915919,0.0013776501,-0.0029863734
-8.202562,-0.5527899,-0.0633013,0.0033682594,1.0849347,0.0026692457,0.043106157,-0.00042570705,-0.015338518,0.00034177976,-0.00054243655,-0.15509713,0.0011160324,0.009054865,0.0021683967,0.001964399,-0.72496474,-0.15239462,0.041629236,-0.0026651113,-0.00738249,0.10369598,0.009954873,7.5773e-05,0.0019172075,0.0007060206,-0.00040906755,-0.18207645,-0.8123825,-0.010868793,-0.0349398,-0.0040829265,0.0028399127,0.0006307139,0.0034764996,0.0010094224
-8.0563,-0.54785657,-0.059242897,0.00030563035,-2.4224524,-0.017278533,-0.07752847,0.003511479,-0.023462448,-0.046518337,-0.0077794283,0.018005589,0.00084285095,-0.017122261,-0.0025540954,0.00041365658,-0.4051699,-0.18163228,0.03164832,0.004649112,-0.010941434,0.0032455972,0.0022641525,0.07753076,0.07440729,0.00018013148,-0.002425607,-0.3129705,-0.82437086,-0.0059010456,-0.037606005,-0.007709923,0.016575836,0.062811665,0.0014178831,-0.0017751302
-8.160693,-0.5492512,-0.061756175,-0.008918007,-2.3360786,0.002353221,-0.19035406,-0.0001479379,-0.020527437,0.0051317485,0.001586006,-0.16436821,0.0009093548,0.0013492585,4.0905652e-05,-0.0015893563,-0.78177106,-0.15111619,0.03871883,-0.0050345426,-0.0045624077,0.05207881,0.0052188835,0.005004889,0.0118097495,-0.0015772481,-0.0013902915,-0.31779417,-0.9236364,-0.009528346,-0.035899963,0.001049356,-0.006070052,0.0032609387,-0.0006992622,-0.00045060812
-5.5755973,0.07452849,-0.067959554,-0.0004358697,-1.6998254,0.018433684,-0.19793764,-0.0006990648,-0.021253685,0.0045725973,-0.019287221,-0.31733486,-0.01413648,-0.018795423,-0.0018380126,-0.014766363,0.17919411,0.07829411,0.008347204,0.0013132335,-0.0038497644,0.013668631,-0.0007086386,-0.0017722558,0.008082478,-0.009886945,0.002648218,-0.0199256,-0.7429299,-0.008623075,-0.01598683,-0.00561547,-0.005201949,-0.0020378157,-0.0049373657,0.0012996469
-8.096425,-0.5319847,-0.06127669,-0.01207491,1.0565155,0.0014542965,-0.074216,0.00020754055,-0.01607992,0.0033130716,-0.0008757762,-0.15868951,0.00040031067,-0.004005021,0.0025194497,0.0017969704,-0.7146253,-0.14584646,0.040058095,-0.0046708705,-0.0074153054,-0.019053835,-0.007035382,0.0013144058,0.009951552,-0.0010386601,-0.003954305,-0.006528324,-0.83193827,-0.00775177,-0.03467104,0.00046623946,-0.0030270005,-0.00032959264,-0.00053578534,-0.00019816642
17.581543,0.69657767,-0.030793667,-0.0027864277,0.8567226,-0.009270381,0.109873936,0.006262277,0.01604311,0.003336954,-0.008121983,0.34213275,0.00030011393,-0.029514138,-0.0011545562,-0.0062123393,2.1841083,0.07694613,-0.0013721813,0.017949335,-0.00071195967,0.016270012,-0.003315926,-0.0039706347,-0.01712956,-0.005252024,-0.0010301358,0.17666289,2.383232,0.0005791442,-0.03180945,0.010501928,-0.003821599,0.0072205435,-0.010767982,0.023824139
-7.9081154,-0.5424962,-0.02611583,0.0027064255,1.0715383,0.0039122617,-0.04078079,0.0038283237,-0.0010184392,0.0033262672,0.014868624,-0.15277812,0.0015659404,0.013793292,0.0022599855,0.0013371878,-0.6483221,-0.13678598,0.03676817,-0.005966448,-0.008927128,-0.050612647,0.001807375,0.0004162366,-0.002514852,-0.0010448319,0.00012790698,-0.03607168,-0.82206625,-0.013207367,-0.027914831,0.00014653447,0.008077757,-0.0038073536,-0.00063333835,-0.012378159
-8.203721,-0.5471749,-0.022105044,0.00037035908,1.0409644,0.0028926355,0.024274575,0.0021942365,-0.014819498,0.0029305257,0.0010352287,-0.16297498,0.0006136208,0.001898778,0.0022175177,0.0006857044,-0.7383054,-0.1419734,0.04440532,-0.0015189716,-0.0065279105,-0.019099383,-0.005776797,0.002042177,0.0047039287,-2.6088997e-05,0.0012125531,-0.0039166063,-0.83714765,-0.008153297,-0.032901097,0.0007429783,-0.0058673485,0.002030795,-0.00410911,-0.001569018
2.5907843,0.39966044,-0.15269795,-0.008206612,0.7036883,0.0053205774,0.0760323,-0.00995635,-0.014753705,0.0034538244,0.015876768,-0.22808729,0.0003331924,-0.013270856,-0.005578461,0.020340916,1.1910466,-0.012137633,-0.037030477,-0.0061944705,-0.007463549,-0.009991475,0.012857681,0.023847895,-0.00963753,0.0026440236,0.00031444267,-0.3816528,0.1087686,-0.0113232825,0.011808593,-0.0038465424,-0.014640051,0.0050890315,-0.0012688752,-0.0095923105
8.799267,-0.56232554,0.07134082,0.002795101,0.9808678,0.018031824,0.12405583,0.010813246,0.0115392925,-0.018078106,0.05382362,0.9967151,-0.008552496,0.0076150135,0.0009831561,0.0064632217,1.4018335,-0.11139669,0.06810479,0.013437617,-0.004536293,0.0017873325,-0.0112524545,-0.007745211,-0.0078208065,0.0014105635,0.0054825805,0.107020624,1.232377,-0.00919953,0.06586859,-0.006461415,-0.0008908681,-0.009974082,0.023846649,0.030871604
-2.6345956,0.22172983,-0.108596064,0.0015845508,0.20915559,0.027889589,-0.057881176,-0.0045237453,-0.058090284,0.004848019,0.003711681,-0.27497485,-0.014249751,-0.011173387,0.0099124685,-0.003597976,0.43384266,-0.27205878,-0.020847159,0.00058046344,-0.003038633,0.04899105,-0.0032371513,0.0060302266,-0.0049387086,-0.00777417,-0.003987168,-0.19382593,-0.6794205,-0.004691222,0.006019354,-0.0012040018,-0.022844888,0.0071424837,-0.0044646556,-0.0025209177
-6.0921903,-0.69517004,-0.082643226,0.0018582412,-1.947902,0.0036309818,-0.21709625,0.0053008436,-0.0772373,-0.025247868,0.0040347353,-0.19258574,-0.004567397,0.00032738835,0.0061708596,0.0076685944,0.28321317,-0.32549426,0.011041784,-0.0014406551,-0.0029775184,0.055567723,-0.0017186195,0.007935212,0.0020186682,-0.0009807457,0.00017595098,-0.23800856,-0.53935564,-0.009326942,-0.024305617,0.0034636152,-0.008831344,0.022499098,0.0037299835,-0.0075631
-8.181473,-0.53396785,-0.06166166,-0.008451083,1.0376998,0.003545395,0.011350979,-0.0004796809,-0.017312935,0.0027616208,0.004619776,-0.15715285,0.00046399454,-0.0032522725,-0.002999483,0.0015630979,-0.7178972,-0.15229778,0.041306067,-0.0035281368,-0.0062341206,-0.019885179,-0.0070779966,0.0026227618,0.00949694,-0.0008044969,0.0022227108,-0.004950395,-0.8119194,-0.008502654,-0.03342727,-0.0007034475,-0.0046640304,0.00052333216,-0.0005676755,-0.002870034
19.405094,0.78313035,-0.039534073,0.0025906723,-2.2192883,-0.02122638,-0.14752202,0.005292229,0.02570965,0.0042877328,0.08056946,1.064238,-0.008565161,-0.001631727,-0.0012267579,0.010398005,1.9645444,0.066882,0.09765477,-0.057154734,-0.029559286,-0.075280026,-0.044318758,-0.0012075388,0.01598697,0.00077104225,0.00030905963,0.2468234,1.6297796,-0.010886865,0.11563994,-0.023816543,-0.026617091,-0.0039723553,-0.0052529997,0.013709204
-8.185751,-0.5465731,-0.06525518,-0.0019921593,-2.4856222,-0.010063602,-0.017959846,-0.006535405,-0.01656933,0.0034623926,0.0037664236,-0.15790977,0.00071481644,-0.013313408,-0.00080726465,0.0010455465,-0.78636956,-0.14842111,0.040485915,0.00026493028,-0.00672668,-0.028988672,-0.0016479075,0.0030030857,0.010219742,-0.001933919,0.002258781,-0.29669455,-0.8978224,-0.011962226,-0.035199124,-0.008702557,0.0075476826,-0.004623791,-0.0019040479,-0.0014443082
16.890995,-0.020718342,0.13825487,0.004239446,-1.7315739,0.006531057,-0.18941052,-0.009863916,-0.07419832,-0.044618897,0.042012103,0.82770026,-0.018951474,0.0037487678,0.023876447,-0.0026101077,1.7842278,-0.47333437,0.023153989,0.008870972,0.0033329893,0.07402431,-0.009210776,-0.00066297903,-0.007732978,0.0034609,-0.037506796,0.078545704,2.1081169,-0.0025899473,0.2441464,-0.010174299,-0.020309776,0.0030839993,0.017300818,-0.0046306257
-8.111997,-0.53685457,-0.03483558,-0.0019245797,1.0435762,0.0029952144,-0.060203183,0.003859242,-0.015720414,0.0033775086,-0.0010600125,-0.1597817,-0.0042843204,0.002115939,0.0024860743,0.00032122032,-0.7272709,-0.13844912,0.04280308,-0.003389298,-0.007856768,-0.019618666,-0.0026989004,0.0025402813,0.0021644246,-0.0014795688,0.0014839841,-0.0003361401,-0.84673387,-0.0075209667,-0.03513376,-0.001763248,-0.003912875,0.0020045077,-0.005883971,-0.0022853306
13.042378,0.54175955,-0.13084866,-0.009299842,0.9184571,-0.024171056,0.12894745,-0.01935895,0.0019754767,0.0014085033,0.051469747,0.82315975,-0.0020509919,-0.04388287,0.0057061366,-0.0044214563,1.7356591,0.020630425,-0.013379933,-0.08583414,-0.023066342,0.010996323,-0.0037207203,-0.00067635917,0.014104541,-0.0019503044,0.000831853,0.03305385,1.493446,-0.008980156,0.10904517,-0.06569708,-0.0055217333,-0.0038079752,-0.0098757865,-0.006186076
-8.205878,-0.5610749,-0.06029168,0.0026571688,1.0384963,0.005051863,0.017453894,0.002032072,-0.016058723,0.003008867,-0.0009381728,-0.16034901,-0.003957458,0.0017662491,-0.0026926748,0.0015416379,-0.7028122,-0.15260763,0.04345177,-0.002788908,-0.0061729546,-0.024524935,-0.0070992294,0.0013109195,9.1568385e-05,0.0005314498,-0.00061547395,-0.014763619,-0.79263216,-0.006765859,-0.03075034,-0.0018321547,-0.0054249,0.0008742745,0.004423347,-0.0005917696
-5.4769607,-0.04913593,-0.016658688,-0.0039935806,0.9966832,-0.032284074,0.036520217,0.0011309072,0.011638459,0.0027212931,-0.031716265,-0.35830066,-0.021143097,-0.017828822,0.0017213494,-0.009140428,0.23139001,0.03943446,0.0022053872,-0.00086679665,-0.0087228315,-0.018787898,-0.0010192522,0.0033898412,-0.0071384865,-0.005416999,-0.0011663737,-0.010207057,-0.799259,-0.0043493253,-0.010472612,0.0021804748,-0.008289598,0.006759269,-0.018180469,0.024466692
-8.130873,-0.5361434,-0.017349852,-0.008684923,1.0503963,0.000610452,-0.04144251,0.0024314239,-0.0061526545,0.0034210235,0.0013959066,-0.16131146,0.0027770156,-0.000500337,-0.0001757671,0.0009483395,-0.7550604,-0.12631738,0.043295074,-0.0048207715,-0.0063287616,-0.018082744,-0.0053644646,0.0011261312,0.0023366013,-0.0013316397,0.001307578,-0.005105248,-0.8548449,-0.008174895,-0.03309061,-0.001290425,-0.0027537679,-0.001429399,-0.00068223773,-0.0023011975
-8.181213,-0.5576991,-0.010994466,0.0030540368,-2.488716,0.006367083,-0.0096995,-0.00015071096,0.0016264517,0.003570361,-0.009546121,-0.16630507,0.0017536157,0.008684658,0.0025428517,0.0024576627,-0.8374872,-0.14808904,0.041478027,0.00021382883,-0.005847076,-0.014507826,-0.006723842,0.0002605154,0.005119868,-0.00078561244,0.00038499353,-0.29013398,-0.9360971,-0.00895061,-0.0045799846,-0.00069141353,0.0056186565,-0.005686768,-0.003581812,-0.0032963445
-8.109193,-0.39570278,-0.0589541,-0.003575488,1.017724,0.0034315076,0.0077803396,0.0007790968,-0.01579442,0.0036968205,0.010749189,-0.15706423,3.8630256e-05,-0.008147725,-0.003539938,0.0010568165,-0.6464133,-0.14513628,0.03536199,-0.0021462427,-0.0066691865,-0.01559086,-0.006214907,0.011562144,0.011443558,0.00029088763,0.0010662957,-0.0062399893,-0.8573848,-0.0062196353,-0.030500837,-0.0012038833,-0.0068821386,0.011528263,-0.00771652,0.00018557
-2.5809848,-0.27840218,0.044826917,-0.0011577893,1.0045395,0.010768031,-0.29675475,0.020596998,0.0090367645,0.005111805,-0.027069045,-0.3963778,0.008366809,0.0022496902,0.0007714904,-0.0075314436,0.5024,-0.010050944,0.046541017,0.0039949417,-0.004590833,0.07676092,-0.0039200988,-0.0033542768,0.0046488494,0.0010789542,0.0038521646,-0.0070184898,-0.69567704,-0.0117921075,-0.0070199342,-0.009156954,-0.003065682,-0.0016376914,0.013084835,-0.006904295
-8.189047,-0.5336966,-0.06633707,-0.00022402407,1.086564,-0.004757059,0.05332613,-0.0047219745,-0.018514229,-1.1203809e-05,-0.011593028,-0.14972737,-0.0052698706,-0.0050903633,-0.004419582,0.0004065379,-0.71000856,-0.15970255,0.043120034,-0.0007706851,-0.0067645987,0.07958775,-0.0025199403,0.0021525144,0.005623907,-0.0027762286,0.0014711719,-0.15333343,-0.8303178,-0.012633626,-0.0047405707,-0.008254029,-0.00013048363,-0.00046265195,-0.0051310686,-0.0049180523
-7.505301,-0.23296271,-0.03390046,-0.0011911881,1.052372,0.0057147406,-0.029019356,0.009637425,-0.006076447,0.003879221,0.017711196,-0.18371552,0.0016314822,0.015040578,-0.0013198046,0.0015781572,-0.6169485,-0.12763947,0.030820971,-0.005678271,-0.0036019767,-0.04144225,-0.008913811,0.000754452,0.0007974714,-0.0024751506,-9.9185134e-05,-0.00050429936,-0.8590173,-0.0075450116,-0.028945396,-0.004676753,-0.0041786316,-0.0020069552,-0.007920705,-0.011794808
-8.16445,-0.537441,-0.06490281,0.0002836343,0.57287574,0.0018362008,-0.013908904,0.0010337636,-0.017271955,0.0019173243,-0.002071298,-0.15213853,-0.005731256,-0.0041290997,-9.936566e-06,0.0015433544,-0.73159397,-0.14956404,0.041330814,-0.0010544723,-0.005457044,0.06232172,0.0029827158,0.013366981,0.008715543,-0.0012573592,-0.00022534061,-0.1707795,-0.83963925,-0.008085574,-0.0345082,-3.0291165e-05,-0.009910269,0.0030464702,-0.0036914658,0.0024150836
-8.204896,-0.552055,-0.06097719,0.0029878775,1.077463,-0.0035189285,0.056716274,0.00017523563,-0.0189701,-0.030817527,0.00043446463,-0.15381923,-0.006675524,-0.007583844,0.0032420577,0.001735193,-0.6975846,-0.1620721,0.0450317,0.0051716496,-0.007196235,0.06561294,0.0035412058,0.0006423573,0.0071834126,0.00078508334,0.00031784654,-0.16050045,-0.795972,-0.009936749,-0.03422508,0.00094983535,0.032074712,0.0005174675,0.0025326638,0.0046907477
-8.188531,-0.5525313,0.03591561,0.0031267009,1.0512033,-0.008777151,0.007232616,0.004743016,-0.0153169185,0.0024802492,-0.006820334,-0.19382215,0.0010222135,0.005193274,-0.0011333565,-0.0031154125,-0.8067008,-0.0921101,0.04415976,-0.007922367,0.0013953692,-0.009540317,-0.0012520871,-0.0026880305,-0.002068878,-0.002133034,-0.001638074,0.0039850054,-0.9318322,-0.00571939,0.020560406,0.01623617,-0.0059802644,0.00041456427,-0.0009768471,-0.0034607556
7.11115,-0.29827484,-0.14849736,-0.00529339,0.98311186,-0.051656466,0.15494375,0.0124525605,-0.037078604,-0.04477079,0.055216696,0.89237696,0.0021238069,-0.048552006,0.00802103,0.00046486076,1.5925559,0.016183116,0.0060957475,-0.054591443,-0.015000592,0.0044910274,-0.012160549,-0.00953643,-0.028982887,-0.034526985,0.000974038,0.18777472,1.6249405,0.0021507167,0.120955095,-0.010860483,-0.008150433,-0.02366154,-0.050261706,0.011301691
5.550786,0.03008935,-0.07975884,-0.003176299,-2.1140933,-0.06248466,-0.22023433,-0.019185668,0.048351128,0.004949347,-0.0033487428,0.5097652,-0.015911924,-0.017087925,-0.0040802113,-0.0070156706,1.5802355,0.07931355,-0.010357227,-0.011182533,-0.02547025,-0.06670703,-0.08240886,-0.0033883255,0.0006967899,0.003918698,0.0073561044,0.077798866,0.21550587,-0.015103481,0.0015946744,-0.0155637525,0.02024517,3.8499893e-05,-0.015719395,0.027609272
-8.140519,-0.53072435,-0.06231253,-0.00067607954,1.0393243,-0.0036780173,-0.0049298694,-0.0008033253,-0.014596466,0.0029072848,0.00015548174,-0.14821327,0.0002917249,-0.012369211,0.00017070689,0.002570061,-0.7489901,-0.1493905,0.040661484,-0.0036929338,-0.0048411875,-0.030656364,-0.0073365625,-0.0039572734,0.00343903,-0.004941942,-0.0005057763,-0.006146326,-0.8101365,-0.008041722,-0.031356685,-0.0010180247,-0.003158046,-0.006332247,-0.0059156385,-0.00097307685
21.2499,0.6026117,0.027634133,0.0028096128,-1.7742059,-0.012321594,-0.039494567,0.007219436,0.01774888,0.0021769018,0.03508907,0.76544565,-0.000875429,0.018585883,-0.007159071,-0.0057926034,2.5326483,0.09229645,-0.014460581,0.00014468282,0.0016718507,0.0762988,0.0015357686,-0.0037127754,-0.035923537,-0.0065426896,0.00020082286,0.19975953,2.741774,-0.002498234,-0.0004463401,0.004330417,-0.004567102,-0.013271918,-0.014655711,0.0073669227
4.791295,0.44027504,0.012592164,-0.0006208497,0.94153154,0.0005819233,0.08983066,0.0033693654,-0.01484095,0.0028069343,0.015762908,-0.29983777,0.0017718853,-0.022686485,-0.005735053,0.0072665596,1.0555732,0.02706922,-0.032158937,-0.022622291,-0.0007392927,-0.0061935554,-0.014516142,0.01522147,-0.0039509507,-0.0031452067,0.003000915,-0.314313,0.9332986,-0.0104888445,-0.07183177,-0.012738853,-0.0043394184,0.0018959116,-0.011235728,-0.010215835
-8.19275,-0.55927134,-0.013222921,0.0075785825,-2.5068438,0.0024609787,-0.055881485,0.002842947,-0.00010414818,0.0028987755,-0.0031142938,-0.17979746,0.00044928008,0.008676098,0.002073017,0.0005803776,-0.8252969,-0.13361725,0.044414602,-0.0036979292,-0.008085013,-0.18783136,-0.006729907,0.002406537,0.0012595683,-0.0014238223,0.0036320942,-0.018361982,-0.91276544,-0.008472463,-0.028377509,-0.0018190045,0.004806835,-0.0012276111,0.00399672,0.00057439227
-8.112245,-0.53417015,-0.06679355,-0.001807748,1.0312828,-0.023099331,-0.039213832,-0.005712513,-0.0156027945,0.0033021395,0.008409282,-0.14638445,0.000879205,-0.011304875,-0.0062433197,0.0002785435,-0.71947575,-0.14819074,0.041683644,2.0210176e-05,-0.0034777364,-0.020782394,-0.003529458,0.0018995759,0.000815061,-0.0018815356,0.0013025404,-0.0029867524,-0.8241036,-0.008017452,-0.034576885,0.003326802,-0.00435233,5.0806233e-05,-0.0060623423,0.0007886243
17.306059,0.650697,0.077476986,0.000117934134,0.8523549,-0.0040031318,0.10210409,0.008222227,0.03722281,0.0023913924,0.0590521,0.59839493,0.0010018694,-0.0031326304,-0.0025813456,0.0019998858,1.9968239,0.046101138,0.021708112,0.009929717,0.012841342,0.039046742,-0.022246405,-0.0015203576,-0.013770186,-0.00096499425,-0.002893649,0.108355284,2.2648993,-0.0066287946,-0.026983138,0.0025614637,0.0003365858,-0.007229201,-0.013068691,-0.0076999706
-8.079685,-0.5275425,-0.067670055,-0.0077377614,1.0424498,-0.002881595,-0.07442657,-0.0028482098,-0.015508587,0.0035112204,0.004261354,-0.14804585,-6.559983e-05,-0.007931626,0.0031479239,0.0012232541,-0.71487993,-0.14793244,0.040592745,-0.00039721912,-0.0065298174,-0.018615615,-0.005882118,0.0011305639,-0.0011951049,-0.00088143,0.001430679,-0.005799038,-0.8297713,-0.008802625,-0.03455162,-0.0011237502,-0.003980386,-0.003179525,-0.00059534254,-0.0033626857
-7.3567243,-0.23778285,-0.023832088,0.0047264523,1.0744005,0.00750279,0.01831252,0.010765755,0.0014238813,0.0039835623,0.011627109,-0.18567336,0.0017382059,0.01729086,0.0012274617,-0.0006804382,-0.51438737,-0.13777366,0.016844548,-0.0039495598,-0.009166254,-0.020731738,-0.00020715504,0.0006184879,-0.00022003519,0.00046580823,-0.0004121832,0.026280625,-0.85265267,-0.008266868,-0.027186334,0.0020021433,0.017636837,-0.0023086593,0.012317114,0.0017507328
-8.073724,-0.5309083,-0.0690423,0.0004074611,1.0353074,-0.005709312,-0.078554586,-0.0017273825,-0.015713267,-0.023538899,-9.837245e-05,-0.14619295,-0.00028723647,-0.011769814,0.0027573025,0.0010395695,-0.7081275,-0.16035149,0.0419468,-0.00081927184,-0.007211526,-0.01652417,-0.0021233275,0.002061434,0.0015819902,0.00017926785,0.0018578166,-0.0033127533,-0.8007613,-0.00806325,-0.035410102,-0.0023437683,-0.005126158,0.000670716,-0.00089839706,0.0010972772
-8.207535,-0.5324031,-0.06780628,-0.0006003514,1.0525216,-0.0066368696,-0.004710084,-0.00025477543,-0.015925977,0.0008166325,-0.00070679863,-0.14938168,0.0007396209,-0.011574579,0.0020544792,0.0017781425,-0.70997244,-0.15306416,0.04239521,-0.0007014088,-0.0056059924,-0.028567834,-0.0031915437,0.0017616978,0.0029006663,-0.001963839,0.0018299683,-0.02657004,-0.8153153,-0.010956861,-0.03331944,-0.0027907933,-0.0035154135,-0.0003970547,-0.005165261,-0.01080121
-8.175236,-0.5585579,0.009176586,0.0035709825,1.0516113,0.0024268369,-0.012848661,0.0017862091,-0.0011250172,0.0034206675,-0.0006585131,-0.16719262,0.0011026782,0.010653763,-0.0040647625,0.00050102535,-0.7587293,-0.13514698,0.04321905,0.0016613051,0.0027071985,-0.019586833,-0.0032514622,0.0019597015,-0.0039144154,0.0001784593,2.64003e-05,-0.0028019608,-0.8460067,-0.008726184,-0.034347635,-0.0046006613,-0.0020330201,-0.0050161555,0.0051935036,-0.0030325495
-8.184832,-0.5644336,-0.027072579,0.0047309846,1.0125847,-0.002633067,0.021026077,0.0009618277,-0.0058488613,0.002900678,0.0054129004,-0.15938556,1.61467e-05,0.009156868,-0.0006000992,0.0014525291,-0.74447685,-0.14351721,0.043935988,-0.0042458028,-0.0053774086,-0.05160178,-0.0024272038,-0.0010148226,0.00093550415,0.00039227883,-0.0008054944,-0.015043567,-0.80769956,-0.009120907,-0.03211529,-0.0032994468,0.0057713706,-0.005496295,0.004356237,0.0015536752
-3.5960128,-0.22857493,-0.09838343,0.00056996243,1.023098,0.027943231,0.05186073,0.0013530814,-0.039128903,-0.04094707,0.0006068745,-0.21983013,0.00055968756,0.025910102,0.0011799085,-0.012079232,0.36775175,-0.03371384,0.03568433,0.013534692,-0.007001515,-0.008840975,-0.0029602407,-0.00033931053,-0.0029089437,-0.0006517116,0.0017614154,-0.014765673,-0.8304796,-0.015501798,-0.011439207,-0.005687159,-0.010258829,0.0048609045,0.010513356,0.0040003583
-8.248767,-0.5444827,-0.021304818,0.0013102012,1.0637083,0.0027568825,-0.007211284,0.0040926123,-0.0036083062,0.0029745325,-0.0016453874,-0.15916593,0.0021618188,0.0107994815,-0.000672288,-0.00016180027,-0.7438083,-0.1297783,0.031201834,-0.0047873906,-0.006411473,-0.040379856,-0.004078606,0.00016651371,0.0031936618,-0.0021733865,0.0008392641,-0.043404542,-0.8375682,-0.012124746,-0.030269671,-0.0017401702,-0.0031686637,7.6280325e-05,-0.0055225254,-0.01187367
-8.11806,-0.52211815,-0.061933607,-0.007924377,-0.11298686,-0.0066098487,-0.09915453,-0.002601963,-0.0140648475,0.0039089364,-0.00015378003,-0.14743194,-0.00029589114,-0.006323536,-0.0028364058,0.001556085,-0.73405,-0.14884931,0.038718536,-0.0020799863,-0.006217628,0.07124855,-0.0079886215,0.002061852,0.003030956,-0.0009986415,0.001865689,-0.17251174,-0.8557367,-0.008830804,-0.035073042,-0.0022874188,-0.003006202,-0.003938987,-0.0011062551,-0.00013226378
23.13627,0.47783172,0.07057896,0.0047659664,0.9863691,-0.007948245,0.098545775,0.0054951725,0.031228721,0.0036822858,0.026738416,0.64994645,-0.0014220285,-0.02404584,-0.0017314357,-0.008906491,2.643952,0.12542157,-0.13158007,0.0025673506,0.015774662,0.02030224,-0.015521145,0.009945996,-0.05171133,0.002571961,0.0011316078,0.24921554,3.1345756,-0.0067750136,-0.013663775,0.0034107992,-0.00651968,-0.009730242,0.019182421,0.018177621
-6.1789703,-0.9686327,-0.16216265,0.0022111225,0.9546718,0.009348582,-0.042492457,0.0018764534,-0.021267714,7.371846e-05,0.0038094467,0.043559074,-0.00035063142,0.0030928482,-0.002736668,-0.00522304,0.35218248,-0.31461307,0.05379434,-0.008170601,-0.0048335646,-0.017088348,-0.0006591853,0.0015401982,0.0027067373,-1.0256597e-05,0.0011855273,-0.041550115,-0.59195447,-0.01196216,-0.012691143,-0.005779512,-0.010857262,0.006258215,0.0047109546,0.0050652814
5.4885783,-1.2897294,0.08690702,0.0029585068,0.44588545,0.017118359,0.03187697,0.00096054,0.088329144,0.011851681,0.018123716,0.95520884,0.00022242355,0.009991665,-0.0072587878,-0.0031716183,1.5739871,-0.07200607,0.08130136,0.03603054,-0.0075454344,-0.015409002,0.001571143,-0.014801924,0.0001710094,-0.005818813,0.0013475094,0.0044865543,0.2468734,-0.014474332,0.005732314,0.0075593432,-0.0068517043,-0.030481149,0.0135211,-0.0026208644
-1.4789052,-1.0304998,-0.1821465,-0.003776152,-0.83072525,-0.008175046,0.036870643,-0.03572742,-0.08079262,-0.06290855,0.0018679025,0.93674797,0.002794216,-0.012732964,0.0053917295,-0.010304201,1.0312192,-0.15367594,0.04829626,-0.014415603,-0.009823115,0.06986975,0.009992595,0.010818879,0.049143422,-0.009544453,-0.0003562105,-0.005509461,-0.37092987,0.017055001,0.014481788,0.008502531,-0.010582296,0.040686112,0.0020409448,0.007084779
2.1067028,0.5590179,-0.15964457,-0.005180667,0.9295013,-0.044652216,0.081921205,-0.014812732,-0.022333678,0.0034636606,0.013688888,0.026614446,0.0014780904,-0.027467923,-0.009284084,0.016958917,1.4261533,0.05096484,-0.020199688,-0.008869239,-0.003978407,-0.009464173,-0.0093359705,0.016900558,-0.0050204713,0.010614873,-0.002335141,-0.15940508,-0.6750762,-0.01107328,-0.063432895,-0.017881466,-0.008617409,-0.00011414646,-0.007110601,-0.0054688333
18.41086,0.81549335,0.037035614,-0.0022268177,0.90561163,-0.0062368414,0.082926184,-0.021359088,0.033566743,0.0036675835,0.012477653,0.44159117,-0.00019186073,-0.0045503704,0.005062268,0.003095451,2.2727294,0.04300328,-0.043222032,0.021269275,0.00053020724,0.023626212,-0.030285617,0.004464362,-0.0006402966,-0.005504794,0.004173454,0.045311235,2.3749661,-0.0029144287,-0.011478018,-0.018932316,-0.004217531,-0.0007943503,-0.004419109,-0.013877421
-8.155703,-0.5371302,-0.06209603,-0.003159035,1.0392374,0.0015526103,-0.007326066,0.0017509495,-0.01702775,0.0032908735,-0.0005778609,-0.15541887,0.00039626585,-0.004708323,-0.0028698186,0.0015113839,-0.7188265,-0.14538728,0.042093635,-0.0041473275,-0.0071992064,-0.021186635,-0.00818147,0.002608473,0.010123852,-0.0004523255,0.0018795149,-0.0045668688,-0.82045215,-0.008016081,-0.03408454,-0.00018674144,-0.007131306,0.0012553612,-0.0057168244,0.00022839203
-8.132482,-0.5474524,-0.033899836,0.0010134549,1.0454249,0.0050258143,-0.039872505,0.005157385,-0.014575835,0.0030171452,-0.0004998788,-0.16056055,0.001064216,0.001613144,-0.0028269917,-0.00058039965,-0.73581105,-0.14532924,0.043532684,-0.0044090725,-0.0055411095,-0.02775804,-0.0006804187,0.0006070221,0.0016203395,0.00090940436,-0.0007174492,-0.003145676,-0.8232024,-0.0069312225,-0.033961132,-0.0019565236,-0.0040107644,0.0009031703,-0.0011162789,-0.00050416973
22.81387,0.7258306,0.038926948,-0.0021768895,-2.223574,-0.017027367,-0.21275127,0.0035686786,0.035052996,0.002564445,0.04075691,0.7138508,-0.000119062584,0.0053098863,-0.012085206,-0.010471666,2.4861805,0.08573106,-0.03149135,0.00656321,0.013213795,0.0033505838,0.00054154504,-0.0066435165,-0.042625375,-0.009407578,0.003256831,0.14979921,2.8574579,-0.011596166,-0.05978397,0.005619228,-0.013867425,-0.017196065,-0.008338316,0.018852158
14.59439,0.6949332,-0.049933985,-0.0032889594,0.9046654,-0.020092659,0.11594563,0.008208256,0.02519482,-0.012809194,0.02651762,0.788497,-0.00723533,-0.012241254,-0.00066623907,-0.010611728,1.9654746,0.04904504,-0.0071407566,0.03270831,0.007824776,0.08048587,-0.023481075,-0.0032226604,-0.0051877936,-0.004364844,0.0034475944,0.32107008,1.6998849,0.0057614334,0.045204002,0.009966481,-0.008080255,-0.013612544,-0.011448863,0.026949901
4.6340017,0.6174116,-0.037773725,-0.0144464,-1.5940087,0.003692875,-0.39129084,0.00121011,-0.010548304,0.0073379823,0.019280978,-0.44737002,-0.009203467,-0.0026234107,-0.011464888,-0.003938003,1.097187,0.03669619,-0.026706804,-0.0091372095,-0.011566361,-0.03613579,-0.0063870666,0.014783352,0.021437198,0.004109015,-0.009511818,-0.40042594,1.0939199,-0.0030347446,0.0689757,-0.021355255,-0.017637994,0.0076436126,-0.003859388,-0.012106666
-8.235704,-0.5467534,-0.013374096,0.0007874957,1.0937872,0.00076417666,0.036543418,0.00086453045,-0.005653423,0.0028335627,0.00027325255,-0.15869872,0.0018424981,0.011577207,-0.003697229,0.001873884,-0.7474179,-0.13272206,0.04292049,-0.0005838998,0.0009865257,0.100983,-0.0038575123,0.0015851768,0.0020602217,-0.0017607858,0.0011701132,-0.16316503,-0.82656866,-0.015535721,-0.030852864,0.00017802327,0.009711588,-0.0043096626,-0.003074272,-0.0012309708
-8.0918,-0.5397134,-0.06057556,-0.008276784,-0.16653663,-0.0044826036,-0.08626962,-0.0018902952,-0.016343523,0.004297255,-0.0005954811,-0.15091069,0.0002404496,-0.00475147,-0.0027174703,0.0013568475,-0.7213857,-0.15185949,0.037919097,-0.0049363263,-0.0058099,-0.03446103,0.0026945504,0.0023219073,0.0038409643,-0.00035788515,-0.0020172987,-0.049904115,-0.8622432,-0.008581092,-0.034765497,-0.0016500134,0.003002117,0.0021709895,-0.00064871117,0.0042348513
-5.9753523,0.2318109,-0.083303034,-0.0047832765,-1.7031374,0.009430303,-0.15899993,-0.013118327,-0.022889286,0.006138125,-0.0004959709,-0.048605137,0.00084568316,-0.018139603,-0.0046034544,-0.014783992,-0.54898834,-0.15323484,0.009859453,0.001661571,-0.0053386623,0.077407666,0.0062733525,0.0017673471,0.0161066,-0.009680388,0.001102238,-0.24467498,-1.0106468,-0.007988439,-0.026985472,-0.0013541336,0.0037696762,0.011285814,-0.008291372,0.006163557
-6.129214,-0.09033984,0.014329332,-0.015148208,0.4351362,-0.009289699,0.009883079,0.010713462,-0.013782617,0.0025195107,0.0021114266,-0.2425193,0.0024160824,0.02585762,0.0058271848,-0.005495959,-0.5485195,0.020387113,-0.012252455,0.009670602,-0.00243837,-0.031389818,-0.009006641,0.00017101043,0.006790731,-0.0015366186,0.0016994597,0.06832262,-1.0254128,-0.0050743795,-0.016141431,-0.003363546,-0.012846266,-0.008187957,-0.012484073,0.009563793
-8.129151,-0.5488679,-0.06072871,0.002635424,1.0438337,0.0012941541,-0.04404469,0.0021562323,-0.015852368,0.0035456698,0.0014719503,-0.15913932,-0.0049673123,0.0014686442,0.0021567007,0.0010132847,-0.7132901,-0.14834826,0.043011505,-0.0025080624,-0.006512119,-0.0164746,-0.0019148745,0.0016283817,0.0019267882,0.00081056723,-0.000726646,-0.0053943307,-0.8326855,-0.006768361,-0.035083286,-0.00015247948,-0.0036932437,0.00028839245,0.00413964,-0.0009670841
-8.140635,-0.52806824,-0.044437457,-0.001699563,1.0473334,-0.0014558759,0.0040365737,0.00039964533,-0.004650482,0.0033165324,-0.011710867,-0.16392648,-0.005709112,-0.0063057924,0.001914304,0.0008823168,-0.7457467,-0.14613652,0.0434763,-0.0023323474,-0.008055776,-0.008079023,-0.0036056275,0.0019688706,0.0018576692,-0.0025497482,0.0022494653,0.002714069,-0.87904936,-0.0051659793,0.0022308906,-0.0028479937,-0.004809368,-0.005988702,-0.0036767684,-0.0019262744
-4.980366,-0.07388842,-0.07382019,-0.002497104,1.06793,-0.03301777,0.017902697,0.00032554584,0.004934136,0.002728938,-0.018033838,-0.34158215,0.003062455,-0.030046834,0.0018876521,-0.011243402,0.27485314,0.056041762,-0.0007401358,-0.0053178906,-0.007160783,-0.010819083,0.004175702,-0.0061637005,-0.003608686,-0.009840852,-0.0017281966,-0.019418271,-0.8091656,-0.006656697,-0.014314401,-0.0031245698,-0.006878452,0.0114899855,-0.013374097,0.0142782405
15.382289,0.29053906,0.052507885,-0.0042543304,-2.1112387,-0.08794689,-0.08498174,-0.031959165,0.026927775,0.004146487,0.03164411,0.83177006,-0.0034459194,-0.03400116,-0.0028993613,-0.0014278023,2.1820726,0.04841631,-0.029036943,0.013678079,-0.0026787054,-0.26849082,0.015976194,0.0052111326,-0.07683871,0.004523597,0.005066379,0.23975575,2.5386846,-0.0013580436,-0.040653143,0.004569545,0.012175859,0.010892727,-0.012584648,0.028134927
-8.23128,-0.56275773,-0.015031426,0.0037195883,-2.464424,0.00090278976,-0.019234428,-0.00013265751,-0.013841973,0.003331978,0.0043722326,-0.16801788,0.001302842,0.0006569802,-0.0006408365,0.00020019306,-0.80727327,-0.13552731,0.044676367,-0.0009721989,-0.0017674492,-0.01909658,-0.003683865,0.0015188844,0.0017952931,0.0005914201,0.002324462,-0.30238274,-0.9187927,-0.014480611,-0.033074245,8.9630375e-05,0.005586993,-0.0020461618,0.0035132319,-0.0049698106
-8.203943,-0.54279447,0.029211223,-0.012621642,1.0576124,0.0033758185,0.022002118,0.0015965732,-0.007968008,0.003353702,-0.005847577,-0.17417666,0.0007042403,0.0055142147,7.325466e-05,0.00056103163,-0.786214,-0.12447438,0.045097925,0.0031765653,0.0032506762,-0.010486015,-0.0048694746,0.00303796,0.0033644314,-0.0018461569,0.0016489528,-0.0012742048,-0.8844237,-0.009281521,-0.009652746,-0.0010933615,-0.0012824326,-0.0036838334,-0.0016628721,-0.0016506704
-5.656604,-0.262732,-0.084411,0.0054861726,-1.0812669,0.0037878437,-0.1838149,0.0011430924,-0.07380034,0.0069794557,-7.780056e-05,-0.23607571,-0.0015861182,0.0009275843,-0.0061570066,-0.007993699,0.37896225,-0.2945711,-0.0069662924,0.0021266518,-0.002997465,0.057885196,-0.00011658789,0.00052315905,-0.00074383215,-0.00031801203,0.0067374953,-0.24123056,-0.65865487,-0.0066200965,-0.027154477,-0.0017148856,0.0004336738,0.011266178,-0.005336132,-0.005849826
-8.100878,-0.5390785,-0.065358505,-0.0037932827,0.6967676,0.0027570152,-0.07562266,-0.00082945265,-0.015392731,0.003936605,0.00042682028,-0.15367678,-3.6046753e-05,-0.010120722,-0.004067141,0.0015126781,-0.71916956,-0.14872131,0.039083272,-0.0003078695,-0.005346033,-0.014354531,-0.0048811557,0.0033002242,0.010330973,-0.0001324256,0.0009860372,-0.04985503,-0.831878,-0.008736,-0.033944402,-0.0005978355,-0.011194268,0.0016444288,-0.0044897897,-0.0009313853
-7.796878,-0.26878798,-0.044765566,-0.007187646,1.0728834,-0.008215408,0.021677637,-0.009118005,-0.0047667953,0.002412041,0.0007510514,-0.17283116,0.0007209781,-0.013455212,0.0014572736,0.0014493113,-0.8038856,0.015670137,0.037980027,-0.0036381537,-0.0060141506,-0.015588825,0.015844801,0.0012893713,0.0028077527,0.0012991044,-0.002444336,0.018780857,-1.065627,-0.006835817,-0.003537004,-0.0020018313,0.0078012245,0.007881442,-0.0056802793,0.0010146251
-8.119413,-0.5333469,-0.045339722,-0.010956018,1.0448734,0.0020552047,-0.042214938,-0.0006371988,-0.016245615,0.0034554196,-0.0008560116,-0.154275,-0.0001216696,-0.0005649404,-0.004474602,0.0015812693,-0.72485673,-0.13752775,0.042528577,-0.005106424,-0.006459951,-0.0180913,-0.0075691463,0.0010442302,0.003024735,-0.0017295757,0.0013480347,-0.0041532516,-0.8415121,-0.007666905,-0.03427586,-0.0033512963,-0.002908556,0.0010741339,5.664193e-05,-0.0003843918
-8.118552,-0.5304731,-0.06538119,-0.0026138416,1.0406593,-0.0015292311,-0.034895126,-0.003915178,-0.016433965,0.0033704694,0.0038338082,-0.1516091,0.0001958658,-0.009467357,-0.003365305,0.0014964973,-0.7199386,-0.14831416,0.04098812,-0.0016771882,-0.0056935577,-0.02037505,-0.0062883226,0.0014658374,0.007912907,-0.0012580593,0.0006207713,-0.0034345044,-0.8213786,-0.008257184,-0.034220614,-0.0019378636,-0.0036256905,0.00075092656,-0.005403249,-0.0035363894
22.357195,0.54246044,0.03634525,0.0013292859,-2.1138554,0.013416986,-0.13215223,0.00041617308,0.0160493,0.0068569873,0.03320444,0.92739105,-0.0031695948,0.008288605,-0.011062253,-0.0015941334,2.2682579,0.07382525,0.1298302,0.019048993,0.020274147,-0.11011691,0.023079673,0.004002042,-0.033946544,0.0054337527,-0.0033632035,0.19083725,2.4948933,-0.009091041,0.005828595,0.0013687913,0.0004766925,-0.0072243116,0.011036139,0.024914602
-8.08641,-0.53043056,-0.06836687,-0.0023429396,1.0316606,-0.0031028336,-0.0770852,-0.00079582416,-0.017007437,0.002326994,0.0053378446,-0.14852373,-0.004487663,-0.0062993085,0.002424551,0.0017538805,-0.7079465,-0.15093763,0.03977274,-0.0004036169,-0.007154135,-0.024777135,-0.0038773317,0.014010452,0.009353629,-0.0016934896,0.0012451012,-0.0042356066,-0.83075464,-0.00718794,-0.035479438,-0.0014011167,-0.0034995796,0.00090900547,-0.0042681806,-0.0013170514
23.07268,0.73656887,0.045302745,-0.004782694,-2.1223116,0.0062339352,-0.11706101,0.0033436874,0.021650912,-0.010481844,0.027716996,0.70927644,-0.0019806921,0.006288646,0.005866806,-0.0050913417,2.59857,0.12136242,-0.10545227,0.0038844107,0.0034570855,-0.0638337,-0.045849178,0.0017962031,0.0054580364,-0.0025054957,-5.756588e-05,0.1926126,3.0120845,-0.00451335,0.00326779,0.00822449,-0.015067788,0.0013972941,-0.014278497,0.018250246
19.356642,0.75371236,0.048758753,0.00064157305,0.8960059,0.0020960835,0.07762861,0.006132165,0.020647975,0.0019877155,0.018324181,0.46105102,-0.0008844829,0.008971999,0.0032508248,0.0035713122,2.280609,0.05511308,-0.055153903,0.017159605,0.011846568,0.009434102,-0.009249766,-0.0041045393,-0.010909446,-0.0016722311,-0.00013638145,0.059438404,2.5128365,-0.0025487987,0.006842191,-0.010126755,-0.0014758663,-0.0068597943,-0.006689222,-0.0019737545
-8.146029,-0.54407716,-0.03120446,0.0013325884,1.0467397,0.0024459702,-0.030438768,0.0027292317,-0.013481378,0.0032895477,-0.0005817891,-0.16168483,0.0006798948,0.0013551357,0.0028377322,0.0012992988,-0.7397773,-0.13604645,0.044220198,-0.0054397103,-0.0024698984,-0.017388655,-0.0032062235,0.0011743974,0.0021999772,-0.0016369348,0.0012186548,-0.0042176642,-0.8486819,-0.0076957224,-0.034524363,-0.0011937148,-0.0034741221,0.0009610039,-0.004656135,-0.00022240642
-8.134565,-0.54499114,-0.05891441,0.0009204736,1.0426759,-0.003924141,-0.033529326,0.0015948509,-0.016215444,0.003291079,0.00080179126,-0.15889466,-0.0041854004,0.0014497187,-0.0028744687,0.00038124036,-0.71625173,-0.14643149,0.043298636,-0.0020447485,-0.0064610234,-0.019680163,-0.0030558389,0.0021213454,4.137137e-05,0.0007285832,-0.0007186521,-0.0040373416,-0.82487595,-0.0072632325,-0.033257402,-0.0017891662,-0.0030521383,0.0007855672,-0.0025121784,-0.00059120625
-8.194054,-0.54937446,-0.058895294,0.0020542657,1.044667,-0.0046678805,0.0069272583,0.0026794844,-0.012040516,0.002857793,-0.00029886756,-0.16051601,0.0013676883,0.010165066,-0.0032190196,0.0012415196,-0.71435446,-0.15405835,0.04193849,-0.0058642267,-0.0055510467,-0.022859883,0.00057667267,0.00034712252,0.0026647414,0.00079182995,-0.00032974177,-0.0050664707,-0.8074004,-0.008381305,-0.03451111,-0.0046224315,-0.004948773,0.0009244496,0.003824948,-0.0027633808
8.790764,-0.1469854,0.07726151,0.0066367895,1.0119109,0.009825746,0.12718633,0.0020150356,0.022089783,0.0022121351,-0.058441922,0.28091824,-0.0010970955,0.026831383,-0.0035672851,0.013641695,1.4658417,0.0045383414,-0.016771287,0.014695877,0.0026572999,0.011563895,-0.0010485763,0.0023199643,-0.028323952,0.0027326809,-0.0019358951,0.15718636,1.2644048,0.016198331,0.07457853,0.008512628,-0.005936478,-0.0049596233,0.022094907,0.019830517
-8.040989,-0.5622071,-0.057125174,0.0013517162,-1.1853062,-0.005261113,-0.073468395,0.0011059605,-0.015941063,0.004815576,-0.012363192,-0.17542002,-0.0044104545,-0.006352126,-0.0032491283,0.0009732321,-0.7699651,-0.1563695,0.03686759,-0.0032246048,-0.00544608,-0.065498605,0.0028287054,0.00032263773,0.0019411013,-0.002587802,0.0016634063,-0.023296215,-0.93505627,-0.006895555,0.007179283,-0.0033988543,0.0034013772,-0.0010801,-0.0039921203,-0.004792865
-8.191295,-0.56675917,0.024419764,0.0017675975,-2.488004,0.0002452813,-0.08843158,0.003253175,-0.006420097,0.0022295387,-0.005475024,-0.19726104,0.0017903313,0.009515728,-0.0018918905,-0.00056209444,-0.8575546,-0.07420667,0.033299793,0.00037311504,0.004546845,-0.14851432,0.010921884,0.0007684071,0.00051934883,0.00064833794,-0.00021461988,-0.019867718,-1.0236123,-0.01080069,0.003983187,0.0037106096,-0.0068387995,0.00045948144,0.004286678,-0.011579499
4.274953,0.363593,-0.08368264,-0.00054808904,0.9410263,-0.012507718,0.12931436,-0.0006827466,0.010307735,0.002069011,-0.106327765,-0.5450379,0.0053504165,-0.040526606,0.0008493727,-0.010795509,1.0504184,0.045824062,-0.017033556,-0.024973063,-0.01956527,0.002220722,0.014485131,-0.009233265,-0.0021125642,-0.0038035808,-0.0008336342,-0.0615979,1.0196227,0.0022232197,0.025250297,-0.011432956,-0.0040999283,0.0107583925,-0.008541529,0.0064459275
8.367105,0.54821074,0.04034419,-0.008612225,1.0289954,-0.009775708,-0.03151978,-0.010761121,-0.0067413533,0.0018462802,-0.14695974,-0.5176837,0.0040786806,-0.0134106465,0.00173375,0.009232746,1.400526,0.04791606,-0.020402573,0.020205496,0.010912047,-0.01801749,-0.0023707182,-0.0059445133,-0.01145712,-0.005182411,-0.005611588,0.28869572,1.2753198,0.008274541,0.0630231,0.0046311086,-0.012582214,0.010895224,-0.010657951,0.058286622
-7.1488953,-0.28963768,0.019450055,0.00036243317,1.0897582,-0.0044554747,-0.011187503,0.0055582356,-0.001153672,0.0030004124,-0.00070294243,-0.18447497,0.003304793,0.0054573026,-0.002800731,0.0009993148,-0.58540446,0.019107163,0.027977673,0.0018025781,-0.0014531146,-0.021597283,-0.013573594,0.003894196,-0.00047521995,-0.005384244,-0.0005831991,0.11090343,-1.0389259,0.02114396,-0.015341879,-0.0005700155,0.020930704,0.0035311915,-0.0117107,-0.0065251677
4.101039,0.40878406,0.11070105,-0.0029469072,-1.7238219,-0.0044025527,-0.12471297,-0.009868969,-0.0031965512,0.009244886,0.029658405,-0.20230965,0.0037224425,-0.007768331,0.013365787,0.007388059,1.2974886,0.09678471,-0.019222341,-0.0121176345,0.00035109822,0.050620947,0.0071274173,0.006838195,-0.0017178404,-0.0031086495,-0.018874586,-0.391821,0.056176186,-0.0073083816,-0.053554673,-0.008799325,0.0054954533,-0.0008663726,-0.0054493803,0.0057862876
-8.265094,-0.5605854,0.008615187,0.0013646864,1.0572786,0.001989078,-0.0074045393,0.0030453964,-0.012323195,0.0028505535,0.005475375,-0.16224837,0.001522441,0.01198443,-0.0030952787,0.0008700705,-0.7467166,-0.13532805,0.03252034,0.010101888,-0.0024297775,-0.040473774,-0.0036527168,-6.287877e-05,0.0015816621,0.00039856863,0.0021208266,-0.03490157,-0.8103953,-0.014112804,-0.02776165,-0.0027605353,-0.0004991438,-0.0054102126,-0.00056065683,-0.012739165
-8.123802,-0.54429823,-0.05989288,0.0011445141,1.045707,0.00584918,-0.044751573,0.0011338477,-0.016516818,0.0032686559,0.000502751,-0.15949278,-0.0041428376,0.0014669561,-0.002803825,0.0014103918,-0.71489954,-0.14730333,0.043470033,-0.003566986,-0.0063744406,-0.019268556,-0.003399449,0.0012178441,0.00096088485,-0.0015281058,-0.00060819596,-0.004768149,-0.82327646,-0.0068756333,-0.033586886,-6.6491266e-06,-0.0041615204,4.9018654e-06,-0.0024298658,-0.0006235816
-8.240006,-0.5310989,-0.021533312,-0.0108907,1.0598822,0.0015289882,-0.014777266,0.002868378,-0.0062105074,0.0034249614,-0.006956082,-0.15950495,0.0012821553,-0.001279282,0.002667307,0.00077689317,-0.7454642,-0.14419909,0.033621818,-0.00087468204,-0.0053996015,-0.022553992,-0.0022699903,-0.0013943738,0.006987019,4.3182223e-05,-1.3092267e-05,-0.01666817,-0.8565883,-0.012898926,-0.0076641706,-0.0015435378,-0.0058151144,-0.0044548246,-0.0007100763,-0.011497103
1.173993,-1.5393399,-0.18785802,0.00034590703,-2.2426288,-0.05117685,-0.1172213,0.006051536,0.008621154,0.006130697,-0.005608976,0.7219274,-0.0053253984,-0.0074652005,-0.0025684377,-0.020254001,1.6737955,-0.44679716,-0.009629842,0.013763567,0.00043207503,-0.107948706,-0.02786132,-0.02572904,-0.022404699,0.0023553008,0.0061082477,-0.2714002,1.1994272,-0.016424036,0.004847912,-0.025727043,0.027787697,-0.019431738,0.041291744,-0.0023318622
-8.139912,-0.5489758,-0.0647117,0.00020406835,-2.3444567,-0.0041545453,-0.18327142,-0.0013180046,-0.023204366,0.0054391124,0.003156551,-0.16378675,6.6527806e-05,-0.011670804,-0.00062365027,-0.0020660248,-0.7845244,-0.1505175,0.03915706,-0.004211843,-0.0048930845,0.025173925,0.00020839961,0.014976722,0.0032935825,-0.0021471172,-0.00044701376,-0.31404048,-0.9271503,-0.00920966,-0.03602247,0.0010749276,-0.005578031,0.010367872,-0.004212189,0.0013777495
17.337952,0.71573186,-0.073645934,0.0034398984,-2.0155237,-0.030152082,-0.1130242,-0.015783174,0.027222097,0.0015252318,0.0036916076,0.95079017,-5.230157e-05,-0.020328108,-0.0014162154,0.008471507,2.2025082,0.04056055,-0.035474967,-0.06402627,-0.027545348,-0.1642583,0.03302932,-0.0013732295,-0.00030418235,-0.0004013075,0.0004346343,-0.010588313,1.5699619,-0.006643912,0.05348844,-0.02816469,0.023646249,0.009891315,-0.0025689248,-0.014058816
0.054064803,0.22073731,0.027859379,-0.013322655,1.0127257,0.0065459325,-0.0064096013,0.0054047843,-0.023672018,0.0024655946,-0.009936977,-0.30951935,0.0065497565,0.027746089,-0.0020140996,-0.0015717587,0.6637743,0.11166984,0.0068544154,0.019062625,-0.0015556328,0.022167157,-0.008320242,0.0039345287,0.002593896,-0.00011977634,0.0036486788,0.14328377,-0.727908,0.008387377,-0.017721327,-0.005934187,0.00398748,-0.006084851,0.0022825783,0.012239627
-7.5125384,-0.23509167,-0.023106474,-0.0029890789,1.0351454,0.009665912,-0.07486467,-0.0005553728,-0.014332321,0.0039825956,0.022312075,-0.17832153,0.00022690944,0.0054855887,0.0020189735,0.00033901673,-0.68905056,-0.13389076,0.055465523,-0.0058115455,-0.00916686,-0.010364696,-0.0067589954,0.00042361298,0.0016074259,-0.0025546043,-0.00076513365,0.007978888,-0.9195323,-0.0061986693,-0.02991046,-0.0032447062,-0.007351517,0.0032529067,-0.013997678,-0.0003096674
13.504681,0.70062023,0.03783212,-0.0025317578,-2.1060603,-0.015016709,-0.3569366,0.003590745,0.016234832,0.0024518154,0.03436462,0.60168785,-0.0068553914,-0.00744372,0.0057592476,-0.015004124,1.991501,0.03622146,-0.03788647,0.010441231,0.021018548,-0.00091657916,-0.021565778,-0.009291793,-0.0065406347,-0.004611825,-0.0034276908,0.15902437,2.3172445,-0.0024931727,-0.03772308,-5.9490936e-05,-0.009449994,-0.019572705,-0.005483813,-0.007904007
-8.126522,-0.53721976,-0.06607616,-0.0019539334,1.0329214,0.0024243393,-0.04570984,-0.00015190676,-0.01903311,0.0033374575,-0.0001782769,-0.15147263,0.000105322746,-0.007623976,0.002102855,0.001430228,-0.7076811,-0.15129186,0.042105787,-0.003253271,-0.008194971,-0.02544668,-0.0041371593,0.014030942,0.00892007,0.00078266807,-0.0010359624,-0.007140728,-0.8294667,-0.0078048827,-0.034893025,-0.002733745,-0.0038455224,0.0028262243,0.001062134,0.0018567942
-8.152267,-0.5446329,-0.063907355,-0.0007888529,-2.1936445,-0.0026276228,-0.17441446,-0.00017526194,-0.01891466,0.00547342,-0.0014231337,-0.15836446,-0.00080340536,-0.01007482,0.00060814165,-0.0009991786,-0.77693933,-0.1479105,0.03853158,-0.003801444,-0.0038728581,0.06534246,0.0028456477,0.0029806944,0.0046574427,-0.002349126,0.0018756917,-0.30688256,-0.9238251,-0.009393659,-0.034428105,0.0008961009,-0.003925421,0.0020875353,-0.0046794764,0.0025055676
-8.212593,-0.5584145,-0.05684447,0.0025832613,1.0479182,0.0017865568,0.017412072,0.0019926946,-0.0063885925,0.003001611,-0.0016423311,-0.1592054,0.0011255572,0.0095502855,-0.0004964247,0.0019681852,-0.72558373,-0.1429134,0.042907618,-0.0033770693,-0.004999852,-0.028833935,-0.0024511477,0.0009981098,0.002978529,0.00069815223,0.0003326959,-0.032038342,-0.79823864,-0.00862231,-0.032783724,-0.0009194366,-0.0011246013,-0.0005724587,0.004821969,-0.012370816
20.47532,0.67096454,0.023951402,-0.0039324462,0.8805669,-0.009909297,0.07363733,0.011987078,-0.037496466,-0.20941761,0.030338243,0.8025939,-0.013828802,-0.006255959,0.009495743,0.004725844,2.3628001,0.05744831,0.01234424,0.0062846523,0.009090644,0.05214694,0.013035111,-0.007064892,-0.02273046,-0.01604143,0.012022457,0.20828328,2.466085,0.016717445,-0.03377315,0.013130709,-0.00019918462,-0.016268957,-0.01083014,0.020469213
2.2589548,0.4390777,-0.12740403,-0.003431805,-2.03331,0.010172532,-0.2848389,-0.0022200788,-0.022153102,0.010520235,0.017927507,-0.06819228,-0.0009777993,-0.013091018,-0.002423716,0.02447268,1.4373186,-0.0054399944,0.006792309,0.0072924024,0.0031590357,-0.009354373,-0.0058483817,0.027152017,0.02465655,-0.0035475483,-0.00026069675,-0.26786765,-0.6097301,-0.009438171,-0.010537195,0.0032479127,-0.025216162,0.037702408,-0.0005404888,-0.0028901906
12.312142,0.5867684,-0.09631688,0.0001395638,-2.3637064,-0.09359973,-0.24719346,-0.05699159,0.023689639,0.0018768037,0.052381467,0.87292886,0.0022130073,-0.023891352,-0.003935171,0.0069218064,1.7640445,0.026614506,0.021078458,-0.075699605,-0.015149341,0.02062479,-0.015948722,-0.0020533134,0.018392663,-0.0038657752,-0.00071264437,-0.18019421,1.2973528,0.0019542573,0.058642074,-0.029382372,0.021312414,-0.011809526,-0.0036566139,-0.007121655
12.692212,0.6571562,-0.08943177,-0.0006852272,-1.2707702,-0.012674411,-0.014019385,-0.019439703,0.013583207,0.002314338,0.054146152,0.752692,-0.0020897614,-0.022701627,-0.0048326333,-0.0020368393,1.7553375,0.044825584,-0.035331257,-0.07786225,0.0032752422,0.060846604,-0.026777191,0.0019094797,-0.007340629,0.0009439224,0.0013427944,-0.24051555,1.4178313,-0.013337395,0.06880654,-0.03743069,-0.0027677366,-0.0032707474,-0.006988722,-0.012689217
2.356318,-0.117496185,-0.048995025,0.005231452,0.9391929,0.016346266,0.063434474,0.0034916028,-0.004011339,0.002661217,0.015462064,-0.28161317,-0.006089642,0.011767454,-0.0054025305,0.018532833,0.9497769,-0.112600945,-0.02100418,-0.009631953,-0.00013222362,-0.016020028,-0.014159105,0.0033414478,-0.005578154,0.0005553074,-0.0035855644,-0.26806748,0.92026234,-0.005971235,-0.050403383,-0.0019339501,0.0015050197,-0.0016886339,0.026298895,0.010304714
-8.124521,-0.5498709,-0.04284721,0.0030973798,1.0424318,-0.0030326892,-0.046893418,0.0036046358,-0.014636858,0.003610071,-0.011763832,-0.16096129,0.0023739329,0.010844106,-0.0027908827,0.0007522381,-0.72954845,-0.14916076,0.044174574,-0.0044320635,-0.004426091,-0.018768247,-0.0026290882,0.00196074,0.0020350195,0.0007892601,-0.0007919099,0.0029457712,-0.85772645,-0.0061018425,-0.0068024555,-0.003148495,-0.0063389544,0.0012862732,0.003907654,-0.0025369008
-8.225879,-0.54009736,-0.014941691,-0.007886178,1.056827,0.0017082065,-0.0150081655,0.0025860376,-0.0016676545,0.002891579,-0.0062036677,-0.16146503,0.0016384168,-0.0023412115,0.002097327,0.0010878433,-0.75224084,-0.14681639,0.03271435,0.007542919,-0.0001146659,-0.024705768,-0.0035512575,0.00087595044,0.0026848644,-0.0021684007,-0.0022392785,-0.026560705,-0.85754937,-0.012249892,-0.001787506,-0.0003752531,-0.004012119,-0.0056447913,-0.0011683806,-0.011652383
-8.216169,-0.55276245,-0.020999663,0.003877481,1.0467248,0.0022844446,0.00822081,0.0029860814,-0.013702488,0.0030524489,-0.0011924824,-0.16112828,0.001028125,0.010652029,-0.00039398953,0.0012085718,-0.75655806,-0.1433411,0.045227002,-0.0023492968,-0.004547342,-0.027729452,-0.0024817872,-0.0027304925,-0.003649295,0.00016441611,-0.00093546073,-0.007224281,-0.8306746,-0.0088948645,-0.030774016,-0.0027426195,-0.0026885844,-0.0023815436,0.0047370913,-0.0010781889
-8.212528,-0.54205245,-0.064699516,-0.0011951914,-2.5123005,-0.014082648,-0.044009704,0.00067209237,-0.017367568,0.00086697825,-0.0056931395,-0.16087574,0.0005851181,-0.0128601445,0.003527041,0.0008821319,-0.7714217,-0.1503161,0.04046739,0.000668617,-0.0062458017,-0.0118741775,0.00079551036,0.002200433,0.00072383013,-0.0017443582,-0.0004402736,-0.24172352,-0.89051926,-0.014453515,-0.033384886,-0.0069845794,-0.0140015455,-0.00012152655,-0.0033677,-0.0012819194
-8.1314535,-0.5373549,-0.060184397,0.0012348738,1.0390887,0.0006393421,-0.043494266,0.0059868116,-0.016732812,0.0034931726,-0.004524755,-0.16014849,0.0010675812,0.0016452057,0.0026790716,0.0010349308,-0.720799,-0.15569136,0.042668164,-0.0040989616,-0.0077745114,-0.014750222,0.00029504107,0.0025987362,0.009703566,0.0007272689,-0.0010378862,-0.0002585833,-0.8556642,-0.008916513,-0.0062543936,-0.00051390176,-0.0031446333,0.0018623201,-0.000198837,-0.0014515985
0.009572568,0.39666572,-0.19487296,-0.004933678,0.9863322,-0.030533703,0.085875906,-0.017208604,-0.023908865,0.0022112492,-0.0012840177,0.11361431,0.0016313582,-0.024611255,0.0065247584,-0.004701057,0.6703261,0.047605928,-0.030659651,0.00994571,-0.0023894408,0.023470832,-0.015019664,0.0074958866,-0.003082659,-0.00223776,-0.0069285748,-0.10055713,-0.62187696,-0.013708964,0.0006215523,0.009305833,0.0048514307,0.0015773497,-0.0011463689,0.008588037
-0.8065608,-1.6588011,-0.047577742,0.0033621655,0.9901041,0.008643816,0.11718251,-0.021795815,-0.03403496,-0.012130831,-0.0028956477,0.60532725,0.0039244327,0.01139324,-0.0013137858,-0.008800996,1.3177083,-0.18184148,0.015646623,0.014679422,0.03108243,0.04289496,-0.0072541027,0.0077076703,-0.00891221,-0.0010221729,-0.0022108147,0.07842243,1.3599766,0.017287603,0.037609067,-0.0063250405,-0.0010218887,-0.024036195,0.008721104,-0.00016557131
-8.198291,-0.55258703,-0.06269231,0.0028315063,1.0434692,-0.003668627,0.011782525,0.0017348315,-0.013941394,0.0029575748,-0.00073267624,-0.15622146,0.0012163649,0.010737693,-3.5409012e-06,0.0012029376,-0.71471936,-0.15177026,0.041668065,-0.003572528,-0.0049387338,-0.04959859,-0.008085314,0.0015059022,0.00093769986,0.0006803761,-0.000991917,-0.011108768,-0.8051683,-0.008483432,-0.032899532,-0.0026799906,-0.0041831443,0.00067497464,0.004186778,-0.002438277
-8.181761,-0.53178257,-0.03736172,-0.0019234761,1.0416893,-0.0034062013,0.010231472,-0.00037274935,-0.008614907,0.0033587073,0.00076200144,-0.15387395,0.00011795928,-0.0061794026,-0.0030339865,0.0012776987,-0.74497133,-0.1313408,0.042040873,-0.00422519,-0.005620749,-0.012378667,-0.0077657215,0.0010306318,0.0014839012,-0.0018522737,-0.00077514135,-0.0038206512,-0.82861376,-0.008475715,-0.03269619,0.00012679011,-0.0055402773,-0.004962668,-0.004814283,-0.002595407
-0.97210234,0.3890772,-0.035036407,-0.006028372,0.9861304,-0.010977742,0.104238234,0.0021063879,0.020877246,0.0021115001,-0.0179912,-0.33374017,0.0041586114,-0.031200884,0.0012393171,0.0005012444,0.6502727,0.085263506,-0.019080052,-0.0035220978,-0.011681926,0.02415455,-0.014847891,0.0032797963,-0.01634962,-0.0039712563,-0.0042505125,0.21853887,-0.76359224,0.009721392,-0.032228045,-0.0003378296,-0.007669637,-0.007402195,-0.01163783,0.024543507
-8.161644,-0.54371804,-0.030972803,0.004346564,1.0429832,-0.00034933756,-0.011513032,0.003398642,-0.0008673285,0.0029354845,-0.0017380327,-0.15771568,0.0002598446,0.009498893,-0.00041990017,0.0015634312,-0.7658024,-0.14209576,0.043701656,-0.0047612893,-0.0058521787,-0.03682017,-0.0011620272,0.0020830578,-0.0029158334,0.0005748261,-0.00077104254,-0.005276071,-0.8245951,-0.009120187,-0.029206488,6.3697735e-07,-0.0012721207,-0.005081108,0.0047450773,-0.001639304
-8.14719,-0.55078137,-0.02249516,0.0029895871,1.0397897,-0.0011395077,-0.008715005,0.0036409893,-0.01681827,-0.021465633,-0.011387711,-0.15797369,0.00049057894,0.001859707,-0.0038874003,0.00025405848,-0.73633146,-0.1570086,0.046925496,-0.0022826777,-0.0021761938,-0.020041943,-0.007178806,0.0013704114,0.0031153595,0.0004247743,-0.00043364827,0.0032246907,-0.8378786,-0.0061492715,-0.008161747,-0.0001941286,-0.005778398,0.00032986832,0.003409479,-0.001614372
17.33175,0.7248572,-0.049587008,-0.0037334778,0.82284814,-0.00726947,0.09014648,0.0071082893,0.028128993,0.001611443,0.025932865,0.8682647,0.0024698817,-0.02686295,-0.0019605765,0.00012686022,1.8668914,0.068481475,0.018540164,-0.07398878,-0.037968222,0.01579143,-0.0008057246,-0.0038468218,-0.011103668,-0.0004876519,-0.002978305,0.32764375,1.6485684,0.006072162,0.121723264,-0.011365343,-0.005533132,0.0078427605,-0.008671946,0.022226347
-8.186447,-0.5467237,-0.05940108,0.0029694554,1.049543,0.0058602244,0.01091236,0.0023888685,-0.014116896,0.0030142528,-0.00049906725,-0.1578531,0.0011808606,0.010079467,-0.00012504212,0.0013850254,-0.71595514,-0.1521959,0.041580144,-0.0036343918,-0.005105776,-0.023337701,-0.011211166,0.0011166969,-0.0011121912,0.0006954441,-0.0010222465,-0.004553656,-0.8162341,-0.008870921,-0.033300187,-0.0022551054,-0.003333609,0.00055739563,0.004407371,-0.002227863
-7.9199553,-0.40386906,-0.032180615,-0.004041498,0.43194607,0.00031851517,-0.08165754,0.0010617818,-0.009927363,0.0038380765,-0.0043337834,-0.17159516,-0.00869129,-0.004118779,-0.0001710496,0.0017385421,-0.7629385,-0.040312205,0.037149284,-0.0035009054,-0.005081161,0.084742896,0.0016740526,-6.4314125e-05,0.008913873,-0.0026274326,-0.0006152584,0.0009754103,-0.978022,-0.00831132,-0.023120636,-0.0014416347,0.0024925591,-0.0010323705,-0.0031553167,-0.0033985449
-3.2905347,-0.2652975,-0.009806478,0.008552508,0.98035187,0.01910491,0.00290791,-0.0004043938,-0.006272358,0.004168071,0.0011836309,-0.24956277,-0.0012419497,0.016868547,-0.001485949,-0.0050652376,0.34322163,-0.22669628,0.044033844,-0.00465344,0.0015792284,-0.011696748,-0.0063648475,-0.0034906212,0.030400129,-6.378612e-05,-0.00039309243,-0.072508775,-0.6110704,-0.0088696,-0.021170491,0.0006741503,-0.004446558,-0.0054088603,0.017783869,0.00042095938
-8.14106,-0.5445449,-0.020781506,-0.011304783,1.0499959,0.001918214,-0.031504504,0.0016647932,-0.014130521,0.0033728469,0.0051706317,-0.1625116,0.0024762684,0.002084134,-0.0043094847,0.0012577013,-0.7394246,-0.1359815,0.043662924,-0.001843409,-0.001481933,-0.021262739,-0.0021257119,-0.00037571497,0.0039745024,-0.0014680804,0.00045200903,-0.005809678,-0.84333974,-0.00857362,-0.034784213,-7.60043e-05,-0.0060439045,-0.0012879914,-0.0008018299,-0.0024580369
18.618368,0.69110656,-0.041145887,0.0054837414,-2.3286471,-0.030043332,-0.16693255,-0.006993595,0.043396354,0.0064097983,0.03015028,0.80001694,-0.0059047337,-0.006259557,-0.0006134698,0.007825121,2.2272348,0.08489142,-0.019465927,-0.0017004164,-0.0061560743,-0.1732805,-0.043392427,0.0076540727,-0.0041875257,-0.005935656,0.0029816937,0.10631562,2.5534954,-0.008408894,-0.032460053,-0.0015884673,0.009091528,-0.008965963,-0.011542259,0.021183025
9.998536,-0.64435726,-0.12432299,0.003332787,0.90148956,-0.016510123,0.0332085,0.0066679735,-0.15494502,0.01988689,0.008477228,0.66477925,-0.00089138007,0.008847294,0.0053994893,0.019177929,1.8063854,-0.81338406,-0.002010964,0.00021082639,0.017528756,0.12129128,0.003728,0.0053354804,0.0014276884,0.0008334677,-0.007348203,-0.19049408,2.092813,-0.013704988,0.14775969,0.004827405,-0.0036311084,0.021533716,0.033643678,-0.0019735256
-8.205172,-0.54923815,0.027107025,0.0009020674,1.0761719,-0.00047106665,0.026088519,0.0019323358,-0.008472196,0.003398901,-0.010462319,-0.18738888,-0.008407791,0.0018536416,-0.0010104871,0.00123237,-0.7991603,-0.10608266,0.04925596,-0.007587546,-0.005837163,0.07133217,-0.010966441,-0.0060077687,0.004048627,-0.0045913514,-0.0020508983,-0.14422257,-0.92709017,-0.0077626985,0.0014852541,2.4441222e-05,0.00568162,-0.0041338224,-0.0021845377,-0.010278579
-7.0050316,-0.20146146,0.034964677,-0.0072300253,1.1084886,-0.0063204886,-0.012282565,0.0032779465,-0.00038928812,0.0036238458,0.0026204742,-0.20342635,0.0027305777,0.005808538,0.0008252569,-0.00085154665,-0.61553466,-0.031392384,0.031176541,-0.004671552,0.0029427842,0.00953311,-0.0016382185,-0.0011157658,-0.00019868709,0.0012217666,0.0023640916,0.021409605,-1.0323807,-0.013088228,-0.014491538,0.00075932225,0.021426463,0.009931495,-0.0061576385,-0.0069743134
16.770864,0.34273255,0.03647193,-0.0010887072,-0.642557,-0.002498316,0.044678792,0.005961191,0.0180563,0.0037117745,-0.008527851,0.36275575,-0.00628119,0.012525232,0.0021262383,0.0027656257,2.1869164,0.03228864,-0.0098921135,0.004891422,0.01072693,0.10211444,-0.013987201,-0.009409068,-0.0025305909,0.0019567255,-0.004563084,0.1830139,2.3954525,0.0049583986,-0.04556398,0.0029032594,-0.009108384,-0.007341594,0.0045209,0.011568304
-8.124516,-0.5425572,-0.058144957,0.0005714651,1.0345527,0.0013872547,-0.03570478,0.0022483778,-0.019011281,0.0033694487,0.004738875,-0.15889269,-0.006264426,-0.0039723273,0.0017882667,0.00061904127,-0.7155291,-0.151012,0.04165736,-0.0024985883,-0.009302492,-0.019841569,0.011734226,0.002791649,0.009230224,0.0008903503,-0.0010350407,-0.0029665814,-0.8296205,-0.008956667,-0.0359847,-0.0004927749,-0.005259937,0.0014732141,-0.000672281,-0.0017558087
-8.165586,-0.5538082,-0.060851388,0.0032024933,1.0453671,0.0015114819,-0.013348773,0.003920133,-0.01540892,-0.005380138,-0.009745131,-0.15686998,0.002141739,0.010607314,0.002268557,0.0013211294,-0.7233777,-0.15504585,0.04329137,-0.0042098137,-0.0057256264,-0.009471014,-0.0015274716,0.0014344192,0.004772142,0.00068883045,-0.0004630759,0.0058995965,-0.8456582,-0.0057688826,-0.007877472,-0.0010426362,-0.003800106,-0.0026599325,0.00443981,-0.0025022558
-8.19252,-0.56179935,-0.048461847,0.0072460724,-2.4913902,-0.0041406136,-0.04234836,0.0023949672,-0.0038434973,0.003000938,0.00017864248,-0.16771531,0.0005119021,0.00830028,-0.0012514092,0.0015141752,-0.81659377,-0.14608611,0.04144506,-0.0035674886,0.007292372,-0.17356943,0.0013326458,-0.00066089287,0.0025059173,0.00018363331,0.000897846,-0.016813615,-0.8811829,-0.008682805,-0.024104824,-0.0031960052,-0.0008360064,-0.0011154878,0.004541366,0.0013470055
-8.124859,-0.5337257,-0.066555694,0.0009264902,1.0312093,-0.0049788887,-0.025903232,-0.00041104128,-0.015368282,0.0033195547,0.00023056768,-0.1471981,-0.004784719,-0.006369697,-0.0010434871,0.0013190295,-0.7151854,-0.14870743,0.04191907,0.00071323686,-0.006720732,-0.018668704,-0.002916812,0.002103719,0.0015253127,-0.0021318602,0.0019352814,-0.0029952936,-0.8314413,-0.007159996,-0.03246836,-0.0021181982,-0.0033953588,-0.00011513912,-0.0027164745,0.00045748055
-8.15148,-0.54967535,-0.06010275,0.00091764913,-2.3492296,-0.0038206703,-0.16486013,0.0038260305,-0.019086199,0.005602756,0.0055164513,-0.16330402,-0.003952103,-0.005483844,0.004449576,3.4506854e-06,-0.77831346,-0.15067855,0.038217254,-0.002927427,-0.0036946405,0.062077936,-0.0022963833,0.0038346755,0.0015116226,0.0005414555,-0.0010626916,-0.31010786,-0.92283905,-0.0077551287,-0.033754162,0.00071436615,0.004471544,0.020270908,-0.0018813818,0.0013804004
-8.235756,-0.57830834,-0.058907628,0.0011987123,-1.9348937,0.0013509976,-0.07955424,0.0026023826,-0.01699814,-0.046257585,0.0052048494,-0.16439506,0.0009809718,0.010322745,-0.003275455,-0.00443045,-0.7475975,-0.1579118,0.025932059,-0.0013757275,-0.00698857,-0.0804121,-0.0023459154,0.04131716,0.0028774736,0.000114322786,0.0010876259,-0.052990958,-0.87568384,-0.01009522,-0.033543423,-0.00027780194,-0.010809328,0.0017726173,-0.002212208,-0.003803048
-8.174046,-0.52996266,-0.05624228,-0.011166291,1.0472032,-0.00015832987,0.0055380543,-0.000519527,-0.0039347103,0.0029018158,-0.00028084664,-0.15447868,0.0007818155,-0.0033111642,-0.00071631157,0.0008066274,-0.73796576,-0.14397892,0.042299207,-0.0036443737,-0.0064041154,-0.020856045,-0.0059780716,0.0010923839,0.00039111625,-0.0015325808,0.0017078082,-0.0021095555,-0.81768,-0.009200611,-0.034119677,0.0015825676,-0.0032257962,-0.0023546375,-0.00070278405,-0.0031284832
11.2464905,0.54629415,0.05299902,-0.003137064,-0.0856704,0.00634873,0.07148918,-0.018963946,0.015672483,0.0016645436,0.03612492,0.31723383,-0.00051315577,-0.008771627,-0.004596929,0.0028294455,1.6228465,0.003988838,-0.035579953,-0.030054983,0.009334421,0.05292846,0.00200639,-0.0008403357,-0.00584329,-0.0006470368,0.0007999534,-0.08836827,1.2558134,-0.0064142067,0.0886362,-0.007840788,0.005082352,0.0009604437,-0.011247508,8.118118e-05
-8.120567,-0.529348,-0.023878964,-0.0028712803,1.0419289,0.00032164666,-0.0038450523,-0.002042009,-0.0052635553,0.0026004151,0.011392635,-0.15136848,0.00032766513,-0.0053960294,-0.0019416617,0.0007677102,-0.724423,-0.12502362,0.046494808,-0.005520309,-0.007417919,-0.009822402,-0.006171586,0.00074470753,0.0026218484,0.0015966073,0.00089982816,-0.0030836628,-0.8484328,-0.007802107,-0.033098634,0.0006869779,-0.004974419,0.0010101285,-0.006287759,-0.0004249466
-8.197981,-0.53284836,-0.06017205,-0.002746294,1.0576864,-0.005219921,0.025038281,-0.0026447526,-0.0011019167,0.0028543284,0.005218903,-0.15113917,-0.0049980315,-0.004103909,0.0020279735,0.0019327197,-0.7327366,-0.149504,0.042399496,-0.0026436888,-0.0057001547,-0.041612376,-0.0052242815,0.0013757792,0.010764655,-0.0005243431,0.0017224929,-0.031915084,-0.81254447,-0.008554254,-0.031172562,-0.0025203952,0.0075470856,-0.0028533011,-0.0045556678,-0.01024847
-8.235379,-0.56098074,-0.047334474,0.004799697,-2.5210037,0.0030566491,-0.035959072,0.00057669147,-0.00014397659,0.0033741642,-0.0027548051,-0.16829467,0.0020357375,0.008560423,-0.0028252925,0.0008228833,-0.800379,-0.14648242,0.0404902,-0.0036220893,-0.004589523,-0.017564027,0.006434679,-0.00050454034,0.0041566924,0.00074814446,0.00035255268,-0.24869269,-0.8850793,-0.013466232,-0.030457878,-0.0047319434,0.00788836,-0.0040937033,0.003007822,-0.0018235601
12.185844,0.31083772,0.01253676,0.0012354681,0.94224155,-0.029615702,-0.04979976,-0.0037229906,0.03347872,0.0038917102,-0.09041057,0.1193771,0.001390557,-0.02101244,0.00029086013,-0.04803414,2.0905528,0.064570405,-0.041631147,0.015372322,0.0021259296,-0.02185077,-0.003605626,0.0054781875,-0.015411661,0.0029381523,0.0029106704,0.19024242,2.2702012,-0.0014000437,-0.034842,-0.0028428817,0.011816545,0.0034201294,0.02096609,0.019418726
-5.214599,-0.31871045,-0.054829862,0.0027132225,1.1387649,0.013314851,0.039253183,0.0017735482,-0.02167291,0.0038032625,-2.6450327e-05,-0.027691958,-0.00616563,0.0070993607,0.0010720261,0.00642637,-0.27007464,-0.1620039,0.11089979,-0.009727349,-0.004630035,-0.036337994,-0.0030895737,0.0038607898,0.004202834,0.0019436297,0.000750202,0.00028238993,-0.75685424,-0.0055493326,-0.028541828,-0.00597635,-0.0068512834,0.00083637267,-0.0022567294,-0.001776323
7.710923,0.5018295,-0.098830536,-0.0020128924,-2.0702217,-0.063877024,-0.1958966,-0.008414889,0.0024902327,0.0019143136,0.01083892,0.22559361,0.0042668167,-0.033753738,-0.0050343187,-0.0019130586,1.499154,0.03277327,-0.021453245,-0.030081572,-0.04116057,-0.049568333,0.0021319028,-0.003463783,0.0018606446,0.00086821703,-0.0005204088,0.062120717,1.1997969,-0.019574827,0.08056592,-0.01975952,0.026353087,-0.014783565,-0.003090992,0.020577913
-8.115924,-0.5393238,-0.059483685,0.0015499985,1.0690097,-0.0023854785,-0.0657231,0.002222626,-0.018374963,0.0030508263,-0.00015119226,-0.1618106,-0.0001089016,0.00919949,0.0020423415,0.0013204644,-0.71575254,-0.14671203,0.04375065,-0.0059849354,-0.0022224318,0.098242566,-0.004404843,0.013757227,0.002031589,6.461196e-05,-0.0015233624,-0.20471244,-0.83842283,-0.008608243,-0.032567367,0.0003651647,-0.0030773527,0.003223408,0.003927248,0.0018954938
25.340126,0.89876676,0.056739762,0.001224965,1.0849771,-0.009240304,-0.03184937,0.0045062564,0.043235227,0.0023386308,0.02404158,0.6593434,-0.0012748564,-0.011908979,-0.0039054344,0.00070283195,2.7526042,0.124502294,-0.08827764,-0.005448475,0.01808291,0.017682252,-0.00917921,0.010684541,0.0015051654,-0.0037869103,0.005973352,0.2624485,3.2605045,0.0058929767,-0.007004751,0.0021892828,-0.019688845,-0.0072954493,-0.010377931,0.030474408
22.649532,0.59082484,0.017079178,-0.0023300091,-1.8825274,-0.0015300009,0.062135864,0.008349723,0.024219561,0.0022347197,0.036904212,0.61797756,-0.0006056747,0.0058406577,0.0006659768,-0.016262295,2.539763,0.10719943,-0.011131813,0.0033032983,0.007263262,-0.00073551375,-0.032816287,-0.0024975382,-0.034991395,-0.005644363,-0.0021361008,0.17463583,2.9658716,0.011692661,-0.004604954,0.009844462,-0.005919754,-0.0058452394,-0.0153698055,0.02483547
-8.124553,-0.53396046,-0.06790838,-0.009845084,1.0437903,-0.013993142,-0.03822362,0.0027106612,-0.016020209,0.0031737797,-0.0004958087,-0.15000519,0.0018684034,-0.006466368,7.1917435e-05,0.001236229,-0.71890825,-0.14640199,0.04155903,-0.0027519737,-0.0045519373,-0.010039874,-0.002745395,0.0017325984,0.0010823543,-0.000546742,0.0020977634,-0.0059702764,-0.8315988,-0.008138659,-0.035790443,0.0020578874,-0.005873298,-0.0017448445,-0.0002765881,-0.0007547607
19.242407,0.31356776,0.05036701,-0.008932027,0.89434457,-0.009291825,0.09139063,0.0035252364,0.045467477,0.0018340987,-0.0069097164,0.45879257,0.0010174793,-0.036228597,0.0007933109,-0.009352617,2.3913004,0.08258544,-0.100134686,0.013974642,0.012750286,0.0074343886,-0.012277296,0.003181999,-0.04103958,0.001766872,-0.0058256923,0.22084968,2.8442614,0.02649394,-0.023297863,0.003993896,-0.013722239,-0.0063609397,0.014602894,0.025770271
-8.094674,-0.5255738,-0.062254936,0.00047399785,1.0374594,-0.0044433777,-0.036939714,-0.0051805675,-0.0041057374,0.0033599187,-0.011474076,-0.15049952,0.0015444574,-0.011878151,-0.00023788141,0.00075785775,-0.75709325,-0.15349537,0.042183846,-0.0010294267,-0.0059260377,-0.016909583,0.002394736,0.0018097097,0.004223984,-0.0020189798,0.0010453749,0.004382618,-0.84546375,-0.0075366786,-0.0042407224,-0.001126973,-0.005571547,-0.0054327454,-0.005434278,-0.0032724885
21.215382,0.81855655,0.03522819,-0.009117495,0.9575357,-0.009998249,0.07230672,0.004763976,0.034038667,0.0017163254,-0.0037014815,0.46530905,-0.0053578764,-0.04137308,-0.00443194,-0.0061576264,2.5014122,0.1015892,-0.11669329,0.008155355,0.0057938825,0.016445398,-0.037339076,-0.0075082458,-0.051557984,-0.0129257785,0.007192292,0.23921311,2.989367,0.02284887,-0.01898752,0.0072262706,0.00033401925,-0.02964578,-0.010676001,0.030480959
5.9145355,0.25310445,0.062083725,-0.0037402352,0.962986,-0.009750601,0.10926258,0.0005838481,-0.01496867,0.0017949133,-0.173684,-0.4646557,0.0015703888,-0.024940364,-0.000821065,0.007291169,1.3077399,0.022034887,-0.01860041,0.004566932,0.014828663,-0.013171692,-0.0142814,-0.008474387,-0.022770006,-0.007960595,-0.0012279633,0.22143748,1.1446089,-0.0027149436,0.052765273,-0.00016538834,-0.0049812156,0.008259748,-0.014546513,0.013067925
-8.186876,-0.54850906,-0.066591844,-6.256997e-05,-2.495615,-0.013515274,-0.01921394,0.0036355522,-0.0035334672,0.0035977599,-0.0021555934,-0.15705706,-0.005468156,-0.007833275,-0.0002630365,0.0010136312,-0.8068438,-0.14324625,0.04180144,0.0003523539,-0.0077951467,-0.023480032,-0.00599677,0.0025742324,0.0059376825,0.0007906686,-9.279494e-06,-0.29338062,-0.8975641,-0.011487037,-0.029271243,-0.0057325247,0.0113502275,-0.003831314,-0.0015224911,0.0022029127
-8.09499,-0.5337344,-0.03089116,-0.001642369,-0.63907677,0.0011782208,-0.14462984,-0.0007978825,-0.018108817,0.0038629463,0.004719859,-0.16293779,-0.0061192755,-0.003575458,0.004417324,0.0014324088,-0.7587206,-0.14009534,0.034836777,-0.004271195,-0.0072630155,0.07386366,-0.0042133955,0.0037324731,0.006221252,-0.0029827666,0.0026347102,-0.29360119,-0.9149173,-0.0064305514,-0.036234863,-0.0029063208,0.0058841426,0.0030014922,-0.003911894,0.0024757332
3.300233,-0.42429933,0.050576754,0.0017140259,0.9906975,-0.0030878524,-0.10458205,0.0066593955,-0.010123923,0.0050663874,-0.16683729,-0.3889399,0.005958555,0.036257748,-0.008688334,-5.435231e-05,1.2201182,0.04046375,-0.01788419,-0.0020527178,0.013552952,-0.009889414,-0.0077801766,-0.0110577205,-0.016342968,0.002160494,0.007874433,0.17485559,1.1124285,0.0034932024,0.0677401,0.0028120857,-0.01801152,0.010865684,0.036255553,0.027321266
-8.041587,-0.5601527,-0.062221486,-0.0077080773,-1.0094458,0.0033085176,-0.09571501,-0.0018756691,-0.015414824,0.0041379416,0.003964219,-0.162204,-0.0006189141,-0.0071590957,-0.0054427735,0.0012475242,-0.7499452,-0.15264216,0.037046973,-0.00082913187,-0.004721311,-0.060958818,0.0017301509,0.0029706573,0.008745907,0.00092065,-0.0004897994,-0.027004167,-0.88823855,-0.008865391,-0.034514636,-0.0010467209,-0.012387966,0.00060201425,-0.0021926572,-0.004179762
-8.131501,-0.54399824,-0.022318227,-0.0019920438,1.0490098,0.002146178,-0.04764001,0.0016586957,-0.01341402,0.0032448615,0.005135104,-0.16175826,0.0005621176,0.001920776,0.0026824567,0.0012107897,-0.7369307,-0.1356081,0.043022145,-0.002580152,-0.0014179342,-0.016512232,-0.0030467834,0.0013870783,0.0019861779,-0.0024406032,0.0011080175,-0.0059980513,-0.8539903,-0.008063676,-0.03473851,-0.0004892915,-0.003397977,0.00052332034,-0.0045630955,-0.0023422758
-8.209864,-0.5402269,-0.06678092,0.00086917676,1.0593278,-0.006327064,0.021623023,0.0004448138,-0.014700648,0.0018036931,-0.00010959116,-0.1524448,-0.0041708373,-0.0070842537,0.002020075,0.0016694269,-0.69956565,-0.15546525,0.042290058,-0.0031001205,-0.007588099,-0.021058151,0.0024180186,0.0023825564,0.002771912,0.0005930615,0.0029040936,-0.020499932,-0.81742346,-0.007355232,-0.035062052,-0.003950743,-0.004079137,-0.0007855883,0.0010073412,-0.010274063
-8.207973,-0.5510537,0.033429444,0.0026776788,1.0536649,0.00122399,0.023546798,0.006394512,-0.010315813,0.0034726947,-0.0096655665,-0.17656992,0.00074312,0.010725728,0.0021074645,-2.821695e-05,-0.7962161,-0.13242857,0.045450445,0.002484676,0.0019911157,-0.007708486,-0.0047193305,0.00037043478,9.6744836e-05,0.0007493789,0.0053414432,0.00070630835,-0.88275546,-0.0063823056,-0.0029455665,-0.005817683,-0.0029876088,0.0005069315,0.0009866294,-0.0024289195
15.630672,0.71024156,-0.03299773,0.0037510525,-1.9293518,-0.0013602639,-0.36859274,-0.017302332,0.0059598484,0.0021913198,0.012248304,0.73030543,-0.0007188424,-0.02041831,0.0006766572,-0.001938816,2.1559157,0.037450235,-0.04424058,-0.10901281,-0.00737454,0.02826021,-0.010420976,-0.0104252715,-0.011667546,-0.005837543,0.0028526532,-0.048051167,1.57863,-0.009258262,0.06881085,-0.087863564,0.0006718406,-0.0023717459,-0.00254535,-0.018954854
-8.090452,-0.53368765,-0.06668267,-0.00053616957,1.0398003,-0.011835204,-0.07855623,0.0013027448,-0.017508795,0.0033668906,-0.0015209431,-0.15037571,-0.0042769103,-0.0064129443,0.0029821116,0.00082832377,-0.71039516,-0.14736593,0.041224778,-0.0011311935,-0.006435808,-0.011973488,-0.0047928137,0.0016041596,0.009697158,-0.00055643095,0.0013407805,-0.004617326,-0.8315137,-0.0066730897,-0.03397518,-0.00086952985,-0.0027353116,0.0010796733,-0.009433201,0.00028072586
-8.172116,-0.5365101,-0.026608063,-0.0007471889,1.0481274,0.0026717847,-0.009618231,5.9457758e-05,-0.013602375,0.0029294381,-0.005776644,-0.15847896,-0.008097528,-0.0043653343,-0.00012852465,0.0011546402,-0.72238153,-0.14058019,0.044883065,-0.0025894658,-0.005799633,-0.026049206,0.0023539078,0.0015607235,0.0032043674,-0.00049222587,0.0019049216,-0.0027473932,-0.86516273,-0.008180659,-0.010960125,-0.0014110525,-0.0042016916,0.0011603235,-0.0058163614,-0.0028813842
-8.117238,-0.53589267,-0.05948011,-0.0075656557,-1.8204949,-0.0018057047,-0.14246017,-0.0049750526,-0.015555094,0.004864103,-0.00093517685,-0.16515471,0.0002845458,-0.0069338116,-0.0042093634,-0.0001609669,-0.7732528,-0.14720908,0.038681313,-0.0023892405,-0.0052921646,0.09331679,0.0043710484,0.002805106,0.0048740907,-0.0021769707,-0.002372269,-0.30641466,-0.90919626,-0.00925601,-0.034714676,-0.0028365743,0.0015962333,0.0006197104,-0.0019309914,0.0041312464
-8.164912,-0.52421594,-0.061120864,-0.008143469,1.0401107,-0.0046162615,0.01030806,-0.0045658005,-0.00084819144,0.0030493557,-0.0030984571,-0.15052298,0.0006858901,-0.009231409,-0.00013576608,0.0016732656,-0.74393225,-0.15216295,0.042111628,-0.0009370481,-0.004642115,-0.023497595,-0.0009830497,6.137077e-05,-0.0056778444,-0.0009393086,0.0019050197,-0.0016605051,-0.8096686,-0.00913807,-0.031555347,0.00027994355,-0.0043645576,-0.0030376308,9.41005e-06,-0.002974991
5.9429393,0.38835725,0.06533632,0.00096268574,0.93784064,0.0004890637,0.10010102,0.0062720976,-0.010291732,0.0034755052,0.014764144,-0.3160054,0.0014278515,-0.010267069,0.0033320943,0.001715346,1.0436882,0.032240197,-0.02853714,0.02359683,0.012984047,-0.0068331864,-0.00019994055,0.0092533445,-0.00717024,-0.001125429,-0.003992985,-0.26001242,0.9265926,-0.029184565,-0.09072874,0.002399708,-0.0077662235,-0.0021211363,-0.005246842,-0.011391778
19.985817,0.1821706,0.07675917,0.003403256,0.89526534,0.00034349004,0.094781525,-0.003546027,0.04392135,0.002641599,0.03765389,0.67354965,-0.006321298,0.012641618,-0.0016933739,-0.017262718,2.3235438,0.08956205,-0.009177559,0.006521943,0.023745697,0.001551105,-0.0055105854,-0.0023243043,-0.024841841,0.0014169232,-0.0010167907,0.24634036,2.8218484,-0.0003444862,-0.0655993,-0.00070637313,-0.005438054,0.0051202523,0.019146655,0.023266608
-8.100574,-0.5374351,-0.065243855,-0.00036907586,1.0367568,0.00026232778,-0.07630155,0.001530546,-0.015908977,0.0033891231,0.0012725241,-0.15378572,-0.0042536575,0.0013901165,-0.00017735825,0.0006096003,-0.7101095,-0.14749521,0.04227213,-0.0012474958,-0.006633066,-0.013654692,-0.0028587235,0.0031345894,0.008758473,-0.0017096172,0.0016067744,-0.0050289663,-0.8316832,-0.0075461455,-0.035626527,-0.0018435506,-0.002251681,0.0007683335,-0.005365554,0.00064537197
-5.016149,-0.6200776,-0.10198895,0.0025600893,1.0496502,0.014370691,0.046612192,-0.0013572583,0.0008952114,0.004515937,-0.001253369,0.1999989,0.00041973544,0.014979212,0.004185224,-0.003979502,-0.010437053,-0.15741807,0.16559131,-0.0123049775,-0.008727475,-0.017755702,-0.0022852435,-0.0021277291,0.005014358,0.00012957856,0.0010258118,-0.2024419,-0.65643346,-0.01317921,-0.024235856,-0.002983623,0.014095419,-0.006497917,0.0060092383,-0.00012957377
2.7348373,0.024296137,-0.19096175,-0.007430874,0.3320263,-0.026589854,-0.118266836,-0.008190573,0.020711277,0.007950685,0.0081827175,0.0926323,0.0053716497,-0.043950584,-0.00020328136,-0.00875688,1.3013406,-0.094248325,-0.010459027,-0.023037413,-0.033835456,-0.0069192075,-0.017108649,0.015108779,-0.008445432,-0.01870091,-0.0039187013,-0.32776344,1.148682,-0.02779168,0.049708832,-0.003613395,-0.012400151,-0.014930556,-0.020239918,-0.0008970154
18.30071,0.0044222195,0.15764861,-0.0011157453,-2.0284548,-0.08007206,-0.34469625,0.014861338,0.034049243,0.004541473,0.006811807,0.75164545,0.0192516,0.023026144,-0.02187665,0.011810184,2.1374233,-0.27596712,-0.028303327,0.0048217615,-0.0066997595,0.030261042,0.019980066,-0.006719289,-0.05369138,0.0015772459,0.024525672,0.023069425,2.3186584,-0.015458336,0.095849045,-0.004706666,-0.006127197,-0.008970598,0.024936894,0.01787356
15.4367695,0.4591887,-0.1556203,-0.00081763347,0.8583135,-0.03901048,0.111733004,-0.011554476,0.010128193,-0.001336683,0.038856853,0.84259456,0.0006642462,-0.06032179,-0.004264781,0.003602069,2.2475355,0.086620264,-0.0010606279,-0.061600924,-0.029468575,0.050002743,-0.022880461,0.003962196,-0.016105782,-0.005544824,0.0002706561,0.11709359,2.5285854,0.0033320272,-0.038517166,-0.016595447,-0.0031972853,-0.0074894363,-0.008518467,0.017919004
0.12304588,0.35938376,0.060664658,-0.0052825296,1.0867918,4.9416016e-05,0.15097731,0.00387608,0.017433124,0.004580813,-0.016048426,-0.3876975,0.006861307,-0.016328458,-0.0069783763,0.01918841,0.4937099,0.03793075,-0.013309751,-0.0018783957,0.005820952,0.12892517,0.006534535,-0.018790707,-0.0073805135,-8.328547e-05,-0.0014230873,0.00840673,-0.76664567,0.014786299,-0.028510349,0.008791249,0.060135815,0.012927156,-0.009100645,0.020245437
23.01776,0.7023408,0.031167906,-0.00065230456,-1.4745625,-0.007405465,0.06285586,0.008597739,0.03062363,0.0028506743,0.036872745,0.6993917,-0.002689719,0.002435173,0.0028335946,-0.016535426,2.6021352,0.093065314,-0.0030186186,0.0032890139,0.019180778,0.03332073,-0.002182145,0.001925458,-0.039727323,-0.0052750325,0.00083273696,0.16515487,2.90496,0.010231336,-0.008982419,0.0032351005,-0.004007416,-0.00557269,-0.0031427944,0.017913349
-8.156541,-0.5502817,-0.018037824,0.001640626,1.0475883,0.005241077,-0.0226233,0.006192164,-0.0038684125,0.002911277,0.0053574834,-0.16071475,0.0015249548,0.009732472,-0.0032306227,-0.0005585711,-0.75489086,-0.13574493,0.04501331,-0.003989495,-0.0016840124,-0.027847152,-0.0026075707,0.00046762143,0.0011848919,0.00011348249,-0.00053980306,-0.005703244,-0.83101183,-0.009656412,-0.0343447,-0.0015877073,-0.0019244689,-0.0024265568,-0.00073118764,0.0021820858
-8.164984,-0.5319675,-0.060033213,-0.0011872824,1.0403742,-0.0057852464,0.011064725,-0.0054790154,-0.016011316,0.0028649112,-0.00019187659,-0.15012549,0.00086879876,-0.011836638,-0.0038323125,0.00206796,-0.7486761,-0.14905405,0.040350214,-0.0013292992,-0.0046540694,-0.022277454,-0.0064833295,-0.0018497157,0.0033452765,-0.00080476253,0.00045614847,-0.0058970656,-0.80336535,-0.0083075855,-0.031294968,-0.001848838,-0.008125223,-0.0013394866,-0.0050947834,0.00018993419
13.484929,0.79316163,0.045302782,-0.012608726,0.91657156,0.008250593,0.09905926,0.0007152887,0.016101878,0.001650703,0.05070028,0.8255091,-0.0044555604,0.0014653234,-0.0035090114,-0.0035473118,2.114141,0.06324407,0.070667215,-0.029205559,-0.035192758,0.0141720055,-0.049274225,0.008974003,0.003496454,-0.006821773,0.0018130881,0.09408764,-0.5410195,-0.0053025912,0.041653577,-0.0061839507,-0.00019887202,0.00089537003,-0.0010868174,0.012358414
-8.105751,-0.5303604,-0.06318079,-0.0009677297,1.0425588,-0.0052499203,-0.039717287,-0.0045315386,-0.003946324,0.0028476818,0.0051582167,-0.15007107,-2.5444197e-05,-0.010877112,-0.00021349388,0.0014254123,-0.74341005,-0.14714931,0.04019359,-0.00096323964,-0.0059491177,-0.026511343,-0.0025503873,0.0014575898,0.003251829,-0.002384769,0.0009147995,-0.0046172473,-0.811776,-0.008556178,-0.034438435,-0.0006683785,-0.0056874445,-0.0024564841,-0.0060746204,-0.0026931781
15.092362,0.65384746,0.058787502,-0.0013675366,0.94763803,-0.0070474963,-0.017669652,-0.0013376236,0.030379662,0.0035171474,-0.0806385,0.11184447,0.0019436238,-0.008318045,0.00045619826,-0.008627118,2.1992345,0.0666182,-0.0056185694,5.2510644e-05,0.015294368,0.04352315,-0.0029582016,-0.0059483196,-0.007849275,-0.008731823,-0.00032931598,0.20011875,2.2095888,0.018266942,-0.031940322,-0.0020205458,-0.017268168,0.003108347,-0.017529082,0.021803102
0.33849016,0.3573019,0.028558783,0.0011078987,-2.2928321,0.0030687293,-0.007759405,0.0020553672,0.018081155,0.0025306935,-0.03602314,-0.43426695,0.0057253153,-0.016223567,-5.108589e-06,0.041709296,0.6026171,0.03734316,-0.015585681,-0.0020671536,0.0031335778,-0.013425119,-0.0026634687,0.001587886,-0.018424965,0.0038087077,-0.0038630066,0.006833955,-0.8632632,0.016091114,-0.010201208,0.0046390137,0.03962016,0.006866168,-0.011531474,0.019586202
-8.115489,-0.53294253,-0.067224905,-0.0022265615,1.0327394,-0.005118042,-0.034183208,-0.00041466576,-0.016679345,0.0023580273,0.0010768923,-0.14691412,-0.0046444014,-0.0064774235,-0.0012063613,0.0018002248,-0.71622986,-0.14776273,0.041660924,0.00030439763,-0.0068951533,-0.015975554,-0.0035109145,0.002323515,0.0012555101,-0.0019716322,0.0017961672,-0.0027566587,-0.831779,-0.006945148,-0.03441868,-0.0012919931,-0.0035978344,0.00036064463,-0.0036558353,0.00055466406
-8.0461645,-0.5453092,-0.032111567,-0.0009821586,0.42675674,-0.0031526599,-0.087375194,-0.0036153377,-0.011180958,0.0032976016,-0.0084541915,-0.17360067,-0.005699573,-0.00454861,0.00021451307,-0.0013534053,-0.80671966,-0.055134706,0.04980039,0.0065534315,-0.005019817,0.08107736,-0.0054672323,0.0019738914,0.008774147,-0.0008836038,0.0009526514,-0.0038142346,-0.94010055,-0.0043179435,-0.003602811,-0.0015096564,0.0066846884,-0.0033835757,0.001838235,-0.004444306
-8.160512,-0.54674494,-0.0178206,0.0022352925,1.0533127,-0.0013903328,-0.030715253,0.0041723913,-0.0066182553,0.0035809015,-0.011844583,-0.16281836,0.00070530555,0.0017625642,-0.0022260272,0.0005789667,-0.7564124,-0.13658802,0.04798447,0.00059439905,0.0016491367,0.00043385988,-0.0039194915,0.0012779947,0.002074901,0.00051662704,-5.477501e-07,-0.09234524,-0.8690625,-0.008785335,-0.004272752,-0.0025125395,-0.00034810996,-0.0044012424,0.0037552186,-0.0032713846
-8.105131,-0.5310104,-0.062222853,-0.00041518995,0.96190476,0.003147709,-0.06428072,0.0027075377,-0.018525593,0.0035647152,-0.00015680745,-0.15362602,-0.00053840375,-0.006386655,0.0031132202,0.0010041709,-0.7066267,-0.14687604,0.042288113,-0.0049633696,-0.0066142594,0.04238573,-9.298146e-05,0.002976763,0.010032709,-0.0021160203,0.002012247,-0.12521349,-0.8362892,-0.008608788,-0.034342166,-0.00027956208,-0.0069876374,0.0024284855,-0.003973991,-0.0007784233
-8.229508,-0.5568958,-0.05792372,-0.0028707297,-2.5676987,0.0016139916,-0.02672407,0.0029731905,-0.016495833,0.0034371973,-0.0025669765,-0.1659485,-0.006497128,0.0012369206,-0.00078856817,-0.00012108523,-0.78728724,-0.14607723,0.041952416,0.00080172054,-0.0052514896,-0.11012885,-0.0074921073,0.0025878581,0.0055404007,-0.0033513976,0.0027442628,-0.24355868,-0.8965918,-0.009611044,-0.031010356,-0.0062997625,-0.015472155,-0.003806532,-0.0026306538,0.00094781356
-8.194575,-0.5340477,-0.06155665,-0.0021014754,1.037598,0.00028258914,0.023883604,0.0016337951,-0.015946398,0.0028824199,0.0055904235,-0.15393294,-0.00560903,-0.0042963326,0.001737807,0.0015469133,-0.7135768,-0.15157779,0.041298028,-0.003402107,-0.006797752,-0.02537234,-0.0077731297,0.0030030524,0.001155588,-0.0021167896,0.001656051,-0.0062731006,-0.81871307,-0.007616113,-0.03289976,0.00053054397,-0.003750173,0.0022967926,-0.0053459057,-0.0010780473
-8.14418,-0.52649546,-0.028975865,-0.0009324081,1.0430598,-0.004280788,-0.009574516,-0.00040229337,-0.013246552,0.0030151117,-0.004932929,-0.16239333,-0.00026750372,-0.006754505,-0.00018592848,-0.0017493395,-0.7701385,-0.15044081,0.04242166,-0.0032331478,-0.005961503,-0.023273487,-0.0020033875,-0.00060007203,0.0030814675,4.8062764e-05,0.0005901347,-0.0035317491,-0.8484833,-0.0072927014,-0.0007605945,-0.0018246236,-0.006350453,0.00084962335,-0.005087229,-0.0009188771
-4.999037,-0.4055567,-0.03174059,0.00066589593,1.0945246,0.017406663,0.07009828,0.003283399,-0.012375181,0.0044416664,0.000928688,-0.21668199,-0.008650969,0.0025962389,0.0016155898,0.003994879,0.32142204,-0.23831649,0.049952433,-0.0016242277,-0.0065622446,-0.034414973,0.002079518,0.0002524628,-0.0068970867,0.00044029034,0.0010252681,-0.045048267,-0.59442174,-0.005558053,-0.024220537,0.0028400924,0.019143436,-0.004322694,-0.0027113515,0.0004357925
-2.2844884,-0.2821423,0.053275067,0.002248165,1.0234737,0.009316613,-0.33438936,0.025807194,0.006779312,0.0038397247,-0.019256786,-0.36405304,0.0022356808,0.019002128,0.00091474236,0.0014785029,0.41938153,-0.016669936,0.054427203,0.0076490445,-0.0065166573,0.080018245,-0.013426781,-0.0029500832,0.0034284825,0.0021532774,-0.0011653063,-0.03519993,-0.6810607,-0.008673604,0.0017915788,-0.010747047,-0.0073923143,-0.0044859163,0.018862123,-0.0019923162
-8.079839,-0.5262276,-0.06776804,-0.009450013,1.040991,0.00026441488,-0.07942227,-0.0013077081,-0.015492535,0.0032771153,0.0002809917,-0.14743418,0.00020869385,-0.0075785452,0.0028159926,0.0019084258,-0.7148185,-0.14860377,0.039484914,-0.004699271,-0.006120633,-0.016504839,-0.0059483005,0.0015782221,0.0057727415,-0.00022949574,0.0018852837,-0.0047273766,-0.8314579,-0.0076014367,-0.03592413,-0.0017704619,-0.0029831629,-0.00089837075,-0.00018146774,-0.00037077488
-8.111388,-0.5528099,-0.05340429,0.0008199612,-1.6706107,-0.004095846,-0.11817166,0.0033077293,-0.01848046,0.0048846146,0.0008555386,-0.16826648,0.0003854539,0.008252943,-0.0050481707,-0.0015936454,-0.770846,-0.14600901,0.03520815,-0.0022275613,-0.0034366585,0.078031726,-0.0047987434,0.0049407636,0.0024361613,0.00094733556,0.0018673837,-0.29021063,-0.91015965,-0.00900917,-0.03571829,-0.0009950106,0.00745802,0.011927942,-0.00012642445,0.003509471
-8.065404,-0.38833776,-0.05903768,0.000998004,0.40362194,-0.003234971,-0.073628135,-0.00074244296,-0.018615361,0.0046139443,0.0074294847,-0.1586255,-0.0013051198,-0.008557402,-0.0016279786,-0.0028574222,-0.66153216,-0.14595892,0.03275956,-0.002920772,-0.0048227417,0.12515444,0.0141739985,0.003452904,0.010289627,0.00031495982,-0.00022181586,-0.25046158,-0.8755865,-0.005590349,-0.03139841,-0.0021749116,-0.013024873,0.0019002341,-0.00095478585,0.00574959
-8.082964,-0.53082156,-0.066757225,0.0005835005,1.0440292,-0.0052787145,-0.07603382,-0.0023411596,-0.015736649,0.0034707966,0.000432525,-0.14838055,0.0005605631,-0.01196849,-0.0016441839,0.0012466303,-0.715131,-0.14975947,0.043267116,-0.0037667435,-0.0070566237,-0.015394689,-0.007797133,0.000514508,0.0029940861,-0.00076757406,0.0013934661,-0.0032359709,-0.82990235,-0.007635926,-0.03462415,-0.003526948,-0.0034689514,0.00015012748,0.0024988176,-0.00011546391
-8.120324,-0.5362997,-0.062683605,-0.01649188,1.043436,-0.01570079,-0.044300366,-0.0016921111,-0.014819493,0.003527384,0.0054115066,-0.1514882,0.00076506234,-0.0041641914,-0.0039273296,0.00047032323,-0.7190062,-0.14418788,0.042553984,-0.000575269,-0.004500505,-0.0078279385,-0.010126696,0.0005305814,-0.0019876307,0.0009709637,0.0013973722,-0.007226129,-0.8210659,-0.009063459,-0.03502697,0.0012795671,-0.00409976,-0.0035730738,0.00085591694,-0.002672333
-8.220378,-0.5479172,-0.0680554,0.0024054,1.0482937,-0.006684083,-0.032246746,-0.0006692917,-0.018054882,-0.017197853,-0.00075616705,-0.15054841,-0.00025191272,-0.011854561,-0.004235856,0.001433875,-0.6916295,-0.16613185,0.02856043,-0.0021550874,-0.0050608274,-0.02263504,-0.0016624803,0.0009429383,0.0026337323,0.00034191084,0.0032394638,-0.028851481,-0.7859848,-0.010344937,-0.033582687,-0.0032727865,-0.0012645872,0.002821318,0.004636734,-0.007224731
-8.207647,-0.5503834,-0.07484788,0.0017765193,-2.5387163,-0.0145415105,-0.048631605,0.00023944155,-0.009611002,-0.020408606,0.004663312,-0.16254047,-0.0006489111,-0.0132347,-0.0054328903,0.00029434785,-0.7656618,-0.16118659,0.0410892,0.0012685405,-0.005768118,-0.018691204,-0.0028368759,0.0032397266,0.0025623874,0.0003609031,0.0013812218,-0.24258855,-0.8730868,-0.014066545,-0.03339237,-0.0011106364,-0.0017593815,0.0006628739,0.004216191,-0.001873831
7.9763513,-0.15806092,0.03706788,0.0008469106,-0.2833499,-0.00093741575,0.10199835,0.0038332127,0.015518669,0.0022250484,0.00041013287,0.2634424,-0.010602233,0.009227602,-0.0045812754,0.002320208,1.4558136,-0.07407718,0.004763263,-0.0029364214,0.0021697066,0.00011133596,-0.011180525,-0.017666416,-0.0019084736,0.004267121,-0.0016623262,0.056148052,1.2582271,-0.008791642,0.072540544,-0.014910497,0.0038832899,-0.01559127,0.014505815,0.007064022
-8.173408,-0.54384947,0.031209633,-0.0013272777,1.0490669,-0.0025120112,0.011354206,0.0018063263,-0.008624099,0.0025550302,-0.005338251,-0.18449154,0.0016857616,0.00039738588,0.0031797853,0.0002451031,-0.8104571,-0.06896823,0.04575274,-0.0027578122,0.010119208,-0.013653933,-0.007868924,0.0005317872,-0.00033824664,-0.0022832165,0.0042355047,0.009151187,-0.96245337,-0.001666155,0.0023915826,-0.008446092,-0.0032655376,0.0016153777,-0.0047702836,-0.001915856
-8.146282,-0.55829746,0.049583044,-0.0016354102,1.0515243,-0.0077327243,-0.045096986,0.00786387,-0.020070827,0.0033838034,0.00014602912,-0.17093731,0.0007647761,0.006517101,0.0037696017,0.0009801092,-0.7836517,-0.12183251,0.041902218,-0.0027143254,0.0052371817,-0.009062881,0.012024907,-0.0018656418,-0.029091353,-0.003032742,-0.0019872326,-0.0023816372,-0.8783801,-0.00983087,-0.027873052,0.00038555113,-0.0020974772,0.005455458,-0.0056607877,-0.0021518741
-7.963583,-0.33653608,-0.040992543,-0.002308656,1.0733072,-0.0011266846,-0.03968575,0.0023397084,-0.01599037,0.002275361,-0.00029941948,-0.18398768,-0.011592339,-0.008039454,-5.7222214e-06,2.6584652e-05,-0.71194416,-0.11874293,0.024885708,0.00037591768,0.0023411848,-0.018428974,-0.0012515223,-0.00011905677,0.0010789741,-0.0020149613,0.0020291663,0.010441821,-0.93709075,-0.010790952,-0.00013035536,-0.004049418,-0.007274808,0.0001834459,-0.007729781,-0.010134595
20.259228,0.84392345,-0.06010428,-0.0010038282,0.86866134,-0.00079763524,0.0933718,0.0071438374,0.03026685,0.0019178971,0.07998915,0.9988662,0.001111785,-0.025794176,-0.0049044667,0.003149667,1.9014524,0.08965391,0.09509723,-0.06678447,-0.023811301,-0.0017251765,0.005974213,0.0007163973,0.00013308537,-0.001438202,-0.004602645,0.37484333,1.7672918,0.008991606,0.13479833,-0.05153374,-0.0073755556,0.010887678,-0.009924367,0.015931824
11.067515,0.2907063,0.07026605,0.00049421465,0.892674,-0.022738915,0.11522695,0.00169407,0.023165902,0.0011675849,-0.05728404,0.23614621,-0.0005998254,0.006194507,0.0014068079,0.012095067,1.5883607,0.041684143,-0.015009029,0.00885543,0.00984312,-0.007970843,-0.005367641,-0.010849379,-0.014785816,-0.0061436403,-0.0009899169,0.14117849,1.2626728,-0.00096913235,0.08290702,-0.020618945,-0.004923105,0.0057428037,-0.011567452,0.02721019
0.8156011,0.48409662,-0.16999182,-0.0016074937,-2.322362,-0.012736072,-0.032437902,-0.022256121,-0.020967152,0.0038988711,0.02226599,0.094245836,0.0008242744,-0.019501774,-0.008147696,-0.012491042,1.4321656,0.04382388,-0.03881485,0.012106094,-0.010425729,-0.08523785,0.008971126,0.005432316,-0.004713647,-0.0017530893,-0.020650374,-0.23025608,-0.70304143,-0.043539032,-0.0032016577,-0.008239094,-0.059100416,-0.0051981215,-0.009280804,-0.00073570537
7.3312173,0.20640619,-0.23347875,0.00083891884,0.96039635,-0.035257734,-0.084446795,-0.03550924,-0.19669284,-0.01357857,-0.0017298321,1.3253891,0.0028480473,-0.031091044,0.00019970573,-0.00779158,1.2163104,0.08256507,0.10958256,-0.006931838,-0.019652804,-0.0039627776,-0.018092554,0.0044810637,0.005074695,-0.00053943414,0.0027121438,0.03922625,-0.4784485,-0.01091402,-0.030275205,-0.0020869803,-0.0072763236,0.021204695,-0.020213954,0.010984154
21.020004,0.8290209,0.029318154,-0.0030506975,-2.328626,-0.034827437,-0.10612721,-0.004033233,0.015754886,0.004164236,-0.009253476,0.50058293,-0.002963945,-0.043775402,-0.0013646787,0.012208644,2.535838,0.1040782,-0.097268395,0.0033023728,-0.010863281,-0.114747465,-0.034227956,-0.011126479,-0.03325845,-0.002895657,0.00492197,0.24648581,2.7367563,0.018203037,-0.020872163,0.0007822436,0.0037156946,0.0017403353,-0.0125367595,0.043042727
-8.213214,-0.53851485,-0.06584165,-0.0013731477,1.0482368,0.0035286807,0.04648176,0.0047438606,-0.017555883,-0.004557733,0.0005303555,-0.151749,-0.0041696136,-0.0072464067,0.0023967035,0.0016308525,-0.7113627,-0.14714742,0.04352739,-0.000622373,-0.006343569,0.026749082,-0.005694406,0.0028878902,0.0014228432,0.0007900627,-0.0009850338,-0.099863485,-0.83327365,-0.007108317,-0.032841887,-0.00076717127,-0.0009013618,0.0009039921,0.0009984238,0.0016063134
-6.277209,-0.20102914,-0.08221658,-0.0014144045,-2.4057345,-0.018044364,-0.018589726,-0.0060147303,-0.0039032507,0.005458387,0.0016574104,-0.060936864,0.001228813,-0.019896224,0.0044520004,0.010260242,-0.38604623,-0.15658225,-0.019458836,-0.0065049133,-0.0058549386,0.009109773,-0.005399066,0.004476554,-0.003450276,-0.0009140981,-0.00090252975,-0.16573131,-0.80958587,-0.014480929,-0.023550792,-0.0011354794,-0.006253585,-0.0023944594,-0.0049545863,0.0016420557
16.473173,0.66882104,0.040052902,-0.010860874,0.8948289,-0.017409949,0.073630564,0.006221953,0.031888057,0.0036396442,-0.07233602,0.07956468,2.8465078e-05,-0.010861247,0.006612947,-0.0065036733,2.1986938,0.06553093,-0.061704822,0.015748432,0.0023703207,0.030655324,-0.017839769,-0.0040727346,-0.016404973,-0.011013432,0.006475267,0.21749152,2.400853,0.008169354,-0.03916678,-0.00042327592,-0.01665308,-0.0068189125,-0.0056900694,0.021804422
-6.9237204,-0.21684374,-0.06513338,-0.0017211825,1.0727493,-0.010500573,-0.046785023,-0.0071838005,-0.015605819,0.004953522,-0.00029774613,-0.015830576,-2.5646605e-06,-0.019859532,-0.0021728913,-0.002971702,-0.45962805,-0.16364188,0.0031931135,-0.0037313842,-0.0060052774,-0.013834744,-0.0037732508,0.0006786938,-0.0015096671,-0.0004952674,0.0009972954,0.02710839,-0.8717206,-0.0067401445,-0.031704996,-0.0012341466,-0.0076855686,-0.001952545,-0.016218377,0.0006215487
-5.0053663,0.048587736,-0.107118525,0.0058311326,1.0603149,-0.0401588,0.053358268,-0.010868491,-0.021661725,0.0039806087,0.001121039,-0.20171198,-0.008844827,-0.019041615,0.0026289811,-0.003837366,0.2684461,-0.2526854,0.04735917,0.002571818,-0.005967903,-0.03674694,0.0055263643,0.002820831,-0.0022820397,-0.012361991,0.0007736385,-0.0549294,-0.8138542,-0.0063894107,-0.021926267,-0.00607109,0.015898222,0.0022060697,-0.014446129,-0.00024954183
5.900239,0.514631,-0.0115166055,-0.0030819816,0.9430176,-0.013657612,0.09287734,0.0034166204,-0.022284308,0.0028875666,-0.10704871,-0.55505246,0.0036235645,-0.037784923,0.002470717,-0.0012364064,1.0832,0.05465568,-0.019018201,-0.0008950925,-0.010672762,-0.01360543,-0.0063788868,0.00028901067,-0.00041724954,-0.0018393054,-0.008580895,0.01593167,1.008916,-0.0021869927,0.023603516,0.0011301606,-0.007166394,0.0004272998,-0.009393678,0.009476844
-8.194678,-0.5472568,-0.062493477,0.0015726177,1.0335371,-0.0020733045,0.02642114,0.006301257,-0.014275344,0.002841889,-0.00016166974,-0.15473783,0.00022591856,0.010885993,-0.002482737,0.00037015072,-0.71943694,-0.15295084,0.040296923,-0.00035742254,-0.0047159437,-0.02331542,-0.001078797,0.0022609972,0.0018816604,-0.0015010174,-0.0010307247,-0.0035322378,-0.8064797,-0.008042241,-0.03346125,0.0013910965,-0.0064942697,0.00064811757,-0.0041218325,-0.001139696
12.6215725,0.62814593,-0.08345764,0.005171177,-2.384778,-0.08799543,-0.24579422,-0.053354297,-0.033784334,-0.0004215808,0.042853486,0.79292214,0.0041918014,-0.025675984,-0.0023614438,0.012195145,1.8247852,0.048766743,-0.019134587,-0.07740468,-0.025242873,-0.06818461,0.049593486,0.00033854682,-0.0005341666,-0.0056882133,0.00015548986,0.26755485,1.6640682,-0.00072214747,0.09764984,-0.0059952894,-0.019092275,-0.022820877,-0.004473056,0.021862341
-8.239212,-0.5438512,0.011993238,-0.0020950055,1.063441,-0.0011934402,-0.0052959127,0.0028165395,-0.007472041,0.0029299431,-0.009679916,-0.17411497,0.0009987601,0.0025465188,-0.00070353324,0.0011474907,-0.75020015,-0.14421687,0.033922583,0.0023050369,0.0016430566,-0.022288982,-0.003847491,0.0025244262,0.0044127717,-0.0020269926,0.002844115,-0.012226047,-0.87935734,-0.010494272,0.018350724,-0.0024940902,-0.005180477,-0.005604478,-0.0032226767,-0.011914007
-6.877546,-0.16109882,-0.02365577,-0.0015697632,1.0917885,-0.01713314,0.013884854,0.002069627,-0.0049343184,0.0029644629,-0.0017627813,-0.19152914,0.0027658106,-0.016599573,-0.0030439042,-0.0066008167,-0.650245,0.00022790796,0.013508747,-0.0013857917,-0.009020453,0.0022633246,-0.0048264735,0.0017501834,-0.0004296427,-0.0043471605,-0.004388207,0.12812354,-1.0807897,-0.0011194757,-0.033716127,0.0025121658,0.010189434,0.01829272,-0.0050761197,0.09331887
6.5066385,0.4435322,-0.18754958,-0.0019491849,0.9286566,-0.01983712,0.09125436,-0.020920686,0.032912437,-0.0007415457,0.041403838,0.15549433,0.0019504129,-0.033111315,-0.0040969057,-0.009810253,1.4498948,0.0450624,-0.030602736,-0.03605157,-0.023528881,-0.0025418014,0.0017650259,-0.002644978,-0.027866505,-0.002447737,-0.002944307,-0.24645518,1.1158909,-0.009368854,0.050841115,-0.010533623,-0.0041292687,-0.007622744,-0.011455741,0.00125036
-8.192201,-0.5327593,-0.03788742,-0.0083159655,1.0643458,0.00092582573,-0.018790102,0.0033437025,-0.006151382,0.001877084,-0.0024878713,-0.1777329,0.0011082892,-0.0042650793,-0.0023013134,0.0016643632,-0.76607555,-0.09915398,0.034477208,-0.0009555765,-0.0035714395,-0.024964172,-0.0011030873,0.0023749205,0.0064574177,-0.0006646078,-0.015643617,-0.008511801,-0.90120965,-0.0034729552,-0.005770546,-0.0048129465,-0.0031649966,0.0021282188,-0.0010323045,-0.0015436091
-8.154888,-0.5496275,-0.0657395,-0.0073139984,1.036062,0.0045101456,0.06459884,0.0072124754,-0.014904276,0.0028957645,0.00056712446,-0.15761112,-0.006286852,0.00044971635,-0.003078555,0.001645767,-0.7024,-0.14993598,0.042361893,0.0016828064,-0.006252173,0.09885208,-0.0055705383,0.0012820541,0.0076068654,-0.0015251528,0.0030012378,-0.14251432,-0.7868263,-0.011924576,-0.030823778,-0.0023843665,-5.0012717e-05,0.001319697,0.0012657753,0.001185665
-6.4464393,-0.43096605,-0.032256104,0.0052522896,1.1098044,0.009174471,0.02329462,-0.0028144037,-0.004463845,0.0028707415,-0.0044133617,0.03743575,0.00015897359,0.010810242,-0.0029947634,0.003781365,-0.36380485,-0.1619713,0.11705728,0.0032038032,-0.0050478335,-0.031331852,0.0049717356,-4.2130338e-05,-0.0031400046,0.0005353092,7.597248e-06,-0.008913028,-0.7654427,-0.008604999,-0.029930424,0.0022312228,0.021314258,-0.004156436,0.0055080536,0.0027514128
-8.228345,-0.54091835,-0.022593234,-0.012616867,1.0614161,0.0011996037,-0.012173953,0.0017944031,-0.016096449,0.0028859603,0.005635642,-0.16554862,0.0017797002,-0.0009631053,0.00037125178,0.0012154938,-0.7272078,-0.1425116,0.045258377,-0.0024273111,-0.002394292,-0.027707282,-0.0033277445,0.0034771184,0.0034557905,-0.0013569008,-0.0020503225,-0.022890318,-0.8394512,-0.01124372,-0.03386942,0.0012468393,-0.0026943504,7.941724e-05,-0.00095279695,-0.012198818
4.356283,0.45981392,0.0819464,0.0016604436,0.7377253,-0.0012416024,0.0035712703,-3.243507e-05,-0.022397986,0.0024592734,-0.08291983,0.0080867745,-0.02842026,-0.01865073,-0.00013988258,-0.019600013,1.6479528,0.06311933,0.0092461435,0.00020100032,-0.015269846,0.033271153,0.017142631,0.008651259,0.0058677425,-0.0066291313,0.0023427159,0.07881743,-0.66798705,-0.004175188,-0.0100827785,0.0033194695,0.0075177024,-0.010559136,-0.0027482812,-0.0014066292
-8.249697,-0.54347044,-0.0390172,0.0030801857,1.0499201,-0.014929819,-0.048479695,-0.004525597,-0.005854084,0.0034901435,-0.014719667,-0.15432376,-0.0065129553,-0.0069929063,-0.003390777,9.8470824e-05,-0.72123957,-0.14943899,0.032941893,-0.005785179,-0.0048716967,-0.025994122,-0.003281271,-0.0018110735,-0.011903016,0.00063298806,0.0010590123,-0.03141533,-0.8001799,-0.011188666,-0.03035174,0.0023877234,-0.004320213,-0.0065074377,0.0042776666,-0.010357499
-8.163035,-0.5292693,-0.06091258,-0.00059627456,1.0409586,-0.0050417497,0.008940023,-0.0046057086,-0.0011428664,0.0030330436,-0.0006098594,-0.1506148,0.0008995827,-0.009233738,3.6509628e-05,0.0015536719,-0.7457603,-0.15153968,0.041414093,-0.00039431296,-0.006992575,-0.024034733,0.0022509703,0.0007744957,0.0031346579,-0.0010369434,0.00087054475,-0.001077267,-0.8114046,-0.009019179,-0.031934783,0.00046406896,-0.0045266533,-0.0031550108,-0.0043006027,-0.0033884803
-8.203543,-0.54936016,-0.0068947226,0.0013206898,1.0462008,0.00250212,0.011001871,0.0012059521,-0.014173191,0.003383688,0.0046672523,-0.16291639,0.00063280726,0.0024461667,-0.0002885428,0.00036714866,-0.7395599,-0.13786136,0.0455985,0.009084914,-0.0006114184,-0.010905655,-0.0027419715,0.0008039769,0.0021048558,0.00045317636,-0.0007058633,-0.0053804033,-0.85586613,-0.009018825,-0.034750618,-0.0023300694,-0.0035405208,-0.0012316651,-0.0025430024,-0.0036167193
-8.129649,-0.53561574,-0.044375435,-0.011203298,1.0506806,0.0015900515,-0.03655283,7.4282216e-05,-0.014880525,0.003326092,0.0047599496,-0.15931833,0.00041434055,-0.003747671,-0.003891382,0.0011843224,-0.7246671,-0.1410366,0.041661736,-0.004709958,-0.006161669,-0.024102435,-0.005178335,0.0026357006,0.009029489,-0.0011743999,-0.004028798,-0.0067645228,-0.83537114,-0.008042697,-0.034056827,-0.0018235045,-0.005166317,0.0013597106,-0.000751487,-0.0012257908
-8.085073,-0.5653113,-0.0118168155,0.0034835897,-0.8212423,0.00046388488,-0.11933754,0.0018878643,0.0010358255,0.0038935018,0.0056296103,-0.16870002,0.0001806674,0.0077166627,-0.0040782886,0.0003955088,-0.7901508,-0.1405097,0.04072371,-0.006251183,-0.0062848283,0.075744286,0.0059937295,-0.006906191,0.0025411774,0.0006895717,-0.0014785379,-0.26981372,-0.9030888,-0.008032817,-0.032345224,-3.1531672e-05,-0.0065532187,-0.00058062834,0.004021599,0.0040874
-8.113862,-0.52996045,-0.057705633,-0.002866446,1.0444419,0.0023195574,-0.04324682,-0.0069006975,-0.003392445,0.0034041815,0.0039384267,-0.15393831,0.00043843724,-0.010083499,-0.0001916539,0.0012662349,-0.74299794,-0.13825189,0.041268542,-0.0026777692,-0.006254887,-0.017498437,-0.0070435875,0.0010189196,0.002344044,-0.0013786096,0.002658437,-0.0041163,-0.8288843,-0.00857905,-0.03378878,0.0022693074,-0.004714863,-0.0022005767,-0.0053167804,-0.0032352328
-8.160674,-0.5319559,-0.057998806,-0.007793229,1.0396829,-0.0040039932,0.0069908537,-0.0050734305,-0.008230051,0.003106051,-0.0007731916,-0.14954562,0.0008066996,-0.008126356,0.0028513644,0.0012367258,-0.7468538,-0.1520339,0.040230207,-0.0013474278,-0.0072924653,-0.017507792,0.00033977878,-0.0027312718,6.840616e-05,-0.0013425453,0.0017285085,-0.002202032,-0.8123897,-0.008518232,-0.032371562,0.00013832728,-0.005478128,-0.0052232286,3.461705e-05,-0.0034240216
-8.149079,-0.54051167,-0.06284542,-0.002681505,-2.1320646,-0.0047283075,-0.16376662,-0.00016340018,-0.02042769,0.005246052,-0.0021079325,-0.15682548,-0.0014065854,-0.009720916,0.0045374692,0.00038500768,-0.7754918,-0.14770947,0.03828908,-0.0041931546,-0.0049800402,0.06802836,0.0034074679,0.0028620122,0.008848235,-0.002637221,0.0017823942,-0.3070875,-0.92507136,-0.008934614,-0.0341309,-0.00047532452,-0.0025938363,0.0015807091,-0.002038452,0.003925962
-8.093919,-0.53584665,-0.04356264,-0.008615719,1.0419654,0.0015250465,-0.07431187,0.0007117032,-0.018987661,0.0033550726,0.004703181,-0.15566456,-0.007024299,-0.0016224757,-0.00034032535,0.0012465742,-0.7190189,-0.14144564,0.04151242,-0.0029118548,-0.007476516,-0.02170929,0.0031723226,0.0014420147,0.008545434,-0.0015851454,0.0012114295,-0.00482188,-0.8445061,-0.008610146,-0.03465465,0.000104241284,-0.0057379277,0.0022823485,-0.00085225794,-0.0016540608
-8.214988,-0.5530977,0.022229314,-0.048374444,-2.479059,-0.0029886202,-0.07151399,0.001028597,-0.012175346,0.0032421583,-0.005912198,-0.18671833,0.0003169198,-0.030578697,0.0013240667,-0.0022566365,-0.8528222,-0.13142517,0.029573416,0.0050412845,-0.0036289955,-0.1461811,-0.013181257,-0.0007245111,0.0018232481,0.00017297872,0.005607574,-0.02061459,-0.9466521,-0.012735609,4.228474e-05,-0.0022817412,-0.01704801,0.00353138,-7.311114e-05,-0.011225395
21.231316,0.46174318,0.07280498,-0.0063517215,0.9513757,-0.0014891363,0.084318876,0.0070865606,0.025531901,0.0020826568,0.018656561,0.7051713,-0.0014140272,-0.014179633,0.0010108677,0.0068883956,2.390944,0.16325635,-0.054495122,-0.002851994,0.03425751,0.05834531,-0.025122942,-0.009488214,-0.005624025,-0.009139888,-0.0015893118,0.04173169,2.9998899,0.0011156762,-0.025196696,0.0054626227,-0.013287906,-0.014097807,-0.011650663,0.020670982
-4.594528,-2.0124087,-0.18816875,0.0021857996,1.0256164,-0.041882675,-0.076599054,-0.01919806,-0.0027471457,-0.0014814512,0.0055771074,0.58499265,0.0010607787,-0.020948444,-0.007903195,-0.003748257,1.582081,-0.5073896,-0.0323838,-0.024102867,-0.013514053,-0.0049659894,0.014979091,-0.008119969,-0.035360847,0.00022320499,0.012471718,-0.18091108,0.91246253,-0.012268839,-0.35018057,0.025864948,-0.005870876,-0.014961429,0.01062684,0.0026812528
13.522794,0.51462954,0.08493341,0.0026818102,0.9646765,-0.026017144,-0.03421511,-0.0028176908,0.028811533,0.0010737426,-0.04140313,0.21555987,0.0049505257,0.030651696,0.0027936844,0.014259063,1.6136844,0.0014246852,0.027620178,0.023221528,0.013818599,-0.0011113533,0.0019724637,-0.0044059576,-0.024730302,-0.0012146409,4.4811557e-05,0.1456525,1.4206895,0.011730513,0.100291915,-0.01203385,0.017710967,-0.0002598349,-0.009544512,0.023538183
12.853372,0.37130186,0.07564977,-0.010909874,0.9596016,-0.005301839,-0.096455134,-0.0015191047,0.034335762,0.0036918256,-0.06837629,0.15762849,0.0010042947,-0.016819207,0.0017176803,-0.030437142,1.8380076,0.060703225,-0.03350431,0.006974015,0.0030319493,-0.06466167,-0.041467633,-0.0035574061,0.014218293,-0.0033162804,-0.008038414,0.23037416,2.1207335,0.013135631,-0.03628028,-0.027853979,-0.012843151,0.0014476232,-0.011311833,0.025331888
8.400165,-0.0010938327,0.07386294,-0.00792974,-0.20436972,-0.00046408354,0.09105803,-0.01723104,0.017026287,0.0036442068,0.054889314,0.29320487,-0.0019162071,-0.007580621,0.013467435,0.0065159644,1.4491938,-0.09712382,-0.07314766,0.003802799,0.013882942,0.004318131,-0.0030992525,-0.006691317,-0.0042294846,-0.01800236,0.001562953,-0.07785115,1.0668287,0.00059670536,-0.10535929,-0.002348671,-0.010884323,-0.0064034034,-0.011360974,0.0044474583
-8.140552,-0.55677253,-0.03425004,0.0007771868,0.39768818,-0.000729994,-0.029883565,0.0037196458,-0.015160616,0.0024571165,-0.0073656524,-0.18002012,0.0026764357,0.008893004,-0.006848529,0.0016014144,-0.7762099,-0.11270094,0.041986942,-0.002309211,0.0014034676,-0.04706635,-0.00044009567,0.00072053453,0.0023848924,-0.002523546,0.0016858181,-0.0005338533,-0.8865176,-0.0056389314,0.00490199,-0.008034513,-0.010351078,-0.0021846963,-0.004623484,-0.0037991866
0.0054398146,0.35031453,0.026024904,-0.0062771495,1.0209699,-0.0012115611,0.17297159,0.0023130109,-0.0044708634,0.003729613,-0.022525249,-0.3384074,0.007965106,-0.0176852,-0.0010389296,0.015050301,0.645883,0.07975042,-0.01916738,0.008979515,-6.035317e-05,0.025349228,-0.0062874425,-0.007506045,0.0001300943,0.0013142164,-0.0048550484,0.22383004,-0.7437338,0.0015630501,-0.03667251,0.008009782,0.012287444,0.005972097,-0.0073919394,0.04229682
-8.212326,-0.5562072,-0.049493533,0.0029047516,-2.4808755,0.0045471396,-0.018887026,0.0002062014,-0.0014888928,0.0034759878,0.00051034265,-0.17052397,-0.0071625295,0.00185653,0.002367898,0.0024331396,-0.80490065,-0.1419786,0.040099688,-0.0042647887,-0.0064375526,0.010898589,-0.02599079,0.001519861,0.009299377,0.00071555254,-0.0006340972,-0.24738653,-0.8947768,-0.012900047,-0.026694357,-0.00065777067,-0.011264436,-0.00080727856,0.0046740468,0.0014317984
23.632233,0.6700717,0.04514092,0.0026094355,1.0185195,-0.0029639616,0.111241214,0.0070836465,0.026311334,0.0018799659,0.023272913,0.6342763,0.0016250778,-0.007761309,0.0017901564,-0.00871419,2.5887425,0.1020293,-0.0019509867,-0.0018969999,-0.016186532,0.01678698,-0.019591618,-0.008056598,-0.0029020407,-0.005772614,-0.0032055494,0.23781456,2.9423926,0.00842858,-0.011475685,0.009682366,-0.013122735,-0.007895488,-0.015423054,0.02442331
-8.216142,-0.53640795,-0.02676104,-0.001961364,1.0578576,-0.00051701686,-0.012961379,0.0048068897,-0.012795528,0.0028694493,-0.012060747,-0.16347773,-0.008366664,-0.003252216,-0.000625837,0.0011479743,-0.73040867,-0.14470388,0.032952122,-0.003060972,-0.003630206,-0.029265195,-0.0063801147,0.0018586952,0.0026381891,-0.0008714708,0.00061178696,-0.027692217,-0.8598754,-0.010659647,-0.004805473,-0.00038197223,-0.0041861855,0.0014237113,-0.004890533,-0.013075572
-8.101322,-0.5355332,-0.058780756,-0.0015940279,1.0472965,-0.00068352453,-0.0902142,0.0030325723,-0.017720658,0.003357422,-0.0003605901,-0.15763444,0.0014195399,0.010411134,-0.00055972603,0.0020666667,-0.71026456,-0.14818752,0.04241162,-0.0049368166,-0.0055950587,-0.014448337,-0.004969301,0.0031581025,0.00088392093,-0.0017844758,-0.0009021745,-0.0022470956,-0.82903135,-0.009321467,-0.034892295,-0.00055336254,-0.0040024654,1.4537509e-06,-0.0025226949,-0.0032396233
-8.19335,-0.52787125,-0.063798346,-0.009866397,1.0675838,-0.006177942,-0.013422235,-0.005330807,-0.016330805,0.0027187536,-0.0074907397,-0.16531128,0.0012503519,-0.007752637,-0.0004967462,0.002214612,-0.75087136,-0.15699878,0.031765435,-0.004456462,-0.0066676256,-0.03586067,-0.002630066,-0.0011045182,0.0019544759,-0.0016110165,0.0015707304,-0.019244121,-0.85264224,-0.010013825,0.0038003456,-0.001491172,-0.0051969765,0.0032548127,0.001027298,-0.010883597
-1.7900634,0.15088455,0.04390579,-0.00161048,-2.3816242,0.0015665804,0.0013887886,-0.0025310544,0.013134332,0.004218952,-0.028947836,-0.40720445,0.00823864,0.000112343456,0.0003794366,0.020738993,0.58482,0.05806773,0.0021922332,-0.002399752,0.011886011,-0.115554065,-0.0023347384,-0.0076641724,-0.0011638926,-0.00752474,-0.0034499108,-0.022306299,-0.8466823,0.004982214,-0.015580699,0.005284724,0.02566564,0.0094600255,-0.01809123,0.027490383
7.2480884,0.22981805,0.009982554,0.0018090577,0.5715653,0.00072307326,0.043970108,0.0031389166,-0.034267344,-0.00045840198,0.0013863749,0.18197192,-0.019875405,-0.01683511,-0.0010996311,-0.0011372939,1.5074618,-0.03010352,-0.03748176,0.020624017,0.0041880496,0.09009392,-0.013995401,0.009626234,-0.0009893904,-0.006409423,0.0075387955,0.039221372,1.362559,-0.005277023,0.041321993,-0.002457397,-0.0016804003,-0.015069227,-0.011629264,0.00071214157
-8.267485,-0.5523,0.030315883,0.00025983533,1.0707959,0.0019348838,-0.004945689,0.0037431067,-0.007825828,0.0028394735,-0.00084475265,-0.16655685,0.0012156816,0.013240432,-0.0007241652,0.0022784064,-0.75575924,-0.12749507,0.03336968,0.0046171327,-0.0012876574,-0.052855775,-0.0022312123,-0.0008882605,0.0019054456,-0.0016161092,-0.0005660101,-0.026469681,-0.84559405,-0.01457405,-0.029987903,-0.0022225052,-0.00040672417,0.0026534735,-0.0012235355,-0.009581038
-3.1011722,-0.21533762,0.044318028,0.0032514902,0.99259007,0.019342626,0.114291266,0.0012057455,0.0067290696,0.004053787,-0.0018822284,-0.30240655,0.0020274357,0.016718393,0.0022495626,-0.012014908,0.3441121,-0.22519962,0.04884145,0.0051916847,-0.0038523537,-0.017472235,-0.0028606225,-0.00283354,-0.008309726,-0.00083576096,-0.00019249959,-0.0578457,-0.6357302,-0.007718402,0.011070203,-0.0050642127,-0.001158972,0.0038060485,0.013646871,-0.0007359524
-8.10989,-0.5396381,-0.06547724,0.0010454047,1.0161008,-0.013718222,-0.05286936,0.0018286812,-0.017618285,-0.017853396,0.00039097675,-0.14943202,-0.0031839672,-0.0070602475,0.0027827576,0.0008847549,-0.70376694,-0.16103105,0.042821806,0.00044356304,-0.0057744933,-0.013415269,-0.009017065,0.012469303,0.007975194,0.0005489127,-0.0007890072,-0.0077365,-0.8048361,-0.0065023233,-0.0349647,-0.00025091108,-0.0037400143,0.013137354,0.0011721933,0.0042332276
-8.12232,-0.5444214,-0.01638224,0.00060272496,0.40226096,-0.00076735107,-0.0988067,0.0035690179,-0.007130399,0.004195516,0.005196177,-0.16344711,0.0006340407,0.008048162,0.0026617132,0.0012207627,-0.7593462,-0.13310587,0.03912338,-0.0045787785,-0.0055449284,-0.03942553,-0.004034471,0.001336836,0.002753711,-0.002166823,-0.00089235697,-0.010562956,-0.8488586,-0.008992418,-0.033047926,-0.0006693887,-0.008168714,-0.0048434692,-0.004420112,-0.004454303
-8.086283,-0.5426442,-0.067336775,0.00093126216,1.0164092,0.0033366075,-0.08054213,0.001416431,-0.016694823,0.0034914045,0.0012954143,-0.15230076,-0.0040574777,0.0018495847,0.001842226,0.000513639,-0.7071601,-0.15081118,0.04131427,0.00015820237,-0.006521851,-0.01295559,-0.0035818687,0.012126878,0.001174518,0.00047128386,0.0013968208,-0.047791943,-0.83506536,-0.007322207,-0.034106772,-0.0012571196,0.0015857674,0.012920589,0.004342853,0.002244575
20.378233,0.48174083,0.044293556,-0.0053688153,-0.19634889,-0.0016877027,0.04976999,0.009833473,0.034150455,0.003098603,0.037014004,0.7511734,-0.0022682429,0.0036998785,-0.00015862135,-0.009276976,2.4855683,0.07703028,-0.017747082,0.011332514,0.002473894,0.069186606,-0.0017649246,-0.0013592213,-0.06754366,-0.0047695334,0.004306046,0.17437752,2.8183086,0.008615026,-0.012413908,0.023954704,-0.0064022825,-0.0030430458,-0.012076292,0.018510835
16.657476,0.6129962,-0.07268842,0.0063415547,-2.0938337,-0.053132568,-0.1219083,-0.002456536,0.02478095,0.0026595378,0.06968579,1.1154395,-0.007303792,-0.0146853635,-0.0038522494,0.010082674,1.8517172,0.0432497,0.04511827,-0.059113186,-0.02133969,-0.16293772,0.019781137,0.002370857,-0.0011756105,-0.005067506,0.00011361064,0.24980637,1.6200174,-0.0038967945,0.105772935,-0.007036811,0.02402993,0.008214742,-0.011369507,0.021633036
18.68515,0.6064929,0.07008965,-0.009130148,0.92105585,0.00023192317,0.093774386,0.011802604,0.03390418,0.0018573948,0.03333988,0.48303613,0.0024162938,0.00040019967,-0.0008886962,0.004142665,2.358268,0.06958795,-0.060918894,0.0075899176,0.021827994,0.023397267,-0.024217315,-0.0036852525,-0.043523163,5.359497e-05,-0.00090504455,0.11285625,2.6623635,-0.004039592,-0.07896438,0.008505534,-0.005454839,-0.005703025,-0.011072407,0.0057107722
15.265318,0.20782843,0.081925474,0.003755764,0.9053321,0.008055333,0.095573574,0.009698339,0.030260405,0.0034179536,0.0060238726,0.46874034,0.00015746198,0.013432188,0.0018348531,-0.0048513827,2.159832,0.058690626,-0.005428805,0.003985454,0.013241858,0.053183902,-0.0007079845,-0.007133029,-0.04038777,0.00016668132,0.0025424273,-0.011190341,2.272885,-0.011982594,-0.0026255865,-0.005936176,-0.0054900916,0.00025556906,0.016431231,-0.0054720296
3.840795,-1.5734755,0.12283326,-0.0017343183,0.9270491,0.0076639876,0.11817146,0.0094014015,0.0042523392,0.018734949,-0.0011493425,0.5391743,0.0015895914,0.013803563,-0.002971547,0.027880685,1.8449136,-1.0120859,-0.0012306545,0.007129937,-0.0088891955,-0.08093958,-0.018132854,-0.013169279,-0.028056672,0.00012030996,-0.016331147,-0.05017783,1.8750943,-0.011725071,-0.013273516,-0.013859645,0.0068561723,-0.0063167154,0.03248231,-0.00064048433
-6.854794,-0.14078218,-0.01375367,-0.008232048,1.0765327,-0.0142210545,-0.036206126,0.002536895,-0.0020584215,0.0025617238,-0.0054783844,-0.19386883,0.0035516792,-0.018357456,0.0014653648,-0.000120917204,-0.65872,-0.0004659154,0.010339431,0.012830544,-0.0069780033,-0.015612485,-0.0011517204,0.0042780684,0.0052481885,-0.0026848568,-0.012836588,0.122831285,-1.1098984,-0.012514404,-0.024130965,-0.0021098428,-0.00095782964,0.013142787,-0.007937108,0.08504304
-8.137539,-0.5456218,-0.033189896,0.0040649693,1.0414271,0.0016507719,-0.038916495,0.0025632423,-0.015847275,0.0035032793,-0.0009908915,-0.1595559,0.0006666632,0.0015335294,0.0028370935,0.0009829559,-0.73678404,-0.13737328,0.04237573,-0.005150559,-0.0043317233,-0.017394826,0.0020119075,0.0011102002,0.00074785925,5.6082492e-05,0.0008367433,-0.0046883705,-0.8512868,-0.0071635144,-0.032747153,-0.002507171,-0.0029577129,0.0014122942,0.003658386,0.000585079
18.339506,0.6843807,0.06335916,0.0021116242,0.9194319,0.011085967,0.09018944,0.003909184,0.026107203,0.0034195723,0.0067105205,0.45422322,-0.0017642234,0.012770961,0.00070433016,0.0013647714,2.2286386,0.04005539,-0.05608558,0.019812247,0.02318921,0.008639325,0.042589944,-0.007594091,-0.05520483,-0.00042664478,-0.0005548002,0.06552866,2.448176,-0.004964006,-0.01749709,0.0030644091,-0.0036074205,0.0007532112,0.0072700037,0.004806807
9.901613,0.038611773,-0.07984748,0.000295762,-2.4007847,-0.09182778,-0.18072595,-0.040465035,0.0063245804,0.004674611,0.04023393,0.89614826,0.0027218116,-0.0154555375,-0.000424707,0.020703875,1.6718853,-0.119105086,-0.035608087,-0.06327243,-0.022434857,0.012201636,-0.007818054,-0.00552027,-0.0022277178,-0.00013814641,0.0015149104,0.11037816,1.561047,-0.01163272,0.18604094,-0.017021032,-0.01192688,-0.011699594,0.010530801,-0.0008765811
-5.152016,-0.08830288,-0.080354355,-0.0015665966,-1.0463237,-0.020828439,-0.02239401,-0.004578577,-0.026481153,-0.034575783,0.0010025634,-0.21756876,0.0056372876,-0.011099525,-0.0036534367,0.0068941247,0.28222713,-0.28681895,0.020368205,-0.0008032126,-0.002675428,0.0998461,-0.0057740784,0.006604882,0.0012785525,-0.0017187389,-0.0011867881,-0.3005214,-0.62721723,-0.005426324,-0.004633073,-0.0005646456,0.0004745955,0.004894778,-0.008640182,0.0059045986
-8.117709,-0.5781372,-0.057564925,0.0013452662,-2.290693,-0.008222126,-0.100584865,0.0030288578,-0.016187018,-0.04286313,0.0007333368,-0.16396984,-0.004572453,-0.0039925496,-0.0034174912,-0.0059316964,-0.7562964,-0.16445577,0.041846305,-0.0030647756,-0.003847008,-0.058803122,-0.0029986992,0.0089202225,0.012862991,0.00033682588,-0.0010616565,-0.05545626,-0.88913274,-0.0086773215,-0.033833608,0.0009761997,-0.008299547,0.01678672,0.0013453296,-0.003400973
-7.5346727,-0.40755683,-0.022038361,0.00089320564,1.0564594,-5.4803393e-05,0.023681076,0.0027724039,0.0016001649,0.0044336473,-0.0081704315,-0.1784574,-0.011806868,0.003117659,0.00037449686,-0.0057091974,-0.49400368,-0.0818535,0.016399544,0.0031677373,-0.0026716958,0.034713525,-0.009164806,-0.0001946313,0.0020106598,-0.0006310181,0.0015537998,0.045426764,-0.94837534,-0.0075206244,0.004927819,-0.0059539843,-0.0011079531,-0.005620232,0.0060102637,-0.0029334943
-0.4185868,0.2780768,0.018561479,-0.0055457945,1.0106907,-0.017170122,0.10300387,0.0015198676,-0.001366239,0.0036365278,-0.024555603,-0.34378064,0.0068649966,-0.020000095,0.0030287467,0.013022054,0.6298428,0.076244764,-0.018578034,0.0071448693,-0.00034286466,0.034201916,-0.004085952,-0.0056279623,-0.02384141,-0.0019030983,-0.004716492,0.22308867,-0.7463974,0.00096506596,-0.036664702,0.0031206417,0.00027638025,0.011741118,-0.019587867,0.04162695
-8.097594,-0.5433913,-0.063837536,0.0029437023,1.0251862,-0.02111562,-0.049862135,-0.0005377682,-0.018221216,-0.04430985,0.007997695,-0.14603014,-0.0056967894,-0.0063597686,-0.00017369466,-0.00039126643,-0.60664535,-0.16165595,0.034912553,0.0007265486,-0.005671129,-0.022129552,0.0033022326,0.0019355342,0.008337261,0.00050993,-0.00045927774,-0.007093439,-0.8025792,-0.0072901556,-0.031965174,0.0021910279,-0.0066965334,0.007783784,0.00437978,0.0030375207
-8.074501,-0.5266179,-0.06044615,-0.0018651034,1.04145,-0.0060220757,-0.077202626,-0.0005804155,-0.0018028688,0.0033006372,0.004996618,-0.14798579,0.0007250572,-0.009611655,-0.0029620822,0.001392362,-0.7408894,-0.14514351,0.04055201,-0.0023079447,-0.0056564417,-0.015485148,-0.006393086,-0.001118603,0.0009322484,-0.0018637037,-0.0010849815,-0.004892001,-0.8225878,-0.008653443,-0.031500682,-0.0005715368,-0.0020701457,-0.0044963374,-0.003718471,-0.0025281517
8.230543,-0.22604367,0.04933643,0.000973811,0.3480756,0.010222554,-0.12467271,0.013909548,0.014795308,-0.02656581,-0.04731083,0.17094618,-0.0116575025,0.0042211986,0.003284207,0.0066519873,1.3943102,-0.030003011,0.025465567,0.0016855317,0.0032846187,-0.0046542496,-0.029234122,-0.014838777,-0.0035015752,0.0035964611,-0.0016795842,0.18282601,1.2266814,-0.0030386758,0.055169333,-0.023179172,-0.005364046,-0.010324019,0.022437656,0.01056257
-8.078368,-0.5245807,-0.06457322,-0.0023487709,1.0428163,-0.0029228195,-0.07993875,-0.00035006754,-0.0035981024,0.003327756,0.0041889297,-0.1480995,-2.6205907e-06,-0.011315864,0.0024840925,0.0021106268,-0.73650604,-0.1422289,0.039788764,-0.0023900678,-0.006376039,-0.015516392,-0.0028160785,-0.0007735766,0.0012038215,-0.0016485484,0.0011986742,-0.003455483,-0.8297287,-0.008358002,-0.0350597,-2.9238283e-05,-0.003307353,-0.0013579528,-0.0052891346,-0.003243254
21.30252,0.5375454,0.039495334,-0.0052264608,0.95981807,0.006610812,-0.048566047,0.0015362559,0.030701527,-0.015539854,0.02237163,0.69530565,-0.0034585083,0.03260794,-0.00094206387,-0.016684802,2.4951522,0.11437416,0.05100969,0.010675035,0.009641509,0.009571287,-0.023249242,-7.907923e-05,-0.043876667,-0.0053667435,-0.00995018,0.22926357,2.7887797,-0.003463863,-0.013380321,0.010403288,-0.015900673,-0.0057533705,-0.013901757,0.02615761
5.0096617,0.11047197,-0.2659255,-0.011762839,0.9254524,-0.03842464,0.082885064,-0.028110212,-0.20395023,-0.0027851316,-0.0064350357,1.2716836,-0.00012198477,-0.042741645,0.0014546573,-0.0029997423,1.291345,0.037994515,0.102907225,-0.013969796,-0.02223842,0.0005819658,0.003536089,0.0093548,-9.9911624e-05,-0.0016291017,0.0031075266,0.042210713,-0.4552647,-0.008973167,0.0052234014,0.0010668511,0.00026412788,0.030911537,-0.008697984,0.014810754
-8.115596,-0.55310225,-0.05792264,0.0011631718,-1.8311013,-0.0032032565,-0.11579043,0.004320048,-0.01971822,0.0045466432,0.00108833,-0.16363835,-0.005080241,-0.0030644124,-0.005059064,-0.0043731527,-0.7640941,-0.15239316,0.037894383,-0.0018489173,-0.0047557466,0.078108884,0.0006998988,0.014151763,0.010991192,0.0020116442,-0.0002991309,-0.26496956,-0.9116389,-0.0076485192,-0.036287718,-0.0023353763,0.002229404,0.020446202,0.0014592163,0.006483704
-8.103663,-0.53131497,-0.05652779,-0.0013284424,1.0369806,0.0002726318,-0.042631492,-0.0009813772,-0.013984936,0.0031073233,-2.1800548e-05,-0.14756936,0.0013762583,-0.011978529,0.0029069798,0.001196913,-0.74946964,-0.14902824,0.03987175,-0.0046497015,-0.00674433,-0.025288647,-0.0067943353,-0.002330509,5.2277603e-05,-0.0015215358,0.0016687775,-0.006487125,-0.8112931,-0.008248501,-0.032012638,0.0010218611,-0.0066640023,-0.00452705,-0.005526913,-0.00075064704
-8.198554,-0.53027076,-0.039112378,-0.00090819714,1.0416576,-0.003930252,0.0138677,0.00053733896,-0.0058680447,0.002884228,-4.7702724e-05,-0.15354256,-0.0040578493,-0.0060867006,0.0021202832,0.0016296806,-0.74765813,-0.13532472,0.041120514,-0.0029057167,-0.0065344777,-0.024116354,-0.0033309527,0.001298373,0.0027469066,-0.0014957346,0.0017901035,-0.004056196,-0.831075,-0.0075526256,-0.032852158,0.00038939438,-0.005066641,-0.0015924212,-0.004046234,-0.00025051885
-8.188099,-0.5532198,-0.057497647,0.0036200304,-2.4540665,-0.009344372,-0.026675416,-0.0035391704,-0.0008379725,0.0035094498,0.0270934,-0.14718667,-0.005780004,-0.007831132,-0.00020977634,0.0013922157,-0.7782966,-0.14305474,0.043301992,0.007836196,-0.006483059,0.015008233,-0.0029710957,0.0022271774,0.007522431,0.00052669947,0.0017172615,-0.24466103,-0.8906688,-0.01271027,-0.027695745,-0.00014662663,0.008069991,-0.00512481,0.0041353055,0.00096176396
-8.102146,-0.54171515,-0.044883206,0.0029196714,1.0476615,0.007633321,-0.080120206,0.0028570062,-0.015097849,0.0034985463,-0.0015551015,-0.15808356,-0.004181982,0.0023419827,0.0027835201,0.0012259289,-0.7110325,-0.14225669,0.044219766,-0.0041256435,-0.006531763,-0.016891962,-0.005492583,0.00062134024,0.00076742505,0.0008022586,0.0020228948,-0.002477576,-0.8474847,-0.00738161,-0.03498479,-0.0035011081,-0.0038977072,0.0013683125,0.003811168,-0.0034496216
10.936287,0.28513017,0.060964104,0.0005953851,0.9188818,0.011671576,-0.0019792707,0.005667323,-0.04340397,-0.01136145,-0.028744366,0.18940274,0.0043932265,0.048892654,0.00094654894,-0.017817048,1.5940764,0.03661811,-0.008845536,0.0052866633,0.0065463926,-0.016578415,-0.00022786678,0.0070335534,0.0015796208,-0.004110278,0.0035798417,0.2943438,1.4493899,0.0056149885,0.0906611,-0.002403256,-0.014019726,0.0010526262,-0.013154265,0.027243137
17.05842,0.56088465,0.0043665078,0.0044309846,0.23333298,-0.035908613,0.07890835,-0.0133026615,0.026065584,0.0022286377,0.030599946,0.7759375,-0.0006187435,-0.037140414,-0.002726725,0.004299666,2.2614167,0.06208163,-0.045964267,-0.017648498,-0.011177499,0.10321789,-0.0102614695,-0.0065438235,-0.04283803,-0.0045258035,0.004991473,0.0976238,2.679632,0.0065708365,-0.039335225,-0.03856253,-0.004813825,-0.018935405,-0.011598625,0.019690504
21.218859,0.7794641,-0.00095652434,0.0020472144,0.9423428,-0.0027717666,0.07617641,-0.025084622,0.022285713,0.0027175285,0.03294722,0.7016195,-0.004051755,-0.030615691,-0.003325947,0.0050839493,2.509278,0.1152612,-0.060601972,-0.0024633887,0.005702722,0.1276426,-0.03452977,-0.003373796,-0.008063052,-0.0024389075,0.010861473,0.084930114,2.7450743,-0.0006630232,-0.010452496,-0.047485244,-0.006703881,-0.0135256145,-0.0048903786,-0.0001543349
23.982065,0.86760587,0.024422187,-0.004458924,1.0188408,-0.0040453398,0.1371584,0.00039472774,0.0324578,0.0019680778,0.03095433,0.6661259,-0.00546642,-0.036302358,-0.0022278493,-0.009779836,2.635991,0.11000162,-0.11577337,0.0018802335,0.0032225528,0.04170428,-0.049258832,-0.0038950834,-0.04695042,-0.011145168,-0.00037470527,0.24005061,3.2006664,0.0048023104,-0.012343701,-0.0048016543,-0.0030695577,-0.0043745725,-0.0068495884,0.014627686
-8.1196995,-0.53622395,-0.066139325,-0.00030183216,1.0325725,-0.0055426927,-0.039745603,-0.0032628996,-0.01602874,0.0023624818,0.004639661,-0.14902993,-0.0050101043,-0.0063602636,0.0023301716,0.0015011469,-0.70982474,-0.15253,0.040223543,0.0005520675,-0.007252334,-0.016874084,-0.002816689,0.0016890912,0.009442239,0.00065828307,-0.0011780192,-0.0040940032,-0.829937,-0.006811992,-0.036050696,-0.0014158979,-0.0037525971,0.0010246667,0.0020192398,-0.0021323499
-8.208016,-0.5550349,-0.062260613,0.0028014656,1.0395374,0.0007610534,0.014026303,0.001071581,-0.015519525,0.0027585903,-0.000533985,-0.15775192,0.001104933,0.011402187,0.0016655511,0.0016055191,-0.70958966,-0.15577884,0.04098968,-0.0037054662,-0.006227559,-0.030020578,-0.0029954198,0.000780507,0.007356945,0.0006451146,-0.0007143383,-0.0054982756,-0.80741256,-0.008384664,-0.035901107,-0.0034964653,-0.0030760863,0.0009349701,0.00462306,-0.002185758
-8.081643,-0.5615556,-0.0030940627,0.001152604,-0.9862674,0.0006554761,-0.077974394,0.002527129,-0.012986711,0.0041395905,0.0010201605,-0.17112881,0.0008610441,0.0010532431,-0.0038494621,0.00029897725,-0.7843768,-0.13548064,0.040483415,0.0067188535,-0.00024778707,0.09549329,-0.003695735,0.00049220124,0.0034760358,-0.00020128119,-0.0009858807,-0.27869684,-0.9191133,-0.008577408,-0.03382591,-0.002336629,-0.010546733,-0.0007917312,-0.0024570692,0.002782355
-8.117265,-0.5385133,-0.06509284,-0.002525056,0.4466931,-0.0033364755,-0.076593034,-0.0031346458,-0.017384449,0.0040369113,0.0044333166,-0.15450682,9.791821e-05,-0.0074496795,-0.0070391814,0.0016145852,-0.72274774,-0.15099692,0.036228348,-0.0029567415,-0.00508604,-0.04082223,-0.00609167,0.0024526739,0.0091413,-0.0005792392,0.0012093602,-0.008569097,-0.82835525,-0.007959447,-0.033404548,-0.0021405227,-0.0070148003,0.001472611,-0.004679384,-0.003312261
5.557278,0.01793378,0.105719164,0.0022222132,0.9922412,0.007385055,0.101249576,0.00069115043,-0.0005872373,0.0014163423,-0.06734021,-0.5241675,0.0011806424,0.044072267,0.0013407454,0.0047799605,1.0551584,0.05995912,0.03282865,0.013016803,0.020467918,0.016270274,-0.0056406707,-0.008651508,-0.014846736,0.0032762138,0.0012976257,-0.009156359,1.0129905,0.0029482073,0.03810755,0.01265262,-0.006593428,-0.004282538,0.0031334856,0.01347299
-8.071455,-0.54747385,-0.06539156,-0.0032407334,-0.40920922,-4.706608e-05,-0.07978175,0.00010150701,-0.016488926,0.0040948708,0.0007468775,-0.16175896,0.00010736537,-0.0037177706,-0.005119947,0.0016307959,-0.7330632,-0.14849243,0.036334068,-0.0021794576,-0.0060652005,-0.040173434,0.0013458706,0.0012086156,0.0087676225,-0.0012269681,0.0016502045,-0.013022093,-0.8755725,-0.008662188,-0.034595955,-0.0025795489,-0.007890267,0.000746785,-0.004715143,-0.0036335993
-8.167056,-0.52063036,-0.05745521,-0.0116574075,1.0622964,0.0026569024,-0.00015739517,-0.008063365,-0.013185179,0.0018637552,-0.004332499,-0.1755133,0.0002649574,-0.009299171,-0.01728879,0.0009924611,-0.77932,-0.10240306,0.043108135,-0.002338503,-0.007236977,-0.011726127,-0.01172451,0.00567307,0.0010006243,-0.0017871159,-0.001847792,0.0025376582,-0.90819085,-0.0016354312,-0.037606545,-0.004650197,0.008947917,0.0030590976,0.0010784534,0.0009342738
-8.08779,-0.5633144,-0.055871177,0.0013070927,-1.6697487,-0.012568934,-0.07876239,0.002744109,-0.018615913,0.0046355454,0.001902753,-0.17093216,0.00022392557,0.008754002,-0.0070451046,-0.0031094954,-0.77026016,-0.14373927,0.03573029,-0.0037255827,-0.005090069,0.11480423,-0.0011206381,0.0035867163,0.001763255,-0.001739896,0.0018347919,-0.27371076,-0.9079078,-0.008645971,-0.03407202,0.00022097502,-0.006230085,0.0018947837,-0.0004081464,0.002910215
-8.202655,-0.55317616,-0.054166082,0.00219619,-2.4901757,0.0032111378,-0.088059284,-0.00047270546,-0.0058816806,0.0032003557,-0.0026068857,-0.16993889,0.00048926484,0.009927829,0.0019235088,0.0006752689,-0.8068242,-0.14024778,0.029597914,-0.0054641142,-0.004820583,-0.16364843,-0.005014549,0.0008165454,0.01186905,0.0015156802,0.0019741643,-0.041363955,-0.8916792,-0.01128929,-0.03357598,0.0011789231,-0.016155839,-0.0009805465,0.0013745534,-0.012186865
-8.126166,-0.54517287,-0.06025631,0.00095170434,1.0486926,-0.0013461927,-0.04784585,0.0023245036,-0.016561115,0.0034814912,-0.0017656181,-0.15885554,-0.003954217,0.0024024998,-0.002866478,0.0010633086,-0.71035355,-0.14953908,0.0429613,-0.003774137,-0.006247751,-0.020162927,-0.0027614941,0.0011522952,0.0018722973,0.00083176536,-0.0005649845,-0.0010590286,-0.82317936,-0.007558162,-0.036478125,-0.0014113248,-0.002500193,-0.00010790255,0.0014850269,-0.0033371479
18.462772,0.5908513,0.015525141,-0.009571301,0.9484187,-0.008861719,-0.04259137,0.004009062,0.011107067,0.0020338355,-0.003939578,0.405725,0.0004887762,-0.016948381,0.0021062258,-0.011511111,2.198719,0.091487385,-0.022836732,0.010338589,0.012412099,0.0076903924,0.006595876,-0.004209412,-0.016198633,-0.008230283,-0.0011101163,0.22297567,2.5414562,0.013919682,-0.013866528,0.008055762,-0.01580148,-0.0029352203,-0.0115208505,0.027888237
-8.132522,-0.5416986,-0.019301262,-0.001810983,1.0457087,0.0013738165,-0.040510483,0.0006431651,-0.015674109,0.003423364,0.00050961704,-0.15965922,0.0004149201,0.0018792447,-0.0008917802,0.00040888114,-0.7348876,-0.13714148,0.044967648,-0.0049383584,-0.007993166,-0.017021537,-0.0033109263,0.0022248824,0.00409134,-0.0016579485,-0.0002871177,-0.0040140445,-0.8549028,-0.007580422,-0.034468275,-0.0006802982,-0.0024472435,0.0020816629,-0.0037570714,0.00012912494
-8.090225,-0.5402037,0.042182043,-0.00041491239,1.0762291,0.0033233576,-0.065130636,0.003339394,-0.009063603,0.0033441153,-0.008363812,-0.17242728,0.0023149797,0.008644989,0.00063497166,-0.0012706863,-0.8053971,-0.13599366,0.043136805,-0.0037676864,-0.00421821,0.09129114,0.007548102,-0.0043333145,0.0036755234,-0.0051304814,-0.0032580197,-0.17812054,-0.8820837,-0.006635751,-0.0019748777,0.0007160129,0.00015504674,0.0015260157,-0.005775651,0.001800106
2.3899746,-0.16770585,0.094272874,0.0015971465,0.9497493,0.0052076094,0.07279163,-0.009368625,-0.0022672843,0.0036244662,0.016009307,-0.31096736,0.0023886217,0.004699873,-0.0056329924,0.014712081,0.9332726,-0.1607846,0.021222143,0.012959842,0.01928498,0.008181307,-0.0026840996,0.00070536026,-0.0061806547,-0.00029514357,-0.001277378,-0.26763764,0.80263263,-0.009172262,-0.06287666,0.0024026518,-0.0061539,-0.0012393804,-0.01330044,-0.005205968
-8.086398,-0.52975327,-0.055603836,6.8597576e-05,1.0380619,-0.0012542681,-0.07030907,-0.002718842,-0.0045229676,0.0037322708,-0.0013393515,-0.14920339,0.00039920103,-0.011540022,0.00234972,1.5677979e-05,-0.7381266,-0.14348392,0.042848945,-0.0034865646,-0.006883376,-0.0042037065,-0.003864725,0.0017506127,-0.000571247,0.00070554635,0.0019322904,-0.041222908,-0.83059496,-0.008826316,-0.034692563,-0.00031105822,-0.002710483,-0.0022791652,0.0010763323,-0.002709809
-6.7478275,-0.03380105,-0.0625224,-0.010911753,-1.9704144,-0.004287434,-0.13704665,-0.009843527,-0.021018755,0.0062957588,-0.0011369865,-0.008688907,0.00073594844,-0.013349399,-0.0055614803,-0.004358515,-0.6724113,-0.15393318,0.008873825,0.003596999,-0.004273951,0.12913194,0.008113904,0.0032580362,0.011891785,-0.003286243,0.0012931231,-0.32654712,-1.0051852,-0.007153441,-0.031787336,0.0038943926,-0.009849201,0.0023606704,-0.00785127,0.0058099376
-2.8026936,-0.5475057,-0.10557292,0.0017803287,-2.3422475,-0.07730961,-0.07415276,-0.009509593,0.009619981,0.0033880267,-0.013569366,0.026281534,-0.011307763,0.0040146858,-0.004668223,-0.006012981,1.1947136,-0.11788532,-0.02443279,-0.0026261392,-0.023627816,-0.07953481,0.0020388854,-0.0050715357,-0.04754747,-0.0048244265,-0.025593698,-0.011828743,-0.5182665,-0.016085185,-0.018038593,-0.009548424,0.012322994,0.007070932,0.01048869,0.0027183671
2.178107,-0.1735792,0.11654741,0.002821065,0.9506577,0.013635312,0.031161455,0.005011865,0.0024270911,0.002498524,0.002880096,0.28753224,0.0017541302,0.018879209,-0.0024125103,0.011283409,0.9032951,-0.013294581,0.07797684,-0.010568143,-0.0030286505,-0.018101707,-0.0007350195,0.0022298025,-0.00309461,-0.004137448,0.0036284365,-0.049146045,-0.59108007,-0.0067735827,0.000103904255,0.0011519234,-0.00548784,-0.0023637826,0.02980683,-0.0012637238
-8.192653,-0.5365911,0.0066195517,-0.011988426,1.0753545,-0.00023365057,0.013196783,0.0034440954,-0.007861739,0.0019345059,-0.0024996407,-0.17394227,0.0018763341,-0.0017011773,0.0019950352,0.001258541,-0.7676465,-0.08059581,0.03298018,-0.00044038703,0.0023012555,-0.024564218,-0.0035767704,0.0009637844,0.00183109,-0.00094612455,0.001696549,-0.006317735,-0.9479374,-0.0019581192,-0.00046722667,-0.0006706109,-0.001451909,0.0017569412,-0.0026991365,0.00029001484
12.387767,0.6093738,0.054438602,-0.02712711,0.92602575,0.019080045,-0.038585894,0.0033935937,0.02364141,0.0012077712,0.026485512,0.34169787,0.0011831454,-0.0069780666,0.001466832,-0.004006817,1.6568742,0.049112115,-0.022869801,0.030183982,0.008236682,-0.013390921,-0.019630756,-0.0074291388,-0.01019322,-0.0030099382,8.344034e-05,0.019300418,1.3676119,-0.0101070395,0.09336107,0.00034248966,0.025786938,0.012509922,-0.008822882,-0.004477114
-8.149961,-0.5552676,-0.06879011,0.003144072,-2.5048003,-0.00088840636,-0.042913623,0.0047244923,-0.020408727,-0.062650084,-0.007146125,-0.15709122,-0.008886806,-0.006961134,0.0011418888,0.0014986675,-0.76971656,-0.15678117,0.042014983,0.0016694586,-0.008650741,-0.028261293,-0.0076779854,0.0017492109,0.010134847,0.000380759,-0.0010496887,-0.29088435,-0.8797196,-0.01076439,-0.0345432,-0.0065491744,0.016989864,-0.002820251,-0.0015192654,-0.00846415
21.103786,0.5685888,0.050429154,-0.0034512966,-2.1377184,-0.004078458,-0.23018762,0.00732011,0.015659897,0.0043060784,0.025895026,0.71537036,-0.0016363909,-0.0017449,0.020159837,-0.00096924347,2.5259726,0.09252878,-0.0670882,0.002435325,0.010848594,0.05409243,0.0002980662,-0.006341478,-0.001797599,0.0014097618,0.00045737566,0.19743489,2.8418427,0.028269475,-0.0068368344,-0.0038161993,0.0021639632,-0.0027985477,-0.002511286,0.010365391
-8.094507,-0.5737821,-0.027711486,0.0019844305,-1.690072,0.00033347472,-0.087243095,0.0009334164,-0.016622871,-0.0053236512,0.0012553916,-0.1742568,-0.004684767,0.0011746603,-0.0069781537,-0.0058558546,-0.7616135,-0.13764307,0.039129347,-0.0035235793,-0.005720865,-0.03277608,-0.0033837757,0.0018367888,0.0019648666,0.00023167237,0.0014298086,-0.12251931,-0.92486507,-0.007932444,-0.033179,-0.0028014092,-0.006204785,0.0031093739,0.0037187994,-0.005860154
12.572862,0.594819,0.052641153,0.0012356333,-0.44044703,0.014892764,0.06901899,0.019154012,0.012476529,0.0020624788,-0.043222535,0.22489853,-0.015429739,-0.0007635666,-0.0041607004,-0.03403401,1.6418295,0.029158881,-0.015024468,0.006569918,0.007966002,-0.0056987074,-0.01606233,-0.010621969,-0.021796772,-0.0036429665,0.0015141146,0.28261402,1.4689145,0.0042106905,0.067794174,-0.0032145823,-0.007945733,0.0044875266,-0.02095116,0.008286983
20.204147,0.7637593,-0.08674281,-0.0026934627,0.82396686,-0.009912262,-0.06294067,0.0070558144,0.0058523305,0.0027201152,0.07890201,0.96435535,0.0011981445,-0.023416677,-0.0020468077,0.000121820856,1.8711002,0.070859015,0.10121148,-0.09543195,-0.042492867,-0.0039033052,0.06472261,-0.004120355,0.005167378,-0.0023675528,0.0023400187,0.36278662,1.7999849,-0.0011542885,0.11778041,-0.05073995,-0.011511205,-0.0043658554,-0.003272133,0.019728458
2.56865,0.015570682,0.11838197,0.0054053944,0.94629675,0.011980734,0.06619101,0.004794474,0.0050131935,0.0022720916,0.014565892,0.2473454,0.0006811025,0.018119533,-0.001998943,0.0050951387,0.86582845,0.04588292,0.10362212,-0.0127489185,0.008567378,-0.01564039,-0.013752722,0.008230107,-0.01719258,-0.0031861367,-0.00024596468,-0.04669014,-0.5614044,-0.0071266606,0.024416028,-0.005639642,-0.0047929226,-0.0067180875,0.024546573,-0.00030539426
-8.1086035,-0.5287082,-0.038846597,0.00018950296,0.39375174,-0.0019683463,-0.073557205,0.0021648007,-0.013790926,0.004452529,-0.011176347,-0.1599115,-0.002729323,-0.0065985387,-0.00058184896,0.00027821478,-0.7519276,-0.14814113,0.04186464,-0.0044707814,-0.0032042223,0.11402871,-0.0028448256,0.003026498,0.007595345,0.0013054676,0.0027964625,-0.23462297,-0.87887305,-0.0073185833,-0.0039580343,0.000727602,-0.0033228798,-0.00019245222,-0.006977683,-0.0024313785
4.9173446,-0.5214828,0.08823848,0.0022086222,0.9609668,0.007402222,0.0863006,0.015949037,0.018921169,-0.02013102,0.009055842,0.16026086,0.0021309413,0.03082968,0.0045047374,-0.0011026248,1.4204019,-0.103639394,0.021354767,0.025802871,0.017745007,-0.008645482,0.009229205,-0.010523,-0.01891372,0.00039859177,0.002294783,0.06517972,1.2002035,0.005698364,0.09260577,-0.0035665005,-0.006328813,-0.0017183825,0.022351887,0.0064455327
-8.2133255,-0.5550231,0.009732781,-0.0019053665,1.0495082,0.0015025848,0.023786249,0.0004998013,-0.0044141808,0.0034316767,-0.0010777754,-0.16780727,0.00086873275,0.0022783955,-0.003365394,0.0005466048,-0.75605565,-0.12699746,0.04430049,0.009361875,0.001168547,-0.010794892,-0.0034905525,0.00065127877,0.0019965922,-0.0018522325,0.0009962929,-0.0017692052,-0.8482635,-0.008109455,-0.03657027,-0.003933736,-0.0052924156,-0.0017382859,-0.0057772547,-0.0034897742
-8.089196,-0.5420389,-0.06453121,-0.0010594612,1.0188698,-0.010531023,-0.07782531,0.001826083,-0.017043939,0.0033869215,-5.663669e-05,-0.1556347,-0.0059503485,-0.0052141873,-0.0042510247,0.0003618196,-0.7070238,-0.14989194,0.04299319,-0.00058670377,-0.005271493,-0.012599083,-0.0050068856,0.012439225,0.008909442,6.5843466e-05,-0.00047045012,-0.0068600606,-0.82537687,-0.0072198296,-0.033542495,-0.00044008874,-0.004049032,0.012339196,0.002556254,0.0020711056
-8.186375,-0.5350122,-0.03173928,-0.0030356182,1.0442802,0.0017105975,0.014146571,0.00023577566,-0.014784046,0.0029059316,0.0008904838,-0.15935932,0.00019892048,-0.004675579,-0.0032125826,0.0008369021,-0.73397416,-0.13992229,0.042234197,-0.004148628,-0.0063727144,-0.019409906,-0.0027695298,0.0009527776,0.0016106168,-0.0014421248,0.0009838071,-0.0032292046,-0.8269535,-0.007980244,-0.03366359,-0.0027815942,-0.00592106,-0.00050598214,-0.005981023,-0.0024685021
0.09590755,0.3647646,0.036770407,-0.0052652895,-2.3099475,0.0025109784,0.0059996825,0.0064374064,0.00046825752,0.0033141286,-0.03696359,-0.4352497,0.0012687439,-0.014316685,0.00017088122,0.03740354,0.6058216,0.045979638,-0.018166984,-0.0024316735,0.011361073,0.049865134,-0.002130083,-0.008617994,-0.002091968,0.00035962678,-0.0126319835,0.0056099105,-0.8649876,0.021248471,-0.03466381,0.0055418797,0.0352761,0.004413356,-0.0046631196,0.042956233
-8.090988,-0.5272708,-0.062396795,-0.007832191,1.0422921,-0.0049700732,-0.041671906,-0.004381571,-0.00088384806,0.0032659734,-0.011405843,-0.15096164,-0.00024542917,-0.008438296,-0.0034834521,0.0015181983,-0.75550604,-0.15291393,0.042590976,-0.0013162276,-0.0048144385,-0.020912845,-0.0037267068,0.002287473,0.0029883964,-0.0012136558,0.0018334461,0.0041638664,-0.8384829,-0.007440647,-0.0053452826,-0.0012841083,-0.0058377613,-0.004972097,-0.000263247,-0.0026919353
-8.106477,-0.5303676,-0.058802098,-0.0026716301,1.0399221,-0.0044198395,-0.03900891,-0.0031009312,-0.008184201,0.0028094486,0.005226214,-0.14972658,-0.0001390206,-0.0090027945,-0.0029359318,0.0015730036,-0.74372977,-0.14726476,0.039993983,-0.001426448,-0.0061254646,-0.027448744,-0.0019307842,0.001166181,0.0007728827,-0.00091155065,-0.001166145,-0.004186502,-0.80422854,-0.008726016,-0.034272518,-0.0011628477,-0.0060067885,-0.004672964,-0.004165771,-0.002820544
-8.142138,-0.524953,-0.06553675,-0.010977434,1.0509769,0.0014418205,-0.006664097,-0.003406205,-0.01607452,0.0034042362,-0.004905247,-0.1544568,0.00034959728,-0.008980991,-0.00064776064,0.0017225604,-0.7230701,-0.15340185,0.04287863,-0.0026514663,-0.005665181,-0.016389601,-0.0021120866,0.0013223315,0.0017558495,-0.0009972785,0.0013466531,-0.0016524649,-0.85061204,-0.010982231,-0.011797215,-0.0017785169,-0.0043866057,-0.0013557621,-0.00062631094,-0.0030035595
-8.218257,-0.5571188,-0.016462104,0.0012066357,1.0667762,0.0025718964,0.035025585,0.0051757367,-0.004029545,0.0029446515,-0.0024665692,-0.15679699,0.0016226433,0.011122088,-0.0007145621,0.0017985939,-0.74965924,-0.13188021,0.044032652,-0.0028235374,0.0015344246,0.09546597,-0.0040850393,0.0010684908,-0.0019042012,-0.0015309167,0.0009579322,-0.16676892,-0.8136741,-0.0152297225,-0.026521862,-0.00020353848,0.0030269725,-0.0046994835,-0.004525266,-0.0002776183
-8.2272215,-0.55504775,-0.06742712,0.0023597956,1.0379319,-0.0068662236,-0.046143033,0.0023109522,-0.018528782,0.0018019588,-0.0007324692,-0.1500663,-0.005146041,-0.006536198,0.0019732884,0.0017322607,-0.69430137,-0.15557231,0.029079523,-0.0016067888,-0.008159965,-0.039995145,0.0044207294,0.0010218307,0.0028327587,0.00024114591,0.0012395517,-0.046706863,-0.79720473,-0.011339058,-0.031435303,-0.0070112757,-0.0018462132,0.00035280574,0.004185385,-0.011180999
-2.496657,-0.04704547,0.029523978,0.00064290495,0.9990377,-0.010980282,0.1078859,-0.00038387778,0.008772003,0.003837119,-0.028469423,-0.40989095,0.007968386,-0.024478825,0.0003141121,0.004505694,0.49708053,0.032663688,-0.01819919,0.0072926944,0.010568629,0.0016855458,-0.00830536,-0.0029323061,-0.0031147816,-0.010474571,-0.0060266494,0.07145691,-0.7550735,-0.0012171915,-0.022612626,-0.0037266817,-0.0030192945,0.001976365,-0.0231195,0.021010367
11.167638,0.67230636,-0.060904484,0.0004362611,-2.355515,-0.06648123,-0.2024967,-0.018535178,0.033886578,0.0021746089,0.038497355,0.27791286,-0.0060111685,-0.004581865,-0.0005782897,0.008708794,1.5491772,0.039653994,-0.0034695154,-0.015843926,-0.02986286,0.015696414,0.005521433,0.0035388635,0.015504169,-0.00074748084,0.004241966,-0.21815899,0.9980436,0.0003536847,0.066468604,-0.014853662,0.02254662,0.0015269491,-0.0059879157,0.004134237
-0.08042778,-0.42290372,0.09900562,0.0049450276,0.9922097,0.020300638,0.07930853,0.0066752397,0.009372587,0.00267717,0.0014471633,-0.066081874,0.0023790307,0.0064909896,0.0033013157,0.011179559,0.40299118,-0.371875,0.01601113,0.0017641758,0.0076612984,0.0034474796,-0.0009272619,-0.00826256,-0.011472939,-0.0033441344,0.0057343487,-0.06796761,0.13789223,-0.008359429,0.0049637374,-0.00056402606,0.007059453,0.0020557316,0.02001394,-0.0029877364
-8.123463,-0.5325248,-0.06309605,-0.02319205,0.7123688,-0.0026584037,-0.06464468,0.003705739,-0.017049018,0.0035503658,0.0010337918,-0.15531015,0.00030672536,0.0033038638,0.003008505,0.0022661395,-0.7316188,-0.14753263,0.038213246,-0.0054189735,-0.0054111113,0.06669334,-0.008572418,0.002414715,0.009435512,-0.00060133723,0.0029712445,-0.1709112,-0.8403886,-0.008292816,-0.033952232,0.0005730198,-0.009304354,0.002148255,0.0012730424,-0.00024736364
5.8429093,0.48498243,-0.15411083,-0.009474484,-2.1318364,-0.03919442,-0.23363946,-0.02022958,0.039701596,0.0044365507,0.0074433926,0.19790864,0.00085431477,-0.026836012,0.0005613208,-0.01603671,1.348206,-0.028064627,-0.03361336,-0.029080443,-0.047222044,-0.07342995,0.0040140557,-0.018112939,-0.0036222003,-0.0054233805,-0.00044942443,-0.45510024,1.0969877,-0.017005,0.05711537,-0.026126944,-0.0038119932,-0.013678194,-0.0030049996,-0.0037865858
-8.101127,-0.5439373,-0.062446255,0.0020250755,1.0360752,0.0025343373,-0.078628376,0.0031731317,-0.01656635,0.0038815453,0.0024860473,-0.15703557,0.0008818357,0.0019800977,0.0020001708,0.0006920243,-0.70682204,-0.15033482,0.042813033,-0.0037398867,-0.006068218,-0.010096998,-0.00718704,0.0015254372,0.008451219,0.0002479099,0.001172148,-0.0067907637,-0.83260816,-0.0068285605,-0.035259612,-0.0015571356,-0.005659638,0.0037927057,0.00411107,-0.00014463601
15.069828,0.758273,-0.07005839,-0.0049541593,-2.0066693,-0.052873563,-0.16231804,-0.015963957,0.020908348,0.0017272208,0.035818867,0.9608881,0.00072800455,-0.02399592,-0.002689571,0.012962314,1.8348317,0.0572527,-0.006828572,-0.065737754,-0.030216232,-0.13638821,0.038889084,0.00026724717,0.0011923356,-0.002494173,0.0031525432,0.12801653,1.5704234,-0.0014554512,0.11197182,-0.008228585,0.020713598,0.00702654,-0.006716728,0.020091932
-4.0774307,-0.0032938437,-0.07301117,-0.0030420457,1.0384785,-0.04844953,-0.0022234546,0.0022453414,0.019223008,0.0030239336,-0.014515026,-0.3250849,0.0016553722,-0.03023942,0.0016423124,-0.0094936,0.2715462,0.07429073,5.143251e-05,-0.00292651,-0.00690237,0.013728587,-0.00024719848,-0.009516835,-0.0054838993,-0.0051651564,0.00025786797,-0.010206633,-0.8140011,-0.023342095,-0.01473567,-0.0076079047,0.027717233,0.0073889242,-0.01746756,0.026379148
-8.1503315,-0.54729044,-0.014214333,0.0018943861,1.0451277,0.003106456,-0.035894193,0.004680147,-0.012765417,0.0033778872,0.00074092817,-0.15965815,0.0020033226,0.009873141,-0.0010844168,9.090262e-05,-0.7360901,-0.13977852,0.04482005,0.008364305,-0.0065149157,-0.019317744,-0.0048448644,0.0018343058,0.002475633,-0.0022106625,-0.00086753134,-0.0013266931,-0.8436257,-0.009637808,-0.035449855,-0.001337054,-0.00022146018,-0.005252494,-0.0050138957,0.00016305056
-8.13304,-0.54874057,-0.033866853,0.0030797152,1.0459154,0.0033390666,-0.04501309,0.0019047201,-0.01606703,0.003363674,-0.0008611369,-0.16030623,0.0012836807,0.010112773,-0.002846863,0.0006452644,-0.7265874,-0.14095433,0.04362811,-0.004632574,-0.007335277,-0.02032057,-0.0029514157,0.00059584586,0.0016549558,0.00084578537,-0.0007319416,-0.002256766,-0.83531904,-0.009011636,-0.035821155,-0.002903813,-0.005615903,0.0014930429,0.004197435,-0.0034618152
-8.178048,-0.5468285,-0.051012237,-0.0027064988,-2.4947639,-0.013963275,-0.022794276,0.0015868413,-0.008074821,0.0037724557,-0.00085166376,-0.16647893,-0.0058229035,-0.005803261,-0.0050970493,0.0010143935,-0.7954813,-0.13797906,0.0403877,-0.0019519072,-0.005544332,0.013758985,-0.008700297,0.0021445157,0.0020083701,-0.0014689561,0.0017327475,-0.24494106,-0.8897925,-0.011285776,-0.031838357,0.00016294356,0.0052103316,-0.0029922726,-0.003945672,-0.00044755748
8.87002,0.09799094,0.08060472,-0.0007286209,0.7726427,0.0049946406,0.10680435,0.0033017579,0.020539308,-0.000448575,-0.008471489,0.23135261,-0.0019943037,0.028984806,-1.2592267e-05,0.0064935307,1.552799,0.038011394,0.023247272,0.014032538,0.0031067762,0.041126974,-0.0035079103,-0.0018835638,-0.03390435,-0.005509586,4.409354e-05,0.18318501,1.2259389,0.011664658,0.07556404,0.010144872,-0.0023684292,-0.0014941067,-0.00086840993,0.015393034
12.850004,0.37848708,-0.03579342,0.0062835705,0.89659756,-0.026063124,0.12067165,7.2716706e-05,-0.046055134,0.0009932232,-0.035578564,0.22305968,0.0018050798,-0.021002352,0.00084230606,-0.00038144208,1.5949484,0.02969049,0.005261165,0.023337377,0.0059507014,-0.009840146,-0.013694576,0.004692839,-0.0011443867,-0.002103048,-0.0017348333,0.27376258,1.4998807,0.020453025,0.07314196,-9.365371e-05,-0.005552097,-0.019489676,-0.008654348,0.01893243
22.380821,0.68675745,0.03693713,0.0017048774,0.9883115,0.03580303,0.1095516,0.012240663,0.02030584,0.0016722056,0.0851582,1.068819,-0.002469273,-0.0019374477,0.000747777,-0.004353327,2.1457734,0.06958338,0.16881183,0.029328896,0.017721249,0.062948555,0.008613978,-0.006605877,-0.0069237975,0.008214666,0.0013067567,0.32479,1.8009051,0.01131399,0.09597561,0.022060663,0.0002514054,-0.0019080931,0.014701885,0.02214039
23.180548,0.7206888,0.060892813,0.0012630222,0.9646952,0.014589129,0.09663065,0.009347882,0.020111816,0.0012735086,0.065985896,1.1336049,0.007058844,0.024912475,0.005200783,-0.0070511387,1.8866068,0.03297499,0.20608127,0.029755631,-0.032434415,0.008910499,-0.018775554,-0.00023238422,0.0007325157,-0.0053719017,0.00205377,0.3295931,1.7699115,0.010831528,0.11119787,0.01147338,-0.0010187789,-0.006592646,-0.019482752,0.02154084
11.726091,0.6656237,-0.025419135,-0.0020241588,-1.3788748,0.017822854,0.0713062,0.0030385081,-0.023626035,0.00096439087,0.04680492,0.31721008,-0.0031571458,-0.0050465823,-0.0049163657,-0.0033545338,1.6438982,0.021769919,-0.026387554,-0.028648064,0.01613008,-0.024335336,-0.0012333972,0.0014095047,0.002494251,-0.004142761,0.00081512635,0.009870405,1.4104086,-0.003081326,0.10591181,-0.0092010815,-0.014006983,0.0023530475,-0.0020019494,-0.0005252847
-8.064946,-0.55758345,-0.059726495,0.00081556017,-0.78154683,-0.0005389983,-0.068701796,0.0006178928,-0.017376512,-0.0403266,0.00042448685,-0.16191863,0.001434894,0.009042703,-0.004000433,0.0012327615,-0.7454229,-0.16038036,0.035854988,-0.0016411397,-0.0059918803,0.08562961,-1.912714e-05,0.0140652275,0.011798763,0.0016669899,-0.00049151445,-0.24961887,-0.8561382,-0.008641026,-0.03453697,-0.0022197522,-0.0108031,0.019744694,8.7120214e-05,0.0049259244
-8.2362385,-0.56286126,-0.017395077,0.0058769826,-2.4960766,0.00039552306,-0.07332588,0.0048473547,-0.008731874,0.0032599245,-0.0030135983,-0.17321567,0.0031041452,0.013067329,-0.0008873074,-0.0008676596,-0.81407404,-0.13247359,0.033092577,-0.00736906,-0.00472893,-0.19554088,-0.007595493,6.182798e-05,0.0014134484,0.0013118023,0.002220225,-0.035231784,-0.9020766,-0.012453023,-0.02307132,-0.002751064,-0.015354038,-0.0076295715,0.0071642753,-0.010988483
16.507872,0.023102151,0.088034354,0.0011221842,0.84368306,0.020085651,0.048680115,0.01362578,0.019296652,0.0059121065,0.058681354,1.1363665,-0.0044981297,0.008634218,0.0030651109,0.013606434,1.7443477,-0.009033437,0.05602857,0.014069223,0.017394362,0.0603808,0.022398908,-0.016217321,-0.0004319113,0.0037778763,-0.00046533815,0.21087804,1.6231887,-0.0024467362,0.091805734,-0.0067280605,-0.009162987,-0.0054119295,0.031092174,0.0050608455
-8.095674,-0.5270448,-0.035669807,-0.0026735303,1.0423712,0.0019086718,-0.070188485,-0.007533116,-0.0042745215,0.003433668,-0.00044501375,-0.15498695,0.00031797885,-0.00498848,-0.0009063505,0.0014063563,-0.74843127,-0.13063684,0.041724287,-0.0031527053,-0.0064206403,-0.017555902,-0.008555516,7.4070595e-05,0.0028215935,0.0005154535,0.0018117189,-0.0029839464,-0.84658986,-0.008230382,-0.033636767,-0.003931985,-0.0021001184,-0.0011889566,-0.004658701,-0.00033860467
-8.170895,-0.5562016,-0.05327304,0.0026376739,1.0321462,-0.0004885419,-0.014209942,0.002702394,-0.017140923,0.003009312,-0.0016171285,-0.1574071,0.0005368966,0.0020248473,-0.00022950432,0.0016064781,-0.7452122,-0.14901204,0.04295548,-0.006004418,-0.0064021586,-0.03455901,-0.006481359,6.118116e-05,0.008731326,0.00016536794,-0.00071317545,-0.016571995,-0.7958338,-0.007560433,-0.030441536,0.00038822286,-0.0022911378,-0.0034835322,0.0042158626,-0.00080119044
-8.24813,-0.53995305,-0.0672136,-0.0005966303,1.0664082,0.011462455,0.0016349994,0.00282351,-0.016222019,-0.03113689,0.00638285,-0.15599915,-0.009384221,0.0022022973,0.0034103484,5.4390875e-05,-0.68538964,-0.1571383,0.029640546,-0.0035909396,-0.007762234,-0.012803964,-0.0075627645,0.000753776,0.0077660405,-0.0010589384,0.0014431622,-0.02008659,-0.7909181,-0.011022002,-0.029128836,-0.0005173651,-0.005098709,0.0037837527,-0.0023392213,-0.010945074
17.445587,0.53242624,-0.11058543,-0.00072741264,0.81397915,-0.031450815,0.0900708,0.0023436653,0.03303285,0.003710098,0.035293598,0.8062084,0.0007829398,-0.03986291,-0.0027882594,-0.007986861,2.2541516,0.084179886,-0.03831683,-0.064528525,-0.02694093,0.025095204,0.032039896,0.008339309,-0.017593617,-0.0080594765,0.0019440788,0.21735461,2.4443817,0.009328011,-0.022170551,-0.03151901,-0.0021856942,0.008932841,-0.010451895,0.017539373
-8.209262,-0.5521542,0.005349972,-0.053065512,-2.509868,0.00050573435,-0.015082921,0.0035286814,-0.0037766884,0.0031700819,4.9535593e-05,-0.17386882,0.0009983076,-0.024551457,0.0014020309,-0.0013476382,-0.82501614,-0.13520615,0.041513976,0.0050003813,-0.0072169406,-0.008449206,-0.0035295521,-0.0051401183,-0.0011160766,-0.0012118531,0.005120666,-0.28506514,-0.9158812,-0.015021696,-0.031025782,-0.0035412526,-0.018454485,0.0011558242,-7.124848e-05,-0.00093442935
-8.215846,-0.55598694,-0.0523801,0.0045027444,1.0810845,0.0032532513,0.056234825,0.002771616,-0.0024480666,-0.018860012,-0.001208318,-0.14827901,0.002618451,0.0109277265,-0.0048592184,0.001838446,-0.74070853,-0.15202667,0.039574616,-0.0053334893,-0.0057515055,0.03987119,0.0058155265,0.0014523022,0.0018034563,0.0004894227,0.0011516914,-0.21352172,-0.78809,-0.012901001,-0.031041278,0.00011941475,0.006818933,-0.0031339158,0.0034942178,5.1773368e-05
-8.187323,-0.55033326,-0.06407084,0.0028767944,1.039008,-0.00027855267,0.008393006,0.0028428268,-0.015928801,0.0028406815,0.004361776,-0.15499866,0.0005187335,0.009454132,-0.0034713005,0.0011454725,-0.71472853,-0.15334614,0.0416592,-0.0021532392,-0.0052833767,-0.025537288,-0.0062858155,0.002316418,0.0012828483,0.00069135736,0.0014979506,-0.0058816653,-0.8070607,-0.009299292,-0.035076734,-0.0006789703,-0.004739676,0.0007231596,0.004612085,-0.0026434609
-8.066158,-0.54135674,-0.05833197,0.0026818323,1.0563297,-0.006506703,0.0024718032,-0.0015148508,-0.0067028534,0.0042686407,-0.003318439,-0.14493513,0.00056676194,-0.016555265,-0.002974268,0.0016702114,-0.637185,-0.14178565,0.052300937,-0.0049500265,-0.006681779,-0.038460642,-0.002364168,0.0028438296,0.0030505348,8.288296e-05,-0.00179398,-0.009601943,-0.7825976,-0.0082749855,-0.030981991,-0.0010717171,0.014080819,-0.0039160554,0.0037214393,-0.011880807
-8.168931,-0.53946394,-0.05037353,-0.009761301,-2.47609,-0.009512978,-0.023336397,-0.005839821,-0.0012358135,0.0031448677,-0.00975063,-0.16719161,0.0003779231,-0.0078829015,0.0015657159,0.0018816572,-0.8199,-0.1552962,0.04084209,-0.0017865238,-0.0053914348,-0.016612992,-0.0041163447,0.0029733398,0.0081974715,-0.0011403076,0.0015813303,-0.2871587,-0.9189543,-0.009730759,0.0022198088,-3.4616074e-05,0.006633245,-0.0060272478,0.0015579336,-0.0022339171
-8.162073,-0.5372209,-0.065341435,0.000820217,1.0173613,-0.0049582305,-0.005264642,0.0017727747,-0.016380724,-0.021832561,-3.5655573e-06,-0.15086259,-0.006374283,-0.005136539,0.0021680177,0.0012286254,-0.7069218,-0.16284648,0.042636193,-0.00066004856,-0.0076798787,-0.014940322,-0.0060584536,0.011650992,0.009987051,0.00021081389,-0.0010989944,-0.00601705,-0.8038392,-0.0052546514,-0.030303905,-0.0023109876,-0.0042562135,0.01383498,0.00076239015,0.001799211
-8.150389,-0.53273004,-0.058806527,-0.0034357088,-2.0307238,-0.0018036374,-0.15473415,0.00028987764,-0.01926905,0.0048382035,-7.158799e-05,-0.15976682,-0.0009214215,-0.009530597,-0.0003882671,0.0002847466,-0.7640165,-0.15234387,0.037414644,-0.003459755,-0.0046932795,0.0786379,-0.00043850002,0.0024418733,0.002859263,-0.0028047964,-0.000629819,-0.3066864,-0.92220336,-0.00914611,-0.034560174,-0.0019686152,-0.0014168954,0.0019414492,-0.004055932,0.0009299052
-0.55117744,0.18411532,0.012774483,-0.0025131134,1.0194921,-0.020857446,0.08926118,0.0009710454,0.00968307,0.0017901369,-0.023930365,-0.34909582,0.0053089475,-0.015994912,0.0031906164,-1.7277262e-05,0.60137177,0.07233673,-0.004580203,0.008979923,-0.0069027566,0.03198961,-0.01837857,-0.0027658385,0.00081864535,-0.0023843744,-0.0036162878,0.14365335,-0.73646206,0.0026822577,-0.024585282,-0.0005146266,-0.006155125,0.0056891046,-0.023214567,0.028679304
10.802435,0.30012447,-0.085428804,-0.0016769699,-1.9608692,0.010671605,-0.10122283,-0.035305433,-0.018996758,-0.041514467,0.05512035,0.8871917,-0.0040637273,-0.053912975,-0.004467771,0.0019040193,1.7473342,0.019872362,-0.0052923444,-0.07275395,-0.0054907277,0.06047232,-0.0027582757,-0.0029142054,-0.0012528712,-0.0034968455,0.001883021,0.040839337,1.6485962,-0.007962354,0.07704272,-0.010443095,-0.0008258276,-0.00248654,-0.012668419,-0.007776507
-8.1248665,-0.5364205,-0.029568836,0.0015451451,0.7201326,0.0028494278,-0.075348765,0.0019180699,-0.013867942,0.0036829996,-0.006578118,-0.16402361,-0.006562625,-0.0055225077,0.004048972,0.0010782337,-0.7219951,-0.14071947,0.045618646,-0.0036418233,-0.006759124,0.0071461154,0.006587393,0.00021073356,0.000794875,0.00069663575,-0.00071980146,-0.10174271,-0.86220556,-0.0068452214,-0.03374559,-0.0018896607,-0.008835914,0.0023154311,0.0036170897,0.00044349732
-8.25089,-0.55219954,-0.019836565,-0.0012781266,1.0586694,0.00078991475,-0.03628822,0.001975111,-0.0036826932,0.0036651443,0.0046840603,-0.16473302,0.0015343516,0.010258815,-3.4018023e-05,0.0013882325,-0.743225,-0.12989415,0.029769888,-0.0040323334,-0.0063690753,-0.01080339,0.0044962023,0.0015797345,0.004833603,0.00082710973,0.0035297666,-0.027873693,-0.8533874,-0.012030665,-0.03404207,-0.001437196,-0.005227573,0.0009122124,-0.0037810276,-0.01289408
-8.184,-0.546649,-0.021876974,0.0005185747,1.0423523,0.0019780959,0.0058386433,0.002463551,-0.01420056,0.0023541925,-8.761758e-05,-0.16056444,0.00053725205,0.009297474,-0.0008229827,0.0006361213,-0.73643535,-0.13816142,0.04505438,-0.0026991053,-0.0006786296,-0.012386841,-0.002470198,0.0011926877,0.0006947672,-0.0023485594,0.0017178345,-0.0017333465,-0.84445643,-0.009708653,-0.034577213,-0.00023524484,-0.0045139766,-0.0041538975,-0.0061462712,-0.0026822172
17.245495,0.7347804,-0.0784497,-0.00019005848,-2.0204234,-0.041786168,-0.10947083,0.00816541,0.016911643,0.0005806759,0.068479024,1.1124489,-0.009202237,-0.005460916,-0.0038459203,0.0056835297,1.8764235,0.06475392,0.08757654,-0.05640317,-0.023586249,-0.0933055,0.03676182,-0.0023090346,0.009807345,-0.0029090692,-0.0012058645,0.24227141,1.5742022,-0.005440956,0.09603792,-0.011783168,0.024103142,-0.011043154,-0.0018226044,0.019752506
11.793563,0.00066210795,0.047320083,-0.006941371,0.8916245,0.006176049,0.0658785,0.0062374463,-0.022148075,-0.0020374036,-0.005083527,0.6198108,-0.01782409,-0.014099202,0.00074023416,-0.031770457,2.0698721,-0.01636409,-0.042266868,0.038311277,-0.014287264,0.05064955,0.014814547,-0.00021315298,0.0025918565,0.0027185627,0.000994536,0.18172657,1.6724342,-0.0074940803,0.0038728742,-0.00036823217,0.0026746953,-0.014578004,-0.013487192,0.0034046536
7.451661,-1.0946915,-0.062201966,0.0022835091,0.9979203,0.010609453,0.018557554,-0.0056463415,-0.034423385,-0.012597983,0.028048025,0.9439363,-0.0007386202,0.014625414,-0.005063863,-0.015687563,1.420503,-0.12473157,0.030269248,-0.009289062,0.012226668,-0.004624968,0.0089025255,0.010852701,-0.009938767,0.003792297,-0.0009238992,0.0757484,1.5301971,-0.01657403,0.073405705,-0.012714524,-0.010500793,-0.015173253,-0.01424591,-0.0047971667
24.26147,0.7023436,0.049537398,-0.0015627813,1.0034039,0.015019083,0.16045073,0.008467659,0.017078077,0.0013646183,0.10353338,1.1665889,0.0043710787,0.029460644,0.0073876027,0.015432649,1.9036851,0.04509776,0.21960343,0.012066808,-0.018387776,0.024435535,-0.022884691,-0.0114422655,0.0016665688,-0.0048447335,-0.00025495907,0.40507376,1.7594296,0.018185895,0.12203925,0.0132590365,-0.0012747709,-0.011568478,-0.020600574,0.020785175
-8.096989,-0.53706,-0.06154243,-0.0010951704,1.0893624,0.0022458988,-0.06072261,0.0034793152,-0.014400557,-0.01784187,0.0039430736,-0.1620188,0.001331112,0.002402349,-0.0010564909,0.0014437303,-0.72374696,-0.15503366,0.043535657,-0.0044518835,-0.0010801683,0.11109339,-0.004609446,0.0012475855,0.0020735222,-0.0030533536,-0.0043063737,-0.18359467,-0.8092202,-0.009957474,-0.03142187,0.0012655796,-0.0034861993,0.0011710231,-0.005180179,0.0043766103
10.432106,-0.5770795,0.024594674,0.0042001074,0.9040373,0.016653815,0.1001896,0.0056135384,0.010851128,0.004347878,0.05958716,0.9576199,0.0031841102,-0.013487864,0.0048082587,0.0036911326,1.5069696,-0.030438,0.008304519,0.0097709065,0.014236198,0.013029529,-0.0011802819,0.004284207,-0.001167202,0.00021391461,-0.0037968196,0.09279594,1.225982,-0.007230849,-0.12622297,-0.0044333935,0.0082933605,-0.0014689075,0.036288574,-0.0040200246
-8.069827,-0.3933878,-0.04873045,-0.00059275277,1.0497386,-0.009666979,-0.013175186,0.0032379127,-0.0063160486,0.0025558786,0.0014699111,-0.16241334,0.0017972988,-0.015825724,0.004042233,-0.0009491366,-0.80823255,0.0126873385,0.055703457,-0.005409795,-0.0066400487,-0.018770603,0.0020958527,0.005670585,0.008397334,0.00062909146,0.00056294445,0.010714877,-1.0523477,-0.009679336,-0.013104551,-0.0035765024,0.012421174,0.008232276,-0.007586302,-0.008581961
-8.21899,-0.54892987,0.023930358,-0.00842265,-0.10132432,0.003923346,-0.01735121,0.002698108,-0.011729911,0.0051422147,-0.010507374,-0.1731178,0.000758788,0.0045015905,0.009584712,0.00061468175,-0.802498,-0.12940541,0.042150624,0.0018904713,0.013378961,-0.025510935,-0.005343278,-0.0006360542,0.001824804,-0.0024806652,0.004500499,-0.0032909224,-0.90173817,-0.0047981944,-0.004152946,0.0024633377,-0.009993468,-0.0049644075,-0.00030871836,-0.00611797
-2.4461515,-0.46017292,-0.15009968,0.002059669,-2.2794912,-0.043695047,-0.09081547,-0.0073144296,-0.031978793,-0.04458304,0.0026656576,0.7870423,-0.0007849095,-0.018358748,0.008108763,-0.013371754,-0.52736676,-0.13118471,0.06670324,-0.0038729594,0.007759969,-0.17392708,0.01027876,0.009262976,0.09660396,0.0027085915,-0.0022077407,-0.020505726,-0.7863888,-0.018238805,0.006486412,-0.0021215589,0.017787334,0.012014032,0.005661794,-0.0026788304
19.383066,0.73463863,0.032969538,-0.0025196536,0.9050436,0.009478067,0.08394744,0.006842012,0.021802198,0.0031967715,0.033703327,0.3957081,-0.0008655457,0.009527452,0.00017197052,0.005465378,2.2107277,0.061596353,0.006082714,0.021467684,0.0147082405,-0.006527271,-0.020989954,-0.0065340293,-0.0051138448,-0.006541804,0.0014742574,0.10851029,2.4347863,-0.0036023909,0.004045442,-0.017446479,-0.0034418886,-0.0050866515,-0.00499348,-0.0038792721
25.20486,0.8753426,0.066098265,-0.0071438113,1.0679268,-0.007048789,-0.18276793,-0.0013491694,0.03197822,0.0020064383,0.02390329,0.6666941,-0.00045169514,-0.011388908,-0.0025007052,-0.0029251608,2.653382,0.118022874,-0.05416171,0.0030590727,0.011007776,0.018421624,-0.015192109,-2.7081114e-05,-0.01172973,-0.0041994,0.0128371455,0.26716894,3.2074568,0.0025626905,-0.010425745,-0.010463342,-0.017635819,-0.020256009,-0.008270969,0.0150068225
12.676703,0.5529717,-0.075340636,0.009838229,0.8125128,-0.0248513,0.09143606,-0.020740876,0.0034075428,-0.0007815659,0.052751586,0.75146854,-0.00040722903,-0.032969963,-0.004312366,0.00049209665,1.9356084,0.009149803,-0.020739282,-0.08472093,-0.009615014,0.09316678,-0.0043923166,0.0020521458,-0.0119389845,-0.0009789154,0.0059188292,0.01912937,1.5008627,-0.007302538,0.05572383,-0.033191387,-0.0033163927,0.0012722281,-0.003182103,0.0012089411
-8.135671,-0.53505975,-0.06126255,0.0003178384,1.0545604,-0.0056352546,-0.027790748,0.0013252428,-0.018739088,-0.0020942756,0.006472944,-0.15694663,0.0012672553,0.0017152193,0.0023188055,0.0010790841,-0.72802365,-0.1491456,0.04392684,-0.004915071,-0.00452597,0.09852498,-0.0038071922,0.012163243,0.00066641835,7.7644734e-05,-0.0007371689,-0.20610237,-0.83626854,-0.007818915,-0.03271361,0.0009730732,0.004927122,0.018869555,-0.0004202881,0.0048439694
-8.172183,-0.5450034,-0.018979087,0.003942508,1.0466548,0.0031289866,-0.012799644,0.0037205832,-0.006804855,0.0037308687,-0.0010929912,-0.16374522,0.0011291704,0.0015422072,0.0026178889,0.0018232821,-0.75448066,-0.13010892,0.0437514,-0.005033926,-0.0058593675,-0.014055591,-0.0046992213,-0.0012236829,0.00093795365,0.0005698624,0.0049734367,-0.0049577914,-0.854759,-0.0074918945,-0.03182504,-0.0018096206,-0.002798808,0.0010128608,0.00449916,-0.00058285566
-8.101393,-0.5492983,-0.056973945,0.0013919008,-1.8528559,-0.0051020724,-0.07814255,-0.00079128664,-0.017111303,0.004683943,0.012118992,-0.15728508,-0.0014633469,-0.006231054,0.0082438,-0.001569804,-0.76808006,-0.14761396,0.03648698,-0.0019996592,-0.0044723735,0.07461564,-0.002558321,0.014163252,0.0028423928,0.0005021572,0.0019146709,-0.27744502,-0.91231483,-0.008431667,-0.032076385,-0.0020508247,0.0046755373,0.01951801,-0.006103368,0.006456391
18.345182,0.5083528,0.03896896,-0.0029510423,-0.80569386,0.00076138315,-0.10102863,0.008014908,0.013141003,0.0022868868,0.038778912,0.6951844,-0.0035456023,-0.016002722,-0.0015553712,-0.004812451,2.4842594,0.07985466,-0.076237865,0.012350498,0.015155566,0.09977746,-0.022829136,0.008386112,-0.011153573,-0.0038570117,0.0075496547,0.1805866,3.0335176,-0.0027516969,-0.01827386,0.008373724,-0.007970471,-0.00575963,-0.0047904006,0.010967719
-3.2636302,-0.5641769,0.16732465,0.0028203935,0.9867831,0.01971708,0.068246774,0.016128516,0.0033759682,-0.015630614,-0.051443398,0.015247522,0.0038269698,0.0030501557,-0.00066850655,0.016667597,1.321546,-0.069038145,0.019075975,0.025341278,0.015585781,-0.05053042,0.003982534,-0.0010637315,-0.027986238,-0.0011060622,0.0075021763,0.025128808,-0.5627817,0.00039587528,-0.0068623046,0.004021272,0.014399309,0.0008185378,0.007370918,0.006599139
-8.124887,-0.53029585,-0.061582774,-0.012007672,1.0439126,-0.0022083085,-0.02873584,-0.00043564683,-0.015912302,0.00312009,0.005076434,-0.14881602,0.00023070948,-0.0059240838,-0.00086098263,0.0016397313,-0.7152469,-0.14921175,0.0412679,-0.0029335034,-0.005012,-0.021177988,-0.0063467254,0.0020599067,0.0010584142,-0.0010174967,-0.0019717559,-0.005425514,-0.82525855,-0.008641834,-0.034006197,-0.0037229643,-0.0054594064,-0.00035310446,-0.0006014872,-0.0029888768
-8.1448345,-0.53071034,-0.055831634,-0.011004417,1.046461,-0.00050114136,-0.0078425845,-0.0046929875,-0.007839552,0.003307674,0.0043511703,-0.15561347,2.7718334e-05,-0.008628532,-0.0038498044,0.0005293883,-0.74354213,-0.13858916,0.041231927,-0.0014675369,-0.004796086,-0.021843636,-0.0016953507,0.00030911597,0.0032292637,-0.0017325056,0.0018814093,-0.004737252,-0.81869775,-0.008531735,-0.033247076,-0.0001760714,-0.005064596,-0.0033794835,-0.0010584417,-0.0031021757
-8.144062,-0.5477399,-0.010128938,0.0017330358,1.0579609,0.0012048883,-0.040248103,0.0026100161,-0.014766691,0.003409921,0.0005966046,-0.16432294,0.0011289186,0.00211023,0.0028403546,0.0008191946,-0.7431614,-0.13496524,0.04283419,0.008481313,-0.0029991686,-0.021529768,-0.0031287372,0.004053221,0.0021673152,-0.0014357967,-0.0030821636,-0.0034323656,-0.8572527,-0.007465225,-0.035199564,-0.0020242198,-0.0025609352,-0.00046341852,-0.0023448945,-0.0031658052
-8.192848,-0.53523016,-0.065341346,-0.0005515879,1.0517042,-0.0074339155,-0.02265142,-0.004005257,-0.008008445,0.002863974,-0.006862027,-0.16320373,0.00021050386,-0.014137641,-0.00055023876,0.0025185775,-0.73919976,-0.1586149,0.030965457,-0.0042272457,-0.0066892887,-0.034438122,-0.004026624,-0.0018236168,0.00072972453,0.00092799927,-0.0018362766,-0.018663358,-0.83337927,-0.009183894,0.0040729837,-0.0028062235,0.007719393,-0.006061805,-0.004886473,-0.010305556
-8.156348,-0.53187925,-0.062150516,-0.0020941363,1.0426533,-0.004414182,-0.008241018,-0.0009580082,-0.014572495,0.0033514441,0.0005683072,-0.15271987,-0.0035418037,-0.0061627943,0.0026675302,0.0009556336,-0.71427405,-0.14581662,0.040538184,-0.0021836467,-0.0073778303,-0.010782805,-0.007471181,0.0019305319,0.0035276278,-0.001520306,0.0012760869,-0.0037467275,-0.8311443,-0.007149153,-0.033169173,-0.0024153476,-0.0039759967,-0.00093367946,-0.004974604,-0.00015449894
21.379091,0.8560712,0.032660075,-0.0034021733,0.962532,-0.0057422393,0.09675138,-0.0016102918,0.028394153,0.0034030415,-0.012959017,0.38548055,-0.00025618257,-0.011617825,0.0025541575,-0.003935284,2.3023975,0.061446957,-0.011553481,0.010138794,0.004454192,0.012564973,0.009565865,-0.004138727,-0.0050924257,-0.0056136316,0.007236449,0.24285398,2.4466531,0.021647748,-0.027811345,0.012208168,-0.010532365,-0.003230887,-0.011350498,0.016941745
-3.2744412,-1.1434948,-0.095808506,0.0031328064,0.87735456,0.038777214,0.063482605,0.007408119,-0.021305742,0.003536185,0.014127383,-0.24172798,-0.005617096,0.0017590839,-0.031763334,0.0051535578,0.7608745,-0.29864115,0.0005568731,-0.000117121584,-0.00925544,-0.036317524,-0.013152396,0.012982408,-0.01595238,-0.00063009997,0.0056837527,-0.34768605,0.64416295,-0.0062470897,-0.31229538,-0.001837663,0.00268518,0.0051570833,0.0040076,0.00406707
-8.101508,-0.5320884,-0.06391126,-0.003087539,1.0559751,0.0026399908,-0.06269409,0.003376565,-0.018822921,0.0037276254,0.002058298,-0.15908034,-0.005603509,-0.0040543727,-0.0008141786,0.0013681905,-0.7182384,-0.1460722,0.042983074,-0.0043547563,-0.0056793108,0.10284888,-7.615651e-05,0.012313288,0.004857235,-0.0022472288,0.0030315425,-0.20307292,-0.83849216,-0.0074772853,-0.032973956,-0.0025466497,-0.0072073815,0.019121151,-0.0024697375,0.0030754209
-8.198501,-0.545274,-0.03440683,-0.0017604966,1.0563358,-0.0009783341,-0.0024388102,0.002126615,-0.013887516,0.0019152979,-0.0062666796,-0.17712115,0.0014346269,0.010848408,-0.0035327796,0.002109001,-0.7486648,-0.11289706,0.044680294,-0.003173097,-0.0067821657,-0.010186138,-0.0028152307,0.00046641676,0.0059371283,-0.0016687682,0.0011849506,-0.013101589,-0.8844895,-0.009336101,0.00470698,-0.0017157064,-0.0039097494,-0.0008585554,-0.0050482764,-0.004604777
-8.213352,-0.5337361,-0.06349898,-0.0020858275,1.0424606,-0.010214896,-0.015096932,-0.0052926973,-0.0019756556,0.0029135558,-0.007805085,-0.1470496,-8.0841755e-06,-0.014284226,-0.0006128735,0.0018558758,-0.72232485,-0.14813325,0.030660087,-0.0001357088,-0.0030808717,-0.04245873,-0.005364577,0.00081260456,0.002307946,-0.0014939037,0.0025611692,-0.026461799,-0.8217095,-0.012648233,-0.005374902,-0.0026463245,0.0011108934,-0.004827167,-0.004976811,-0.011848953
2.825168,0.35951927,-0.017482013,-0.004156952,0.9662527,-0.017040143,-0.01308658,-0.0034626503,-0.010787929,0.004533717,0.014352967,-0.2648452,-0.005158144,-0.019764863,0.0054688198,0.0073075197,1.0055648,0.055298164,-0.01744261,-0.019471573,-0.010452903,-0.016402224,-0.014300492,0.007846574,0.0008904752,0.0053362064,-0.008046825,-0.32329226,0.841587,-0.011104636,-0.07621257,-0.008514392,-0.0070424853,-0.0026866002,-0.005220586,-0.01012987
-8.1718025,-0.5252264,-0.043060932,-0.008906499,1.0449922,0.001126133,0.006022494,-0.0013074628,-0.014909308,0.0033626817,-0.00466691,-0.15991025,0.00047592891,-0.0020256105,0.0023125007,0.0018729222,-0.72708267,-0.14839129,0.043945096,-0.00487477,-0.007385446,-0.007775546,-0.006814174,0.002509974,0.0025393062,-0.00057691854,-0.002011987,-0.0012532886,-0.8698172,-0.008856435,-0.011307044,-0.0018264555,-0.004404243,0.00020142525,0.00031400347,-0.0026921416
-8.065572,-0.5357134,-0.030461928,0.0023068453,1.0418801,0.0023612422,-0.07961982,0.003295851,-0.015685169,0.004275654,-0.010657217,-0.17206983,0.0012172421,0.009128579,-0.0006732161,0.0028635047,-0.74714524,-0.14917368,0.043113243,-0.0058505316,-0.007015307,0.04661032,-0.0045399154,0.0015286161,0.0033357423,0.00012530341,-0.00059276744,0.0030446493,-0.889718,-0.006681245,0.00548445,-0.00019419627,0.000927967,0.0021907429,-0.004664001,0.0016351632
-8.104557,-0.56488305,-0.012867935,0.0015179598,-1.8500866,-0.0030747945,-0.0866952,0.003055065,-0.004153484,0.0049456046,-0.013025884,-0.1734371,0.00058682775,0.0098531665,-0.006797286,-0.003309216,-0.81148523,-0.1315854,0.039660692,-0.0034813525,0.0030241017,0.06594092,-0.0027614827,-6.765641e-05,0.0033136632,-0.0016148206,0.00238798,-0.20524079,-0.9521133,-0.0073872507,-0.011711988,-0.0014617578,-0.0058316644,-0.0016594799,-0.00075972016,-0.0048598726
-8.158368,-0.54691476,-0.062122118,-0.00070725725,-2.446859,-0.01899507,-0.07574197,-0.004983336,-0.0030736048,0.002119601,0.004057082,-0.16459711,-0.0071790414,-0.0054087588,0.0019882007,-0.00224951,-0.82570827,-0.09716384,0.04236322,-0.003173581,-0.007997947,-0.058396533,0.006238916,-0.0033611853,0.007283939,-0.0046024383,0.00034011956,-0.12849048,-0.97882307,-0.008946893,0.018300705,0.0018825065,0.0038172835,-0.004873419,-0.0026364261,-0.011324081
-8.118541,-0.5388723,-0.058649894,-0.0031856047,-1.828828,-0.0005489789,-0.14429945,-0.0075659314,-0.018894278,0.004499222,-0.00052772666,-0.16185653,-0.00053284713,-0.008078909,-0.00868085,-0.0002804154,-0.7677859,-0.14822951,0.037640013,0.0016289905,-0.0050420025,0.08075554,-0.00032328654,0.0022749007,0.010717995,-0.0035241693,0.0015138625,-0.30765852,-0.9094117,-0.008804646,-0.03269735,-0.0016839815,0.00033599613,0.0022347178,-0.005184926,0.0036445444
5.6071415,0.38329697,0.044738263,1.6936261e-05,0.897913,0.009181018,0.004111701,0.010390856,-0.012538633,0.0027845337,-0.10689197,-0.5553192,-0.0209131,0.0031632273,-0.0013740372,-6.729424e-05,1.1012605,0.03571847,0.026525449,0.029752107,-0.015939884,0.08475451,-0.019466886,0.00010510265,0.00403552,-0.007905206,0.003070445,-0.06852319,0.9839239,-0.0024645901,0.05704312,0.0038197644,-0.010274744,-0.006982257,-0.00066718686,-0.00047933467
15.559418,0.812111,-0.09111287,0.005011448,0.86727935,-0.017077388,-0.002191775,0.0012901502,0.031146005,0.0026664021,0.020178756,0.83663243,0.005634957,-0.023130318,3.5555277e-05,-6.0465165e-05,1.8562748,0.07244486,0.029210797,-0.066381186,-0.023035256,0.024653481,0.019140385,0.0022746238,-0.028129602,-0.006919487,0.0019944045,0.27319175,1.6352217,-0.003416906,0.12324353,-0.033882886,-0.00891604,0.018081602,-0.009452169,0.02767706
4.3835425,0.36786434,0.040436238,0.0031642965,0.8543553,0.007230755,0.007011597,0.0052515077,-0.01253545,0.0033936969,0.019078068,0.28269377,-0.006723268,0.008176957,0.0060339146,0.009249594,0.8218095,0.10409719,0.07652695,-0.008995075,-0.00047428597,0.0040312363,0.022773834,0.007131102,0.0412747,-0.004170724,-0.002773381,-0.015067095,-0.57780826,-0.0004128525,-0.0052726893,-0.00088224525,-0.009026613,0.000644741,-0.0082514165,0.007440707
-8.206503,-0.5285362,-0.048634842,-0.00016243101,1.0623131,-0.0005545435,-0.014421197,-0.0005704786,-0.006504702,0.0019526243,-0.004645562,-0.1746729,0.0008418902,-0.0057327887,-0.02196927,0.00082012225,-0.7591246,-0.10187855,0.045106996,-0.0020101904,-0.007580807,-0.01537061,-0.00445338,0.009858647,0.004747962,-0.0049435124,0.00040417607,-0.012718156,-0.9079603,-0.016093919,-0.04139558,-0.0026523515,0.007378665,-0.003955464,-0.004281229,-0.006473264
-8.099354,-0.54550254,-0.014428426,0.0015765909,1.0448647,0.002152013,-0.080078535,0.00144986,-0.0046384954,0.0033367302,-0.006529239,-0.16567503,-0.005877793,0.0023060206,-0.0035397895,0.0006447273,-0.75357866,-0.13590668,0.046462763,0.0062008714,-0.0017472777,-0.017746154,-0.0069179293,0.001969334,0.002409393,-0.0011087589,0.0015358801,-0.0015668473,-0.86687595,-0.009604086,-0.004451024,-0.0029679725,-0.003949065,-0.005532422,-0.0018581618,-0.0026639567
-3.1518621,-0.031271107,0.048828013,-0.009674205,0.9792419,-0.002749729,0.09427363,0.0036036412,-0.009177325,-0.000890113,0.00485502,-0.31550586,0.0056168637,-0.010808584,0.00409504,-0.008540581,0.4225119,-0.20766604,-0.0016133914,-0.0028327494,0.004480816,0.0018442522,-0.0055974345,0.00415642,-0.0018563041,0.0004040493,-0.0015632312,-0.053151734,-0.6831018,-0.0048457845,0.003983944,-0.0026558943,-0.004497811,0.0040375595,-0.015857065,0.0016572386
-8.091916,-0.53215355,-0.06377952,-0.0011941752,1.0366712,-0.017077522,-0.075207844,0.00039890799,-0.016953338,0.0033392012,0.005048053,-0.1455145,0.00090792717,-0.012024048,-0.003822979,0.0009044997,-0.71161026,-0.14690858,0.041278932,-0.0026500947,-0.0046473653,-0.00903374,-0.005640989,0.002382636,0.00075118063,-0.0019532372,-0.0009919987,-0.004486079,-0.82242334,-0.0086188605,-0.033615004,0.0013990522,-0.0055281837,-0.0036333078,-0.006732501,-0.00031701152
-8.122933,-0.5363976,-0.061866496,-0.0027582068,1.0424144,0.0032880707,-0.042285588,0.0015903783,-0.01813944,0.0033969264,0.0004255178,-0.15201303,0.000111308196,-0.004972268,-0.0030063754,0.0011581673,-0.71572644,-0.14827292,0.041424267,-0.0043009943,-0.0074106394,-0.020451892,-0.008020997,0.0025912886,0.009113264,-0.001805489,-0.0008233259,-0.0043387893,-0.82243407,-0.008018186,-0.03434184,-0.0021026651,-0.0042501907,0.0032406212,-0.0050064344,0.0001839128
-6.9254746,-0.18041126,0.024458969,-0.007205718,1.082616,-0.013588443,-0.018051563,0.0044475887,-0.0014015746,0.004628761,0.0022866041,-0.1919819,0.0035434966,0.007275959,-0.00061935006,-0.0018049458,-0.64351183,-0.01750763,0.027878208,-0.0031456428,0.009656795,-0.012126988,-0.0053540776,0.00026833467,-0.00146453,0.0007272753,0.0004385982,0.10909539,-1.0486932,-0.011278305,-0.007476702,-0.0027005214,-0.0051491284,0.004018271,-0.009148453,0.046240643
-0.16449447,0.3873239,-0.03211308,-0.004707084,0.99411124,-0.004775161,0.0821887,-0.0010882122,-0.00410433,0.0020773795,-0.011674473,-0.31664854,0.0024892401,-0.034154933,0.0006718265,0.0015248671,0.6649844,0.07597513,-0.020442305,-0.0036374987,-0.010405182,0.028329672,-0.0048339134,-0.005046578,-0.0014122482,-0.002086464,-0.008537271,0.22820236,-0.74846464,0.008832499,-0.021584917,0.0015501928,-0.0024799386,0.0022249077,-0.007206444,0.025671735
23.583998,0.4537081,0.045084577,0.0011864775,1.0379816,0.02158835,0.060524028,0.008064938,0.012583273,-0.024148852,0.049206465,0.76964384,0.0006970099,0.01189685,0.0011902776,-0.0020869505,2.5657833,0.17964698,-0.07447477,0.014885516,0.011559781,0.019202622,0.019366374,-0.0029899073,-0.014786869,0.00071450335,-8.5416905e-05,0.1988513,2.9593184,-0.001640999,-0.03860481,-0.008198838,-0.0041924627,0.0057681915,0.013810088,0.018729547
-7.304313,-0.14553371,-0.027592901,-0.0027030401,0.474506,-0.010573198,-0.010812255,-0.005192898,-0.0028141362,0.0036433248,0.0007802941,-0.18527274,0.0006569238,-0.026781593,-0.0025408452,-0.006188429,-0.6407567,-0.0059781503,-0.0021389336,-0.0021420189,-0.009768032,-0.025514496,-0.003925752,0.0010690066,-0.0012950769,-0.004616506,-0.0013060764,0.12164181,-1.065103,-0.0010303676,-0.021859603,0.0005460199,-0.018555952,-0.00017772199,-0.010349733,0.047758028
-8.225455,-0.5642432,0.0066889147,0.00045886287,-2.469038,0.003988073,-0.009799692,-0.0008160379,-0.0062166452,0.0032181877,0.005511256,-0.17512904,0.0017324992,0.00813004,0.0011220105,-0.001159175,-0.8262298,-0.13514014,0.04082229,0.0030423675,-0.008187942,-0.019362956,-0.005424951,-0.0059459573,-0.0016694065,-0.0015459376,-0.0008715361,-0.29740462,-0.91806597,-0.014104007,-0.030346267,-0.0047663595,0.0050247097,0.0029348386,0.00184936,-0.0045427694
-8.116311,-0.53174275,-0.054662824,-0.010689487,1.0463439,-0.00015567272,-0.04024226,0.0004028115,-0.0074702245,0.0033708366,-0.0009018429,-0.1517538,-0.004795072,-0.0006575889,-0.004071621,0.0009967104,-0.73663044,-0.13897587,0.042783123,-0.0025287382,-0.00635102,-0.021822749,-0.003001121,-0.00022380984,0.0016708975,-0.0009263788,-0.00035692306,-0.000987027,-0.822736,-0.008167721,-0.03507623,0.0013812582,-0.0028751416,-0.0049115187,0.00048288202,-0.0029123167
-6.053448,0.12670451,-0.07214698,-0.0076031582,1.0379757,0.0037302254,-0.047944944,-0.008147109,-0.0042153355,0.004866493,-0.0009948267,-0.06043922,0.0013411798,-0.020106042,-0.0036789908,-0.0038645407,-0.34407368,-0.15447317,0.0032622009,-0.0011692733,-0.004309071,-0.0015785297,-0.005318236,0.0021900188,0.0009206618,-0.0040762313,0.0024711995,-0.014771481,-0.8280298,-0.0063100234,-0.02668437,0.0049068644,-0.0076432405,-0.007230102,-0.018134346,0.0022025588
-7.713364,-0.4455043,-0.05349953,0.0004161309,1.062915,0.0059304084,-0.042208236,0.00020781498,-0.01796162,0.0039597815,-0.0041460157,-0.17778723,-0.005638646,0.0041032867,-0.0009393963,0.002242422,-0.6298334,-0.11110889,0.0369465,-0.0049402616,-0.00476578,0.08272591,0.0012699607,0.0047891787,0.002971034,0.00024389106,0.0012135388,0.00541486,-0.9125067,-0.005065563,-0.0028450056,-0.006505318,-0.011579815,0.0013993006,0.002496134,-0.00431149
-8.131595,-0.53134525,-0.06103184,0.0007890849,1.0515343,-0.0039819246,-0.032635298,0.001848681,-0.014615725,0.0034564321,-0.0063143526,-0.1520833,-0.0045814514,-0.0073108845,-0.00010415108,0.0009496214,-0.7118583,-0.1470989,0.045193315,-0.0035131387,-0.005620425,0.020279726,-0.0048427465,-0.0007355804,0.003843573,0.00040981502,0.0013761156,-0.09658999,-0.832115,-0.008437652,-0.035631195,-0.00019302152,-0.0011345277,0.0007084465,-0.004537138,0.000900739
-1.5968131,-0.32554027,0.052902613,0.0011087724,1.0393574,-0.014586938,0.12353122,0.00813546,-0.012408618,0.0038251644,-0.022301793,-0.34970707,0.0038824258,0.025696907,0.0017887673,-0.007992007,0.49314243,-0.015009842,0.06364582,0.012260303,0.0004615081,0.039763812,-0.0019057554,0.0010636414,-0.0007294506,-0.0007788898,0.00583877,-0.0044173966,-0.6873674,-0.004759109,0.007969421,0.004029824,-0.004632237,-0.0008258188,0.016838893,0.0035993054
-6.908156,-0.13724962,-0.0150684435,-0.0049878126,1.0742182,-0.026058104,0.0016103531,0.000307247,-0.010534796,0.0027909065,-0.006092939,-0.1964618,0.0035429727,-0.020661008,0.0014161271,-0.0012234359,-0.6576945,-0.009282278,0.010927539,-0.0024314034,-0.008883897,-0.006638834,-0.017699437,-0.00652506,0.0026634228,-0.004271818,0.0034620224,0.12354867,-1.1084207,0.016279148,-0.026456453,-0.0027157385,-0.0045381365,0.004245925,-0.012524571,0.08093978
8.365798,-0.43138036,-0.3181468,-0.0008517381,-2.1714547,-0.024047323,-0.20688549,-0.056195598,-0.042503968,-0.08690704,-0.006809454,0.46435928,-0.0011673737,-0.016155057,0.0005276972,0.015948962,1.8929852,-0.3494413,-0.04106113,0.0016982299,0.007859231,-0.09050968,-0.015756369,-0.013114281,-0.069274,-0.100893274,0.0018214833,-0.0061858585,1.8154678,-0.010904402,-0.02068437,-0.073181815,-0.02752028,-0.023681821,-0.02254722,-0.0069961483
17.817257,0.26236328,0.06262198,0.0026563592,-2.3324034,0.013900186,-0.10477073,0.0149697615,0.006439974,0.0037394061,0.056056734,1.2623857,0.00076681393,0.012217374,0.0004832989,0.01141697,1.8968263,0.05272886,0.086657204,0.025876563,-0.003588141,-0.077165216,0.015123563,-0.003078321,-0.040263727,0.00023944501,0.0014950156,0.21630448,1.5759639,-0.0074532772,0.12764263,-0.00033770734,0.0028038018,0.00075538363,0.02170724,0.025727188
7.9362006,0.5678204,-0.16485919,0.010170939,0.9440921,-0.014220624,0.101891145,-0.006946283,0.020591082,0.002884159,0.041112415,0.15468642,0.00037074226,-0.024507036,-0.0037180767,-0.008699511,1.5124189,0.048627526,-0.029643143,-0.046115994,-0.04034803,0.01825839,-0.010605755,0.0008265591,0.011908956,0.0006607881,-0.0004809543,-0.25312877,1.1060637,-0.013994258,0.0740055,-0.027347831,-0.0038341403,0.0024380754,-0.00833373,0.004312583
-8.111964,-0.5364063,-0.042830244,0.0019068837,1.0513746,-0.0026623989,-0.06204345,0.0034981875,-0.016996544,0.0035147688,0.0040626302,-0.15526547,0.0015877028,0.010688636,-0.00070806575,0.001310533,-0.7225213,-0.14312269,0.04484378,-0.005609702,-0.006351128,0.019551968,-0.0027862424,0.00023939874,0.0008510243,0.0010347501,-0.0007348376,-0.10082576,-0.8534308,-0.008902731,-0.03537901,-0.00018174382,-0.0026359544,0.0029479743,0.004223135,-0.00019009315
13.110717,0.62978196,0.082337536,0.0032877133,0.89629626,0.008396102,0.09654876,0.007089394,-0.0047096573,0.0019153462,0.039955173,0.29777968,-0.009733335,0.015216394,-0.002849537,0.00449283,1.2760849,0.035913967,0.0688145,0.020677965,0.006283316,-0.0125060985,-0.014372362,-0.009526068,-0.0038453727,-0.0022282267,0.00026354,-0.10228259,0.9038244,-0.003847098,0.028393166,0.006451049,-0.0026605828,-0.010820453,0.00017923825,0.010902604
-8.234775,-0.5595438,-0.062141057,0.0008731489,-0.43971637,0.0038902578,-0.063880816,-0.00035448567,-0.016905777,-0.03555594,0.005946595,-0.1591313,0.0016239074,0.010664123,0.009029083,0.0011677406,-0.7230976,-0.16043653,0.021502884,-0.0024000818,-0.00517744,-0.034097787,-0.001505559,0.0015245909,0.00023829393,-0.0018376597,0.00070765906,-0.04363903,-0.84488803,-0.012386,-0.03080608,-0.0019147949,-0.007795962,0.0010693365,-0.0010269586,-0.013304489
-8.223563,-0.5465452,-0.05766917,0.0033599131,1.0916302,-0.0006299491,0.046409953,0.0034815185,-0.014188268,0.0030545169,0.005579798,-0.15900996,-0.000117007316,0.007846984,0.001854048,0.0019647104,-0.7131698,-0.15143959,0.04214616,-0.006898684,-0.008122649,0.0964352,0.0077645746,0.001188705,0.0007101548,0.0014234083,-0.00015010704,-0.16600962,-0.832234,-0.012734926,-0.03251008,0.0039911866,-0.0032050542,-0.0027706889,0.004327629,0.00047875484
-5.2480226,0.5340625,-0.04982519,-0.007974912,-2.6788223,-0.040163733,-0.058749758,-0.008582439,-0.012063984,0.0027867025,-0.0036640114,0.13312136,0.0020233628,-0.021707417,0.0016618486,0.03720673,-0.6248407,0.05794692,0.054971993,-0.014362771,0.0014326051,-0.06010579,0.014416967,-0.00203619,-0.0048297513,-0.009137602,0.0027650672,0.0808112,-1.0362625,-0.029967226,-0.061904375,-0.00037671154,0.014263315,-0.007793114,-0.0048311665,0.017154874
-8.084561,-0.5327347,-0.06802382,-0.0037892861,1.0447971,-0.017405113,-0.07768598,0.0019941456,-0.015220181,0.0033489887,0.0053006713,-0.15202098,0.0017939963,-0.009271326,-0.004977872,0.00077923754,-0.7147533,-0.14574532,0.040942214,-0.00023018252,-0.004407533,-0.006462378,-0.00949502,-0.0017522044,-0.0011104723,-0.0005824055,0.0007205965,-0.00673668,-0.82206964,-0.008570802,-0.035133462,0.0016003789,-0.004198089,-0.0031135217,-0.004386325,-0.0022718091
-8.205583,-0.5406417,-0.031946737,0.0011351923,1.0461068,-0.0026542125,0.019770145,0.00079376576,-0.00051600253,0.0029180208,0.0045534745,-0.1628817,0.0006353314,0.0016699774,-0.0029303024,0.0007071386,-0.74969816,-0.1415265,0.04363336,-0.0030945877,-0.0058678417,-0.028729916,-0.0022692867,0.0010024671,0.0014965337,0.0008014607,0.0009901043,-0.008179836,-0.82608676,-0.009304321,-0.03228831,-0.0036268656,-0.0033805508,-0.000806237,0.0014824354,-0.0026312848
-5.7280974,-0.5949377,-0.1097629,0.0022015767,0.9116772,0.015121803,0.049262073,-0.0019397566,-0.011047217,0.0044060564,0.00010266149,-0.15397283,0.004486544,0.013440856,-0.0006432779,0.0007284479,0.2575542,-0.26748052,0.041772127,-0.001682272,-0.0066740494,-0.051857106,-0.0015523277,-0.0038948364,0.0015092695,-0.0002171187,0.00051600387,-0.042426348,-0.56324923,-0.009088758,-0.026702743,-0.0010693275,0.0147416005,-0.00047690602,0.0072718984,-0.0018846991
-8.19251,-0.54298395,-0.038293134,0.0027804384,1.0457903,-0.0045034033,0.0061686477,0.0026743095,-0.007901607,0.0029441738,0.0013892076,-0.15956439,0.0008034192,0.0019563253,-0.0033266768,0.0009837467,-0.7465945,-0.1384556,0.042621538,-0.004347837,-0.0050878283,-0.024975851,-0.007871874,0.00031550348,0.002058352,0.0006933153,-0.00061272574,-0.0063169333,-0.81647944,-0.008196165,-0.034071777,-0.00039926916,-0.0059979903,-0.004261323,0.004676786,-0.0025311068
-8.164388,-0.5324728,-0.0671941,-0.0012222022,1.0459594,-0.005751859,-0.0028861957,-0.00030058323,-0.017097985,0.0013768428,-5.5932356e-05,-0.14989537,-0.0041779275,-0.0065467,-0.0008278557,0.0019696066,-0.7149604,-0.14783055,0.04252914,-0.0037598421,-0.0063098595,-0.0070879404,-0.004472047,0.0020715557,0.0015216962,-0.0015308694,0.00047645214,-0.0032842616,-0.82888764,-0.0072804387,-0.03317712,2.2362434e-05,-0.0021782138,-0.0019212005,-0.0054990877,-0.0003474172
-8.047182,-0.56040835,-0.029958073,0.0031329244,-1.3714436,0.00010960405,-0.070379555,-0.0019389375,-0.012715872,0.0047808383,0.005418176,-0.16766433,0.0014332975,-0.0041882982,-0.0046463124,-0.0023298122,-0.7824711,-0.13783139,0.035619404,-0.005537338,-0.0038869304,0.02999051,-0.0052007884,0.0019433928,0.0018106657,-0.00013910275,0.00011689246,-0.21318592,-0.92316574,-0.008673486,-0.03423068,-0.0025071644,0.007361593,0.001052111,0.0028286728,0.0027951128
17.294893,0.77468246,0.043456573,-0.0033422401,0.86226624,-0.014480028,0.068030044,-0.0132999625,0.021912333,0.003558499,0.009004125,0.38985738,-0.0010738437,-0.022771925,0.0009348555,0.0029009166,2.1951382,0.052990094,-0.069999374,0.00017165023,0.00857292,0.019970562,-0.007206247,-0.0066675805,-0.02037771,-0.0052358676,0.0061895386,-0.0020153895,2.3588896,-0.004688703,-0.02012184,-0.02023233,-0.007277989,-0.0068888785,-0.016654653,-0.014105785
-8.185191,-0.5270153,-0.05584628,0.0008752835,1.0460429,-0.004309283,0.019962082,-0.005099028,-0.006691484,0.0033622195,0.00022124978,-0.14818145,-2.0549152e-05,-0.011565112,-0.0007968911,0.0013026742,-0.7382383,-0.1466511,0.04255333,-0.0030824556,-0.0049527884,-0.02612169,-0.0027116057,0.0007416285,0.00029557207,-0.0016734394,0.0005454036,-0.009146063,-0.8137468,-0.00963722,-0.03437134,-0.0026693265,0.00014960908,-0.004089147,-0.005503822,0.00053025736
-7.246312,-0.41415465,-0.06961624,0.00051685213,1.0523058,-0.012060626,0.004114793,-0.002493626,-0.018299235,-0.027890366,-0.011477964,0.15679415,0.002086835,-0.017425243,0.0012884069,0.003808821,-0.26965508,-0.06661929,0.11152757,-0.01367791,-0.0055458364,0.075679794,0.011374097,0.0021664873,0.066049926,0.00214436,-0.0008782059,0.04258272,-0.76518214,-0.0068251365,-0.0023664949,0.0013348497,-0.00951179,0.0017970783,6.797516e-06,0.0031939808
-2.385159,0.42563918,-0.038879078,-0.006607431,1.081813,0.025144104,0.021515362,-0.0017653251,-0.0037243278,0.0032173328,-3.465363e-05,0.087676495,-0.013042363,-0.011544984,-0.00139987,7.0486225e-05,-0.26902008,-0.05948621,0.1528447,-0.0058856867,-0.005366596,-0.012840361,0.024062125,-0.00059735065,-0.00413503,-0.01121579,-0.00043345732,-0.012770745,-0.8834144,-0.013464684,-0.016546119,-0.0001904748,0.0026082876,-0.00043047528,-0.021232845,0.004833753
-8.084819,-0.5258176,-0.060215283,-0.010906996,1.0509462,-0.00016557056,-0.07644922,-0.0014110444,-0.005990783,0.0034088977,-0.00092546886,-0.15001631,-0.00012726955,-0.008297442,0.00018807779,0.000871109,-0.73462325,-0.14079787,0.041934896,-0.002518995,-0.0062206103,-0.020046052,-0.0063206344,0.0011129116,0.0009896628,-0.0016401071,-0.0018358724,-0.0034501106,-0.82618326,-0.0086579705,-0.034431703,0.0008978833,-0.0038772149,-0.0031171287,-0.0005879926,-0.002861823
-8.06554,-0.5500109,-0.063741654,0.0021170636,-0.4211822,-0.010721985,-0.07305903,-0.0035900287,-0.017279558,-0.0053028534,0.0006009529,-0.15701498,-0.0041139214,-0.006370786,0.007587834,4.8026566e-05,-0.7274288,-0.14769013,0.03630025,0.0016960384,-0.004102172,-0.037474517,-0.005054288,0.0031277072,0.00970042,0.0006923345,0.0012885064,-0.014729806,-0.8792424,-0.0065001845,-0.035326134,-0.0012194995,-0.008527073,0.013675879,0.004130527,0.007173114
-8.107749,-0.5384404,-0.03652276,0.0020730519,1.0493137,0.0076899547,-0.07676286,0.0033499491,-0.013584687,0.0035583568,-0.0062589985,-0.16151293,-0.0038377412,0.002080771,0.001926056,0.0008598461,-0.720438,-0.13995261,0.045887165,-0.0037850346,-0.005151391,-0.0021517025,-0.0049430914,0.00011761465,0.0023960324,0.00067700114,0.0020005596,-0.042404108,-0.8777674,-0.007328909,-0.011213383,-0.0018037438,-0.006159723,0.0015042784,0.003963025,-0.0024057114
-7.6859527,-0.2812451,-0.02317559,-0.009136191,1.0379039,0.0051035904,-0.0063636336,0.0024638101,-0.01403028,0.0043957015,0.021577273,-0.1803608,0.0020166975,-0.005830757,0.0015747921,0.0006664414,-0.6489494,-0.13211511,0.03494761,-0.0053120432,-0.0072233453,-0.0030120895,-0.0039832597,0.0015932571,0.011636112,0.0013022146,0.0015871595,0.0068188766,-0.89765537,-0.006233333,-0.031227877,-0.0024102665,-0.006744411,0.00092601834,-0.008257386,-0.0003881754
-8.205137,-0.5410787,-0.054300897,-0.01123016,1.0270603,-0.0072522964,-0.008533031,-0.002676265,-0.0067730667,0.002926502,0.0058883596,-0.15256286,-0.0057933754,-0.00036031575,-7.60404e-05,0.0021831945,-0.71814454,-0.14548443,0.029866857,-0.004062289,-0.005757752,-0.042062696,-0.0035772913,-0.002938532,0.0031197895,-0.0006331531,0.0039326623,-0.03068789,-0.79529846,-0.0122760385,-0.028431298,0.0006194773,-0.00018288789,-0.0021353974,-0.00015912384,-0.011145575
18.553658,0.73437786,-0.082712926,-0.007323342,-2.4556575,-0.03371048,-0.17851777,0.00031443386,0.022449639,0.0043368367,0.01993876,0.7016452,-0.0027464617,-0.02738568,-0.0036339029,-0.0014065773,2.4866745,0.1485063,-0.08632097,-0.0028404337,-0.015626894,-0.05567305,-0.037715603,0.00021560933,-0.015004744,-0.0027372777,0.01721801,0.16735478,2.631229,-0.0033530062,-0.016844867,-0.015183383,-0.0024284578,-0.0042470144,-0.00033006008,0.023374952
-7.5003047,-0.24377684,-0.018421413,-0.008810083,1.0321782,0.008220949,-0.00418225,0.0017156462,-0.014582831,0.004555674,0.023488026,-0.18486704,0.0007466811,0.0074089007,-0.00058486505,0.0011517062,-0.55938417,-0.13185616,0.029211385,-0.004001203,0.00082840904,-0.010601217,-0.0045322343,0.0017277432,0.0017428912,0.0007555316,0.0006125961,0.0232915,-0.8992784,-0.0064246897,-0.03279715,0.0010362556,-0.0075907917,0.0014296354,-0.010572786,-0.00048351765
9.684453,-0.3763467,-0.026336323,0.0033517624,0.9107368,-0.048330065,0.11188557,0.005610233,-0.030010365,0.001971586,0.01702715,0.7222378,-0.02154293,-0.023404332,0.0062075933,-0.024193117,1.5915354,-0.01565219,-0.0064528063,0.031788856,-0.01336058,0.004847242,-0.013639436,-0.0033489112,0.004518957,0.003919572,0.0014907962,0.20745721,1.6086048,0.00094816013,0.063548654,0.005077819,-0.011168766,0.00021784393,0.023918746,0.017052498
17.895851,0.40057155,0.06284835,-0.0070748753,0.9040863,-0.01026126,0.08730685,0.00078686763,0.024073225,0.0027592697,-0.005870466,0.36684588,0.0005529421,0.0031254427,-0.0011122188,-0.0100002745,2.1880422,0.0554446,-0.03048029,0.0047165896,0.021650366,0.017986594,-0.0075271144,-0.0028244676,-0.007746694,-0.0013477548,-0.009283142,0.18287511,2.3483665,0.016980978,-0.027878875,-0.006270538,-0.0068825753,0.00235835,-0.0011933463,-0.006932876
-8.215348,-0.52680904,-0.06008103,-0.007612335,1.0621011,-0.008136508,-0.0076889517,-0.001354081,-0.007029299,0.0033751894,-0.008749352,-0.14789028,0.0007376437,-0.011354086,0.0019314592,0.0019759503,-0.7300468,-0.15341003,0.028722456,-0.0026073153,-0.005324992,-0.025750954,-0.0012075155,-0.0036557901,0.0015611326,-0.0015958811,0.0031912047,-0.026456451,-0.84210354,-0.011888974,-0.0056196935,-0.00070237124,-0.004566012,-0.0035961699,0.0008666158,-0.012795351
-8.15273,-0.5537308,-0.011988112,0.002435158,-1.9552405,0.0006220959,-0.15117326,0.00518019,-0.003651593,0.0054995636,-0.014621768,-0.17746918,-0.003617348,0.0012551916,-0.0048156884,0.0018740009,-0.8046235,-0.13856445,0.04570824,-0.002874842,-0.0038914727,0.05996681,0.0028607976,0.0014482705,0.0053399955,0.0012928781,-0.0002892349,-0.30179042,-0.95066833,-0.0059599564,0.00019206607,0.0009652716,-0.0074239816,-0.0030256752,0.0032988298,-0.0022477782
-8.22384,-0.55376244,-0.061603114,0.0012670739,-2.4751742,0.0027565898,-0.08482558,0.0014690103,-0.018390307,-0.0041977526,0.0007577907,-0.16752021,-0.005489553,0.0018631113,0.0022237713,0.0010202769,-0.76948416,-0.15067513,0.030156493,-0.0052122106,-0.006883863,-0.14863007,-0.00013850979,0.0030043717,0.012496588,0.0007306959,0.003540575,-0.027908092,-0.8945916,-0.012263168,-0.031233247,-0.00049907895,-0.017206298,0.0010473587,-0.0031899302,-0.00911019
-8.206309,-0.5513399,-0.062110554,-0.0029462285,-2.5014172,0.0013162547,-0.018086972,0.0041694343,-0.00842839,0.0019743484,0.001947988,-0.16186565,-0.0059398054,0.0017502534,-0.00035454915,0.0019038536,-0.7762509,-0.14638244,0.042689595,-0.0032228248,-0.006314479,-0.016982239,-0.005141972,0.0034971253,0.0024396633,-0.003076492,0.0021759216,-0.29306877,-0.89130855,-0.012145219,-0.029313058,-0.00021663914,-0.0167564,-0.0013294467,-0.0045620305,-0.0016503619
-8.167573,-0.5248229,-0.027695859,-0.002155158,1.0433258,-0.0046664267,0.0058122203,-0.005618723,-0.0025398307,0.003352725,-0.012067295,-0.1561138,-0.005634321,-0.0066431593,0.0019471501,0.0007345964,-0.75442666,-0.14463052,0.044450004,-0.0050689634,-0.0070465687,-0.0126890205,-0.0083764745,0.0034522698,0.0031245993,-0.0025424333,-0.0011575762,0.0042755897,-0.858645,-0.007340038,-0.0020447052,-0.003931701,-0.0064618816,-0.004383952,-0.005054547,-0.003017408
11.085202,0.64133304,-0.04996997,-0.0043702642,0.8628761,-0.024757227,0.09441396,-0.01841542,0.03945824,0.0013456715,0.03893734,0.34634334,0.00107488,-0.0113627305,0.003241805,0.0056975465,1.6137636,0.049412046,-0.016923137,-0.027779484,-0.01662156,-4.9362407e-05,-0.018965704,-0.012975,-0.0047123753,0.004867668,0.0028169882,-0.13309537,1.2290252,-0.005611032,0.05898754,-0.018703014,-0.0083509935,-0.0135831805,-0.009938232,-0.00302282
-8.104451,-0.55023885,-0.05345973,0.0047448804,1.0467962,-0.002845555,-0.08028083,0.0061750915,-0.0045264396,0.0037305185,-0.0005365255,-0.1561793,0.000616932,0.008800716,0.0027021277,0.0001287795,-0.7353059,-0.14028932,0.04039359,-0.004213149,-0.005968573,-0.01870392,-0.00020764457,0.00056129886,0.00095828244,0.00070910814,-0.0007914815,-0.0049908655,-0.8286256,-0.0074304054,-0.034349844,0.0015986713,-0.0030077607,-0.0028216694,0.004499041,-0.0025573755
22.452705,0.55531794,0.04911252,-0.004469083,1.0183439,-0.004229348,0.1246487,-0.0033165456,0.032552782,0.0024613189,0.024322093,0.62610906,8.1739854e-05,-0.005336355,0.0021008537,-0.009968337,2.6484044,0.12334039,-0.10159069,-0.0014237181,0.01641638,0.009043195,-0.022302033,0.00054323743,-0.0037454497,-0.0036398878,-0.00039644385,0.2463246,3.1105042,-0.006072711,-0.01513171,0.0053749415,-0.012729279,-0.00486906,-0.018054133,0.018759282
4.2796373,0.31063882,-0.06466908,-0.0027388115,0.9475832,-0.015936635,0.10493304,0.0002090054,0.005420425,0.0023398756,-0.10718081,-0.58051556,0.005432131,-0.040302686,-0.0025332666,-0.009409326,1.2058481,0.029660087,-0.030398823,-0.014943147,-0.019558327,-0.003892119,-0.017233668,-0.011434552,-0.02118387,-0.0041398383,-0.0009478728,-0.054509033,1.017432,0.0022228723,0.031228604,-0.014084402,-0.009243597,0.005189973,-0.016689558,0.0019309521
-8.131209,-0.5353632,-0.025587726,-0.0024093904,1.0477328,0.0018912412,-0.04430071,0.0014070539,-0.013771021,0.0034215956,-0.0008086284,-0.16277406,0.0030398676,-0.0043155532,0.0025907848,0.0016240849,-0.7349228,-0.13500749,0.043003574,-0.0039114524,-0.0059877825,-0.01764156,-0.0033649104,0.0027260524,0.001521564,0.00097473874,0.0014962993,-0.0050952923,-0.8539171,-0.0075450623,-0.03406838,-0.0004526212,-0.0025236984,0.00038193414,-0.005724682,-1.502387e-05
-8.00505,-0.55045474,-0.04939202,0.006826769,-2.5683396,0.0032955548,-0.034983184,0.00070268003,-0.001864807,0.0034040245,0.02540193,-0.15145263,0.0019265388,0.0068931165,0.0024470722,0.0009689055,-0.76836556,-0.13968661,0.046327766,-0.003449226,-0.004698581,0.017394535,-0.004536692,-0.0001024122,0.0036175326,0.00044710503,-0.00011155867,-0.20179737,-0.88181263,-0.012497565,-0.027374636,-0.0010088705,-0.004537944,-0.008634084,0.0033382776,-0.0071597956
-8.257216,-0.53377086,-0.019415699,-0.0016682195,1.0570827,-0.0023906175,-0.0093112765,0.0015558241,-2.8206052e-05,0.0033314151,0.0053375713,-0.15947768,0.0016095374,-0.006798725,0.00243282,4.385225e-06,-0.74110264,-0.13259573,0.032256775,-0.0001253333,-0.008101316,-0.013689888,-0.0034394464,0.00073617726,-0.00017311893,0.0010853509,-0.0007481856,-0.020503199,-0.8451851,-0.012305538,-0.025695492,-0.00035038037,-0.0042882925,-0.004883184,-0.0020773928,-0.012709488
-8.126113,-0.5425806,-0.059238657,0.0018491882,1.0456618,-0.002598426,-0.010176572,-0.0005701065,-0.016103411,0.0030939297,0.008044578,-0.1534782,0.0006848541,0.011959001,-0.003505916,0.0004304938,-0.6216701,-0.15321107,0.037213117,-0.0021097364,-0.006300703,-0.016178157,-0.0035723443,0.00039256585,-0.0024831847,-0.0017489098,-0.00080526585,-0.0035333883,-0.81125885,-0.008676878,-0.031954423,-0.0013616328,-0.0059120753,0.00033004672,0.0016514999,0.0002447264
-8.084868,-0.5281648,-0.036661547,-0.0011165536,1.04194,0.0043286476,-0.082224414,0.00012493652,-0.008300155,0.0034914208,-0.0004867184,-0.15907009,0.0029480369,-0.0038420702,0.0022657716,0.0018603755,-0.7512197,-0.13755772,0.042092655,-0.0040080408,-0.0074322396,-0.018111903,-0.008767931,-0.0017369549,0.0028971971,-0.0009877043,-0.001990403,-0.0065673795,-0.838591,-0.007257772,-0.031151703,-0.0023982422,-0.0016878626,-0.005164077,-0.006252492,-1.1046304e-05
-8.176394,-0.532732,-0.061411634,-0.0018033185,1.0398592,-0.0056939973,0.029185016,-0.0013796154,-0.005800408,0.0033855182,0.0042981575,-0.14864658,0.0005592017,-0.011398722,0.0028291636,0.0010631126,-0.7472711,-0.15075353,0.041956417,-0.00050236966,-0.005763149,-0.023545794,-0.0031924336,-0.00013377206,-0.004023116,7.501267e-05,0.00061132706,-0.0070084366,-0.8117511,-0.008830188,-0.030974537,-0.00010739634,-0.0037322345,-0.00470058,-0.0056109205,-0.0026164334
-8.083953,-0.53048414,-0.05987552,-0.0005813848,1.0425918,0.0016952463,-0.07437641,-0.0013521032,-0.003581868,0.0033719044,0.0010523711,-0.14787069,0.0011710924,-0.009784003,-0.0032259875,0.0014193625,-0.74245673,-0.14478353,0.040968504,-0.005057979,-0.005233773,-0.016153095,-0.0064094365,0.0009644417,0.0027866368,-0.0016663193,-0.0009012385,-0.0049273768,-0.8216965,-0.008200053,-0.032755937,-0.00015503261,-0.00041444908,-0.003731389,-0.005002624,-0.0011374746
-8.244499,-0.5625012,-0.010663503,0.0023772658,1.0575786,0.0013808759,-0.011569194,0.0028274532,-0.005782736,0.0030843078,-0.012143227,-0.16212808,0.0012775123,0.01028062,-0.0028610802,0.0006640335,-0.7383331,-0.14425635,0.04534388,0.0040664673,0.0005345097,-0.02180623,0.004613094,-0.0008585097,0.0028128626,0.00048377522,0.0021716263,-0.015918389,-0.8565935,-0.0088225445,-0.008490168,-0.0018938705,-0.0015021524,0.0018879885,0.0044511287,-0.011540269
-8.17418,-0.5452193,-0.058298446,-0.00930862,1.0463942,0.0027689855,-0.005163617,0.000786344,-0.016229747,0.0032863857,8.920464e-05,-0.16007598,-0.003675564,0.006435424,-0.0031197737,0.002189056,-0.7161555,-0.14387743,0.04300294,-0.003402911,-0.0071788444,-0.013565813,0.0018260035,0.0007412651,0.00042132317,-0.00257355,0.0015254797,-0.0044080587,-0.8195679,-0.007439713,-0.033648726,-0.0003251396,-0.005807464,-0.00044054264,0.00040192515,-0.0005636886
21.321815,0.62384,0.06302479,-0.003631684,0.9640538,0.0043357895,-0.012040694,-0.015819602,0.0334107,0.0046252985,0.032789033,0.7511708,-0.0123538235,0.007838626,-0.008134714,-0.0014199978,2.5013673,0.11856323,-0.00040513743,-0.00081514695,0.01738624,-0.07484671,0.061848238,-0.013383398,-0.019018266,-0.0040908935,-0.006083105,0.21624258,2.6117902,0.01090416,-0.005295339,0.011366281,0.013793127,0.0015430362,-0.016731035,0.023140207
-8.218607,-0.55047405,-0.022694746,-0.0025398477,-2.5169284,0.0026696192,-0.08704134,0.0018146479,-0.007312256,0.0033335967,-0.0046067773,-0.16945344,0.0013302936,0.01021519,0.0017571572,0.00011379472,-0.82439864,-0.13913192,0.028972093,-0.004382278,-0.0028069247,-0.18051156,-0.0032966724,6.070456e-05,-0.002337177,0.0006865998,0.001376257,-0.049890555,-0.8997525,-0.013308653,-0.027753638,-0.00023293347,-0.007175778,-0.004674455,0.00054746994,-0.010770454
-5.157335,-0.8340218,-0.15482345,0.0009411911,-2.216334,-0.016338717,-0.24777073,0.0056630895,-0.0772084,-0.060452484,0.0073099774,0.06819756,-0.006575705,-0.0058523156,-0.0024774258,-0.006843922,0.3624524,-0.41364056,0.082584836,-0.0048663495,-0.0016743948,0.026841652,-0.0018959529,0.005456052,0.020302616,0.00010539814,-0.0010692367,-0.2261048,-0.513179,-0.011334657,-0.00780246,0.0063885436,0.0019306072,0.020779911,0.0020741222,-0.008677116
-8.124679,-0.5393576,-0.04141785,-0.0018286932,0.44564283,-0.000520795,-0.082709044,0.0013719369,-0.01694757,0.004270844,0.001893725,-0.16132955,-0.0041377917,-0.005707242,-0.004496171,0.00018525466,-0.72665954,-0.14055784,0.03888407,-0.0028097043,-0.0063043935,-0.044589054,-0.006028503,0.0020958069,0.008570319,-0.000687378,-0.0036795894,-0.010996948,-0.845496,-0.006451731,-0.032691084,0.0016399842,-0.009431293,0.00816493,-0.0025108936,-0.0024873249
-8.22285,-0.54813,0.032355204,-0.0024823768,1.0621651,0.0018310469,-0.006096349,0.0009204193,-0.008862174,0.0024143958,-0.0048462157,-0.1819017,0.0016595875,0.0027836333,-0.004153979,0.00097463856,-0.7903996,-0.063145645,0.03358845,0.0012362814,0.004293894,-0.011440565,-0.0030455135,0.0023551765,0.0006138885,-0.002562516,0.00022090324,-0.008511248,-0.9412401,-0.008296486,0.0019654166,0.0010136405,-0.005127709,0.0010904528,-0.006882341,-0.010004633
13.539847,0.65882176,-0.0951476,0.001027659,0.9056383,-0.030095384,0.012499262,-0.00072160666,0.03854053,0.0017883527,0.036476634,0.9224662,0.0042731627,-0.027479926,0.0009510947,0.0059209242,1.8082844,0.06252301,0.015176402,-0.07113702,-0.023260793,0.00059473934,-0.0010712816,0.0004914318,-0.01639334,-0.004534836,0.0025719928,0.13580352,1.5455699,0.0071241725,0.10437959,-0.0102478415,-0.0018569784,0.007703333,0.006303466,0.009823199
8.6330185,0.60436684,0.047293596,-0.007875827,1.0344164,-0.009815045,-0.028284011,0.008367506,0.01332318,0.0020602674,-0.12656015,-0.5150659,0.0031669957,-0.012624071,-0.0012736211,-0.0019408036,1.4058052,0.032404546,-0.0102726715,0.014972099,0.023209075,-0.008912118,-0.008280576,0.00027516915,-0.016506478,-0.0019268458,-0.00062756386,0.3157422,1.3089125,0.010239077,0.045403596,0.0050206995,-0.009866187,0.0070307185,-0.016351875,0.067568
-8.183667,-0.53960514,-0.06756928,0.0018914462,1.0353166,-0.0035082158,0.031110834,-0.003287535,-0.017574092,0.00300264,0.0002994785,-0.14986452,0.00056797883,-0.011601144,0.0018802804,0.0018374186,-0.7178841,-0.1558169,0.041798394,-0.0012688509,-0.0064937347,-0.021955917,0.00042115845,0.0014023569,0.0024672593,0.00056543865,0.0020741692,-0.0039255945,-0.81458485,-0.007933997,-0.03420004,-0.0018346767,-0.0052730343,-6.735673e-05,0.004455242,0.00012308275
12.545689,0.5087245,0.06662417,-0.004294228,0.7672661,0.007374072,0.09479097,0.011890557,0.028089449,0.0013401156,0.039853618,0.34903756,0.00085765234,0.011238031,-0.0044475263,-0.0015928854,1.6178204,0.03847455,-0.011605884,0.017440928,0.016065398,0.0023112954,-0.014671578,-0.0050543523,-0.018312758,-0.004026131,-0.0049914843,0.017446646,1.3331598,-0.0016890971,0.09810976,-0.0013186823,-0.007994598,-0.00968662,-0.005433852,-0.0013337818
-8.175353,-0.5372391,-0.019356497,-0.008709316,1.0429523,0.002772607,-0.005771031,0.002727808,-0.00686264,0.0032861377,0.0042828717,-0.16079026,0.0026969812,-0.0011953914,0.002578518,0.00079712924,-0.75424165,-0.12943284,0.043067623,-0.0020738114,-0.0010872739,-0.013207722,-0.0068164305,0.00091781025,0.0015691189,-0.001863578,0.0020170608,-0.004646066,-0.8484469,-0.008986668,-0.032803323,0.00031363103,-0.003719268,-0.0051846593,-0.0007445389,-0.0031005773
12.787785,0.7548651,0.02323764,-0.0030064585,-1.5517629,-0.0059295064,-0.243171,0.004712217,0.0043064766,0.0040659783,0.048615713,0.37516755,-0.0046953475,0.00047567624,0.012322473,-0.005318087,1.6953464,0.02813001,-0.03277925,-0.023420295,0.021631107,0.0026011483,-0.021550722,0.003295944,-0.0059545413,-0.0039007827,-0.0049068867,-0.016898923,1.4311758,0.000644056,0.08442906,-0.0033853855,0.0013673084,-0.0118296025,-0.009045127,-0.0036473265
-8.1316595,-0.54670715,-0.053461287,0.0019644573,-1.6865271,-0.005990873,-0.15767878,-0.00018462917,-0.019769052,0.0020266124,0.0047004777,-0.16335078,-0.005990849,-0.0036346426,-0.001411697,8.646063e-05,-0.760825,-0.15162744,0.03759924,-0.0047500916,-0.0053516445,0.07493832,-0.0007661031,0.014491475,0.011314772,0.0014739657,-0.001336622,-0.3014116,-0.9166331,-0.007681911,-0.03355424,-0.001671534,-0.010624569,0.01931707,0.0016610869,0.0028161681
-8.192459,-0.5323162,-0.06814427,-0.012629139,1.0632621,-0.003260397,0.017739177,-0.0043619066,-0.015063847,0.0028254192,0.00045993435,-0.1507283,0.000575362,-0.007967525,0.0012552931,0.0019516752,-0.7205358,-0.15262201,0.04048967,-0.00035454764,-0.0054301578,-0.03119485,-0.00019226542,-0.0003699227,0.0026814754,-0.00090459525,-0.00029292473,-0.019977478,-0.816074,-0.0089137,-0.03415931,-0.0030514956,-0.00026214612,-0.0006250417,-0.00030702286,-0.0031871574
-8.227748,-0.55607116,-0.0595629,0.0030316894,1.0587276,0.010670584,-0.0038069517,0.004574922,-0.015405814,0.0020121725,-0.0004709464,-0.16021198,0.0014539866,0.009636108,-0.0023318138,0.00059472444,-0.7082555,-0.15327789,0.04266758,-0.0056652795,-0.004991969,-0.032553583,0.00018061095,0.0001311085,0.0021739416,0.00078075245,0.0007113186,-0.027390515,-0.81025326,-0.009988919,-0.034213472,0.0021123728,-0.0038163215,0.00047331624,0.0044170273,-0.012359872
-8.246518,-0.5503117,-0.059546106,0.00132545,1.0609709,0.0020284576,-0.011312263,0.0017537898,-0.014700352,0.0027910767,-0.0021212164,-0.15427338,0.0016417989,0.011536521,-0.003085408,0.0024445103,-0.7035351,-0.14773493,0.030191753,-0.005103108,-0.0060350504,-0.041160963,-0.0034471077,0.0006770913,0.001154119,0.00016336644,0.0016962662,-0.02825286,-0.8098887,-0.013676025,-0.031105604,-0.0014828298,0.0062518823,-0.0012302804,0.0011556933,-0.009765998
-8.163784,-0.5328881,-0.02724206,-0.008293655,1.0485076,0.002452717,-0.008940207,-0.00797665,-0.016303435,0.0034027777,0.00021260211,-0.15928291,0.00041103296,-0.0035916711,-0.003485219,0.0008338142,-0.7343635,-0.13650748,0.043375604,-0.0045613246,-0.0077055334,-0.01341685,-0.00096805627,0.0027352194,0.00075765915,-0.0018191251,-0.0020368872,0.0015033172,-0.8476975,-0.008486048,-0.03564292,-0.00059901265,-0.002861839,-0.00034375675,-0.0010873545,-0.0033647704
-2.691911,-0.45099038,0.09388095,0.004594499,0.98607355,0.024574164,0.056044683,0.013737064,0.007755151,0.0032518643,-0.02896259,-0.3819389,0.0038999375,0.013331245,0.0009435546,-0.003961724,0.40845224,-0.017504608,0.05406513,0.003341117,0.012598348,0.013876408,-0.0023583528,-0.001454453,-0.008299232,-0.0008170284,-0.0024508159,-0.023859676,-0.65367967,-0.00858361,-0.01386,-0.018813431,0.021997323,0.0018366138,0.019172318,0.01452525
-8.070433,-0.5614828,0.023812281,0.00059865584,-2.4881964,0.00089704257,-0.055696268,-0.0002970016,-0.00664158,0.00059450354,-0.007491876,-0.19686992,0.0017432295,0.005348862,0.005179999,-0.013603569,-0.84642977,-0.084692486,0.04382965,0.00081888173,0.007068022,0.002084493,-0.009662927,0.0017351,-0.013796809,-0.0009514841,-0.0006461458,-0.103772156,-1.0323712,-0.0083343,0.0050164806,-0.00058974733,0.007392067,-0.003210492,-0.002899184,-0.011974697
19.24957,0.28391042,0.070838585,0.00018183152,0.88930404,-0.0018031948,0.09313877,0.013737685,0.035113905,0.0020123865,0.03864046,0.70019066,0.0030810803,-0.01027189,0.0023437794,0.008571669,2.382752,0.09977738,-0.021236416,0.002780009,0.017117957,0.005094127,-0.021336034,-0.012616933,-0.008660312,-0.003803829,-0.0011332333,0.090674676,2.8069894,-0.005734067,-0.052452467,0.004789963,-0.0064417133,-0.0056800675,0.012630842,0.016285816
7.620707,-0.64124304,-0.05992,0.0027683915,0.97412664,0.016074272,0.12837125,0.0094024,-0.0161438,0.0032915033,0.05181282,0.71525884,-0.0024804538,0.008158132,0.000321087,-0.009818179,1.3899095,-0.14309707,0.025139825,-0.01840447,0.0007283887,-0.0052490085,-0.0069593517,0.0058470177,-0.0013570255,0.0009765802,4.1291907e-05,0.004207716,1.1818719,-0.005126284,-0.054439045,-0.006302636,-0.00096866715,0.010111726,0.020817492,-0.0035853423
22.396683,0.7587597,0.0308,-0.005108107,1.0073367,-0.011813203,0.08499757,-0.00022211978,0.028364765,0.0014305471,0.028222203,0.66487837,0.00053630455,-0.0028892255,0.0033120965,-0.012562528,2.6004274,0.08896,-0.1314675,0.014203895,0.009982214,0.012624506,-0.009405983,-0.012740534,-0.063068934,-0.0035190973,-0.0031462666,0.19129804,2.9979045,-0.004199848,-0.0038867504,-0.032239527,-0.013811617,-0.0119793415,-0.007089016,0.021206804
-3.2170708,-0.82433665,-0.13248274,0.0027146793,0.9459239,-0.064888425,0.075010985,-0.0052467566,-0.02423295,-0.026930572,0.017556299,-0.18876193,-0.0089828735,-0.014448208,0.008121401,0.0035421115,0.77751434,-0.34589967,0.004872669,0.00072879344,-0.010411214,-0.009709465,-0.0022309881,0.009404137,-0.0035636774,0.00046997165,0.008749939,-0.27659228,0.6219315,-0.0026411347,-0.31186175,-0.0007017933,-0.00029070218,0.00725727,0.0072331177,3.6626734e-06
-8.157871,-0.55178845,-0.061683975,-0.0019726588,-2.348687,-0.0020290583,-0.18180068,0.002219463,-0.020868883,0.0059916764,-0.0013031162,-0.16593577,0.00075566315,-0.0042211604,0.0025625397,-0.0005977635,-0.7818991,-0.15000275,0.03879308,-0.002309502,-0.0039304085,0.055742085,0.0018622292,0.002910711,0.0047617494,-0.0011141628,-0.0008038362,-0.31383875,-0.92254406,-0.008737455,-0.035581864,0.0053633843,-0.0028202145,-0.0007140479,-0.0050799465,0.00072195317
11.5991535,-0.065869346,0.05662203,-0.0050753253,0.92140085,-0.0046607894,-0.13508525,0.0077958745,0.002423382,0.003656574,-0.10771956,0.16548367,-0.0007685389,-0.009191022,-0.0014358037,-0.024685906,2.0561094,0.04339936,-0.04172771,0.008071106,0.0055486304,0.0008673846,-0.005851998,-0.0050937235,-0.019908866,0.0011116803,-0.0018206554,0.12924977,2.1043408,0.0034339665,-0.026397703,-0.0031369233,-0.004892178,-0.005763865,0.016819993,0.024177315
6.1809325,-1.4262575,0.15240274,0.0032592013,0.94644237,-0.009430657,0.1621396,-0.002814758,0.02654461,0.029024992,-0.0029492925,0.6536628,-0.006600537,0.0042802286,0.0015489988,0.0011044139,1.837764,-0.6343736,0.019030143,0.0058096224,-0.003205103,0.020615486,0.00061741844,-0.009953347,-0.05967076,0.00097148045,0.033165824,-0.08902721,1.6742624,-0.004980414,0.07374649,-0.01672024,0.0031995436,-0.022122314,0.029463086,0.0051390943
-2.8606346,-1.5687752,-0.0205086,-0.00555833,0.9764582,-0.008311793,0.042488087,0.00852594,0.028771793,-0.041662086,-0.0021891487,0.25901383,0.005369712,0.027059423,-0.0018326993,-0.0022731423,1.2483671,-0.10992592,0.010628111,-0.003291688,0.02250839,0.012946871,-0.011386106,-0.0009747723,-0.043380693,-0.0019584734,0.001486839,0.054499965,1.0188024,0.019335913,0.08393736,-0.0015658885,-0.016542444,-0.0128496,0.004001526,0.008609161
-7.8606534,-0.29899266,-0.028155947,-0.0034080055,-1.72423,-0.013110583,-0.07820794,-0.000487565,-0.017668894,0.00602494,0.006880734,-0.16835324,0.0014756197,-0.0069163875,0.0059088687,-0.003297913,-0.7425186,-0.13497971,0.026289418,-0.0023174912,-0.004750738,0.0996671,0.0052460497,0.0071226005,0.0021849205,-0.0027270843,-0.00034367817,-0.25851163,-0.96722335,-0.005715487,-0.030867966,0.00032927387,-0.0068715718,0.003655707,-0.0050798077,0.012007881
-8.069554,-0.55929005,-0.074180275,0.001775821,-2.5056016,-0.0023409922,-0.07904214,0.0010794977,-0.019590748,-0.0023698478,-0.0024585961,-0.16551453,0.00020928557,-0.015016544,0.0015882343,0.0013334575,-0.78095233,-0.15339907,0.039679877,0.0026305025,-0.003025994,0.018091977,0.007357225,0.077069364,0.010636659,0.0005678031,-0.00015579819,-0.2682562,-0.8980194,-0.0072674374,-0.029691376,-0.0018375989,0.017999912,0.059724044,0.0008182382,0.0022286498
-8.196361,-0.5297018,-0.021698425,-0.012101682,1.0481973,-0.00025895954,0.025741441,-0.0072134044,-0.0072101587,0.0034064606,-0.0001832939,-0.15974392,0.00023348824,-0.0035952176,2.3481203e-05,0.0006985652,-0.75002307,-0.13213092,0.044202417,-0.0033613865,-0.0077693537,-0.01337257,-0.0020889181,0.0003784013,0.00095387734,-0.0017185569,0.0019865665,-0.0011233004,-0.84766006,-0.00840704,-0.035676107,-0.0019099326,-0.0027589444,-0.004980231,-0.0011009133,-0.003180081
-8.101778,-0.54513013,-0.036517274,0.0027009794,1.0452621,-0.0052752504,-0.07892594,0.0022836947,-0.0049838102,0.003429118,4.0086237e-05,-0.15855315,0.0006004791,0.0016008859,-0.003915668,0.0006892784,-0.7458308,-0.13415268,0.04269433,-0.0051087444,-0.005548219,-0.01661356,-0.0003146411,0.0002050786,0.0073212204,0.0007417039,-0.00012004751,-0.00518562,-0.8387623,-0.007640085,-0.036195237,0.0004342516,-0.0056095356,-0.0021471286,0.004428293,-0.00027311093
-8.109365,-0.55836827,-0.07446987,0.0019396272,-2.5012248,-0.0012254608,-0.09437333,-0.00012463555,-0.016483594,-0.002506894,0.00321937,-0.16638651,0.00017936995,-0.01438828,0.00096120103,0.0011961375,-0.7822122,-0.1536258,0.04028737,0.002157136,-0.009159237,-0.007600862,0.007099912,-0.0017197563,0.010000839,0.00050705846,-0.00023926118,-0.26849398,-0.89794683,-0.010972804,-0.030065887,-0.0020410642,0.019831622,0.047455583,0.00067433965,-0.00050538726
2.026677,-0.0875664,0.056527413,0.006054996,0.9641583,0.017308222,0.07453806,0.006600511,-0.0049781264,0.0024970737,0.00599894,-0.40050265,-0.0004241281,0.015481233,0.006040726,-0.0012598322,1.0072677,-0.08256162,-0.017816152,-0.0012197387,0.007440109,-0.020361893,-0.013142516,-0.016782902,-0.011214867,0.00046068814,0.00029692013,-0.24760872,0.86324245,-0.007678485,0.0172261,-0.0055155386,-0.0014538837,-0.011163541,0.024803877,-0.0060879174
11.113839,0.5205416,-0.053937007,-0.0030513182,-0.36804208,-0.023164358,0.07981762,0.0016563998,-0.028409105,0.0012514889,0.04118188,0.30158615,-0.009441573,-0.017238941,0.006582761,0.008406126,1.6060699,0.008602661,-0.02257272,-0.024142979,0.005414344,0.0205713,0.017760001,0.00076775707,0.0031230424,0.0016214857,0.003473456,-0.14926822,1.2614344,-0.0027179685,0.07291979,-0.0060778335,-0.0113196215,0.0064698476,-0.0064669405,0.0004378157
-8.08626,-0.5261738,-0.052739132,-0.005574323,0.39234474,-0.0034425592,-0.034533832,-0.005354803,-0.006931443,0.004155741,-0.010376039,-0.16782747,0.00066174247,-0.008205016,-0.0045815525,0.000645239,-0.77632946,-0.14685081,0.04077198,-0.0030120015,-0.004910595,0.050117977,-0.0051653814,0.0021096622,0.003682845,-0.00068477786,0.0012507451,-0.17029315,-0.8677621,-0.0065050516,0.004361898,0.0017667626,-0.007957478,-0.0034375608,-0.0018443259,-0.0035029196
5.962525,0.15776572,0.08951111,0.004721491,-2.241523,-0.001891405,-0.1492897,0.003463115,-0.008109009,0.0030264724,-0.060845055,-0.544512,0.0036055723,0.019356824,0.0058877417,-0.0024258075,1.1096903,-0.10464491,0.025158497,0.015245291,0.0145796295,-0.1327317,-0.019076353,-0.01252646,-0.014008368,0.0015866732,0.0032418661,-0.016347146,0.84561455,-0.0049635256,0.011321393,-0.009488511,-0.017007697,-0.006711642,0.014912494,0.0098865125
11.496404,-0.33677813,0.14428331,0.0026203124,0.8886114,0.0019962308,0.09248825,0.006248751,0.020308124,0.0035052027,0.0019508464,0.53639066,-0.006803247,0.022093378,-0.022268314,0.010949546,1.8607113,-0.28966004,-0.020721648,0.0059741633,0.013967063,-0.0013145485,0.00028597435,-0.005527668,-0.013300442,0.012325957,-0.01660982,-0.027172124,1.8455589,-0.008839675,0.13739742,-0.0050034323,-0.0030447838,-0.011112229,0.01998782,-0.004001613
16.40164,-0.33745727,0.07623669,0.005058021,-1.3343607,0.012924391,-0.28139466,0.015689023,0.024435654,0.007774595,0.044169188,0.8226005,-0.0021791,0.016040009,-0.0059181224,0.013730107,2.237539,-0.057339106,-0.007276731,0.013336112,-0.030662265,0.112957306,0.019478997,-0.0076225623,-0.029684972,0.012714753,-0.00048418104,0.0993527,2.2257507,0.008649608,0.0039472524,0.0004010285,-0.008784339,-0.008235117,0.014944456,0.026179988
-8.182384,-0.5493097,-0.06255652,0.0029381316,1.0419494,0.00026660546,0.010661752,0.0020276487,-0.01718126,-0.01870446,-0.0112453895,-0.15750435,0.0016405055,0.010509706,-0.0032573189,0.0011960351,-0.71912676,-0.16800791,0.043051552,-0.005678146,-0.0048539457,-0.012695033,-0.0023509623,0.0021744408,0.0030615781,0.00077582727,-0.000667935,0.0022774148,-0.81802845,-0.007747081,-0.0055925455,-0.0002451425,-0.0033325283,-0.00019495739,0.0048406767,-0.001688427
-8.113211,-0.5298559,-0.05915025,-0.010671928,1.0683045,0.0023906592,-0.12777261,0.0037407086,-0.02219949,0.0037962599,0.00027480721,-0.1516886,-0.0135844685,0.004133406,0.00326288,-0.00031932112,-0.72191125,-0.15093428,0.04433508,-0.0033610014,-0.0074526616,0.07609784,0.004122153,0.014490323,0.008580791,-0.004550747,0.001460313,-0.17678599,-0.8441174,-0.008001517,-0.03308823,-0.0010871002,-0.001171306,0.018080426,-0.0038239574,0.0027085175
-8.125856,-0.5367199,-0.06348452,0.0007109488,0.014704163,-0.007016923,-0.08433557,-0.0028318223,-0.016062688,0.004140037,0.004546209,-0.15107349,-0.0009615644,-0.0101558175,-0.006937858,0.0012336947,-0.72118235,-0.15232278,0.039143663,-0.0037821422,-0.004373812,-0.040300068,-0.005816414,0.0023992565,0.0023440793,2.2056032e-05,0.00073954766,-0.010318165,-0.8255224,-0.008425591,-0.034671083,-0.002698736,-0.009322402,0.0008379946,-0.005150517,-0.0037940135
-8.199897,-0.5434676,-0.08069466,-0.0016074099,-2.5132623,-0.0068159592,-0.029871196,-0.0017271637,-0.016574206,0.0031228478,-0.0065558925,-0.16075647,0.0008535857,-0.01312195,0.0039217104,0.0013668996,-0.77082235,-0.15037827,0.039344393,0.0038046094,-0.0063584065,-0.015284441,-0.0064167753,0.0013592617,0.003909312,-0.000409834,-0.00036778275,-0.24151936,-0.8948574,-0.014864162,-0.03306161,-0.0031767392,0.0036230914,-0.001928946,-0.0044125994,-0.0015643539
20.65373,0.82922554,0.023882907,-0.006086339,0.89876187,-0.0043059792,0.097954944,0.005473609,0.026355872,0.0017461062,-0.008317285,0.44677374,-0.00323646,-0.0354008,-0.0015449453,-0.00486724,2.5006082,0.10071714,-0.11560987,0.0054277764,-0.00029362977,0.00804008,-0.0060747135,2.2636683e-05,-0.037073046,-0.006262873,0.0038693405,0.22712958,2.869388,0.021903995,-0.017278617,0.004235501,-0.008004612,0.0036741295,-0.014327615,0.019922461
-8.20005,-0.5312271,-0.056930732,-0.00041687724,1.0614592,-0.0049044564,-0.043453082,0.001327984,-0.011832665,0.0033253527,-0.0075068,-0.1645165,0.0009688426,-0.013288379,0.0018708879,0.0012550303,-0.74628675,-0.15924418,0.031021934,-0.004153388,-0.008216615,-0.023328934,0.00048703596,-0.0020716337,0.0012662245,-0.0037444388,0.0009875884,-0.0296427,-0.85070455,-0.008471674,0.0017676551,-0.0018054062,-0.008463906,0.0040064054,-0.0040139253,-0.012734113
-7.330235,-0.2723552,-0.06698671,0.0033756394,1.0453278,-0.011516194,-0.001394858,-0.006498338,-0.017503977,0.0041885143,-0.0018622926,0.019580245,-0.0008007464,-0.019763172,-0.0030743943,0.00073726906,-0.43841013,-0.17262381,0.0036001713,-0.008380989,-0.0056735654,-0.0129891485,0.0031381333,0.0011622662,-0.0009235002,-0.00034863572,0.00047962897,0.0035649696,-0.81809115,-0.006480796,-0.031891134,-0.0022439002,0.007772783,0.013338103,0.0133548975,-0.008800007
8.165042,0.6002111,0.05947548,-0.007982287,-2.167019,0.0022284174,-0.15418091,0.0009913004,-0.0009460478,0.0015194081,-0.11895236,-0.634685,0.0032185207,-0.0082051335,-0.0021957755,0.023680346,1.3012134,0.060005076,-0.02871681,-0.0030210838,0.010079154,-0.018708697,0.009340389,0.0005466045,-0.015504617,-0.0036402238,-0.005754161,-0.00268095,1.0259609,0.0065962537,0.036171664,0.009189498,0.011724274,0.009259534,-0.00869827,0.013842792
4.162035,-0.74534017,-0.08115641,-0.000689084,-2.3526187,-0.025291843,-0.2327922,-0.0044937497,-0.02964333,0.005296458,0.033593122,0.8819632,-0.013000382,0.0020316122,0.010471524,-0.018703377,1.435242,-0.16639847,0.048058644,-0.015696246,-0.04267178,-0.052424926,-0.0030558186,0.020654129,0.029692423,0.00030000703,0.010878536,0.08948881,1.5148113,-0.0137765175,0.04117983,-0.022027895,-0.008698491,-0.018894076,-0.005718736,0.006610629
2.074961,0.36140138,-0.04264373,-0.006987254,0.9222451,-0.013505644,0.07353993,-0.027770817,-0.01622685,0.003225303,0.03520636,-0.31248716,0.0008833678,-0.030094987,0.0033507461,0.0077125356,0.936607,-0.050230306,-0.020301526,-0.023596939,-0.012196783,-0.007553864,-0.017157927,0.003853807,-0.0011520333,0.0018163888,-0.014001622,-0.47015375,0.7787908,-0.013862177,-0.00880373,-0.0069436305,-0.009679575,-0.0016787165,-0.0065772277,-0.008224365
13.148938,0.66699326,-0.04057097,-0.008859134,0.93557674,-0.010147814,0.09245514,0.00022797508,0.029550087,0.00097586535,-0.040938105,0.24436584,0.0005538511,-0.026827922,0.0026553595,-0.006099838,1.6682639,0.05914907,0.005398272,0.027439393,-0.01475211,-0.009293691,-0.023941452,0.004505801,-0.0028309666,-0.006931919,0.0010327722,0.29804733,1.4300407,0.012943808,0.07606422,0.0050608283,-0.011151763,0.0058682733,-0.00738807,0.032645635
-5.716567,-0.27914798,-0.072019875,0.0011770066,0.80112153,-0.020150501,0.07373861,-0.0056712925,-0.016534703,0.003349055,-0.005943355,-0.031709008,0.0049511646,-0.020107899,-0.009218748,-0.024413753,-0.21196316,0.06882913,-0.010459965,-0.017589077,-0.008512922,0.00011507732,-4.77925e-05,0.0021456052,-0.009617632,-0.00030268196,-0.0022963735,0.06088875,-0.92846024,-0.0077865124,-0.014963022,-0.00079309207,0.01963834,-0.00806825,-0.016307833,-0.0026553923
-8.0839405,-0.5621333,-0.0623464,-0.011019744,-1.7322966,0.0005802723,-0.07708601,-0.006221731,-0.016507085,0.005128886,0.00020960582,-0.16487467,0.00017379588,-0.0040893904,-0.003990413,-0.0042466084,-0.7605855,-0.14695239,0.03548104,-0.0013025821,-0.0056493115,-0.033000506,-0.0033575115,0.0008758106,0.0020425417,0.0008385321,0.0017677343,-0.12023979,-0.9089865,-0.008775501,-0.03340843,-0.002110308,-0.009524629,-0.00058309553,-0.001736568,-0.005758613
-3.4959903,0.0673513,0.007562731,-0.006024668,0.95857906,-0.00013390463,0.009186317,0.001273268,-0.012834043,0.0029276714,-0.029426306,-0.37787324,-0.031265322,-0.016676666,0.003399659,-0.0069087977,0.3753163,0.012147531,-0.0070159007,0.017333627,-0.0050247787,0.025075644,0.012021877,0.0066083306,-0.00025460907,0.0017258358,-0.006091715,-0.029896071,-0.8123275,-0.01680958,-0.010537495,2.3279503e-05,-0.01048241,-0.010978691,-0.015812324,0.004564881
-8.132032,-0.54775655,-0.056679655,0.006512178,-2.4391673,0.0011455446,-0.09394197,0.0048009637,-0.012509737,-0.017407484,0.021449156,-0.14268415,-0.000455888,0.008580986,0.0025791824,0.00095469767,-0.739163,-0.15865673,0.034548007,0.0153247295,-0.005095594,-0.15216802,-0.0063002477,0.0020756528,0.0012752033,-0.0016762024,0.0012199911,-0.024926873,-0.86694366,-0.012476949,-0.02430601,0.0078127775,0.010744812,-0.00078622473,0.0046934425,-0.008552476
-6.0001135,-0.6314635,0.013853695,0.0006033092,1.0010936,0.014522611,0.040636133,0.0048305234,0.012247383,-0.010989621,-0.0029382638,-0.18026268,0.0006956761,-0.00039427512,-0.0006512128,-0.014546868,0.33990052,-0.24534355,0.025657637,0.01920921,0.0049392357,-0.033253096,0.00051106757,-0.003712048,-0.005234152,-0.00017731055,0.002681926,-0.06767759,-0.56937087,-0.009824264,-0.017256899,-0.001626518,0.01545189,0.00046909298,0.005935467,0.0015259181
-8.266207,-0.5553543,0.033160534,0.0033985393,1.0652449,0.0018403713,-0.0058519216,0.003397415,-0.015463215,0.0029026945,0.006166748,-0.1721414,0.0010958101,0.008356019,0.0021794932,-0.0019981966,-0.76618284,-0.1279137,0.03168795,0.0034391063,-0.0013689722,-0.035983812,-0.0015579453,-0.000622104,-0.003054423,0.0008706439,-0.00039836633,-0.02940616,-0.84649307,-0.015286548,-0.028029358,-0.0066190017,0.006863046,0.003922395,0.009181296,-0.010181924
-8.1652355,-0.5449785,0.008742334,-0.0016838725,1.0468329,0.0009273422,-0.012256947,0.00027462083,-0.008215797,0.0033702021,-0.005715537,-0.16674055,0.0010646844,0.010541152,-0.0003917649,0.0008034063,-0.76118946,-0.13793664,0.044520687,3.41665e-05,0.0005945353,-0.016675217,-0.0036228027,0.0018487221,0.0032918092,-0.0017756469,-0.0011537321,0.0005650547,-0.8749045,-0.008533078,-0.009086027,-0.0034372853,-0.00353674,-0.005218995,-0.0052143657,-0.00048078827
-8.15506,-0.53108364,-0.030272497,-0.0029644335,1.044214,0.0015770734,-0.0075950082,-0.007874596,-0.014756917,0.003325911,0.004360737,-0.15924226,0.00017722552,-0.004764185,-0.0033985057,0.00079714746,-0.73673344,-0.13591926,0.04223796,-0.0034841704,-0.009453862,-0.020888442,-0.0005854399,0.0012588346,0.0017975371,-0.0012960676,0.0011472676,-0.003387926,-0.8425569,-0.008358769,-0.035144772,-0.001859006,-0.00341234,-0.00037472774,-0.006029882,-0.0031524335
3.4959958,0.50534725,-0.110273436,0.0008558054,-2.2425137,-0.015887352,-0.29071465,-0.014233624,0.003918297,0.004382038,-0.07740259,-0.019100113,0.0052526793,-0.0075611854,-0.004274271,0.0008002576,1.5309699,0.07056476,-0.016092174,-0.0069765765,-0.040830962,-0.04977978,0.013535422,-0.018450947,-0.00045879916,0.0006869507,-0.008856085,0.10464406,-0.78309953,-0.0022537985,0.0014333049,-0.011655737,0.01807349,0.009493758,0.00041618114,0.016137656
-8.271366,-0.55605924,0.031969134,0.0025152222,1.0656283,0.0009146868,-0.004959985,0.0007260224,-0.010208897,-0.00039891634,-0.011493683,-0.16745718,0.0016415925,0.002536511,-0.0027430935,0.0007800449,-0.74441165,-0.13007767,0.033072993,0.0050924853,-0.006430168,-0.05210541,0.011964342,0.0009113616,0.009992247,0.00046590823,0.0006172383,-0.019302122,-0.8357162,-0.009604476,-0.03475891,-0.0035169534,-0.0022365192,0.0010427531,0.005057541,-0.011360294
-8.156378,-0.550426,-0.0592285,0.000623464,0.38202786,-0.0023015044,-0.024230856,0.0026525168,-0.018173909,-0.0067474544,0.0020729054,-0.15772662,-0.005428355,-0.0025036295,-0.0020806282,0.0016004107,-0.7240058,-0.14887385,0.038102463,-0.0026337602,-0.0054127676,-0.037074808,0.010277496,0.0032310234,0.0021842031,-0.001081436,-0.0007791669,-0.009396308,-0.83222646,-0.008358777,-0.03518113,0.0014266096,-0.004944347,0.002673986,-0.0043834024,-0.0023533353
-6.7687473,-0.16415714,0.022092983,-0.008063905,1.0996611,-0.0133567825,-0.014883824,0.001054116,-0.003488213,0.0029372086,0.001400142,-0.19979274,0.0046793143,-0.012130248,0.001123907,-0.0032779675,-0.6758811,0.0009780655,0.010868911,-0.0015710453,0.0034993812,-0.0056628706,-0.0020751413,0.0057178745,0.0024124908,-0.0012922154,-0.014678334,0.11663899,-1.0978514,0.0025291734,-0.004423662,-0.0016716662,0.020551663,0.006776102,-0.0070397905,0.033045325
-8.2432575,-0.5441295,0.010583962,-0.0015253542,1.0590363,0.0015297631,-0.0036721216,0.0024022092,-0.0073708724,0.002926387,-0.009514639,-0.17274548,0.0014256845,0.0035429862,-0.0004941482,0.0005815751,-0.75035113,-0.14501406,0.0346342,0.0032306549,0.0014458725,-0.01944288,-0.0024520764,0.0023572347,0.003849807,-0.0024727301,0.0029303741,-0.011528199,-0.87778044,-0.009398231,0.016659172,-0.0028675916,-0.004642796,-0.005314797,-0.0073332046,-0.010100477
-8.166612,-0.54453826,-0.021997366,-0.00030311354,1.0495769,-0.0053741965,-0.010518311,0.0024599927,-0.004611342,0.0028886118,-0.000881404,-0.15844446,0.0005400801,0.008546675,-0.00016641001,0.0015814826,-0.7616099,-0.13902107,0.0442902,-0.003231535,-0.0057270196,-0.024242783,-0.001979539,-0.0033250216,-0.0021723094,-0.0017421655,0.002843665,-0.005989641,-0.8315155,-0.008753523,-0.030842975,-0.00033412987,-0.0045064217,0.002655329,-0.0055440925,-0.0027209718
-8.19767,-0.5484739,-0.036797274,0.0023525704,-2.4880967,0.005404671,-0.013518498,0.0023973128,-0.002126897,0.0030969672,0.00025375074,-0.16908766,0.00056636333,0.006647257,0.0025146944,-0.00037133088,-0.8089747,-0.1391614,0.039578386,-0.0020866625,-0.005347084,0.01270082,-0.0074102455,-0.00046798403,-0.00019169545,-0.00027855305,0.00237862,-0.2424226,-0.9037124,-0.014142041,-0.02749117,-0.004436276,0.0055472013,0.0020403122,-0.0034629852,-0.0014123784
-6.616951,-0.12161752,-0.07015435,-0.0038014213,-0.96747833,2.1891014e-05,-0.07311327,-0.008965129,-0.019863402,0.006130168,-5.151688e-05,-0.04097056,-0.0012771941,-0.018436596,0.0051523405,-0.010840397,-0.6000276,-0.15673651,0.007931079,0.002844463,-0.0037812507,0.11152119,-0.0024130323,0.0076074004,0.018800607,-0.0033821783,0.0014337852,-0.31546694,-0.9631546,-0.006407892,-0.03274578,-0.0018818072,0.003188622,0.0090464465,-0.00804026,0.0049115
2.0791633,0.30635935,-0.14092767,-0.0050180424,0.95354104,-0.028677778,-0.08735318,0.011157581,0.01181408,0.0043047764,-0.10677382,-0.56121767,0.0040636477,-0.03499023,-0.008530287,-0.010005923,1.0358813,0.04142534,-0.01570425,-0.019563783,-0.011060316,-0.019485349,0.017685233,-0.0063569867,-0.02521061,-0.002288464,-0.004501219,-0.06771615,0.97046494,-0.0039171935,0.037783444,-0.014100659,-0.014491374,0.010115018,-0.0042760842,-0.0034426306
-8.205555,-0.5425079,-0.0037470276,-0.011796808,1.0727879,-0.00046533186,0.011502761,0.0029053045,-0.006051622,0.0028246606,-0.0071645062,-0.16862829,0.0025911587,-0.002602766,0.0017769979,0.0016503065,-0.7493034,-0.14578362,0.031966113,0.010674454,5.2735955e-05,-0.031365193,-0.0035011694,0.0045773657,0.004718753,-0.00067326415,0.0005815148,-0.020991884,-0.8675455,-0.009020039,0.0018540008,-0.0022288798,-0.00039807678,-0.004368484,-0.00046023147,-0.010570185
-8.070525,-0.54952306,-0.059104543,-0.00542267,-1.5728313,-0.0119404225,-0.09608069,0.0018379835,-0.021187363,0.004996555,0.0013316025,-0.16138366,-0.00018123149,-0.006411987,0.0036321224,-0.0009681883,-0.76218235,-0.15273067,0.033332143,-0.0025360014,-0.0042339335,0.07398556,0.00022190477,0.012678968,0.0001954901,0.0016628368,-0.0007655614,-0.27519938,-0.91664654,-0.007656329,-0.0329644,-0.002644837,0.0046302034,0.01856585,-0.0014896326,0.0037503715
-1.8408445,-0.14238086,0.028283764,0.0034981729,-2.0600805,-0.0056049395,-0.35291877,0.028406547,-0.003860888,0.005683698,-0.022171853,-0.36931977,0.0075090462,0.030378317,0.011442945,-0.011691352,0.51871943,-0.019856676,0.0086130025,0.0031821874,-0.0026549597,0.0047553848,0.0034343787,-0.0007759718,-0.0060746134,-0.00043245332,0.0024870182,-0.030947035,-0.5851167,-0.0057469644,-0.0043917117,-0.004717743,-0.0081548495,-0.017877448,0.008341463,-0.0007836712
9.253615,0.59784496,-0.049070287,0.001854656,-1.9919108,0.025282014,-0.32078835,-0.017955558,0.0011247693,0.0058453293,0.011467446,0.2873118,-0.0015212109,-0.011017322,0.02079599,0.0077160946,1.4011123,-0.022797043,-0.050879464,-0.026474008,-0.013350847,-0.020020733,0.009570201,-0.0020167816,-0.0041332003,0.0035085396,-0.027200557,-0.44311786,1.0384396,-0.011559026,-0.019205548,-0.026842967,-0.003218949,-0.002445992,-0.008655687,-0.007418739
-8.090099,-0.55686975,0.004614218,0.003855311,1.0513757,-0.0012806779,-0.065796584,0.0035304916,-0.006464781,0.0020362104,-0.0054707536,-0.18446709,0.0013368245,0.0076503577,0.0019363202,-0.0019700115,-0.78093857,-0.09142753,0.044251613,0.0059495484,-0.0038372602,-0.015494249,-0.002687518,0.003822218,0.00031831005,0.0005111767,-0.00086442684,0.0075238626,-0.9376181,-0.006696788,0.0023509439,-0.0022333795,-0.0026628408,-0.007230721,0.0036686228,-0.0011527985
-8.116148,-0.5356103,-0.021696446,-0.008267448,1.0493332,0.003570779,-0.027980981,-0.0063899667,-0.004077162,0.0033141933,-0.010720069,-0.17155163,0.00011801488,-0.004178933,-0.0032020172,0.00079989457,-0.76440024,-0.14415449,0.045077797,-0.0032581363,-0.0056684553,-0.019325355,-0.0010090503,0.0016880813,0.0028259673,-0.0020851162,-0.0017581012,0.00306824,-0.87659246,-0.005679619,0.017888285,-0.00049859314,-0.0055161132,-0.005396809,-0.00032913516,-0.0027261183
-8.203564,-0.5524694,-0.017106086,0.0031331251,1.0451691,0.0028148224,0.011399535,0.0016945992,-0.01644877,0.003363983,0.006108179,-0.1648803,0.0006112143,0.002497233,-0.00091976876,0.00031566806,-0.736801,-0.13644251,0.044763338,0.007848446,-0.0014260245,-0.011814781,-0.0021339685,0.0046576927,0.0018266386,0.0004997901,0.0017744072,-0.0068521723,-0.857034,-0.0083253905,-0.03476532,-0.0011201666,-0.003647006,3.51903e-05,0.004719124,-0.0035376176
13.642804,0.13140562,0.051841374,0.0033050198,0.9242692,0.022697063,0.10633364,0.016196005,0.018695768,0.010135214,0.04675419,1.0160738,0.00790543,-0.016992826,0.0019172253,-0.005576298,1.5240884,0.045200072,0.09391918,0.035494942,0.0042793714,0.0126088,-0.0077735786,0.00058925024,-0.0031785583,0.002997259,0.0047988435,0.08552044,1.2701867,-0.006899148,0.0404999,-0.0010967712,-0.0023629046,-0.003565167,0.016257083,-0.007542008
18.498083,0.53010595,0.08175981,-0.010591927,0.98565966,-0.0036547128,-0.024006013,-0.0026202672,0.0260637,0.0035358367,-0.0057993582,0.3826822,-0.0002974032,0.009194477,-0.0017388184,-0.0056615975,2.1725092,0.07277484,0.026661418,0.014926895,0.015032232,0.008360061,-0.0039695636,-0.008433952,-0.02415817,-0.004791961,-0.0025743598,0.23974021,2.45028,0.017509388,-0.019584086,0.007090538,-0.012799474,0.0010622931,-0.008469202,0.030798059
5.679299,0.399605,0.12930739,-0.006462476,-2.348139,0.006351849,-0.14545678,0.00978359,0.00994832,0.0028805095,-0.058000047,-0.22592728,0.0055268714,-0.002283592,0.0036524509,0.017462097,1.3606124,0.10567368,0.122895315,-0.0031261533,0.015621091,-0.13916431,-0.029595809,-0.017801855,-0.0016713437,-0.005059843,0.002471203,0.042496644,0.110703126,-0.009018301,-0.0017053374,0.0059317276,-0.05353453,0.009143469,-0.009561095,0.01669936
6.938151,0.2403618,-0.13899386,0.0025862474,-2.1368544,-0.08099256,-0.2360996,-0.030110907,0.025831947,0.0028210438,0.007986031,0.21243496,-0.004928623,-0.017377524,-0.003407814,-0.009269353,1.3806841,-0.017008414,-0.008983014,-0.024165243,-0.022131264,-0.06786454,0.0022727353,-0.023637695,-0.009664662,0.00057364407,-0.0003669101,-0.3160641,1.0610063,-0.0029010833,0.034482785,-0.022506993,0.022725325,-0.015397913,0.0100066345,0.005425049
15.24487,0.7130338,-0.03258802,-0.0037315392,-1.8698214,0.008462434,-0.35335034,-0.030521244,0.015045092,0.0023048103,0.013260408,0.38297027,-0.003212578,-0.01224068,0.008569109,-0.0024334546,2.1731913,0.04936174,-0.047961127,-0.044265274,-0.0038162952,0.016407931,-0.033319723,-0.010064727,-0.070674166,-0.005093294,-0.004057591,-0.16807088,2.283138,-0.017923962,-0.023859454,-0.07266521,-0.0146906655,-0.023985453,-0.0040712324,-0.021739807
-8.222079,-0.5603275,-0.0188269,0.0029660636,1.0409206,-0.0009897035,0.018881042,0.004107632,-0.009879612,0.0030650776,-0.00083476567,-0.16414018,0.0013047137,0.010352309,-0.0030529175,0.0015048538,-0.7500931,-0.13666755,0.04457745,-0.0032645431,-0.006851766,-0.023639346,-0.004282901,0.000999466,-0.00015890195,0.0006835524,0.00163819,-0.020481842,-0.8156312,-0.008468588,-0.032433644,-0.0025784932,-0.0042039854,-0.0020650201,0.005056433,-0.0024679024
8.528078,0.054719124,0.06058254,-0.0005106695,-2.1956818,0.015434481,-0.215601,0.0030068655,0.023721416,-0.020705556,0.0016240848,0.3049332,0.001244956,0.0015846672,-0.0041813008,0.016648587,1.5340064,0.029810801,0.014448481,0.0074280538,-0.009284271,-0.030044254,0.019518068,-0.0021724314,-0.007399048,0.0037127913,-0.00055106025,0.14364478,1.2301818,0.00017585013,0.07719486,0.002123365,-0.01295979,-0.005255724,0.017320173,0.023739954
-8.131191,-0.5529432,-0.05630076,0.00078970304,-2.4660246,-0.018859608,-0.052141137,0.0031920043,-0.003242777,0.0032553205,-0.00041426366,-0.15971223,-0.006425537,-0.0068102223,-0.000733341,-0.00210468,-0.8146734,-0.15336734,0.04336532,-0.00450276,-0.007742814,-0.008878643,0.006930679,-0.0026710678,0.0033012838,0.00029999213,0.0021451947,-0.22516216,-0.9299043,-0.008169096,0.00561938,-0.00024157262,0.007491084,0.004196505,0.0015092113,-0.012496948
14.095123,0.7561279,-0.09313831,-0.0019113291,0.9005589,-0.023736754,0.10712313,-0.015583511,0.038947597,0.0009797389,0.05768811,0.9031967,0.0018758029,-0.021361118,-0.0044288067,-0.0053412286,1.7812064,0.057145238,0.010856484,-0.093173854,-0.052265517,0.00954336,0.007502263,-0.0018227921,-0.01150914,-0.0011629848,-0.00039265442,0.04342549,1.5376958,-0.01259662,0.11480663,-0.086051136,-0.009777265,-0.011235326,-0.0035300928,-0.011185297
-8.232331,-0.55421627,0.030913476,0.0010837334,1.0918179,0.0015194983,0.04542177,0.006022946,-0.0029045788,0.002911796,-0.00039572193,-0.16475531,0.0015848196,0.011172346,-0.003821317,0.00066232256,-0.7831902,-0.12057852,0.045557626,0.0068537802,5.893878e-05,0.09633214,-0.0040009464,0.0020896725,-0.0014135238,0.0006870952,0.0073472336,-0.1578012,-0.83900744,-0.0150108235,-0.031140784,-0.0020573626,0.0016637944,0.0018267824,0.00026884238,-0.0012530354
-8.185335,-0.5490898,-0.024185807,0.0029255534,1.0415524,0.0031998104,0.009438282,0.0023549856,-0.013523736,0.003051389,-0.0057901638,-0.16610868,-0.0040473286,0.0025491533,-0.0030461715,0.00072073867,-0.729375,-0.14825805,0.04686342,-0.0035474885,-0.005552112,-0.023762023,-0.003214597,0.0009966685,0.0035321706,0.0008911328,-0.0006255329,-0.0038433291,-0.8536363,-0.009048174,-0.004410269,-0.0023895192,-0.0048486223,0.0006433851,0.004856613,-0.0027410074
22.430292,0.5742418,-0.038947593,0.0025173337,0.98115486,-0.018031973,0.11235953,-0.0040662093,-0.042172432,0.0020416812,0.020992003,0.6162079,0.0026647984,-0.005668887,-0.0011753078,-0.0055859243,2.4898565,0.09933355,0.12015571,0.011189003,0.015159932,0.012527514,-0.011411741,0.0032941822,0.015142131,-0.0061943405,-0.005839147,0.23615693,2.9209218,0.00065467984,-0.014350661,0.010588178,-0.0057461048,-0.019566841,-0.01851883,0.027576523
17.107208,0.78413,0.011555495,-0.0017353453,-0.15107086,-0.00572492,0.07043052,-0.022516489,0.016339008,0.0015885513,0.008826445,0.6806573,-4.8956932e-05,-0.01627469,0.00971064,-0.0048027197,2.173142,0.016658334,-0.021444421,-0.06777465,0.013386106,0.07710139,0.00738768,-0.011858288,-0.019173393,-0.0045559118,0.0030376327,-0.044679098,1.5854851,-0.012191756,0.06761137,-0.04316998,-0.009020149,-0.0034620627,-0.015353462,-0.0054989937
6.378573,-0.093602255,0.004900081,0.0010098965,-1.8350191,0.018881485,-0.24502267,0.011381978,-0.014799195,0.005808757,0.021963257,0.2724762,0.0018356489,0.025269737,-0.005107065,0.0044241566,1.3406038,-0.14492618,-0.019169424,-0.00651791,-0.0033028708,0.04768675,-0.0091892695,0.013933415,0.0048311288,0.0038005612,0.008184199,-0.29105237,1.0305904,-0.009308907,-0.14600033,-0.0016910547,-0.019264223,0.0027102234,0.0007811227,0.0025796576
-8.175944,-0.5269706,-0.023911603,-0.0028557035,1.0474586,-0.0008578606,0.013103914,-0.0039743483,-0.0053464253,0.0034028825,-0.0056510963,-0.1606993,0.0001933819,-0.0050528613,0.0027218317,0.0008373025,-0.759144,-0.13605735,0.0439767,-0.002140538,-0.007981355,-0.010384381,-0.0017931737,0.00087757065,0.00196373,-0.0002737642,0.00096748234,0.00047280037,-0.87676334,-0.008428486,-0.011194449,-0.001585859,-0.0035690272,-0.0012257426,-0.0051537273,-0.0019474722
-8.170795,-0.5296225,-0.06685243,-0.00017216254,1.0379325,-0.004081333,0.010399198,-0.004946653,-0.014432934,0.0028308022,-0.00029061633,-0.15027677,0.00066839415,-0.011686321,7.123882e-05,0.0013091259,-0.7200465,-0.15604617,0.042034786,-0.0034618883,-0.005045708,-0.023379005,-0.00209741,0.0011083175,0.009788534,-2.3643413e-05,0.0011061535,-0.0033342561,-0.81324667,-0.00852544,-0.034010466,-0.0018703662,-0.0058429954,-0.00054121146,-0.005424742,-0.00074124674
-3.6513228,0.34697896,-0.07764436,-0.0083200615,-1.2344608,0.011586093,-0.29290283,-0.0018572368,0.002791083,0.00554213,0.0036608824,-0.27358142,-0.00590583,-0.012749578,-0.005147512,0.0031366807,0.30574274,-0.25664616,-0.008309131,0.0042918837,-0.0016034899,0.09341321,-0.00035478317,0.0038030127,-0.0054014716,0.0014923052,0.0022759624,-0.2733839,-0.67835087,-0.0059423987,-0.004293897,0.0034635558,0.0034805248,0.005785173,-0.010108799,0.0041018487
16.415882,0.765611,0.011539015,-0.00997347,0.8290304,-0.014812476,0.07094805,-0.013249907,0.016163396,0.0030268265,0.054240514,0.5738012,0.001502253,-0.0027114928,-0.0016748005,0.0065002395,1.9545616,0.0655842,0.01395981,-0.006351079,0.005575611,0.07182844,-0.003802165,0.002667363,0.030433668,0.001415826,-0.0011110051,0.04339141,2.24843,-0.01655091,-0.019164065,-0.020115113,-0.0066780276,-0.0072014756,-0.006581997,-0.011814463
6.0094795,0.28867418,0.07388805,0.0023329959,0.9587767,-0.0048067877,0.018262733,0.0049670823,0.0056220917,0.0061896476,-0.105341114,-0.6103753,0.003768285,-0.02290038,-0.0041164723,-0.0056900294,1.268307,0.049029615,-0.033203892,0.0037876777,0.013630886,-0.015794547,0.02691541,-0.0013076516,-0.00419075,0.0017484765,-0.0038515625,-0.042957224,0.9910482,0.0078004715,0.054746795,0.008127793,-0.016001254,0.009119956,-0.007068081,0.010886546
15.274606,0.15732476,0.0074156104,-0.001913622,0.89059716,-0.016998779,0.1123288,0.0096798735,-0.05008736,0.0030662057,-0.008061114,0.33239076,0.0006371389,0.044029184,-0.0020470975,-0.004519883,2.147992,0.027485408,-0.029433103,0.004084018,0.012479349,0.07462367,-0.02825531,-0.006960235,0.001452152,0.00043822388,0.003183727,0.20984016,2.4387248,0.0052679013,-0.032864578,-0.0011643163,-0.013543397,-0.013915981,0.005424966,0.027795395
12.526668,0.5218357,0.05673265,-0.0017251685,0.20475172,-0.0012176567,0.08407721,0.0067697153,0.022901036,0.0015622645,0.03990473,0.37276563,-0.0025279624,0.008266338,-0.009051237,0.0027178351,1.6194966,0.027766217,-0.035658117,0.018935157,0.0053828643,-0.012994383,-0.020012042,-0.006147732,-0.030879043,-0.006890496,-0.0067269234,0.010676727,1.329642,-0.0034296268,0.101855636,1.1118402e-05,-0.011571869,-0.009499848,-0.014865213,-0.006127442
-2.45663,-0.4713579,0.0068235802,0.005364524,-1.7092774,-0.00031710323,-0.32360852,0.005013267,-0.022970796,0.0023102884,0.0013192492,0.30373323,0.008619808,0.00074161164,0.0075932834,0.010826543,-0.33687598,-0.14701459,0.094523646,-0.008470978,-0.0036529957,0.08518739,-0.007634121,0.0035695555,0.08035462,0.0014653206,6.5651e-05,-0.15112199,-0.5596471,-0.005541818,-0.005503333,0.00015837676,-0.017852725,0.019977035,0.011179049,0.009223486
-1.4459643,-0.0063960464,0.050099302,0.002555092,1.0186869,0.013244999,0.06990547,0.013977348,0.015841743,0.0026892286,-0.015706128,-0.4040478,0.0053021745,0.03482588,-0.0015772369,0.0038103708,0.51036435,0.06791953,0.0026287518,0.008083655,0.015261725,0.02658423,-0.0010739167,-0.009764521,0.00047580226,-0.00020400462,0.0030366539,0.07285634,-0.7583759,0.004844908,-0.020969508,0.003996512,-0.004391248,-0.0020436388,0.020600902,0.018964134
21.227518,0.70138025,0.048185285,-0.0024566902,-2.1880016,0.0031952667,-0.10611987,-0.0003485873,0.019905975,0.00594721,-0.006359186,0.45017067,0.0033433684,-0.006107755,-0.0011717522,-0.0039867233,2.454326,0.088536456,-0.06772177,-0.0032935336,0.016182557,-0.10210262,0.03158712,-0.008444632,-0.018248497,-0.0047911243,-0.0021391807,0.16086186,2.3594594,0.028506918,-0.010209078,0.0067997472,-0.00086911366,-0.005664064,-0.0051573375,0.03028293
-4.457775,-0.8127638,0.0780025,0.0015572748,1.0456905,0.023321047,0.059385113,-0.00028671054,0.015580771,0.005000811,0.0070991633,0.1117496,-0.008162331,-0.0070884456,0.0016182769,0.0011792744,0.48946553,-0.3866865,0.049924858,-0.0053897523,-0.009326297,0.035375305,0.0009561309,-0.0038474838,-0.00887829,-0.00013255277,0.00097065733,-0.23869254,-0.50686747,-0.010512088,-0.025119,-0.005199433,0.009863986,-0.0076052425,0.004716793,0.00046918422
0.35327375,0.37751263,0.012682867,-0.0011151216,1.0381368,-0.0027377885,0.17825204,0.0052292375,-0.007011219,0.0036546474,-0.023490926,-0.3343437,0.007721113,-0.01965625,-0.001644034,0.01144618,0.67655146,0.0782147,-0.015276046,0.010156444,0.002382022,0.05928005,-0.0027544582,-0.007616475,-0.00108284,-0.0032843184,-0.001333332,0.23300567,-0.74754536,0.00062623445,-0.03325687,0.0028901543,0.012578012,0.0042296154,-0.008447698,0.044585574
-7.715984,-0.3688117,-0.033209145,0.0020341747,1.0577646,0.0018881414,-0.08111097,0.0038144013,-0.01602575,0.0026773496,-0.003868324,-0.17776328,-0.0036597368,0.0030832498,0.0003089705,0.0017813743,-0.68560195,-0.113191634,0.046419032,7.196298e-05,-0.007762198,-0.019824246,-0.0026229932,0.0020258173,0.0023529518,4.8081518e-05,0.00024390778,0.009489791,-0.91721654,-0.008668864,0.017915696,-0.010798847,-0.009285888,-0.0026236053,0.0066020065,-0.004015623
-8.086109,-0.5267326,-0.06657362,-0.0023071198,1.040538,-0.0038926858,-0.07345044,-0.006889917,-0.017940382,0.003525636,-0.00069146964,-0.14743379,0.00028536373,-0.011145701,0.002745878,0.0019310577,-0.712521,-0.1494069,0.039860945,-0.002097127,-0.0076962626,-0.015376405,-0.0034441561,0.0011815705,0.008575613,-0.0025396517,0.0021114408,-0.0033609807,-0.8294774,-0.0077895913,-0.03495573,-0.0020248056,-0.0026734367,0.0004627856,-0.0045737373,-0.0005152348
-3.53478,-1.0810939,-0.21095246,-0.0017637081,-2.2487218,-0.06372301,-0.1292802,-0.0048083654,-0.11126634,-0.02937484,-0.0070645213,0.67211616,-0.0067684725,-0.021945102,-0.00048061906,-0.0018704183,0.65215075,-0.40415895,0.01676633,-0.0021458205,-0.012338073,-0.18583715,0.031414066,0.01528365,-0.0059000384,-0.0042459597,0.0019964627,-0.12543036,-0.5297932,0.010394266,-0.044585057,0.003525127,0.017296521,0.010413924,0.004350841,0.004086473
-8.153319,-0.5280724,-0.062893845,-0.007714584,1.0433651,-0.0016966927,0.010821367,-2.2254408e-05,-0.018720409,0.003374937,-0.010419508,-0.16543971,-0.00056252023,-0.009262368,-0.0030777096,0.0015792483,-0.7243294,-0.1574422,0.042243935,-0.003957388,-0.005522808,-0.013825758,-0.006810921,0.005723141,0.004352972,-0.0017201736,0.00095324335,0.0010439048,-0.86256576,-0.0068372507,0.018191962,-0.00037756824,-0.0041035884,-0.0016580798,-0.0006161474,-0.002745666
6.803508,-0.29493922,0.05933745,0.005452307,0.9890342,0.013782427,0.10832616,0.006556616,0.0076841414,0.0027185108,0.027657446,0.18303742,0.0009100734,0.014902375,-0.0020897817,0.0020944008,1.3602635,-0.08348729,0.0014098546,0.008403306,0.012839356,0.0055188295,-0.017332781,-0.004684731,-0.016704027,0.0027293116,-0.0022477356,-0.023108464,0.9673636,-0.008412115,-0.10761551,-0.006069181,-0.010100819,-0.009477626,0.022287175,-0.007448774
-8.082837,-0.5256641,-0.0494809,-0.001340358,1.048525,-0.019161135,-0.04323219,0.00505691,-0.011843885,0.0021697683,-0.005327145,-0.1665621,-0.0047387336,-0.0048824614,-8.80761e-05,0.002466356,-0.79011774,-0.040718343,0.045094647,-0.0019393438,-0.0056761582,0.017141929,0.0040579736,0.0040195733,0.0037792563,-0.0021889012,-0.0006847306,0.0030857094,-0.9401487,-0.0015528692,-0.007080353,-0.0062075867,0.00067153753,-0.0022835354,-0.0024941424,-0.005110576
11.334541,0.4106047,0.042119265,-0.0013030074,-1.1336817,0.005447355,0.032332066,0.014605115,0.016468689,0.0024899768,-0.009061861,0.30687153,-4.5107114e-05,0.0036518394,-0.0037728767,0.0141594,1.5620791,0.029802313,-0.013010212,0.012027812,-0.014643277,0.013984147,-0.009030991,-0.0049844543,0.011809234,-0.0010962215,0.0016653559,0.039940186,1.3310176,0.018940683,0.17443195,0.0063728704,-0.013439315,-0.008804796,0.008637704,0.020155054
-8.079868,-0.54207057,-0.055846997,-0.0032393765,-0.67650163,8.778914e-05,-0.072588265,0.002576062,-0.019532768,0.003780864,0.002175933,-0.16607702,-0.0040383693,-0.0031468414,0.0065563973,0.001244477,-0.7488757,-0.14777377,0.0353456,-0.004004372,-0.0064755455,0.10357681,0.008062908,0.0024676262,0.008675604,-0.0014931292,0.0015644326,-0.25969204,-0.8988568,-0.0069240136,-0.03559544,0.00018024034,0.0054697646,0.0022601248,-0.0045444965,0.0056652306
-8.190364,-0.55280864,0.026526235,0.0020564364,1.0554638,-0.0012121239,0.005014142,0.003706974,-0.012794463,0.0037439894,-0.0042485246,-0.17505099,0.0004930351,0.0062482497,0.0034604138,-0.0020817718,-0.80559826,-0.12795159,0.04373582,0.0011168948,0.00067335233,0.0098489355,0.011096781,-0.0031400644,-0.006324619,-0.00225511,0.0026346785,-0.09272979,-0.888273,-0.007979498,-0.0023964115,-0.0005518369,-0.0040127165,0.0045386427,-0.0060547953,-0.0017991891
15.410895,0.25698027,0.07771114,0.0042462666,0.8943496,0.019349854,0.09792786,0.016283177,0.016234305,0.0025929878,0.04079633,1.0577049,-0.018948989,0.011314187,0.0039794147,-0.009226487,1.6475928,-0.032095753,0.06005316,0.033283774,0.0033395446,0.05836838,0.0034313672,-0.0014732615,0.0038298431,0.000880075,0.0016549402,0.07122453,1.4967777,-0.008439814,0.2639086,0.00501881,0.0023703487,0.0045419293,0.011897573,-0.009125448
-8.123354,-0.56159085,-0.08260677,-0.00028322215,-2.513509,0.0031834517,-0.06564628,0.006784739,-0.01474656,-0.030779341,0.0049839583,-0.15982401,-0.005303837,0.0018165325,-0.00037689522,0.001546375,-0.7695322,-0.15870382,0.042155813,-0.0032637801,-0.006636087,-0.027936786,-0.0049284906,0.0026692257,0.0031160899,0.00071328826,-0.0010313652,-0.2927083,-0.875804,-0.012723037,-0.0332812,-0.0005655165,-0.00237568,-0.00071708625,0.0020560173,-0.0017911684
-8.206506,-0.54986006,-0.061821282,0.0012538625,0.041003864,0.005465733,-0.008409577,0.0011964319,-0.014503036,-0.038732644,0.00029140228,-0.15685004,-0.003972713,0.0020887798,-0.004758174,0.0010772654,-0.72153914,-0.15985222,0.04198778,-0.004180377,-0.0038496521,0.104731835,-0.002151834,0.0010824897,0.0014522041,0.0005168258,-0.00072990934,-0.25396734,-0.801156,-0.0071171205,-0.034510456,-0.0019194552,0.009377586,0.0010983255,0.0029743435,0.008153692
-8.17151,-0.53915507,-0.014938791,-0.008444366,1.0486875,0.0050309757,-0.010748226,0.0031499055,-0.006764963,0.0033913425,0.00403076,-0.16178505,0.0027872352,-0.0012235589,0.0028688388,0.0010234833,-0.75608355,-0.13007171,0.044225775,0.0017945771,-0.0040540504,-0.017743995,-0.0073853736,0.00087941764,0.008832081,-0.0005731628,-0.0016245182,-0.007302023,-0.84888613,-0.00864322,-0.033967793,0.00046717637,-0.002725008,-0.004560785,-0.00053305307,-0.0028085615
-7.899764,-0.551831,-0.018490281,0.003622085,-2.512573,0.0061779954,-0.103365585,0.005418212,-0.0035340139,0.00482388,0.027367912,-0.15329498,0.0015135894,0.0125205945,0.0024406856,-0.0005406791,-0.6382064,-0.13069156,0.033597276,-0.0038483518,0.0057013645,-0.1587521,0.00478141,0.0018711134,-0.008330056,0.00050734903,0.00082403724,-0.029402874,-0.88337106,-0.014603701,-0.028325617,0.00394334,-0.0034872608,-0.004371415,-0.0021907361,-0.007957841
-8.176393,-0.55085725,-0.018720325,-0.0015060615,1.0478168,0.0019655868,-0.008311065,0.007348302,-0.009009513,0.003061878,-0.00069641735,-0.15950935,0.0009543315,0.0012929942,-0.0031101413,-0.0006292424,-0.7631869,-0.14039059,0.04364491,-0.0025961464,-0.007218764,-0.018798476,-0.00078527676,-0.000817714,0.0037420068,-0.0020729846,0.0015415004,-0.005572989,-0.82281226,-0.007053887,-0.030356385,0.00028234703,-0.0046377983,-0.003141245,-0.0056258286,-0.0005709646
16.675747,0.62525636,0.058778733,-0.0037898535,0.87482643,-0.008454689,0.078450106,-0.011435942,0.018843563,0.0029127828,0.010465875,0.40886173,4.805327e-05,-0.009911558,0.008053419,0.0041724597,2.1702802,0.041794833,-0.01859797,0.0149019845,0.015393303,0.04794347,-0.0057257027,-0.002511495,-0.011048266,-0.0061124447,0.0031830482,-0.004288628,2.357008,-0.008508799,-0.011093011,0.006360525,-0.010717087,-0.0080368575,-0.0056910994,-0.0039800014
-8.126291,-0.5368118,-0.064052366,-0.0016134225,1.0332773,-0.0050807185,-0.025254749,-0.0012176831,-0.018258633,0.0028814098,-0.0002683057,-0.14799206,0.00015384072,-0.011205174,0.002427234,0.001607599,-0.71382767,-0.15890603,0.04037972,-0.0019393454,-0.0065080253,-0.025424896,0.0004381308,0.0017040309,0.010413725,0.00030267413,-0.0012996243,-0.003915634,-0.81424415,-0.0073339483,-0.035665005,-0.0026201087,-0.006003383,0.00011190628,0.001094851,0.0002872749
0.21995793,-1.5748761,-0.12506126,0.002135067,0.9847424,-0.020490328,0.04400144,0.009715689,-0.03706156,-0.0043882793,0.0009742003,0.47687647,-0.0065879817,-0.0069015212,0.007934116,0.006218452,0.8991831,-0.27263188,0.041685484,-0.008551834,0.011053382,0.02513625,-0.011774439,0.019186497,0.008691078,-0.0005520702,0.0011686431,-0.3159597,0.9136736,-0.0028992828,-0.33136183,-0.012736079,0.0066202083,0.014998749,0.009486422,-0.008447596
-8.136524,-0.54616624,-0.015038616,-0.014368521,1.0470166,0.0043996694,-0.047358844,0.003344183,-0.013383503,0.003351284,0.0047400803,-0.16221996,0.0012469555,0.007144844,-0.0008569968,0.0014299733,-0.7432598,-0.13660699,0.043985426,0.008296368,-0.00083657634,-0.015975539,-0.0030183892,-0.00040785986,0.0028769902,-0.0017338889,0.003186027,-0.0048622508,-0.8574289,-0.008957866,-0.035375614,-0.0018180375,-0.003516825,-0.0016029181,-0.00026030705,-0.003233838
-8.201346,-0.53735834,-0.05718786,-0.002358208,1.0436387,-0.010048721,-0.015752349,-0.0042226305,-0.0073620845,0.0029783898,-0.012622167,-0.15801236,0.00029921546,-0.013684911,0.0023128374,0.0012767247,-0.73403007,-0.15778483,0.030420953,-0.0019510915,-0.005314071,-0.03441308,-0.0036563112,0.0021665099,0.0046117604,0.00048037106,-0.0022999991,-0.025728757,-0.81834924,-0.00935104,-0.00049628044,-0.0018713514,-0.0013322647,-0.0035029303,-0.00470541,-0.01294145
-3.0776956,0.20171347,-0.09171074,-0.0032034684,0.95774907,0.014524658,0.020370256,0.0019348719,-0.0257916,0.0042314315,0.001886641,-0.22882666,-0.01098801,-0.0085343085,0.004015235,-0.00034027058,0.42222336,-0.18187407,-0.0038478337,0.0034231537,-0.005600509,0.013020782,0.015720341,0.0023650678,0.0023670408,-0.007930112,-0.0024815185,-0.07212729,-0.7706784,-0.0046468168,0.006444797,-0.00042688334,-0.008150622,0.0070185,-0.021157905,0.0079160845
11.024512,0.6646129,-0.06881114,-0.0011388225,0.8803035,-0.025779484,0.10255481,0.0019876768,0.032691702,0.0011611807,-0.04978244,0.21714474,0.0017313238,-0.03289128,0.0025990822,0.008099836,1.5920745,0.047992285,-0.023973985,-0.03313459,-0.034166347,-0.010400825,-0.013171306,0.003807515,-0.0034850447,0.0033168276,0.0019871232,0.16209555,1.2953961,0.010444464,0.07640852,-0.014954868,-0.004006722,0.01275962,-0.009352362,0.016277153
4.9256163,0.35016322,0.07409297,0.002325881,0.95436174,0.0021081474,0.09169388,0.0026931232,-0.013049519,0.003561579,0.015767293,-0.32090577,0.0032101874,-0.008422774,-0.0027672204,0.006908961,1.0435328,0.003929598,-0.03409309,0.018610008,0.011728471,0.003274437,-0.014721383,0.0033525939,-0.006953033,-0.001925201,-0.009943265,-0.31657135,0.9097989,-0.0072757285,0.019012157,0.00058425975,-0.0076819784,2.1803193e-05,-0.0088536525,-0.006706204
-8.182355,-0.546114,0.039154824,-0.0030560968,1.0480278,0.0013366147,0.009410693,0.00355015,-0.009627404,0.0023492004,-0.0080625685,-0.18953739,0.0013493642,0.0016992328,0.0035702733,0.0005081983,-0.8148672,-0.073039085,0.04333638,-0.005547622,0.0012635253,-0.007087467,-0.0036497994,-9.27226e-05,0.0020294795,-0.004074564,0.0056913546,0.004819088,-0.9537847,-0.0037909758,0.007847736,-0.0007370075,-0.0028506578,0.007062527,-0.004819142,-0.001728327
24.297016,0.8552559,0.023673084,-0.0030837564,0.10059063,-0.010668984,0.1304198,-0.023185898,0.025279198,0.0031321805,0.03309261,0.69677484,-0.0020100893,-0.0313205,-0.007234657,-0.014195471,2.70591,0.098564506,-0.06468732,0.0091727795,0.0059770085,0.07570309,0.006293256,-0.0001252266,-0.0558629,-0.0039479947,0.005640054,0.21596867,3.1335666,0.0028562343,0.008430598,-0.035764683,-0.003063914,-0.010139534,-0.011278107,0.016095733
-1.4752659,0.27207887,-0.003590083,-0.011606506,1.0017228,-0.0065362463,0.05974801,0.0008357593,-0.010620674,0.002081353,-0.025647124,-0.4119737,-0.020800475,0.009226831,-0.00013731554,0.0034440998,0.37511575,0.036555283,0.11368791,0.0024816727,-0.002054053,0.013810264,-0.0069687315,0.0013212375,-0.0004508918,-0.0011505341,0.0013254603,0.018904256,-0.7941117,0.0023081447,-0.016807208,-0.0009839582,-0.0027902508,-0.009419708,-0.016821915,0.014745577
-0.5260792,0.28905585,0.04747885,-0.0021889515,-1.2593429,0.0001430778,-0.008529238,0.015318355,0.0020103566,0.0058087227,-0.020465424,-0.42225426,0.0033696736,0.027167058,-0.0058764378,-0.011029918,0.60333836,-0.011346476,0.006738041,0.017736383,0.023180699,0.06857891,-0.0049273176,-0.0030300724,0.008354913,-0.0045422395,-0.0015657025,-0.0356189,-0.6282696,0.0065798466,-0.0006961138,0.0062341187,-0.008145194,-0.0055060117,0.002093057,0.016978184
12.805738,0.7115322,0.0688721,-0.0043497053,0.4956783,0.0020794584,0.096686825,-0.0011423348,0.02317084,0.0015998635,0.038508855,0.34937382,6.718574e-08,-0.001902256,-0.0027320923,-0.0006170439,1.6394162,0.047421727,-0.02230082,-0.023253325,0.02330599,-0.003245267,-0.0005505021,0.008387187,-0.0073156226,-0.0016483688,-0.0052175247,-0.07892649,1.2240639,-0.0061517004,0.095292926,-0.014329627,-0.009733488,0.0012087027,-0.006672259,-0.0030569844
-8.130059,-0.5441378,-0.061452053,0.0009037545,1.0431076,0.0002507033,-0.039911542,0.0030423196,-0.017940504,0.0034278033,0.00050557684,-0.15461865,-0.004174985,0.0014963081,-0.0035923747,0.001026674,-0.71724164,-0.14920373,0.04273725,-0.0029778657,-0.0059710485,-0.017979361,-0.0030575607,0.0015674584,0.008008053,-0.0017107321,-0.00069605955,-0.003984202,-0.82427514,-0.007820159,-0.0334438,-0.0030484567,-0.0026839469,0.0009225869,-0.00036212354,-0.00046470462
-8.189281,-0.5473032,0.011117564,-0.012712502,1.0726451,0.0017732145,-0.0052871774,0.0036913082,-0.0026913986,0.0018374666,-0.0014059743,-0.17474082,0.002029831,-0.0017024801,-0.0034270033,0.0012054234,-0.77526563,-0.08568772,0.03386515,0.0027410141,0.001868942,-0.028863005,-0.001958438,0.002003344,0.005718283,-0.0015106725,-0.016574673,-0.0064947796,-0.93910885,-0.0024329587,0.00078764564,-0.0022742052,0.011374435,-0.0058084107,-0.0015103832,-0.010669303
-8.232275,-0.5611743,-0.07291598,0.0047363024,-2.5156038,0.01152844,-0.037659913,0.00185498,-0.01828042,-0.0025549303,0.0005194518,-0.16324659,0.0019702562,0.010294507,-0.00026695846,8.551618e-05,-0.7769137,-0.14979881,0.03970473,0.010361602,-0.0049369084,-0.015693147,0.005705072,0.0008968666,-0.00035250664,0.0002540934,0.000289741,-0.24801701,-0.8951583,-0.013268938,-0.029929677,0.0068956367,0.008920483,0.0011292127,0.0032967892,-0.001144052
16.699331,0.057242002,-0.054182936,0.004913787,0.82476103,-0.06944814,0.09612726,0.023712546,-0.014808291,-0.039324477,0.08920124,1.0603878,-0.011215406,-0.010202809,0.0016883113,-0.015258547,1.6457242,0.04026512,0.105286844,-0.060150903,-0.027259272,0.037942328,-0.021355128,-0.0013568164,-0.0014416017,0.0044614514,0.005659009,0.32340682,1.4487164,0.00207931,0.11473125,-0.0007608258,-0.009103529,-0.0055238293,0.022585753,0.01966197
-4.28195,-1.3600106,-0.11929432,0.0017967783,-1.9926353,-0.026276503,-0.30123213,-0.00059311185,-0.046842627,-0.06488868,-0.01741205,0.24149197,-0.017479321,-0.010221847,-0.007987697,-0.0019798747,0.97840124,-0.25780705,0.0030742427,-0.012519477,0.023609526,0.049158033,-0.011086102,0.009069488,0.008875844,0.00045511685,-0.0010325362,-0.24230868,1.0103171,-0.0018841379,-0.3481948,0.0035622925,0.0046875942,0.006054761,-0.00011684524,0.00068751234
-6.154302,-0.4102296,-0.12563172,0.006085748,1.0021881,-0.03014094,0.026437817,-0.0027023433,-0.011376445,0.0037229157,-0.023007385,-0.24868914,-0.0036233617,-0.021922382,-0.0046160533,-0.011748456,0.23594715,-0.26112163,0.012636322,-0.009525164,-0.0070178714,-0.024529442,-0.0016260594,0.0037425908,0.021049235,-0.0012070149,0.0065822667,-0.046581257,-0.616938,-0.0099256495,-0.0035973317,-0.003173229,-0.0027015472,-0.006728208,0.015407374,-0.0010544119
-8.201556,-0.548596,-0.020128299,0.0014000264,1.0453844,0.0004322544,0.00926585,0.003011723,-0.013779667,0.0029728622,-0.0001307208,-0.15953565,0.0009345257,0.010173235,-0.0008687934,0.0013652905,-0.7572399,-0.14280014,0.045452625,-0.0033545624,-0.0064816363,-0.02151013,-0.0014831729,-0.0010659181,-0.0030585115,0.000764019,-0.00087267446,-0.007899111,-0.83214825,-0.008387635,-0.030303067,-0.0029124704,-0.0051144175,-0.0046943794,0.0015932318,-0.0017953028
-8.112701,-0.53015524,-0.06599471,-0.0023893167,1.0410607,-0.0050671184,-0.038401265,-0.0044262363,-0.015136766,0.0032572395,0.004994938,-0.14868607,0.00011964897,-0.010894468,0.0024900918,0.0014539114,-0.72038394,-0.14919814,0.040231626,-0.002884782,-0.0069134524,-0.019170025,-0.0012388919,0.00012577944,0.0048923288,-0.0007325906,0.0015904078,-0.003727977,-0.82525074,-0.008459484,-0.035080638,-0.0036971697,-0.00476931,-0.0010947781,-0.0054160436,-0.002966588
22.890297,0.5566639,0.07498885,-0.0043662135,1.0179431,-0.003307323,0.12483259,0.011345956,0.02903112,0.0024490436,0.033813078,0.6577886,0.0028987676,0.009171636,0.00020386724,-0.018909583,2.5761466,0.122238375,-0.079013325,-0.001722828,0.034380164,0.009428731,-0.033500146,-0.0037426064,-0.0372771,-0.005601848,-0.0026746143,0.1977728,3.0644581,0.00017120756,-0.0060240957,0.0072131525,-0.008145129,-0.0037168849,-0.009674824,0.020656036
-8.087199,-0.53209895,-0.0668767,-0.00084613916,1.0342264,0.001268638,-0.07278341,0.0008991691,-0.020020545,0.0035189667,0.0025174469,-0.151981,-0.006409097,-0.0029857787,0.0029800266,0.0015038927,-0.71053964,-0.15063602,0.041536488,-0.0025505368,-0.007785984,-0.010005091,0.0042729415,0.0013796632,0.009329435,-0.0013904221,0.0017816564,-0.0073737972,-0.8369908,-0.0061410386,-0.035227362,-0.0032516634,-0.002164446,0.004492659,-0.0035101771,0.0022640398
18.681103,0.38582686,0.075266756,0.0006329125,-0.15403742,-0.0071900724,0.08525493,0.01993881,0.020177707,-9.3774746e-05,0.08158963,1.2162503,0.004676873,0.025779285,0.011548194,0.0034509597,1.9342531,0.027085386,0.09931867,0.026859554,0.012509326,0.011805135,0.007868869,-0.004297793,-0.02837198,0.0009826258,-0.0011411513,0.22164111,1.6759548,0.007750558,0.11914598,-0.00039015868,0.0028856413,-0.0073691187,0.022367967,0.022750558
2.9169858,-0.5691118,-0.04676999,0.0039915023,0.94372994,0.01261719,0.09160499,0.0007733244,0.008212027,0.004450709,0.028906893,0.26254883,-0.0026424115,0.0071759373,0.0051280647,0.0046753213,1.0111066,-0.18677846,0.05685826,-0.00907897,0.017702231,0.009639376,-0.0022680035,-0.007123194,-0.008762473,-2.9565326e-06,0.008133958,-0.16866352,0.72144693,-0.0023008408,-0.18247564,-0.0052362042,-0.0022221943,-0.012499038,0.021370335,-0.005001222
11.4527445,0.4512945,-0.1405979,-0.006037235,0.67977136,-0.030861141,-0.06888015,-0.053393707,-0.006249703,0.0020577519,0.054227583,0.8236224,0.0016244301,-0.04934781,0.0011620428,-0.0032660242,1.7018493,0.028278679,-0.026311103,-0.09847881,-0.027190786,-0.03707197,0.014627244,-0.0031042672,0.0027879097,-0.0029183945,-0.0011011588,0.03730023,1.5646157,-0.0029842448,0.10807145,-0.0350108,-0.012642799,-0.00810666,-0.00476774,-0.0053492263
0.18162796,0.29555494,-0.15813972,-0.00093785074,-2.1166337,-0.03151881,-0.03944968,-0.013984804,-0.022754138,0.0012113097,0.016767116,0.2686949,0.004250762,-0.02310499,0.00012592062,0.023161525,0.5889926,0.0959311,-0.026968136,0.02027203,-0.014134016,-0.13144931,0.017280404,-2.9119863e-05,0.0020635878,0.004406306,0.008073456,0.050717987,-0.75040984,-0.0062480876,-0.022702305,-0.006083984,0.012877138,-0.014241233,-0.018533763,0.014386556
-8.207531,-0.5444534,-0.020625934,-0.0022505806,1.0413297,0.0030893916,0.025272038,0.0035396698,-0.014545538,0.0029472627,-0.0008998549,-0.16319567,0.0006931072,0.0015725595,0.002261229,0.0013046316,-0.73865545,-0.14065622,0.044476427,-0.003921043,-0.0076019233,-0.023351874,-0.005902336,0.0022433272,0.008594511,-0.0013816017,0.0010232396,-0.004394969,-0.83690804,-0.00769616,-0.033300433,-7.704562e-05,-0.005791314,0.0026531832,-0.0028301799,0.00030576854
-8.143544,-0.53018725,-0.056453303,-0.0003716328,-0.08812471,-0.0041985647,-0.069807366,0.0004936441,-0.018069474,0.0037474476,0.00055377366,-0.14858675,6.974998e-05,-0.0057640933,-0.0060666897,0.0017179743,-0.7159663,-0.14995916,0.04017226,-0.0041262307,-0.004814141,0.048381653,-0.0042189867,0.002596986,0.0024728046,0.0021361553,-0.00086346385,-0.16643889,-0.85155195,-0.00801509,-0.03333149,-0.0030717151,0.008607407,0.0015328013,-0.005091587,0.004995936
-2.3671176,0.108148575,-0.04263759,-0.005360938,1.0003172,-0.029523803,0.08343024,-0.0043358835,-0.013267359,0.0023126265,-0.0133888405,-0.2892698,0.005060729,-0.028857028,0.0003660994,0.0025811763,0.4612783,0.027733954,-0.014774652,-0.004490875,-0.009597634,-0.012442914,-0.0047517437,0.0032515815,-0.00056494045,-0.009672004,-0.007997613,0.02467428,-0.7695249,0.0064285337,-0.017150013,-0.0018658746,-0.0024098759,0.004713592,-0.017027114,0.01842424
-8.152111,-0.5514992,-0.08043939,4.493482e-05,-2.5125625,-0.023145543,-0.04796804,-0.0015768108,-0.0047760005,0.004031165,-0.0020735778,-0.15456703,-0.0050981436,-0.008013299,-0.0007365446,0.00092624297,-0.8028581,-0.1443525,0.042695116,0.010636066,-0.008045504,-0.035106577,0.0070353965,-0.0036320663,-0.0077599916,0.00078057195,-0.00062146,-0.29418796,-0.89645064,-0.012103355,-0.03303237,-0.0013859657,0.014509843,-0.004925821,0.00090973993,-0.0026277693
-7.925702,-0.42516232,-0.057803433,0.001369319,1.0669779,0.010051567,0.0043742955,0.0015333489,-0.017933948,-0.031196149,0.009236121,-0.15103833,-0.003910709,0.00083044084,0.0017831859,0.0018576994,-0.6319589,-0.1551106,0.036163498,-0.004777944,-0.0059985644,-0.006805136,-0.0017203722,-0.0007804266,0.0011785903,-0.0018430842,-0.00020944899,-0.008085093,-0.8302446,-0.0061947233,-0.029809328,-0.0009795154,-0.0068690744,-0.0048568966,-0.003048419,2.5790843e-05
21.314234,0.33214292,0.05620239,0.00043348808,-0.64099663,0.0005953017,0.028767373,0.010925551,0.020325564,0.0048944284,0.035887245,0.8253487,0.0030964594,0.030863782,-0.0062658647,-0.019731902,2.4151807,0.087981954,0.00036611583,0.0018345527,0.010056651,0.0031915621,-0.002626485,-0.013744848,-0.02094476,-5.4232594e-05,-0.00042998328,0.25079703,2.6261513,0.0017250653,-0.08378463,0.0025017045,-0.001006907,-0.01833147,0.013428112,0.030907648
11.441449,0.49809793,-0.06368504,0.0019643893,0.8665674,-0.02015437,0.10095158,-0.006968861,0.036519587,0.0015211189,-0.026772536,0.24054568,0.004971724,-0.033638343,-0.002103255,0.0046250396,1.6091491,0.04253727,-0.034354746,-0.028579596,-0.018613651,0.0012265975,-0.016399618,0.0047308328,-0.017969908,-0.0040532295,-0.0002642944,0.26655665,1.3723451,0.0069127236,0.084600136,-0.011230064,-0.006842794,0.0063560954,-0.005705858,0.013725933
-7.431466,-0.22775729,-0.010314297,-0.016199859,1.0387181,0.0048703384,0.023716982,0.0016113325,-0.005222667,0.003795784,0.027742222,-0.18538633,0.00047846494,0.010906815,1.4225035e-05,0.00013252944,-0.61729896,-0.13734344,0.03011652,-0.00433767,0.0023542878,-0.019463181,-0.0008897799,0.00058673206,-0.0012371925,-0.0018236513,0.0036737926,0.029243387,-0.8760602,-0.0073303883,-0.027776992,-0.0010991049,0.0075200554,0.0025476418,-0.009912389,-0.0018651207
14.723092,-0.15130596,0.092427716,0.0016547526,0.9196774,0.031506415,0.12548347,0.014240394,0.025738964,0.0042207683,0.033728845,1.1016791,-0.0014822248,0.019575465,-0.001032228,0.007588282,1.6982964,0.03181232,0.04979353,0.022561288,0.019223832,0.018232897,0.019161228,-0.001447243,-0.03372713,0.0046006124,0.00077173265,0.1885199,1.5682153,-0.0042149313,0.113339156,-0.005492139,-0.0073562935,0.0072656134,0.000109972636,0.019688489
4.925759,0.30129,0.07271169,-0.0054602358,1.0065092,0.0139321275,0.10777783,0.004093312,0.004721133,0.005405119,0.0053525404,-0.37160978,0.0024488666,0.029461129,-0.004515016,0.0074573522,1.1906885,-0.0073560616,-0.018098595,0.0109228445,0.013915069,0.10813081,-0.005416175,-0.0064285775,-0.01996919,0.0018903461,-0.0038559574,-0.32376522,0.9118953,-0.016514394,-0.0056668487,0.0029234278,0.007017742,-0.0058941073,-0.014274649,0.0012372483
-8.090334,-0.5284226,-0.06240547,-0.0018088621,1.0380108,0.0002504883,-0.056544848,-0.0055743237,0.000962293,0.003381286,-5.3146465e-05,-0.14691554,0.0008620733,-0.011244403,0.002960253,0.0010330073,-0.74938816,-0.14319551,0.039552703,-0.0031196205,-0.0066762865,-0.016381748,-0.0032450126,0.000100767254,-0.00091218215,-0.0014521818,0.00045319073,-0.0036811293,-0.8288325,-0.00802844,-0.02930992,-4.9719754e-05,-0.0006850682,-0.004982004,-0.005795128,-0.00050749886
-6.658301,-0.38287804,-0.076746635,0.001924396,0.9540118,-0.019737907,-0.032317635,0.0054146787,-0.008195588,0.003835473,-0.017604176,0.027276099,-0.0025659923,-0.014160129,0.0021104696,-0.0061686574,-0.17573768,-0.073293224,-0.00058576494,0.009180128,-0.0086987605,-0.048006576,-0.0025911173,-0.00013743747,0.010774201,-8.449866e-05,0.002639144,0.019235149,-0.74667823,-0.0051198504,-0.014117131,-0.001727382,0.017118935,-0.00386461,0.01434069,-0.011562527
6.203202,0.054701425,-0.1603745,0.0040236623,-2.1042166,-0.06343425,-0.23378284,-0.017821064,0.022092843,0.004158919,0.01085647,0.28381556,-0.0034235935,-0.019978793,-0.003712299,-0.013405802,1.3854033,-0.11008334,-0.033962086,-0.021057561,-0.030828852,-0.06434727,0.021371508,-0.017960586,-0.004265535,0.0017835427,0.0003124196,-0.38656592,1.1047959,-0.014549795,0.043844197,-0.011899576,0.021883076,-0.017152801,0.014967721,-0.0023886515
-8.215239,-0.5641639,-0.06168738,0.0023962376,1.0633872,0.003683364,0.05415303,0.0011963979,-0.019555638,0.0022350207,-0.0012121572,-0.15296687,0.0013651166,0.011411469,-0.0041906177,0.0008424765,-0.69741076,-0.15431221,0.04223666,-0.0048758574,-0.0061651147,0.07867525,0.0015013177,0.00034259187,0.000986601,0.0009231662,0.0018263735,-0.1625765,-0.7893521,-0.012906577,-0.034522086,-0.0027591423,0.0040322975,0.001178432,0.0044039553,-0.002393899
-8.140187,-0.52950937,-0.056634434,-0.009480032,1.0452539,-0.00046357544,-0.0072632125,-0.0009617519,-0.0018803815,0.0030203422,0.0011459411,-0.14867912,0.0011348464,-0.008287735,5.6068973e-05,0.0011037521,-0.74798787,-0.14831242,0.041477673,-0.0021442713,-0.0059842137,-0.029393457,-0.002157097,0.0020160924,0.00031033217,-0.0014571069,0.001092523,-0.006104977,-0.8126205,-0.008775017,-0.031294044,0.00029931017,-0.004836938,-0.0034948972,-0.00068011705,-0.0026363134
23.652613,0.6495037,0.061275348,-0.0063047158,1.0362628,-0.00057448196,-0.053340517,0.0044827014,0.034970623,0.0022992021,0.026716473,0.64929676,0.0029316982,0.0027319426,-0.0006812166,-0.003670016,2.7062976,0.13586427,-0.13051464,-0.012029312,0.008763231,0.010174426,-0.014577314,0.0019381291,-0.03556387,-0.0012047612,0.0020590639,0.2528042,3.1776974,-0.0009303097,-0.011348212,0.0009999357,-0.010042908,0.009695084,-0.015830724,0.026505578
1.5153303,-0.12546107,-0.06698147,0.0053364374,0.94336826,0.010099739,0.07309101,0.0033723016,-0.00030905663,0.0025024363,-0.0014544581,0.2368962,0.00071602594,0.018627882,0.0029019895,0.012279988,0.7425984,-0.0382127,0.085887805,-0.0024058467,-0.00095947593,0.027751276,-0.005504971,0.0043530273,-0.00049139606,-0.003390526,0.004406757,-0.04788056,-0.6234399,-0.0063603697,0.022192806,0.00465216,0.010899702,-0.0067413826,0.026774958,-0.00423742
-3.247332,-0.2180496,-0.2023893,-0.008179542,-2.043254,0.012356171,-0.33437115,-0.017201344,-0.028954197,0.0060100607,0.004128455,0.12846252,0.0010859319,-0.017923713,0.0063695125,-0.006187025,0.86670864,-0.048356712,-0.0044814483,0.0056706164,-0.0015348839,0.046519853,0.003618865,0.013624615,-0.010126843,-0.00037820017,-0.02213794,-0.22092575,-0.53611314,-0.0064491974,-0.018911056,0.008794764,-0.033670966,-0.00042639996,0.004883834,-0.006363748
-2.117231,-0.24643399,-0.004524988,0.004009843,1.0041103,0.007938909,0.06482907,0.008560713,-0.010309127,0.0007397545,-0.015668806,-0.32819548,0.0011941405,0.017963776,0.0004941055,-0.0054123183,0.41426256,-0.037102107,0.061469633,0.011476553,-0.005939615,-0.0005022734,0.0014196627,0.0070899376,0.016752243,-0.0002460329,0.00022522097,-0.008947458,-0.6769427,-0.0010395357,-0.011908808,0.004961206,-0.008291735,-0.0010124599,0.012727324,0.015239983
22.243742,0.70169014,0.037820864,-0.004840955,0.9961484,-0.015664604,-0.049045406,-0.0027702716,0.010023147,0.002676421,0.024307994,0.63784045,0.0015735804,-0.0018640517,-4.4176893e-05,-0.0043664924,2.5732803,0.11673792,-0.031319447,-2.2642547e-05,0.0074495445,0.013259877,0.068871126,-0.002599817,-0.013709189,-0.007636492,-0.010705837,0.23165564,2.9269984,-0.0026716732,-0.0019418036,0.008356242,-0.008390053,0.00039507303,-0.014579963,0.024389923
-1.253472,0.19929904,-0.20883898,-0.0058392766,-1.6138973,-0.0157604,-0.3484086,-0.021422107,-0.022250704,0.0036261885,0.0009575845,0.0619977,-0.001611719,-0.021382732,-0.010554826,-0.006719402,0.79579747,0.013951365,-0.010687436,0.0037266044,0.0007814274,0.049430866,-0.01873949,0.006728758,-0.002274086,-0.006663236,-0.008461171,-0.24018171,-0.54732716,-0.010927888,-0.0038646252,0.0036146145,-0.020325568,0.011075469,-0.011106402,-0.011429592
-8.074149,-0.520201,-0.0631922,-0.0023921223,1.0399073,-0.0041358634,-0.08359884,-0.0054117353,-0.0064849197,0.0032895508,-0.0060137855,-0.1478732,0.00014976203,-0.00978536,-0.0033696492,0.0015541441,-0.7352891,-0.14261661,0.04113226,-0.0012275924,-0.00430998,-0.016065456,-0.0025915094,0.0010300457,0.003060207,-0.0013952937,0.00095600326,-0.0006196105,-0.8489543,-0.008739097,-0.0106074605,-0.00046579307,-0.0036961925,-0.0039392305,-0.0051795137,-0.0026692615
-8.097773,-0.5390924,-0.05981989,0.0013218139,1.0436862,0.002212587,-0.06032445,0.0024179127,-0.018701252,0.0036037762,0.00011551235,-0.15336214,-0.005971348,-0.005015057,-0.0014391565,0.0007624698,-0.7059488,-0.15036787,0.045176916,-0.0020400994,-0.008557809,0.013281979,0.000424274,0.0010789345,0.0025355355,-0.00018237793,-0.0006814588,-0.10013089,-0.8374816,-0.0068534156,-0.033695623,-0.0019655954,0.0065048584,0.0020108025,0.0040055765,0.0026223601
12.611662,0.5955727,-0.034156173,-0.0033883255,0.88087124,-0.0312076,0.13846637,0.00074108306,-0.004949292,0.0011025709,-0.04208194,0.21246164,0.002572627,-0.030623041,0.00046528594,0.0045801452,1.6563585,0.05728645,-0.032835893,0.020439394,-0.0364204,-0.0093814945,-0.00198311,0.0015686868,-0.0034549346,-0.0019791771,-0.0034566324,0.25193012,1.3926862,-0.00070743833,0.09184787,0.006407955,-0.003885258,0.008230347,-0.008211405,0.023299005
-3.4767747,0.25061345,-0.014839317,-0.006426942,-0.34870195,0.0157675,-0.25031963,-0.0019058543,-0.021037098,0.0033155158,-0.03508234,-0.3295445,-0.019452231,-0.017005373,-0.007500068,-0.011558075,0.44553912,0.051896203,-0.023483092,-0.0061104563,0.0041224626,0.08881641,0.015031369,0.0045972904,-0.0018809539,-0.0076058763,-0.003106101,-0.05581629,-0.75295264,-0.01343046,-0.026985804,9.546615e-05,0.010138024,-0.010132226,-0.0081779035,0.0120311305
-8.211628,-0.5320442,-0.06674106,-0.00036804908,1.0540153,-0.006642948,-0.010090689,-0.0021258576,-0.016505936,-0.0008096489,0.0018375658,-0.1477565,-0.00012700046,-0.013617599,0.0024736084,0.0017906062,-0.7043563,-0.15431014,0.029779391,-0.0007374535,-0.0077643697,-0.031630173,-0.0042447113,0.0010482764,0.0012208751,-0.0018788073,-0.002376036,-0.02699397,-0.81543577,-0.010705302,-0.03206658,-0.0025914249,-0.003279518,0.0019088789,-0.005275856,-0.011821443
-8.158247,-0.5434516,-0.041650355,0.0011654809,1.0399208,0.0029974452,-0.007879685,0.0007163063,-0.018101467,0.0029039048,-0.0002513038,-0.15653005,0.00070237374,0.010417281,0.0018865634,0.0013516278,-0.7211867,-0.14654973,0.041364778,-0.0031546464,-0.006228834,-0.034107797,-0.003209948,0.001364317,0.00169104,0.0007367451,-0.0009361511,-0.005179178,-0.8321262,-0.008401518,-0.034685407,-0.0017120491,-0.0056926375,0.0010445551,0.0011041015,-0.0017105981
-8.117131,-0.5330559,-0.044606462,-0.039819386,1.044737,-0.0015444107,-0.03696294,-0.000961338,-0.016829655,0.0034858119,-0.0050615394,-0.16135116,0.0002745986,-0.0051003927,-0.0036075255,0.0013044769,-0.72920895,-0.1494618,0.044041175,-0.0050628204,-0.005900573,-0.019301437,-0.0022337704,0.0019252045,0.0028703783,-6.8890426e-05,0.00096099265,-0.0014925387,-0.8631749,-0.008095846,-0.010443133,-0.0038385463,-0.005806972,0.000647966,-0.025267078,-0.0027374884
-8.223524,-0.557225,-0.0068777683,0.0033395977,-2.515955,0.0047237948,-0.08125451,0.0034454581,-0.012738553,0.0031522277,-0.0041151983,-0.17732704,0.0014576736,0.010921448,-0.0020341186,0.0006505133,-0.8207779,-0.13687456,0.030815847,0.0069918945,-0.005879749,-0.18050052,-0.0068584853,-0.0026738835,0.0015574037,0.00044695463,0.0016777464,-0.03715273,-0.9003774,-0.014052873,-0.02842895,-0.0015607876,-0.0060585286,-0.0047918977,0.004540339,-0.012529298
19.120281,0.68704677,-0.09804454,0.0027308036,0.87440497,-0.025325114,-0.060970195,-0.00019623131,0.039702352,0.0030047065,0.03562427,0.67181754,-0.002362398,-0.024444848,-0.00021105702,-0.000987757,2.4945183,0.1242086,-0.08625316,-0.036140583,-0.019436225,-0.007839327,0.002182781,0.008500969,-0.020745765,-0.0022561366,0.0024185192,0.19432893,2.7313495,-0.004231829,-0.013039682,-0.055523317,-0.0056863073,0.0069606937,-0.008166709,0.022534186
-8.118732,-0.53364325,-0.033990216,0.0019218329,1.0499121,0.0012948776,-0.062149294,0.0018520235,-0.013656147,0.0034875707,-0.0012633413,-0.1597095,-0.007443225,-0.0055022133,0.0019991396,0.0005877332,-0.7197117,-0.14038634,0.045670215,-0.0034288208,-0.007939994,0.0008373924,-0.00499507,0.0006833494,0.00094002456,0.0005482646,-0.0005900119,-0.09525511,-0.85024023,-0.00664676,-0.034374103,-0.0014843714,-0.006158558,0.0018033561,0.0037681723,-0.0009260608
6.5866942,0.4982229,-0.11675147,-0.0045726686,-2.1329813,-0.07121526,-0.15539613,-0.020652002,0.007383075,0.0024894252,0.018968584,0.3604671,0.006688717,-0.03349694,0.0027907633,-0.0025073476,1.437662,0.04333625,0.05167518,-0.023345701,-0.019901264,-0.05647417,-0.026185649,-0.0016123353,0.012734198,-0.0008934819,0.00042178007,0.048296366,1.0463133,-0.009674416,0.07447586,-0.015142389,0.015916286,-0.01912344,-0.0017114646,0.031626053
-8.181977,-0.55158263,-0.06394561,0.0010124932,1.0430588,-0.00065518136,0.024949629,0.001130958,-0.015568498,-0.025759459,0.00024642862,-0.15409799,-0.004029658,0.0024091017,-0.0024425741,0.0009639205,-0.712354,-0.16207346,0.04408082,0.001277515,-0.0059547396,-0.036035754,0.0038926755,0.0022789193,0.0023655223,-0.001969941,5.206647e-05,-0.012137434,-0.7883611,-0.009006619,-0.036003876,-0.0035437392,-0.0006158085,0.0013086022,-0.004572468,0.0008006948
-8.089259,-0.5343318,-0.067645885,-0.0074599567,0.95248145,0.0029594253,-0.079741836,-0.00047569483,-0.016790159,0.0034365032,-0.00057362905,-0.15668407,0.00022940653,-0.003567856,-0.00897583,0.0013768106,-0.71277755,-0.15075335,0.04040741,-0.0034849911,-0.005886557,-0.020862551,-0.004774869,0.0021426338,0.00910337,-0.0010749822,0.0017586005,-0.008065929,-0.82668257,-0.008037751,-0.035264585,-0.0025241189,-0.005779446,0.0014858814,-0.0015641936,0.00021223168
-3.2344258,-0.08624108,0.011418016,0.0046643424,0.97985333,0.022856161,0.06477809,0.0018067599,0.0027415536,0.0035087795,0.0012778658,-0.3143847,-0.0008844664,0.017123131,0.0019633542,-0.007655486,0.41993183,-0.23270467,-0.004510133,-0.004810853,0.000111433736,-0.018795732,-0.004006311,-0.005003458,-0.002057498,-0.0008083813,0.0010641296,-0.05787374,-0.6760599,-0.008562802,-0.0056430367,-0.0052267085,0.0036906064,-0.0070017553,0.022535661,-0.0025149335
3.0999439,0.6449062,-0.16273609,0.0023829432,-1.5185602,0.014780941,-0.15795626,-0.0061166743,-0.0041545476,0.010051668,0.01763328,0.02588261,-0.00076209696,-0.009191092,-0.012888254,0.013014854,1.4932729,0.042030472,-0.024518643,-0.005988736,-0.0025233848,-0.02683202,0.0077739623,0.0014579119,0.013367474,-0.00017143945,-0.013722204,-0.17198718,-0.618534,-0.010471351,-0.043845765,-0.01725497,-0.014629524,-0.00982757,-0.003723149,-0.006602678
16.965248,0.67541957,0.03308616,0.0032795055,-1.7123915,-0.004370734,-0.40421233,0.0074806977,0.01119714,-0.0039446815,0.018163426,0.41366962,-0.008597985,-0.0061241267,0.017877119,0.0010469336,2.2024953,0.036820732,-0.033657055,0.016519858,0.011415021,0.04745183,-0.02720578,0.002045695,0.002132414,-0.0104191955,0.004742994,-0.043316305,2.3679085,-0.0050933827,-0.028805207,0.0024037664,-0.008972021,-0.010120048,-0.0029542097,-0.016323807
-8.093219,-0.53126633,-0.0644846,0.00057512714,1.0194203,-0.008489952,-0.05614963,-0.0002039419,-0.019035256,0.0021895,0.009830505,-0.14384592,-0.0040489538,-0.0071251695,0.002418259,0.0007777908,-0.67738426,-0.15159854,0.04516477,-0.00044380774,-0.006311782,0.022942793,-0.0047654174,0.012340788,0.0026006375,0.0001571349,-0.00032947824,-0.10212506,-0.83424205,-0.007748856,-0.030850869,-0.00035240373,-0.0021338465,0.012612147,-0.0045966133,-0.000273087
-8.195928,-0.53381395,-0.07256419,-0.0009318767,-2.5019507,-0.01364823,-0.09175574,-0.0050010714,-0.014231629,0.00300851,-0.007564396,-0.16372581,-0.0006814824,-0.0275834,-0.0027400227,0.00083885365,-0.80177706,-0.14252351,0.03046534,0.010223588,-0.0035236084,-0.19331612,-0.008727018,-0.0035151131,0.004038634,-0.0019845886,-0.00027013125,-0.033518497,-0.91634613,-0.013625761,-0.00018955344,0.006844525,-0.006806082,-0.0040046973,-0.006636539,-0.012169896
-8.230109,-0.5360652,-0.013375561,-0.00848,1.0570736,0.0006665356,-0.010350477,0.003540419,-0.0011150065,0.0028545877,-0.009797833,-0.1714464,0.001900295,-0.003643395,0.0022749992,0.0012514729,-0.7525007,-0.15145582,0.033504475,0.009111468,-0.0004656876,-0.021434978,-0.0024116025,0.0018934353,0.002773467,-0.0018899088,-0.00064046093,-0.012721985,-0.8758859,-0.010542997,0.019615894,-0.0012328954,-0.0047650123,-0.004991932,-0.0012329811,-0.011022031
-0.69679093,-0.73701876,0.087549515,0.0029125754,1.028722,0.009871283,0.06920989,0.0039482503,0.0089294445,0.0026693833,-0.11870934,-0.5481967,0.0015482948,0.020110028,-0.0010506985,-0.00035019638,1.0010872,-0.25788355,0.01801764,0.0030050855,0.0043211463,0.018304827,-0.013739165,-0.0028193565,-0.013858744,-0.0001307831,0.0017427672,-0.016327176,0.82779557,0.0074597783,-0.0024256215,-0.013272805,-0.014289619,-0.0012911713,0.021617347,0.009241006
-8.18228,-0.5533713,-0.059824977,0.00085199036,1.043304,0.0039089415,0.040473223,-0.00029571704,-0.017489288,0.002068092,-0.00046264209,-0.15455107,0.0028255242,0.012329269,-0.0067739235,0.0022857892,-0.69745576,-0.14911255,0.042447798,-0.003540526,-0.005330816,0.092812106,-0.0034454172,0.0013824292,0.0023322734,-0.0017057736,0.002007191,-0.16256535,-0.7903617,-0.014539885,-0.03353007,-0.00078206445,-0.002671454,0.0018783157,-0.00026040192,-0.0014724634
19.129005,0.6242402,0.051960018,-0.005945046,0.9001989,-0.0011908052,-0.10786284,-0.003184478,0.023415973,0.0021985392,-0.012012295,0.4864051,0.00088606426,-0.011421305,-0.0015230825,-0.0016675728,2.48295,0.09311264,-0.0702721,0.0016287193,0.019721864,-0.00560958,-0.016172692,0.0026829937,-0.015882598,-0.005516056,0.014521078,0.22104082,2.7577484,0.007449279,-0.006461709,0.007169919,-0.016152868,-0.0005731139,-0.011089529,0.01895849
-7.580494,-0.21913606,-0.030238353,-0.0011742092,0.75854844,0.002067835,-0.08117119,-0.002219761,-0.018501697,0.004885555,0.028841894,-0.18284696,0.0017809158,-0.008499302,0.0028012416,0.000465983,-0.6628824,-0.1307932,0.032656033,-0.0046258364,0.0029151905,-0.029043896,-0.005755407,0.00804201,0.00078795716,-0.0026757724,0.0014993121,0.0027490493,-0.9127486,-0.0059476346,-0.030497419,-0.0007485874,-0.012500998,0.0028963266,-0.0103220465,-0.00023637724
-0.9443494,-0.82593197,0.06768942,0.0035694544,1.0223064,0.010184289,0.0822499,0.00617132,-0.005430796,0.0015988844,-0.070307456,-0.5561628,0.002593511,0.013085651,0.012728646,0.0010700051,0.8690745,-0.24854022,0.02825789,0.026209356,0.009689302,0.020394046,-0.01425004,-0.0053022127,-0.020240717,2.864374e-07,0.0085630175,-0.01644948,0.7744767,-0.0043616784,0.016525416,-0.014412757,-0.017015995,0.005082823,0.023421176,0.008410264
12.074249,0.13311028,-0.049910534,0.0015220504,-2.4369228,-0.10006705,-0.22311363,-0.07917819,-0.039979286,0.0017842129,0.05769102,0.98879796,-0.011518375,-0.019311052,0.0014379446,0.014253483,1.8184859,0.007866975,0.0057717566,-0.07168056,-0.024746262,-0.08293991,-0.019809285,0.0057145096,0.0030853183,-0.0029295292,0.0005011715,0.22777125,1.5328896,0.0016834916,0.086009614,-0.014886666,-0.025936967,-0.013678965,-0.0051805372,0.01660255
-2.352793,-0.949624,-0.18438685,-0.0006835633,-2.0273511,0.019244999,-0.02031981,-0.04118523,-0.094137944,-0.055393714,-0.0013445829,0.9638757,-0.0026977828,-0.017274272,-1.7558108e-05,0.008982485,0.86445296,-0.2697932,0.06609194,-0.00707223,-0.008821052,-0.013340249,0.022049451,0.0032908365,0.059596356,-0.01018583,-0.0016169801,-0.018517528,-0.58094245,0.01643768,-0.021514725,0.012357556,-0.011199318,0.031101255,0.0057298085,0.0075552943
-8.100489,-0.53402275,-0.045074675,-0.00195322,1.0470216,-0.0011509649,-0.08842637,0.0030754944,-0.013215744,0.003469646,-0.0017481993,-0.15624344,-0.007502206,-0.005295396,-0.0035296597,0.0006950248,-0.71688485,-0.13979325,0.04383207,-0.0045241755,-0.0062287385,-0.0048090764,-0.005571308,0.002636059,0.0019190467,0.00029100446,0.0015006901,-0.04305248,-0.84245306,-0.008303564,-0.034966987,-0.0015265526,-0.0010268535,0.00074231543,-0.0038472235,-0.0027710258
-5.336939,-0.03021884,-0.07936746,0.002010383,1.037247,-0.04145348,0.029552542,-0.007865146,0.0050001773,-0.00095090346,-0.009086978,-0.2739473,-0.00047042867,-0.03191704,-0.0010712047,-0.012334449,0.27609336,0.041556478,-0.011731847,-0.018449428,-0.007893801,-0.02125079,0.005553732,2.106587e-05,0.0028512457,-0.008402622,-0.0072489516,-0.026577521,-0.9005061,-0.009619266,-0.0003378052,-0.0008185591,-0.009629942,0.0018372925,-0.01652592,0.004869291
-8.118176,-0.5314032,-0.042367212,-0.00059209514,1.0477866,0.00055092614,0.0054355566,-0.00038583903,-0.008774916,0.0019623016,-0.0032200604,-0.16718411,-0.0047530923,-0.0036189775,0.005413313,0.000815721,-0.8053276,-0.043131944,0.049355604,-0.0019471917,-0.0074476814,-0.0086714495,-0.0020510282,0.0013012079,3.7474045e-05,0.0018467918,-0.001352291,0.008119571,-0.93220824,-0.0049261292,-0.013252126,-0.0024672144,-0.006413304,0.009704942,-0.0013633234,-0.0016707547
-7.3205595,-0.06751035,-0.05514088,-0.0031907142,-2.3996418,-0.004812247,-0.08255599,-0.010352791,-0.017314374,0.0016243416,-0.00013172023,-0.0045564277,-0.00048604794,-0.016786864,-0.0047969613,-0.006849847,-0.65146357,-0.1542638,0.017817125,0.001234967,-0.0034863506,0.08014049,0.0014072888,0.008691381,0.026334029,-0.0043930863,-0.0028170298,-0.3350193,-0.98308074,-0.008830709,-0.03201397,-0.0019624154,-0.0005540177,0.015850492,-0.0062081045,0.008274139
-3.1686585,-0.33877495,-0.014241492,0.0024001729,0.9837972,0.025124898,0.11378687,0.0022074466,-0.0107743805,-0.0016015174,-0.007251423,-0.34242177,0.0038664571,0.021041993,-0.0022466131,-0.0057676616,0.49534363,-0.07609952,0.012832686,0.013976186,-0.009177065,-0.015265184,-0.01431644,0.0025386866,0.0012687366,-0.0023854608,0.007375609,-0.017040592,-0.6328438,-0.0022212442,0.013517975,-0.004279696,-0.0052046343,-0.0018194529,-0.0051139174,0.0146909775
-8.146599,-0.53412455,-0.042620935,0.0007573185,0.020685261,0.0021467332,-0.08146952,0.001579745,-0.012212818,0.004083742,-0.0069303177,-0.16049625,-0.007012581,-0.004296791,-0.0030955293,0.0015990713,-0.72453904,-0.14206122,0.042539578,-0.0034939349,-0.0030405524,-0.041450936,-0.00075244077,0.0014669088,0.011527389,-0.0018952219,0.0020781357,-0.008434008,-0.87652016,-0.00794848,-0.009650081,-0.0031890946,-0.010824758,0.0016666569,-0.0034705459,-0.004514046
-6.0460258,-1.3812432,-0.12757558,-0.0040287077,0.9541613,-0.03600666,0.034141056,-0.03393996,-0.1379379,-0.05304667,0.029648395,0.76838565,0.0025389686,-0.01477885,-0.0014018124,-0.017683685,1.7773906,-0.12409899,0.043484047,-0.020026302,-0.012227614,-0.024141746,-0.014720222,0.0065122303,0.018352142,-0.00027143303,0.00088232756,0.13460624,-0.48403904,0.0003206354,0.05090989,-0.004147481,-0.009275028,0.029321609,-0.009796784,0.0024288495
-8.0873785,-0.52499855,-0.06164094,-0.008467162,1.0414401,-0.004277784,-0.040499832,-0.0005505758,-0.0073909597,0.0032589033,-0.011504046,-0.15956406,1.6818329e-05,-0.0068763946,0.0025630451,0.0018162361,-0.74911386,-0.15359373,0.041556183,-0.0009730559,-0.007002544,-0.018205319,-0.003316068,0.002096921,0.0035495742,-0.0014354421,-0.0022106848,0.0028649746,-0.86770433,-0.0064934017,0.017290417,-0.001049308,-0.0042101187,-0.0054727406,0.00032697522,-0.002897986
-5.229295,-0.06490515,-0.04163554,-0.0050187795,1.1179128,-0.016438304,0.07822857,-0.0010297688,-0.012839835,-0.00076461706,-0.0070639676,0.037343204,-0.01777205,-0.020900013,0.0011759863,-0.009310744,-0.4819025,0.03507555,0.11019602,0.008500399,-0.00938021,-0.009811472,-0.0018812852,-0.003179341,0.0137873115,-0.005829062,0.003605535,0.07918043,-0.9809119,-0.009020547,-0.006180339,-0.0059753833,-0.009044635,-0.0010419016,-0.01639101,0.010225357
7.5458364,0.5538396,-0.16234297,0.0009542794,-2.0948763,-0.04477317,-0.124865286,-0.0148760285,0.004347922,0.001980925,0.009202089,0.2823163,0.0016947566,-0.022392277,-0.004493104,-0.009683656,1.4629979,0.018645165,-0.027139163,-0.030197134,-0.03769497,-0.045468878,0.0009374157,-0.0035286692,-0.007944624,-0.0038444498,5.138587e-05,-0.33856216,1.1172516,0.0059433486,0.101564616,-0.020266881,-0.032846224,-0.0023853004,-0.007311403,0.0049377824
-8.179751,-0.55119234,-0.0519206,-0.002387026,-2.4764838,-0.011028843,-0.016614828,0.0027577828,6.100135e-05,0.0035841125,-0.0016298956,-0.16308554,-0.0050848634,-0.007606185,-0.0032534343,0.0009088395,-0.8088062,-0.13974613,0.041116323,7.9559584e-05,0.00052776316,-0.022143038,-0.0076183514,0.0021984754,0.003443424,0.0012085579,0.001798881,-0.29556412,-0.8909159,-0.011471866,-0.028720777,-0.005366079,0.007230726,-0.0040413695,-0.0010656052,0.002310897
-8.157906,-0.5326247,-0.059915155,0.0011121347,-2.5028832,-0.008044552,-0.0924457,0.019582717,-0.0022915122,0.0014389893,-0.009323175,-0.17582415,0.00035989675,-0.026883032,-0.0026782178,0.00088245596,-0.81074864,-0.1586305,0.031195669,-0.008909423,-0.004101358,-0.16686554,-0.05067891,0.0019950632,-0.0036445023,-0.0017689734,0.005232399,-0.02287096,-0.92853373,-0.015564513,0.012132323,-0.00049001444,-0.014110161,-0.003675362,-0.004225273,-0.0103681935
18.59948,0.48780134,-0.09696888,-0.0037529673,0.8898579,-0.026273027,0.09609524,0.0013421158,0.028297441,0.0018939348,0.038091835,0.71562785,-0.00095261715,-0.044175353,-0.005884421,-0.006192146,2.4260478,0.10286684,-0.06701046,-0.04279185,-0.028223973,0.029985862,0.0227252,0.0029225284,0.00090669666,0.00049260777,-0.00057934684,0.19972394,2.75014,0.0066870293,-0.009453954,-0.039663598,-0.0009935106,0.0027088851,-0.008989641,0.018060654
-0.9644215,-0.31390175,-0.17877918,0.005809553,1.0017308,0.013814997,0.08548585,0.006422628,-0.023472229,0.0012249368,0.0026494595,0.09677895,-0.00032255892,0.0151543785,0.0016445817,0.0025578474,0.6233308,-0.3329781,0.06443771,0.0013875162,-0.00069488666,0.010530673,-0.016273858,0.0068182847,-0.0029349104,-0.00029910405,0.0070803,-0.06581074,-0.5933073,-0.009764173,-0.0058832956,-0.0018348803,-0.0010651181,-0.0017339466,0.018490203,-0.0089180125
10.09406,-0.72846663,0.04712468,0.0027681496,-0.4931957,0.008839299,0.0053601363,-0.006268494,-0.015666999,0.008060749,0.047631893,0.84222275,-0.0032527968,0.012123287,-0.0037617402,0.0069882656,1.5127174,-0.06897733,0.030438261,-0.014953753,0.010384271,-0.005505052,0.023077123,-0.002072929,-0.005576804,0.0010030423,0.0004259396,0.075768694,1.3618534,-0.0031337917,-0.08886586,-0.0010238453,-0.006143233,0.00596767,0.031071102,-0.006392779
10.000394,0.7832644,-0.08159705,0.003338605,-2.2685075,-0.03812105,-0.19004871,-0.032893594,0.017672487,0.002045026,0.013170837,0.41858372,0.0039079026,-0.015087814,-0.002251997,0.00477082,1.4125814,0.055125408,0.029349532,-0.015102226,-0.017064955,0.030720945,0.032990932,-0.00011965351,0.011003944,-0.003234013,0.0027099017,0.081381455,1.0519127,0.00020973472,0.06924086,-0.0069659334,-0.009023616,0.0063895043,-0.0018409471,0.037462052
-8.212086,-0.550897,-0.014420927,-0.041231174,-2.5041196,-0.0032850858,-0.0794421,-0.00069813285,-0.01085627,0.0032791414,-0.005255261,-0.17411649,0.0004118655,-0.020809013,-0.00015467036,0.0004292715,-0.8258597,-0.1356323,0.029010093,-0.00037544587,-0.005503002,-0.17752601,-0.0033301485,-0.002522446,-0.0011120621,0.0003943954,0.005659639,-0.049871724,-0.90272766,-0.012682846,-0.026082732,-0.00024680872,-0.0055921716,-0.0046433746,-0.0010373135,-0.011503976
-0.3994659,0.397338,-0.038514983,0.0015105772,0.9994583,-0.016152974,0.093842044,-0.0027528442,-0.003411548,0.00207252,-0.009321593,-0.30732206,0.0017583199,-0.036744736,0.000702967,0.003955947,0.65134305,0.07868702,-0.018094601,-0.0077202525,-0.011052246,0.03632497,-0.012340782,-0.0015611339,-0.010464507,-0.002356776,0.0016394241,0.23193453,-0.77222764,0.0066847517,-0.02694981,0.0010552015,0.00015305198,0.0071497443,-0.006737374,0.02520604
-8.246203,-0.5447892,-0.06368753,0.0009950392,1.0520934,0.0013219792,-0.030971078,0.0024184352,-0.01918958,0.0019600552,-0.0014472612,-0.15228847,0.0011481446,0.009321903,-0.00044510327,0.0016125966,-0.69673127,-0.15420043,0.030637782,-0.0032170517,-0.0069569587,-0.025518099,-0.0025762746,0.0009640746,0.009395409,-0.0012451274,0.001049592,-0.02506354,-0.816607,-0.011382063,-0.03593545,-0.0023176903,-0.008345056,0.0007483983,0.002446538,-0.010410075
2.6427753,0.44516814,0.057607345,-0.0040017064,-1.5680788,0.009141201,-0.12693028,-0.022116903,-0.0069484636,0.0091169765,0.03118373,0.0342339,0.0013029554,-0.0116725,0.009126677,0.018166434,1.4727618,0.07763258,-0.01590871,-0.008183148,-0.0083139045,0.07965731,0.004733376,0.020657701,0.0018238632,-0.002166581,-0.013227605,-0.31778434,-0.5994357,-0.010274517,-0.014563449,-0.0070297876,0.013438247,0.011518753,-0.0040194625,-0.0016068073
-8.069655,-0.52400327,-0.067440525,-0.0027543376,1.0632862,-0.007252692,-0.06410266,0.0010911905,-0.017763026,0.0036485067,0.0026776632,-0.14552133,-0.0036847307,-0.0058479323,-0.00059406256,0.0020090893,-0.7223299,-0.15026163,0.043328505,-0.0020182698,-0.0072543607,0.07316046,-0.0055212597,2.169597e-05,0.001848896,0.0016084453,0.0013917899,-0.12940305,-0.83495855,-0.0064270906,-0.033915304,-0.0027804512,-0.0034428234,0.00021460652,-0.0038091086,0.0025043976
-3.1396968,-0.33837765,0.06588621,0.001812443,0.99546254,-0.0037830272,0.10320934,0.0016290292,0.0059703323,0.0041875322,-0.003087965,-0.33699808,0.0038947305,0.01868301,-0.0009524485,-0.004961421,0.4426204,-0.20285995,0.0075377845,0.022862693,0.014447894,-0.023581674,0.00059632235,-0.0059132827,0.0013420267,-0.00015212745,0.0052118315,-0.03391289,-0.5999237,-0.0029663015,0.0023204365,-0.0033187591,0.00048068224,0.003530741,0.017023474,0.0025521743
8.493912,-0.6646381,0.09486206,0.002473083,1.0165881,0.0074837604,0.1366547,0.008414277,-0.009828463,0.003221464,0.023881027,0.762135,0.00013404088,0.017538123,0.0012248515,0.009559546,1.1375275,-0.07851637,0.085797295,0.017260704,-0.039819546,0.023148336,-0.0010169857,-0.0026421,-0.00112552,0.0010970559,0.0013643502,-0.106739,1.1739435,0.0018221871,-0.27637443,-0.0042085503,-0.0008699485,0.0025402498,0.0204829,0.00081308576
-8.081855,-0.5347413,-0.060813904,-0.001340737,0.9835775,-0.005476792,-0.054164022,0.0031761278,-0.017794998,-0.030530738,0.0030725934,-0.15438831,-0.0030072182,-0.004279833,0.002906117,0.0015346748,-0.719801,-0.15984504,0.04077426,-0.0027905563,-0.0041602217,0.07325875,-0.00057348196,0.012979439,0.007524694,-0.005761834,0.0022032568,-0.19008912,-0.8089194,-0.0072580054,-0.033703957,-0.0007362316,0.00718864,0.0136270365,-0.0019658864,0.0022492453
-8.214708,-0.54733783,0.010391272,0.0013243202,1.0436713,0.0022304542,0.019957006,0.0033742154,-0.0075742905,0.0030569166,-0.012971837,-0.17120078,0.0019401674,0.010611309,0.00403612,-0.0002529245,-0.7572042,-0.14167915,0.04743843,0.003008453,0.0055823554,-0.01984422,-0.0049900576,0.00041503727,-0.010331326,7.321682e-05,-0.0010751269,0.0043227673,-0.8607244,-0.007814207,-0.0055342023,-0.0058556623,-0.0055067246,-0.004066005,-0.0014720615,-0.0021328735
-8.104366,-0.5340561,-0.036212914,0.0010892141,1.0392576,0.0036630144,-0.07812715,0.0003409681,-0.017054413,0.0034940206,0.0052835466,-0.15669855,-0.0035639282,-0.0064227404,-0.003845205,-0.00016727975,-0.72501516,-0.13822103,0.041960426,-0.0012008217,-0.0068915477,-0.015473376,-0.005428833,0.0019254391,0.00913982,0.00069776806,0.0013801756,-0.005516075,-0.84002143,-0.00804823,-0.035039727,-0.0007881023,-0.0027647961,0.0019910831,-0.0006722982,-0.00082555716
-8.041326,-0.550058,-0.06214898,-0.0026539026,-1.2539632,-0.007924711,-0.07321598,-0.0012366043,-0.01973126,0.004545234,-0.0005408977,-0.15904154,-0.0006285733,-0.009761558,0.005886531,-0.0003991673,-0.7669078,-0.14854696,0.031408444,-0.0021156126,-0.005068178,0.09433135,0.006920467,0.0144710345,0.010745877,-0.0022123847,0.0022805422,-0.26620033,-0.9024259,-0.008157869,-0.03412773,0.0007517284,0.0042361747,0.018862046,-0.0030118073,0.0073884353
-8.098217,-0.53701174,-0.05410077,0.00035153521,-0.4861065,0.001492057,-0.11665328,-0.00063025934,-0.019101756,0.0039056733,0.0048036133,-0.16550982,-0.0005333625,-0.0059589716,0.0037570596,0.0007557907,-0.7444479,-0.1524408,0.03883169,-0.005643027,-0.005615468,0.098549195,-0.00024652362,0.0031334965,0.010283828,0.00021681444,-0.0010784075,-0.26159555,-0.89457214,-0.008244965,-0.034367405,-0.00033242852,-0.0097590545,0.0022847883,0.0030131596,0.0027012988
-8.162594,-0.531557,-0.060467895,-0.001018235,1.044637,0.0002895034,0.026342869,-0.0043696095,-0.010850214,0.0028861796,-0.010968477,-0.15494128,0.0016554511,-0.014934668,-0.0038450416,0.0005828774,-0.75834084,-0.15779756,0.04530682,-0.0033445132,-0.004820584,-0.016230147,-0.008658989,-0.006170851,0.002648199,4.0460538e-05,0.00064240984,0.0009776395,-0.82681084,-0.006808909,-0.0045442246,-0.0011810976,-0.009733376,0.0012036646,-0.0068100505,-0.002786632
17.302013,0.4556296,0.06998816,0.0006485706,0.8647835,0.0010740466,0.051485423,0.005515533,0.0073532425,0.001973201,0.029546069,0.89123785,-0.0009959848,-0.027739827,-0.0007537745,0.009032546,1.7413299,0.050768144,0.017098485,0.02970605,0.0104515,-0.16664763,0.003383824,0.009734106,-0.017464802,-0.0019267336,0.0040228465,0.22109729,1.6755872,0.006319742,0.053717535,0.0018640498,-0.0146473525,-0.00886705,-0.009990839,0.02631407
-3.9469135,-0.31457338,-0.06637632,0.0054130345,1.0143363,0.013792807,-0.12104422,0.022006689,-0.018860405,0.003858704,-0.017344752,-0.32194924,0.00070035213,0.022155708,-0.0007721112,-0.012924926,0.5228098,-0.0385521,0.035980333,-0.00610769,0.00019918707,0.0025628647,0.0009840088,-0.0013552844,-0.0030633528,-0.000737435,0.0053563006,0.0031047405,-0.641099,-0.0015594227,-0.009985876,-0.0013464873,-0.0073131653,-0.010485371,0.010049387,0.013155474
-2.3545802,0.21634343,-0.049064327,0.001033303,-0.11219158,-0.026498768,0.058086086,-0.003314076,-0.00080738193,0.0029126294,-0.017271671,-0.35803297,0.0054614795,-0.025360538,0.0015869555,-0.0004010687,0.43918803,0.0314038,-0.03134346,-0.0070672343,-0.0121028675,-0.021585235,-0.015715495,-0.001465048,-0.012174548,-0.0042595365,-0.010694411,0.005580116,-0.74724025,-0.0032655976,-0.03582022,-0.0018587246,-0.018909916,-0.0031586383,-0.012888029,0.016138231
-8.178877,-0.55066353,-0.06155498,0.0026063735,1.0392575,0.0047177267,0.008260461,0.0021460745,-0.016712852,0.0028596064,-0.00020690379,-0.15403357,0.0012272137,0.010567238,2.0562666e-05,0.001839078,-0.7190988,-0.15678968,0.041679736,-0.003620177,-0.0071901027,-0.026380997,0.009037407,0.00161371,0.001573726,0.0006904096,-0.00082184665,-0.00482016,-0.8152937,-0.009742602,-0.035253637,-0.0034727054,-0.0007869076,0.0014464244,0.0042360714,-0.0025787107
-8.132989,-0.5312505,-0.059211798,-0.02110437,1.0465661,-0.005020262,-0.016561316,-0.0030617267,-0.007863337,0.0035127716,-5.4913173e-05,-0.14875497,-3.4653363e-05,-0.008778802,-0.00097121263,0.0024970237,-0.7476501,-0.14008743,0.04234085,-0.002394128,-0.0057353787,-0.019433036,-0.002793209,0.0011695165,0.00065375527,-0.001850407,0.0014936989,-0.0059274314,-0.82874167,-0.0077927615,-0.034668755,-0.0014347942,-0.0030596508,-0.00197499,-0.0032545526,-0.0008407167
1.3220823,0.5735907,-0.14609377,-0.001664431,-2.2233477,-0.032306276,-0.08471731,0.008718538,-0.015089228,0.0028524334,0.015001107,0.28969714,-0.024066996,-0.0053107417,0.0036247086,0.024381302,0.7587027,0.08617425,0.19420442,0.010277323,-0.01778077,-0.08691386,-0.0089929085,-0.0006037233,0.0025011345,0.0046842173,0.001426538,0.06969913,-0.7486462,-0.003327088,-0.097307,-0.0029316507,0.030827537,-0.013004129,-0.0071766754,0.032380458
-8.13046,-0.54955417,-0.032221716,0.0045224857,1.0476162,-0.0042126174,-0.044834986,0.0029856428,-0.014449937,0.0036021713,-0.010569859,-0.16162024,0.0006808457,0.008948929,0.002485667,0.000438315,-0.74326867,-0.14587946,0.04312356,-0.002830962,-0.0024450496,-0.018307904,-0.0019758837,0.0026070296,0.0010202272,0.00046571915,-0.0009955189,0.005909756,-0.8687494,-0.005542517,-0.0063519813,-0.0014561554,-0.0038436335,-0.001196164,0.0039061944,-0.0025498497
25.216925,0.7601516,0.062410034,-0.0017857128,1.0868837,-0.005334135,-0.17776588,0.007688242,0.028655726,0.0026062126,0.044656586,0.71210635,0.0023884468,0.004908043,0.004759413,0.0048106504,2.727528,0.13348429,-0.062224384,-0.004481859,0.03713944,-0.0014727624,0.038767383,-5.351708e-05,-0.021330778,-0.007648704,-0.0035905533,0.2747324,3.249737,0.0125973625,-0.0041608857,0.012516661,-0.0037599907,0.00013899655,-0.008301322,0.027015693
11.336673,-0.4068351,-0.2485059,-0.0043573864,-2.4732969,-0.1880171,-0.16107257,-0.060513765,0.017306827,-0.020304916,0.01186886,0.6754282,0.0019854526,-0.030273579,0.005049,0.004649263,2.032252,-0.25788888,-0.013778667,-0.011798603,-0.026337517,-0.069964126,-0.0050687618,0.0064416076,0.0037486695,0.010517282,-0.008151274,0.025334468,1.871632,0.0047401707,-0.04147803,0.055502728,0.020990247,-0.011229452,-0.01243509,0.010917944
-8.154907,-0.55035883,-0.06494082,-0.0006468895,-2.3443518,-0.00026043237,-0.1738934,-0.0014769982,-0.02243394,0.0060384176,0.0024627496,-0.16339642,-0.0010914111,-0.009784526,0.0025938167,-0.0006270945,-0.7810177,-0.14912474,0.037244428,-0.0027267968,-0.00574255,0.06783567,-0.0023345312,0.0025959406,0.008239205,-0.0014552026,0.0023622431,-0.30974516,-0.9213077,-0.0082599465,-0.035618324,0.0035366851,-0.0060124886,-0.00046341965,-0.004198916,0.0015404524
-8.103146,-0.5460021,-0.058965124,-0.0012505763,-1.5316582,0.0019082443,-0.12784767,8.287232e-05,-0.013539981,0.0046914616,7.040232e-05,-0.16450189,0.00043145462,-0.0060149264,0.0035751422,0.0006031129,-0.7638139,-0.14899911,0.033948157,-0.0037577234,-0.0065426296,0.09598289,0.0054422677,0.0028007964,0.009524098,-0.0020456647,0.0027252878,-0.26860484,-0.9145736,-0.008791473,-0.03394189,-0.0009543919,0.004017514,0.0023818547,-0.0054441667,0.004941221
-8.193782,-0.5454099,-0.051306114,-0.004226882,-2.5463934,-0.01592581,-0.012303856,0.008373023,-0.0058524944,0.0031900273,-0.0024787898,-0.16434884,-0.006052649,-0.0033857268,-0.004497904,0.0009129024,-0.8017277,-0.13957436,0.04054391,-0.003396993,-0.0067448183,-0.012087384,-0.0021583473,-0.0046576792,0.00549649,-0.00046069775,0.0014700997,-0.22945529,-0.8946104,-0.011659535,-0.02891898,0.0013228002,-0.004879455,-0.003099935,0.0011621743,0.00034887236
-8.145955,-0.5339049,-0.060612436,-0.008565471,0.03939363,-0.0022522393,-0.068554595,0.0015946879,-0.0154379,0.0038937442,0.00089599827,-0.15523216,0.00023443146,-5.8559246e-05,-0.00628549,0.0014503344,-0.73859173,-0.1481942,0.04033627,-0.004702001,-0.0052750767,0.10873654,-0.0031100332,0.0023860203,0.0033680995,-0.0014959285,0.00080950325,-0.25347173,-0.8335915,-0.0074839243,-0.03332126,-0.0011297892,-0.004519742,0.0013110011,-0.004773945,0.006464831
-8.22348,-0.53887194,-0.06511437,0.002590685,1.0526137,-0.006592656,-0.03291406,-0.0058425856,-0.0024288776,0.002901088,0.009257071,-0.14637187,0.00073313975,-0.011518587,0.0020044856,0.0013565277,-0.73221374,-0.14692189,0.028606733,-0.0016977388,-0.0061125928,-0.043246087,-0.0006648859,0.0030017504,0.003380919,0.00032368687,0.0031134065,-0.035995264,-0.8154809,-0.011376087,-0.03092396,-0.0016105183,-0.003462362,0.00019348714,0.004864776,-0.011218035
-8.164873,-0.5464022,-0.064771585,0.001001871,1.0318086,0.0024212438,-0.0028106258,0.001993412,-0.016304377,0.0028708645,3.2917364e-07,-0.15316308,-0.005023159,0.0008443418,0.0016620622,0.0012506385,-0.71476024,-0.15386498,0.041568182,0.0011260263,-0.0057345135,-0.027615774,-0.0016193665,0.0023620548,0.00086788484,2.039889e-05,0.0017069762,-0.004290604,-0.8155154,-0.0070512905,-0.03302114,-0.0019214442,-0.004016608,0.0009422972,0.0011288761,0.00041868596
-8.252785,-0.55080456,-0.014230937,0.0029125744,1.0607237,0.005160801,-0.042990047,0.004546955,0.0002449324,-0.019603956,-0.009716043,-0.15967219,0.000711987,0.015761025,0.0020163225,-0.00021022755,-0.75066274,-0.15825525,0.03353225,-0.0009835376,0.004593278,-0.019582005,0.00077046617,0.0010805369,-0.005177787,-0.00014376071,0.004132421,-0.03064985,-0.838159,-0.010106449,-0.005118066,-0.003804977,-0.0017689953,-0.001215947,-0.0028101946,-0.008491574
-8.134211,-0.53602874,-0.022590231,-0.013070663,1.0542905,0.001153195,-0.04328521,0.0024984,-0.013784102,0.0034465808,0.0010538059,-0.16187422,0.002922161,-0.0012362313,0.0020047042,0.0012079623,-0.738405,-0.13562214,0.043389387,-0.0052361656,-0.004400282,-0.019108113,-0.0039842883,0.0017507945,0.008955005,-0.0010313045,0.0018477256,-0.00594715,-0.8552045,-0.008037224,-0.03421798,-0.00055602816,-0.001909331,0.0003112029,-0.0005685634,-0.0022456034
-0.2605337,-2.198715,0.14813419,0.0009263424,-2.0979395,0.0078075677,-0.0400254,0.0055872854,-0.033870373,0.0098680025,-0.0011099274,0.37662297,7.8375495e-05,0.00022397465,0.031712063,0.046055645,1.5776751,-0.33245406,-0.013322095,-0.005623344,0.015816154,-0.09461862,-0.01298163,-0.0020500876,-0.007989353,0.00023172589,-0.040067494,-0.054360915,1.6666416,-0.0020448968,-0.052817784,-0.0028887354,-0.022128418,-0.01398811,0.026117638,0.017316867
-8.148023,-0.5231784,-0.055654053,-0.0025433188,1.0381339,-0.0033866677,-0.0033972089,-0.0048080357,-0.0153360795,0.0033547946,-0.005060868,-0.15329356,0.00013590607,-0.012659446,0.0027976995,0.00028690437,-0.7507044,-0.14739363,0.041478425,-0.0046786596,-0.007269876,-0.010764097,-0.0065588052,-0.002522182,0.003494925,-0.0021226169,0.0013880187,-0.0016213916,-0.8508369,-0.008962883,-0.001861685,0.00050965726,-0.002890471,-0.004506005,-0.005262549,-0.0038971636
25.041178,0.8963963,0.032967456,-0.0031188696,1.1251715,-0.00040149273,0.17896299,0.005560923,0.04134331,0.0023350674,0.027101606,0.66269433,-0.0015185535,-0.01059819,0.0012634215,-0.0015208159,2.7493813,0.13038228,-0.09969767,0.0044477982,0.0009027134,0.0208144,-0.011027114,-0.0006749332,-0.040316097,-0.004118465,0.0015169126,0.2580502,3.251967,0.010519375,-0.006316712,-0.0048927474,-0.012065145,-0.0050205006,-0.0097367605,0.03434875
5.9836817,0.32354304,-0.19692971,-0.0015695997,-1.811346,0.016654545,-0.21549828,-0.030523239,0.010323785,0.0042517646,0.0032827416,0.22039069,-0.0007134413,-0.026962431,0.00935032,-0.002736496,1.2332832,-0.05777589,0.008682028,-0.020007402,-0.009230925,0.05092366,0.0033798357,0.014978233,-0.0024107122,-0.0050108926,0.01355474,-0.43491888,1.1640458,-0.001855283,0.10261079,-0.0018220594,-0.0011501783,0.015979484,0.003014765,0.0019573993
4.808497,0.32142064,0.055176187,0.004861677,0.9615307,0.005045214,0.08381926,0.000618334,-0.015321679,0.002399588,0.011050058,-0.32908788,-0.0009081365,0.01835575,0.0071703563,0.00862671,1.0945094,-0.054873243,0.007195138,-0.010236082,0.0025710326,-0.027165907,-0.00097426807,0.011106272,-0.007216297,-0.0009081983,0.0004665477,-0.3146849,0.89918315,-0.008117968,0.007637792,-0.008103808,-0.006667508,-0.004459383,0.012614243,-0.0026842402
14.730286,0.5191473,0.01724511,0.0010131834,-1.9406433,-0.009307872,0.065225735,0.011260153,-0.0400848,-0.043650642,-0.008066053,0.6938053,-0.016307995,-0.026217563,0.014301054,-0.0041714674,2.1366389,0.028147316,-0.024127215,0.026465273,0.014799169,0.045233402,0.00010618451,0.0019258399,-0.017078035,-0.0060465834,0.0020114272,0.2407876,1.9038626,0.029675765,0.03738223,0.005537955,0.0094281575,-0.013627591,0.0029769833,0.024186071
-8.214883,-0.55157655,-0.05914109,0.0012426344,1.0535697,-0.004707136,0.014205644,0.0022632573,-0.014573066,-7.7465236e-05,0.0003032067,-0.16254634,0.001017012,0.010448698,-0.0033518318,0.0015895896,-0.72070783,-0.15071726,0.042820834,-0.005066958,-0.00618448,-0.050930545,0.009667715,0.0014215955,0.0012085929,0.0007764852,-0.00036193203,-0.019965565,-0.8075203,-0.010870646,-0.034600142,-0.0017234742,-0.0049526263,-4.932668e-05,-0.00057253236,-0.0027880352
23.101805,0.83368796,0.043587886,-0.0077539124,0.9927403,-0.00062374433,0.11281977,-0.009291171,0.028486889,0.0023183932,0.025906924,0.655569,-0.006111767,-0.03559499,0.004049626,-0.0027010553,2.6470034,0.11724447,-0.13539568,-0.0037156446,-0.005526287,0.026110142,-0.022726716,0.0023129755,-0.0015576666,-0.0062260176,-0.0006182984,0.2569818,3.186855,0.0039131003,-0.010399128,0.0034295546,-0.005704219,-0.0009793035,-0.018108184,0.024319792
-8.0792465,-0.52541083,-0.05989148,-0.011977439,1.0465122,-0.0028642185,-0.07540204,-0.004640787,-0.0052033006,0.003492893,-0.00026746688,-0.14762047,0.0001141587,-0.008334398,0.0025983828,0.0014406091,-0.73711807,-0.14126489,0.041008353,-0.0017693161,-0.007745144,-0.017338717,-0.0027382148,0.0010455097,-0.00044793694,-0.0011246217,0.001937307,-0.002684014,-0.82931507,-0.009088199,-0.036178656,-0.00010284053,-0.0030677258,-0.004395442,-0.00042993054,-0.0030897954
-8.1515875,-0.54586506,-0.027443225,-0.00015163248,1.044216,0.0024844396,-0.019494459,0.001694442,-0.015846152,0.0034394076,-0.005422561,-0.15882422,-0.0045301514,0.0021553668,0.0022170006,0.0011614301,-0.7233894,-0.13951485,0.045899604,-0.0034448141,-0.0035650376,-0.016651718,-0.003559499,-0.00017557973,0.0021655208,0.0008173619,-0.00033376107,-0.0028614977,-0.8762183,-0.0077597722,-0.015622698,-0.0014767376,-0.0046050586,0.000418356,0.001359622,-0.0024217146
5.9298215,0.1903365,0.07796758,0.0044837683,-2.2640924,0.0050087464,-0.17376663,0.0051457556,0.0022944235,-0.021260634,-0.09829785,-0.6516869,0.0010596507,0.0382003,0.0024501502,-0.00783246,1.2254366,-0.14494875,-0.017032873,0.018688615,0.015034694,-0.09652416,-0.011926251,-0.008433608,-0.011412068,0.0018359974,-0.00039091447,-0.01500302,0.9568828,-0.0019663458,0.015298705,0.0068505607,-0.054769482,-0.0062319436,0.02215392,0.012748605
17.88314,0.68952245,0.060279146,-0.0017249323,0.90905446,-0.0032045918,0.07822872,-0.0029785626,0.01666097,0.00360249,0.006880514,0.44117475,-0.0019429361,0.024441967,-0.0036927941,0.001647121,2.2120628,0.05636192,0.024843495,0.016366037,0.016691737,0.029038498,-0.02400582,0.0011230042,-0.014662754,-0.0027216377,-0.003433297,0.06427453,2.376449,-0.005125646,-0.015542293,0.007834119,-0.0073690913,-0.011126492,-0.00867141,0.002834626
3.8170981,-1.6887604,-0.28438085,0.0039605624,0.92085236,0.011295416,0.075305924,0.008866286,-0.021632032,0.0025653304,0.0090012215,0.5373344,0.0028057122,0.019735761,-0.005304215,-0.015364129,1.7439103,-1.0515695,-0.005514174,0.00028582054,0.017619647,-0.007847987,-0.014097788,-0.010190489,-0.015530623,0.0010213449,-0.0051735276,0.0018288022,1.9238659,-0.0020911342,0.008945244,-0.08410951,0.003997288,-0.04947567,0.029418508,-0.003962785
-8.206811,-0.55186784,-0.010869708,-0.0025955634,-2.523381,0.003781643,0.013712576,-0.00068968115,-0.010770869,0.0029466012,-0.013031259,-0.17727606,-0.0091964975,0.0042245663,-0.0018408203,0.00070763176,-0.82370186,-0.14030387,0.045396008,0.0056582564,-0.0072622322,-0.058715925,0.006380677,-0.002237996,0.0012233452,-0.003999993,0.0009685516,-0.21330366,-0.92562336,-0.00824022,0.0014756108,-0.0036491444,-0.015378011,-0.008709031,-0.0022512292,-0.0036182245
-8.215952,-0.54514414,-0.037512626,-0.0020619372,1.0670246,0.0078403335,-0.005559334,0.0026916547,0.00040371963,-0.009442698,-0.00070280733,-0.16906895,0.003205642,0.013656333,-0.0010080407,0.0026944266,-0.7645862,-0.108615205,0.031877715,0.010292703,-0.004415725,-0.018532572,-0.001939298,-0.00053073594,0.0028496792,-0.0025284379,0.004825736,-0.013709558,-0.8883776,-0.009018042,0.0025018456,-0.0043912223,-0.003292959,-0.005410124,-0.0022851564,-0.01227045
25.045235,0.8272374,0.060075648,-0.004900433,1.109752,0.0015082994,0.1758547,0.0036362666,0.02818264,0.0021159241,0.025574947,0.6626141,0.0033669793,-0.0049998164,0.0014909566,-0.0046518417,2.6558113,0.12604396,-0.06871172,-0.00768112,0.014587125,0.0021683641,-0.010662706,-0.0045523215,-0.008538086,-0.003839324,0.003132504,0.26125816,3.198823,0.0017396129,-0.006735241,0.0018610983,-0.0051295273,0.00014438102,-0.010486785,0.026927218
-8.106575,-0.536424,-0.018157963,-0.008849251,1.0467843,0.001866194,-0.07637177,0.0023035817,-0.0045845043,0.0034939968,0.0013168734,-0.16279504,0.00274415,-0.0003150946,0.0020748086,0.0011062125,-0.7505638,-0.12972453,0.044471513,-0.004201251,-0.008222737,-0.015432684,-0.0035288462,0.0009963638,0.010201496,-0.0016181689,0.00071250356,-0.0061407937,-0.85427237,-0.008129283,-0.03414814,-0.00035113585,-0.0043612085,-0.0016826286,-0.0005637833,-0.002311346
-5.5400276,-0.3249376,-0.07130986,0.0042658267,1.05878,-0.015785813,0.061131652,0.0024585095,-0.024541477,-0.058527064,-0.0028433993,-0.022654831,-0.008301672,-0.014936567,0.001943415,0.0021728668,-0.35187814,-0.18679368,0.025167326,-0.008971754,-0.008163713,-0.025294067,0.0014007996,0.006911968,0.027262093,0.0009125549,0.0017157053,0.025391834,-0.72946334,-0.006825204,-0.025135344,-0.0028376658,0.017612379,0.0041342457,0.00988851,0.0008363632
-8.125238,-0.53573877,-0.043186907,0.002208781,1.0409529,-0.0025470643,-0.041612122,0.0016350257,-0.017542323,0.0035230464,-0.012158774,-0.16172616,-0.0063965116,-0.00443907,-0.0069362354,0.00083923567,-0.71922797,-0.14864346,0.046393078,-0.0048575965,-0.0069574933,-0.017224802,0.00010190948,0.0014089628,0.00892114,0.0008128222,-0.00081476505,0.0026469126,-0.87337244,-0.007998226,-0.004008883,-0.0010845872,-0.0065819733,0.0017776076,0.0036387288,-0.0025444615
-8.159403,-0.52419263,-0.05854748,-0.010698713,1.0537796,0.00041972168,0.016386634,0.0004134183,-0.0004545505,0.0038010788,-0.007761983,-0.16661589,-0.00023888533,-0.009588507,0.0020234687,0.0011821667,-0.7549592,-0.15285933,0.04305172,-0.004010909,-0.0067684692,-0.013253584,-0.0065534487,0.0018137208,-0.0038518219,-0.0016177774,-0.0028021033,0.0009732857,-0.8690384,-0.006374949,0.0054016407,0.0017755245,-0.0029563154,-0.003601262,-0.00043615632,-0.0021067518
-8.179643,-0.5635856,-0.0026617302,-0.0013797821,-2.5126143,-0.00212709,-0.04871752,0.0016343604,-0.006201204,0.0029612388,0.0019509739,-0.17660813,0.00066549855,0.009112365,-0.002012441,0.00022489164,-0.8264536,-0.13758762,0.043074116,0.0081693055,-0.0025732238,-0.16550499,0.007899327,-0.0013239372,0.0026237152,-0.003054442,-0.00073893386,-0.024011401,-0.90061575,-0.011259105,-0.031557806,-0.0021553496,-0.019093404,-0.0067175208,-0.005212872,-0.001253622
-8.170179,-0.55572116,-0.028074471,0.0031568622,-2.5062094,0.00025489627,-0.09132506,0.0028045306,-0.008576503,0.0032294625,-0.0056775245,-0.17697814,0.00035374894,0.008649182,0.0041993633,-0.0026552265,-0.8145912,-0.1355999,0.03059623,0.003653985,0.0023134712,-0.14550039,0.0073227375,-0.0062923413,-0.009377464,0.0001254669,0.0028683566,-0.02406199,-0.9129256,-0.014528014,-0.03430469,-0.0026959034,-0.019431846,-0.00051197445,0.0002122697,-0.008955069
15.879255,0.29712817,0.08750756,0.006090064,0.860615,-0.02844003,0.10653533,-0.018305164,0.035097543,0.0024066784,0.021879034,0.9494457,0.00026538648,0.013074913,-0.005306788,-0.0077879294,1.787489,0.041384738,0.04910402,0.024795128,-0.0026998995,0.037407167,-0.023156846,-0.0018295123,-0.010324671,0.0012224762,-0.0016442294,0.3273037,1.6217381,-0.004298964,0.10680148,0.0073447158,-0.005845088,-0.00010465832,0.023300325,0.02994065
-8.153129,-0.5502997,-0.035613883,-0.0018920688,-2.3251066,-0.0016178478,-0.1256096,0.0010347004,-0.018668879,0.005590208,0.002640293,-0.169525,-0.0040102564,-0.0037991821,0.0044012615,-0.0041649905,-0.78691494,-0.13937342,0.037470527,-0.0035091178,-0.0039900625,0.07242075,-0.0025103732,0.0039123767,0.009546909,-0.0017347952,0.0020807104,-0.28933895,-0.93874747,-0.008434445,-0.035366695,0.0019448634,0.0032159183,0.0042517525,-0.0032806522,0.0008656538
22.60025,0.718778,0.07262044,0.0020890927,1.0052551,0.005548279,0.09966161,0.008376637,0.033407032,0.003706505,0.032827254,0.7660958,0.003068001,0.020932505,-0.0018973269,-0.012103321,2.593277,0.086872034,0.09564417,0.006612208,0.019174324,0.014960855,0.068455905,0.002070552,-0.0502257,0.006938979,-0.0039798436,0.19894807,2.675608,0.005630317,-0.0001408513,0.015814876,-0.0041648312,0.00420166,0.020772364,0.018960148
14.49869,0.23342387,0.16823295,-0.004677381,-2.0887163,-0.013689481,-0.32197896,0.010641979,0.027649451,0.0021177267,0.008041715,0.47509068,-0.0017064768,-0.020180402,-0.023935352,0.00296371,2.0791612,-0.15610781,-0.0022306645,0.0014810005,0.01737057,0.016573805,0.00085793366,-0.0074206907,-0.0073690596,-0.0020462032,0.03008437,-0.12809534,2.179538,-0.0069628907,-0.006691068,-0.015092063,-0.020404788,-0.018238124,-0.01104014,-0.022450162
-8.227026,-0.54782456,-0.053503346,0.0005509791,-2.5247004,-0.010504094,-0.02206649,0.0019791478,-0.01685331,0.003222137,-0.000637664,-0.1632606,-0.006800587,-0.006835253,0.0035969121,0.0011102806,-0.7697812,-0.15049864,0.041581377,-0.0010671794,-0.00020657334,-0.03989704,-0.009100013,0.0021117234,0.009131708,0.0006218464,-0.0007449965,-0.23961946,-0.89376944,-0.014115291,-0.032202907,-0.0051255133,-0.012891234,-0.00092281995,0.0021261119,-0.0021217812
5.205115,0.09290609,-0.1776608,-0.0042683827,0.9817311,-0.035035025,-0.030521696,-0.014568262,0.014870256,-0.00079315813,-0.012164195,0.115332715,0.004546923,-0.048941594,0.0016806365,-0.02785215,1.4634999,0.009257405,-0.019544704,-0.022109494,-0.0153731825,-0.001745145,-0.006484853,-0.012758812,-0.06207715,-0.0022380236,0.0037317271,0.080565535,1.206697,-0.00047747584,0.003011941,-0.011803083,-0.014330062,0.010627332,-0.002265072,0.017529787
-8.125348,-0.5499219,-0.05967605,0.004319688,1.0375693,0.0010456018,-0.042230986,0.0042459792,-0.01664582,-0.021473633,-0.0013437846,-0.15418181,0.00029576107,0.010999104,0.0023740835,0.00067689427,-0.70754623,-0.163765,0.040893633,-0.0040487116,-0.00883751,-0.025229774,0.009108611,0.0081622265,-0.0017689492,0.000484298,-0.0008632781,-0.0013674528,-0.79970896,-0.010099938,-0.037069608,-2.8780942e-05,-0.0053238007,0.00094567344,0.004424467,-0.00015898085
-5.7124453,0.12668687,-0.07575411,0.003423304,1.0371192,-0.0051118974,-0.086494364,-0.006786426,-0.015493901,0.004581617,-0.0017894849,-0.05967204,0.0012953902,-0.026438577,-0.004997811,-0.0041392706,-0.30595195,-0.15794376,0.007612607,0.00080037257,-0.004682807,-0.00086206326,-0.011142858,0.0030088988,0.00022147526,-0.007356969,-0.000416082,0.014359402,-0.82809424,-0.006781462,-0.02412695,0.0043071792,-0.0082353,-0.00089800154,-0.019182673,0.00013857776
-8.238376,-0.54714715,0.009511847,-0.00062900793,1.0635829,-0.0006107138,-0.008569227,0.0024245565,-0.00255175,0.0033437277,-0.0062128855,-0.16932622,0.001647879,0.011966227,-0.00026443135,0.001322668,-0.7528229,-0.15012224,0.03305105,0.011392699,0.011418805,-0.028982824,-0.004139694,0.0025686019,0.007096125,-0.0021050414,0.0025442159,-0.020012943,-0.87102246,-0.010578183,0.019280804,-0.0023984315,-0.0027870536,-0.0033865366,-0.0027664215,-0.011666489
-8.206918,-0.54410094,-0.014031137,-0.008486602,1.0474304,0.0019568256,0.014481614,0.0016292492,-0.0054614586,0.0033381179,-0.0052825003,-0.1656518,-0.0076785437,0.004645559,-0.0008205907,0.00058362057,-0.76096237,-0.14167456,0.04736156,0.007201288,0.0006822559,-0.020192694,-0.003486049,0.0030711852,0.0011648416,-0.00036025041,0.0016910238,-0.0017692306,-0.85710424,-0.008604722,-0.004556479,-0.0019392506,-0.005551387,-0.0052489503,-0.0010483016,-0.0021607077
-8.24047,-0.53239304,-0.03996689,0.0025641953,1.0566541,-0.010279918,-0.015777176,-0.00486427,-0.0070893466,0.0035039259,-0.008074266,-0.15557657,-0.004688001,-0.007145912,-0.0008062283,-0.0011407256,-0.7325823,-0.14415312,0.031495836,-0.0025630188,-0.0062260777,-0.02473514,0.0011439754,0.0007975647,0.006734379,0.0003575475,-0.00483726,-0.019675013,-0.8248708,-0.011694879,-0.031189175,-0.0012923144,-0.0029729262,0.004325655,0.0035449746,-0.012744393
-8.152356,-0.53905004,-0.06113517,-0.012439789,1.0390282,0.0032604423,-0.0052262074,0.0019934583,-0.0174536,0.0028256527,0.00023042248,-0.15369388,-0.006308538,0.002839727,0.00015690863,0.0016537539,-0.71195453,-0.15727316,0.042550765,-0.0018040381,-0.006068076,-0.032393266,-0.00072911696,0.002205903,0.0032661874,-0.0012344455,-0.0017504534,-0.005551277,-0.8133835,-0.0071797273,-0.034293998,0.00038189284,-0.001233054,0.0016566494,-0.0014135406,0.0024024213
17.417793,0.46665573,0.059018623,-0.0025522504,-1.9265107,-0.0035674814,0.024617815,0.0072636334,0.016228888,-0.026790746,0.0069610705,0.45744932,0.0018754236,0.030613137,0.00826847,-0.012647386,2.1769345,0.058768153,-0.0049596815,0.01848545,-0.0009948722,0.06343961,-0.0020127734,0.0012238165,-0.025859479,-0.0067216894,0.004062178,0.17658396,2.3146756,0.0072503276,-0.028205713,0.02274361,-0.0061684633,-0.0027438765,-0.012655975,0.021419855
3.8491347,-0.6823403,-0.04387126,0.0005507101,0.9061243,0.01355249,0.10808716,0.0048397304,-0.009763701,0.002910117,0.019410506,0.18506968,0.000782602,0.020076137,0.0060265902,-0.019981042,1.2283707,-0.18162917,-0.008681092,-0.009692883,0.007074509,-0.003427542,-0.017468764,0.01463889,-0.009712933,-7.2615265e-05,0.00042157227,-0.16734166,1.0448593,-0.0048592184,-0.080852315,0.012096462,-0.0011608028,0.0068946546,0.021677505,0.001342999
-5.9762487,-0.124981634,-0.08995741,-0.0017970554,0.9729199,-0.017164988,0.020581335,-0.0053274366,-0.025025632,0.004464018,0.0031010865,-0.17686437,0.0014318298,-0.023753025,0.0039479127,-0.004009831,0.009316453,-0.21481638,-0.008034687,-0.0009889788,-0.005519963,-0.035305932,-0.0017162531,0.0026363935,0.0041692094,0.00011990087,0.00018211736,-0.039603636,-0.69361603,-0.0072665913,-0.028106624,-0.0018221434,-0.005142387,0.00086279627,-0.020075181,-0.00026828202
-5.2776546,-0.5845359,0.054769352,-0.0009989634,1.0628592,-0.015069733,0.023442736,0.0060368585,-0.014378281,0.004990904,-0.024743646,-0.28100675,0.0043553775,0.0006671712,-0.0024924665,-0.011810128,0.42486092,-0.023502173,0.0032092473,0.015601779,0.009225544,0.0025186054,-0.008679743,0.004254086,-0.006919152,-0.0009987622,-0.011644836,-0.007270261,-0.6267837,-0.004709939,0.0010924191,-5.5701123e-05,-0.0074629416,-0.0074346913,-0.0031951258,0.010784285
-8.204565,-0.5451739,-0.017136863,0.0031301004,1.0453871,0.004093408,0.022028629,0.0024537935,-0.007037735,0.003407026,-0.012544826,-0.16106799,-0.0053607537,0.0014606247,0.0020140994,0.00054744043,-0.73423094,-0.1361692,0.046371825,-0.003267084,0.0028684905,-0.024516793,-0.004458139,0.0021085893,-0.0011422329,0.0006415019,-0.0009956058,0.0030506623,-0.86882967,-0.0075349463,-0.018615903,-0.0029797666,-0.003231449,-0.0012732663,0.0043086563,-0.0035627377
-8.149882,-0.5284536,-0.06527,-0.007056059,0.03837284,-0.0006208861,-0.066786416,-0.0010525844,-0.017320853,0.0037326533,0.0036536087,-0.15031219,-0.001400352,-0.0067387423,0.007966501,0.0014511242,-0.7141141,-0.15142725,0.039753966,-0.0014285605,-0.0051036812,0.043602485,0.0030816032,0.0034566603,0.0022589567,-0.00090046524,-0.0008831231,-0.16180791,-0.8411686,-0.007972369,-0.03549923,-0.0029593941,-0.010275805,0.0025735614,-0.0015002067,0.0019763515
11.960295,0.602955,0.060734693,0.000992437,0.890575,0.0072452244,0.09831292,0.0028366104,0.023578636,0.0009355267,0.034469392,0.3360568,0.0003366078,0.017977007,0.002007478,-0.0048562763,1.6519209,0.046712507,-0.010685476,0.019287664,0.007609043,-0.027118776,-0.0025170585,-0.009898357,-0.014350053,-0.0013574531,-0.0022512716,0.011880499,1.3482009,-0.009279785,0.094679415,0.00025181644,-0.004419267,0.004212174,-0.012320298,-0.0034693778
-7.633759,-0.22500028,-0.045938123,-0.0027894452,1.0478908,-0.009139492,0.026456833,-0.005883688,-0.0046497234,0.0036226858,-0.00042034447,-0.17242114,0.0025479272,-0.016271293,-0.0012046564,-0.0042528906,-0.77129847,0.004367865,0.03585973,-0.010494262,-0.008758168,-0.0037921602,-0.011650823,0.0021883482,-0.0002921818,0.00037225572,0.0005742236,0.110563174,-1.0834854,-0.00811054,-0.008894371,-0.0005516462,-0.01010256,0.0051365755,-0.0109869065,-0.008600673
-8.143924,-0.5607113,-0.057361815,-0.00018189447,-2.5168908,0.003343183,-0.11211362,0.0036208925,-0.016876623,-0.02819694,0.0019060111,-0.17093468,-0.004340766,0.00111754,0.0015084256,0.00039977537,-0.76132935,-0.15623614,0.03040854,-0.0028866476,-0.006352551,-0.15135366,-0.0034044131,0.002365205,0.005197201,0.0010696456,0.00092535996,-0.026836663,-0.87437195,-0.012883098,-0.03432486,-0.0041153715,-0.017114287,-0.0016962361,0.0023549034,-0.010834104
5.95001,0.17984456,0.09600449,0.0053015207,0.9443244,0.009571122,0.12836312,0.005141735,0.0022760038,0.0020342423,0.019420464,-0.051501192,0.0024401613,0.02960694,3.7386017e-05,-0.008518339,0.647251,0.014132873,0.17593387,0.014971937,0.008486303,-0.022510543,-0.0058285184,-0.00803307,-0.006242927,-0.0022579124,0.004991588,0.003832213,0.19784679,-0.0093659265,0.031175049,-0.0028985993,-0.010114797,-0.005640724,0.023744408,-0.0064329007
-8.168081,-0.5375497,-0.031296305,1.2493743e-05,1.0465198,-0.0030381295,-0.013975805,0.00395974,-0.0070775026,0.0028954197,-0.0007219476,-0.16373013,0.00058413984,0.009045252,-0.0034106034,0.00085290393,-0.756041,-0.13502648,0.04115988,-0.0034670376,-1.8841729e-06,-0.019797014,-0.0011955448,0.00034615785,-0.0048640897,-0.0016516704,0.0018860946,-0.003926163,-0.82915497,-0.008593712,-0.034651376,-0.0015924488,-0.003487411,-0.0007121726,-0.006021675,-0.0022915239
14.977032,0.5979741,-0.07774539,0.0042550815,-1.3554116,0.0023845318,-0.1811071,-0.014385446,0.010372194,0.0012255651,0.011978119,0.73207486,-0.0012269496,-0.02633371,-0.0059728655,-0.0065827356,2.1388786,0.059402578,-0.011560412,-0.062391415,-0.017161116,0.13041228,0.0019424689,0.0023746793,-0.008456607,-0.0036315704,0.0030858065,-0.054327223,1.5760871,-0.013943764,0.09947674,-0.056452423,-0.0014792498,-0.0008211148,-0.0063283695,-0.015208188
-0.4415536,0.30240563,0.043189697,0.00021961785,0.53640836,-0.01884894,0.07094094,0.0021146457,-0.001811609,0.0024149125,-0.026220843,-0.37125984,0.00512944,-0.022711916,-0.003014384,0.0020819695,0.669403,0.06823057,-0.0003001603,-0.0016734374,0.0025864462,0.023409884,-0.010599856,-0.0009899733,-0.030026788,0.0015079073,-0.0059455805,0.2086304,-0.72645265,0.009815908,-0.025273113,0.0011287912,-0.004429803,0.0038877316,-0.009323399,0.027413087
-8.216637,-0.5596309,-0.0056703114,0.0025795333,1.0537388,0.0033573539,0.023128942,0.0025903538,-0.0051851557,0.0028805092,0.004621325,-0.1661321,0.0011498535,0.010439514,-0.0035492948,0.00061575574,-0.7576111,-0.1365705,0.04430271,0.008042154,0.0019005764,-0.022639522,-0.00012923092,0.0023329072,0.0016469556,0.00069169514,0.0013310042,-0.0079906,-0.8278389,-0.008969833,-0.03543282,-0.0030964026,-0.0046762913,-0.004971057,0.005227265,-0.0032794403
-7.266561,-0.1351935,-0.039830603,-0.010002235,1.048819,-0.0078828,0.010972434,-0.00022246822,-0.0022840465,0.0023924212,0.0011118515,-0.1816246,0.002016565,-0.026190067,0.0014895252,-0.0012154784,-0.6567208,-0.0070762536,0.017918305,-0.0018597795,-0.010492814,-0.009182143,-0.00928134,0.005574701,0.0036775982,-0.003037597,-0.008109643,0.12651202,-1.1013834,0.028276423,-0.024068473,0.00069440284,-0.004455163,0.00552899,-0.008103221,0.09185574
-8.160397,-0.5347944,-0.05328672,-0.011813958,1.041454,-0.0032369446,-0.0075168926,-0.00087039015,-0.00721378,0.0033386494,-0.00040175926,-0.1519867,0.00063652085,0.0017728122,-0.0030172186,0.0011369761,-0.7400781,-0.13696146,0.040579133,-0.0049520633,-0.0064176433,-0.014004306,-0.007899103,0.0013275228,0.0034989126,-0.0012342649,-0.0018015218,-0.0038968395,-0.81976867,-0.008332585,-0.03324187,0.00017157868,-0.0064366665,-0.0023605064,0.00022473017,-0.00072579656
4.1456428,-0.043670252,-0.18410821,0.0015681507,0.88427275,-0.027445154,0.100498386,-0.029040867,0.010156493,0.0023482186,-0.0062017585,0.09115994,0.0008319808,-0.055606276,-0.0021451018,-0.02500381,1.3526726,-0.04486274,-0.03459507,-0.015764913,-0.01747451,0.03168548,-0.00769889,0.0069582947,-0.02287544,-0.017028762,0.0015579349,-0.28480214,1.0889026,0.004301531,0.0062245475,-6.3416664e-05,-0.0058076037,0.004629718,-0.028364867,0.00027228874
-8.212326,-0.5359642,-0.060795277,-0.007657933,1.0569806,-0.0025496439,-0.007969428,-0.0015565658,-0.008665928,0.0028358193,0.0025830325,-0.1537311,0.0011156836,-0.012154251,-0.004340539,-0.0010026123,-0.73948735,-0.14868702,0.031156473,-0.0004938868,-0.005695069,-0.056241624,-0.006083482,0.0028768945,0.0021599233,0.00066255504,-0.0013673775,-0.041329477,-0.8063997,-0.0106296325,-0.028377615,-0.00024510664,-0.0028519118,-0.0035372763,0.0005694218,-0.012036124
17.149748,0.65561676,-0.10111378,-0.0073301373,-2.1779358,-0.034335967,-0.10882868,-0.0018756877,0.024029855,0.0024808538,0.005208292,0.7355349,-0.0004706088,-0.022423655,-0.008670329,0.0019218005,2.218173,0.087578885,-0.05772272,-0.05210373,-0.020071065,-0.17132859,-0.06981821,0.0053656357,-0.015888948,-0.0023109992,0.004101397,-0.13522148,2.3779829,0.00410242,-0.011649658,-0.028669361,-0.0091601815,-0.0044044745,-1.2417118e-05,-0.013285174
-8.111864,-0.55952066,-0.0746248,0.0016051561,-2.5205905,-0.02053077,-0.09781529,-0.00046578282,-0.014019585,-0.043038715,0.0037590407,-0.15954183,-0.0055234362,-0.0098319445,-0.0005541906,0.0010711083,-0.7595624,-0.1604827,0.039089117,0.00062639505,-0.011120967,-0.02627865,0.0018932781,-0.0025034852,0.0064218533,0.00045139066,-0.002258267,-0.2932059,-0.8754302,-0.010881597,-0.03661921,-0.0072800615,0.015162679,-0.0029806215,0.0015068857,-0.0030997577
19.265371,0.827116,0.046081644,-0.003037493,-1.2861985,-0.0066961003,0.026324559,0.002196664,0.014770642,0.0039775996,0.014682004,0.3863846,0.00050834013,-0.00021935714,0.004961343,0.0007573636,2.2347193,0.047799043,-0.010853591,0.010209213,0.016888073,0.05080181,-0.031674977,-0.011268918,-0.0008403881,-0.005765974,0.007809406,-0.027552467,2.4051511,-0.010612103,-0.007842601,-0.004058965,-0.002264882,-0.015243375,-0.010077119,-0.0021460347
-8.1305275,-0.54135364,-0.019481683,-0.0018430618,1.0461794,0.0017449189,-0.045914397,0.0016588542,-0.015896583,0.0036200066,-0.00044126745,-0.15926988,0.0006947284,0.0021404354,-0.00096632674,0.00048589666,-0.7347512,-0.13645136,0.044563297,-0.0049168635,-0.007899416,-0.016267736,-0.0035813109,0.002028523,0.0026685803,-0.0020402363,-0.0007723516,-0.0044420823,-0.8546671,-0.0075028273,-0.031723082,-0.0011169446,-0.0020969943,0.0018171923,-0.005001446,-0.0007093026
15.169162,0.6888753,0.051556222,-0.004425329,-2.0617774,-0.00095231115,-0.13051988,0.0016682609,0.02706187,0.0018984873,-0.05560764,0.21237682,0.00078876416,-0.0069486857,0.0004637699,-0.0020315992,2.101957,0.039544094,-0.04216319,0.0008459199,0.014476534,-0.18703817,0.031304687,0.0008853434,-0.024417855,-0.006851909,-0.006050018,0.20958675,1.4160074,0.01905979,0.040230405,0.0010386186,-0.00089779584,0.00031969638,-0.010144411,0.037476286
9.055985,-0.87270516,0.110391155,0.004210317,1.0260031,0.019670127,0.123348266,0.016997432,0.043791678,0.010438698,0.048526365,0.9653632,-9.215029e-06,0.0077251946,0.0029470208,0.0025467277,1.5499569,-0.014531609,0.059841927,0.010849396,0.025058432,0.012942829,-0.013634427,0.0009948646,-0.032026824,0.00170878,0.00043526126,0.07707307,1.1842779,-0.011987669,-0.015409706,-0.0051068836,-0.001402912,0.012242029,0.036641955,-0.007618054
-8.205113,-0.54259443,-0.042841733,-0.0022255238,1.0464485,0.0036225973,0.015592671,0.0027313137,-0.013896317,0.0029564663,0.0013549647,-0.16051006,-0.003776269,0.0016937635,-0.0027292348,0.0018378495,-0.7225382,-0.14337806,0.04265808,-0.003891152,-0.0073938854,-0.024388883,-0.0035237854,-0.00065157795,0.0016013421,-0.0018954845,0.0016102875,-0.0049408693,-0.82294965,-0.0074910345,-0.033721387,-0.0024395804,-0.0036003168,-0.0012212737,-0.005212164,-0.0019563958
-8.182162,-0.53503674,-0.06701784,0.0010394796,1.0279077,-0.0057220235,0.03235691,-0.0026339106,-0.018024763,-0.02029953,-0.007042335,-0.14939283,-0.0048757023,-0.007074519,-0.0032935808,0.0006246859,-0.7055598,-0.16223249,0.041951362,0.00017839979,-0.0054286495,-0.010147137,-0.001993789,0.0021373155,0.0033601488,-0.0013700948,0.0013046367,-0.0007845979,-0.791438,-0.008487102,-0.035752513,-0.0015892016,-0.0049304506,0.0017909643,-0.0031128125,0.00037231136
-8.124372,-0.53530467,-0.024570214,-0.0019466056,1.0470659,0.0011995723,-0.009844476,-0.0011539569,-0.007089889,0.003327579,-0.0124944905,-0.16712573,0.0002434562,-0.0050382116,-0.0005596116,-0.0002035829,-0.76730675,-0.14722095,0.04279965,-0.0027994134,-0.00794996,-0.011958509,-0.0073117795,-0.0004967673,0.003127025,0.00022935649,-0.00028598515,0.0007964417,-0.8813869,-0.005782961,0.0037304682,-0.00013042043,-0.006449357,0.004916821,-0.003522025,-0.001544408
3.2660222,0.31909975,-0.016037444,-0.005069103,0.9255072,-0.024843916,0.117314726,-0.0025729921,-0.018804492,-0.019940287,-0.10907921,-0.54588556,-0.031931013,-0.027711328,0.0007203292,-0.0075929184,1.0537663,0.0129843345,-0.022332184,0.018052988,-0.004093141,0.0040224204,-0.014477077,0.0098152505,0.004238644,-0.0044227466,-0.012293856,-0.06595424,0.95327604,0.0023930753,0.016297858,-0.0019228944,-0.004920176,-0.008256841,-0.009344656,0.0120965745
-8.229609,-0.56331104,0.022237994,0.0018966208,-2.504669,0.0002402442,-0.08418004,0.0010213464,-0.021324221,0.0032188979,0.0024482687,-0.18825835,0.0013208841,0.007362188,-0.0040504397,-0.002632674,-0.8417004,-0.12546314,0.03088742,0.005536709,-0.00070197677,-0.17754075,-0.001234335,-0.0013544325,0.00022170227,0.00059394,-0.0007813915,-0.051002163,-0.9138383,-0.0150695285,-0.028824577,-0.00016239504,-0.00685005,0.0007232094,0.0073642293,-0.0132136345
-8.202999,-0.5397958,-0.054190826,-0.0015440786,-2.4692428,-0.008499272,-0.08857191,-0.004770038,-0.0039633447,-0.00043714716,0.015979707,-0.14461409,0.0005982827,-0.016244832,0.0019240764,0.0007269922,-0.79809296,-0.13521484,0.029914109,0.007065946,-0.0032659532,-0.16232662,-0.0054823495,0.0012529705,0.005262634,0.00062677154,0.0016618776,-0.031536028,-0.88438433,-0.013428629,-0.027769253,-0.0019293876,-0.004573746,-0.0018777697,-0.0036282889,-0.009591566
-8.201464,-0.5363811,-0.05495505,-0.0028558772,1.0796938,-0.0077541205,0.04159054,-0.0024454708,-0.0077857804,0.0029966598,0.0008258472,-0.14908592,-0.0062025706,-0.0045364224,0.0022298468,0.002250392,-0.72297955,-0.14032713,0.040670186,-0.0009019528,-0.0063286046,0.08698995,-0.0005941267,0.0023482724,7.852206e-05,-0.0014598996,0.000851722,-0.16066563,-0.80363166,-0.01275638,-0.03193999,-0.0037295013,0.0071137343,-0.0030796868,0.00013945888,-0.0017818218
-8.182828,-0.5364122,-0.061776854,-0.008843808,1.0391803,0.003208958,0.012276447,-0.0010644714,-0.017820971,0.0028961215,0.0013088875,-0.1556289,0.00050461834,-0.0030551602,-0.0030682937,0.0013852699,-0.7156962,-0.1511217,0.041380867,-0.0036746466,-0.0068526645,-0.024313176,-0.0072516045,0.0020425213,0.010054132,-0.0012524524,0.0023061493,-0.0052563245,-0.80715847,-0.008053772,-0.033457477,-7.019542e-05,-0.0060948255,0.0006949475,-0.00078569935,-0.002820998
-8.153945,-0.5313678,-0.061702225,-0.008020443,1.0425358,-0.003880436,-0.0069282884,-0.0055331113,-0.015044644,0.0033386305,0.0013178011,-0.15197426,0.00039004305,-0.008382307,-0.0004675065,0.0015122202,-0.72095066,-0.14707796,0.041492376,-0.002655185,-0.00597413,-0.012311125,-0.00300299,-0.0002611605,0.0030500754,-0.00082306145,0.0013414568,-0.002613862,-0.8271485,-0.0077961087,-0.032703128,-7.3570925e-05,-0.005825923,-0.0017606014,-0.000655363,-0.00304683
-8.159152,-0.533119,-0.06409835,-0.0018255323,1.0544049,-0.0036210425,0.025156643,-0.0041023195,-0.009841953,0.0032733055,-0.010760504,-0.16184343,0.0011379484,-0.010551159,-0.0033887883,0.0015734698,-0.7464727,-0.16313027,0.043867357,-0.0013927079,-0.006029833,-0.019806242,0.0010223874,-0.0014041164,0.0013916672,0.0016872566,0.001467826,-0.016486559,-0.84624976,-0.005412227,0.0036447279,-3.5436242e-06,-0.0064281397,0.0046499944,-0.0042466493,-0.0106654875
23.851704,0.5208819,0.06822191,-0.00015759563,1.047559,0.011445867,0.102199115,0.008928083,0.036314208,0.00032422482,0.03945613,0.8508429,0.004119611,0.029343994,-0.00030103253,-0.018735485,2.3816533,0.0862525,0.18671815,0.000775315,0.011275416,0.025684169,-0.008945126,-0.005167858,-0.016977105,0.005460928,-0.001507193,0.21078248,2.5949483,-0.00550706,0.020593762,0.008738605,-0.0024495434,-0.0071389563,0.027193261,0.021210283
-7.756023,-0.23874739,-0.057481043,-0.0039367448,-1.0272126,-0.006756984,-0.080815576,0.00041886335,-0.018076414,0.005574326,0.005223368,-0.17969652,-0.0046772105,-0.007262695,-0.004033197,0.0005371199,-0.7470929,-0.14497015,0.029493423,0.0010940977,-0.0030704378,-0.045439556,-0.0022945711,0.014710671,0.001198495,-0.0020857318,0.0005210211,-0.0103536,-0.93510216,-0.0059129647,-0.030834723,-0.00025296438,-0.0151422275,0.013582505,-0.009282208,0.0009832693
11.138677,0.31477845,0.09873092,0.0037074306,0.8837288,0.017050589,0.08884955,0.0062977015,0.016300106,0.0008735806,0.03419845,0.29906288,0.00066475064,0.018676665,-0.0024826953,0.002097829,1.5431204,0.005090823,-0.02339417,0.024383614,0.008176605,-0.0072471597,0.00074700476,-0.0119234435,-0.011778543,0.00065630296,0.0010555169,-0.11067314,1.2271669,-0.0034754763,0.07319887,0.0011497525,-0.007320542,0.0015727129,0.013715571,-0.004309866
-8.191807,-0.54094607,-0.061192766,-0.0013242385,1.0361068,-0.0022512078,0.0125697525,0.0019649034,-0.01558038,0.0028563389,0.0016123655,-0.15798213,-0.0043637427,0.0018411225,-0.00017521561,0.0009883862,-0.7123716,-0.15109222,0.042977907,-0.0017750901,-0.006665928,-0.02518314,-0.0038642676,0.0031675268,0.009126591,-0.002371057,0.001795445,-0.0057744305,-0.81349945,-0.0077118506,-0.034800574,-0.0007027058,-0.0056012277,0.0010393349,-0.005625681,-0.001625876
-8.121271,-0.54453075,-0.04253135,0.0009853403,0.555588,0.003390796,-0.07680331,0.0018398017,-0.016654935,0.004475544,0.0015750619,-0.160723,-0.0034911828,-0.00658218,-0.0046157558,0.0005677657,-0.7295503,-0.14235279,0.040804468,-0.0027081016,-0.0064380346,-0.035410993,-0.0008972387,0.0030833553,0.010304842,-1.584987e-05,0.0013925504,-0.011689342,-0.8444349,-0.0073167034,-0.033743095,-0.0008541103,-0.008736123,0.0047047012,0.002455466,-0.002806861
18.290592,0.7243565,0.08507865,0.00073421025,0.9804406,0.0071491706,0.0042724996,0.0065504373,0.0370028,0.0039760624,0.010443215,0.47437048,0.00069653185,0.016285542,-0.003540002,0.00034766307,2.1783156,0.064331196,0.03443445,0.003527457,0.009443697,-0.049787797,0.047616523,0.0020239227,-0.040676452,-0.010963304,-0.0010917343,0.06292889,2.401198,-0.0026384813,-0.017496554,0.006801636,-0.007354362,0.004408802,-0.013200939,0.0059505096
-8.190904,-0.55503064,-0.064668976,0.0008503888,1.0370742,-2.1137063e-05,0.024289519,0.0025766587,-0.015632056,0.0028237556,0.0010723375,-0.1576219,-0.004516929,0.0009418805,-0.0008003727,0.0014114359,-0.7093993,-0.1552937,0.0427086,-0.002016133,-0.006118955,-0.028837994,0.009321188,0.0023848596,0.0020514743,0.000759999,0.0015933416,-0.005122633,-0.80800927,-0.008315585,-0.035892628,-0.002601092,-0.005696006,0.0008007939,0.0011723281,-0.00042380684
-8.129041,-0.5376874,-0.02154683,-0.011172618,1.0497683,0.0008044505,-0.04475826,0.002351654,-0.0039407723,0.003469105,-0.00030597617,-0.1597012,0.0027297067,0.0023008708,-0.00016147278,0.0013282973,-0.753882,-0.126046,0.043349374,-0.0041661146,-0.006771679,-0.016469423,-0.0055246814,0.0010261234,0.0022022142,0.0002807118,0.001796518,-0.004858389,-0.85455805,-0.0082200635,-0.03360854,-0.0014444154,-0.0018958711,-0.0020369429,-0.00041287523,2.7736765e-05
-8.111243,-0.55139595,-0.06218579,-0.0017218897,-2.2245283,-0.0063010883,-0.103710204,-0.008531026,-0.023764139,0.005154099,0.0022206572,-0.16099635,0.0006073274,-0.010416505,0.0057921577,-0.0016608092,-0.7828691,-0.15016142,0.038783718,0.0021100063,-0.0041571166,0.039088447,0.0038529937,0.011908033,0.010156216,-0.0012247403,0.0025139397,-0.2686485,-0.9219579,-0.008487388,-0.03472069,0.0001313272,0.0025580914,0.018310279,-0.004786903,0.0023519187
-8.202401,-0.52810216,-0.050984845,-0.010965406,1.0693624,-0.001041573,-0.005096045,0.0027645624,-0.014442845,0.0018389054,-0.0022083893,-0.1741772,0.0013064882,-0.0042663245,-0.00054131093,0.0015923533,-0.7424267,-0.1043006,0.03399901,-0.0021256846,-0.008080419,-0.020144401,-0.0052600317,0.0027794053,0.0044446937,-0.0011673626,0.0033312426,-0.013277106,-0.90180457,-0.005254425,-0.0051561403,-0.0031841178,-0.0066040093,-0.004969437,-7.03571e-05,-0.005989847
21.633158,0.9070144,0.068101235,-0.027948529,0.9000451,0.0062084845,0.0718927,0.01786455,0.14080133,0.00082820776,0.01172576,1.4093012,-0.00910952,0.0034893344,-0.0021804685,0.060434435,1.3740581,0.051515527,0.25556964,0.019886347,-0.030483197,-0.0030316103,-0.01820124,0.0010220576,0.020416541,0.015620219,-0.000699704,0.23834349,-1.0143344,0.006914564,-0.024135707,0.000106481384,-0.0002533922,-0.014894048,0.0066121877,0.019029154
18.404621,0.7434721,-0.087852694,-0.0061469153,-2.320217,-0.028604267,-0.17198327,0.0020160044,0.020169886,0.0066450997,0.03851652,0.80741674,0.0015626537,-0.02796778,-0.0027646571,-0.0012349673,2.2945867,0.11311978,-0.07548112,-0.011347065,-0.026025191,-0.10817803,-0.03360201,0.003981865,0.0007397338,-0.003872531,0.0006912933,0.115833305,2.5390134,-0.0010964398,-0.02557415,-0.022904431,0.001649116,0.0014326117,-0.003966862,0.014312387
-8.051686,-0.5409898,-0.060572803,-0.00014008979,-0.922513,0.0014905557,-0.06390359,-0.003117299,-0.018038955,-0.0027638215,0.013688111,-0.15106113,0.0008210367,-0.0054892525,0.0044150967,0.0011942852,-0.7335164,-0.14882761,0.03645654,-0.002680215,-0.0061754654,0.087700576,-0.0026526274,0.012808309,0.0025445162,0.00041749887,0.0027871903,-0.26367795,-0.8918599,-0.007357095,-0.03076161,-0.0016833335,0.008503826,0.018537996,-0.0032474895,0.010467063
-8.103875,-0.53936,-0.0593257,0.0017649864,1.0464307,0.0010898716,-0.06649615,0.004498706,-0.017888846,0.0039001761,0.00082956895,-0.15243104,0.00089930056,0.0017946634,0.0024105625,-0.00029836548,-0.7039958,-0.15178478,0.043698464,-0.0059558502,-0.00512126,0.03895168,-0.006109313,0.013375295,0.008847178,0.0003725772,-0.0010220865,-0.113627896,-0.84041584,-0.0070029604,-0.03018863,-0.0014388919,0.00058774545,0.018829932,0.0040081525,0.001081596
8.560693,0.6165495,0.03964518,-0.00819846,1.0106975,-0.0071205236,0.13428381,-4.198404e-06,0.0065855337,0.0012638576,-0.15123829,-0.54163456,0.0045681344,-0.010481175,-0.0025442177,0.0076012043,1.3730083,0.03326505,-0.00051743846,0.016500965,0.011043906,0.007836462,-0.010724594,-0.011995157,-0.014166517,-0.0027695594,-0.0025326083,0.30932665,1.2580386,0.0051900973,0.05373256,0.00783907,-0.0028327222,0.011178071,-0.006648376,0.055886827
-8.119401,-0.5321367,-0.063475244,-0.0008952579,-0.13853456,-0.0017762044,-0.0728424,-0.0018304946,-0.017657945,0.0039736726,0.0011579861,-0.15279417,0.0001499822,-0.010108118,-0.006779504,0.0013732318,-0.7175228,-0.14916517,0.038775813,-0.0018794332,-0.0054281456,-0.014633113,-0.0042831153,0.003180858,0.010762822,-0.0015070417,0.0007300703,-0.10407197,-0.8509758,-0.007873111,-0.03390705,-0.0006670652,-0.008606301,0.0017754562,-0.005772715,-0.005530526
18.428684,0.70286655,-0.11664536,-0.0008322076,0.9110531,-0.017805194,0.0005394319,0.0042427965,0.031201728,0.004517071,0.02967595,0.71605223,0.0027902971,-0.024636125,0.005227633,-0.011671278,2.3370354,0.115458734,-0.032333795,-0.038939565,-0.017444653,0.018223478,0.011451114,0.0044665085,-0.0179588,-0.008140202,0.0051550316,0.21938664,2.6054661,-0.0040348046,-0.01965534,-0.06526589,-0.008660216,0.012607703,-0.0075901365,0.019317558
4.408752,0.29599243,0.063765064,-0.004729126,0.76703864,0.0024874443,0.09012518,-0.008005459,-0.011482949,0.0039288523,0.013764666,-0.3081574,0.0016472496,-0.0066417446,0.007348262,0.007952029,1.0330002,-0.0032335483,-0.03252062,-0.00906933,0.013696724,0.08729922,-0.012561694,0.0050026854,0.0012069014,-0.0026551774,-0.012428706,-0.33817232,0.8831824,-0.007403886,0.020405527,-0.004429954,-0.010979125,0.0125560565,-0.0012601983,-0.00011595981
9.241896,-0.09630578,0.08418616,0.0012570178,0.9909353,0.0033744154,-0.070712954,0.0069896216,0.019487685,-0.00051945157,-0.023653362,0.20485541,0.0023424656,0.03214994,-0.003374116,-0.025498118,1.574508,0.031641692,-0.012867555,0.004913028,0.018955484,-0.022341892,-0.03184116,0.0020638008,0.0021932605,0.0046590394,0.0061499197,0.23572724,1.3003724,0.0041734865,0.07557788,-0.0077563776,-0.01566669,0.005001938,0.028385216,0.03736065
-8.129279,-0.5314802,-0.06625423,-0.009686519,1.052524,-0.013099213,-0.025785044,0.0031370907,-0.017612852,0.0034334515,-0.00049749913,-0.14913684,0.0023088937,-0.0063701207,9.364308e-05,0.0012290638,-0.71871835,-0.14513697,0.041696846,-0.0022255182,-0.0046946127,0.030335637,0.00057798665,0.0006167177,0.00044123054,-0.0005161944,0.0004923089,-0.09777286,-0.83341014,-0.009665135,-0.03420477,0.00083776953,-0.006115779,-0.0029782467,-0.0030672452,-0.0005995933
-8.088273,-0.54006577,-0.061101798,-0.0014164419,-0.9366496,-0.0015322648,-0.13303274,-0.0026380997,-0.01807839,0.004075517,-0.00039824855,-0.16057877,-0.00041497636,-0.010442041,-0.007529868,0.0010539979,-0.76260346,-0.15013137,0.03675355,-0.002041589,-0.004404898,0.10312047,0.00024669032,0.0026158658,0.0106099285,-0.00016738815,0.0032476094,-0.3137481,-0.8910507,-0.009472517,-0.03608217,-0.002066683,0.0012402541,0.0021279461,-0.00298566,0.0059299916
-8.023347,-0.39332283,-0.04558971,0.0033317492,1.030857,0.0037634089,-0.0108158905,0.00029439075,-0.016107336,0.0035784706,0.010829306,-0.15538645,-0.0017106363,-0.010459127,-0.0029347243,0.00095823826,-0.64899933,-0.13940184,0.03710903,-0.0038741848,-0.006443681,-0.020569246,-0.0044466034,0.011649361,0.009602262,0.00026899262,0.0006300419,-0.007756315,-0.8756107,-0.0063372604,-0.029580576,-0.0040372764,-0.0059789554,0.012488192,0.006706301,0.000866203
23.789946,0.66754943,0.05527015,-0.009415785,-2.1043773,-0.0072501595,-0.20258881,0.00016414131,0.0110624675,0.0021826695,0.025305577,0.697163,0.00021290878,-0.010625206,0.0043234704,0.013453284,2.6328826,0.12712829,-0.035340693,0.0027962746,0.03342939,-0.14681451,-0.039201487,0.0008088516,-0.009984327,-0.0027207665,0.004453255,0.2551964,3.0053594,0.010353753,0.00102841,0.0032387893,-0.014103069,-0.0042725042,-0.0074592875,0.011353239
-1.6089153,0.11112125,0.031701423,-0.0026242158,1.0179603,-0.0043156715,0.104232766,0.008943738,0.009036557,0.0029471552,-0.02449651,-0.400452,-0.034129612,-0.0012577418,-0.0007671261,0.008374844,0.5021655,0.020290332,-0.022876538,0.0066636424,0.0002656901,0.023048127,-0.009012828,-0.0014736927,-0.004472538,-0.01247392,-0.0073081832,0.010541678,-0.75409937,0.004907831,-0.021586522,0.0025628658,-0.0048563476,0.0010379335,-0.02634001,0.022290694
-8.192715,-0.53305215,-0.059649237,-0.0051293597,1.0998573,-0.005138184,0.03813085,-0.0048046005,-0.0050730677,0.0033451999,0.0004512018,-0.14959641,0.0008771905,-0.010000084,-0.004008854,0.0005686773,-0.73896486,-0.14487068,0.040337607,-0.003310317,-0.007072512,0.09913018,-0.00062388525,-0.0021060212,0.002343297,0.00028700894,0.0040259915,-0.15163468,-0.8079608,-0.013049861,-0.02958873,-0.005466405,0.002268058,0.0055575976,-0.00063515693,-0.0019997878
-8.254726,-0.56365967,-0.008597501,0.0026500635,-2.5050492,0.0004284445,-0.022313902,0.0010965359,-0.001341128,0.003125584,-0.0053123804,-0.17253262,0.001533497,0.010756896,0.002872167,0.0010379317,-0.8143512,-0.1394943,0.041573778,-0.001294596,-0.0014574802,-0.032971893,0.0061074183,0.0014578257,0.00337342,0.00038655847,-0.000556597,-0.24318159,-0.9103304,-0.016337615,-0.028893923,-9.5270276e-05,-0.0029471281,-0.0049171653,0.0040571783,-0.0027716418
21.251968,0.80102944,0.023252279,0.0009350181,0.9474635,-0.0050262874,0.08103511,-0.01320767,0.023014706,0.0026267397,0.03319692,0.6701507,-0.0041434676,-0.03040677,0.0011549521,0.0022732527,2.5428405,0.085630916,-0.09346801,0.01853659,0.0029701244,0.10123458,-0.03197734,-0.0051305667,-0.006454236,-0.0024714938,0.009527752,0.08825097,2.9736738,-0.0050894665,-0.015609257,-0.016277423,-0.0058175055,-0.01337863,-0.009346508,0.017610805
18.299961,0.5753805,-0.112419024,0.0015099938,0.8986985,-0.022240086,-0.06813539,-0.014363138,0.032928012,0.0041013374,0.039321072,0.7129938,0.0014875798,-0.03428591,-0.002511844,0.0045483643,2.3498404,0.11142378,-0.10268195,-0.07408167,-0.047328975,0.0017745319,0.043587893,-0.0017665358,0.005454411,-0.00049004256,-0.0022764616,0.100932814,2.6556208,-0.00079285365,-0.08312702,-0.06143423,-0.007407461,-0.0013534382,0.003845956,0.014540739
-8.22712,-0.5600227,-0.0148192765,-0.015910132,-2.4967246,0.005009162,-0.0145735545,0.003994793,-0.0026903197,0.0031984542,-0.0011906351,-0.17561692,0.00041248914,-0.011485248,0.0037959118,-0.0005465545,-0.8241179,-0.13429849,0.03972509,-0.0018037058,-0.0075045265,-0.0155690145,0.008514879,-0.0013935005,-0.0017530122,2.1457497e-05,0.00020163754,-0.24183786,-0.91229826,-0.014302162,-0.030582076,0.0002999316,0.0033555143,0.0018008297,-0.0026858088,-0.0023327386
-8.212796,-0.555144,-0.014666967,0.0013150338,-2.529137,-0.0021969394,0.01677084,-0.0023979682,-0.0056772525,0.0033233243,-0.002493128,-0.1707813,0.0013083109,0.007895832,0.0030499196,0.00096693594,-0.82065606,-0.13284162,0.03979264,-0.0019436476,-0.0056435894,-0.032697886,-0.007785659,0.0024656618,-0.0010505076,-0.0033986273,-0.0010632705,-0.21106438,-0.9133113,-0.013842124,-0.027705964,-0.0032260704,-0.012968817,-0.0013377385,-0.0052064797,-0.0010589127
22.077984,0.5368107,0.076459475,-0.0025560597,0.99716425,-0.01033074,0.10325218,0.0017799977,0.024873774,-0.0129192835,0.029486597,0.7100277,0.0021691902,0.028695907,-0.0010432448,-0.014592964,2.5016584,0.1114107,0.055137523,0.011563743,0.018852329,0.050405484,-0.008447235,0.0013082916,-0.03409423,-0.010570803,-0.0056673386,0.21287335,2.7936206,0.00042934425,-0.011334262,0.0025946375,0.0003110445,-0.011359069,-0.003317928,0.02402337
-8.097521,-0.54151404,-0.044263393,0.002789223,1.0378417,-0.010737631,-0.07905791,0.0024255665,-0.014655715,0.0034923742,-0.0017913701,-0.15899558,0.0006230483,0.0014999718,-0.0041532563,0.0014532802,-0.7233644,-0.14098372,0.042359427,-0.0051740236,-0.005522726,-0.011244588,-0.0026198532,-0.0016450168,0.004041914,0.00048788634,0.0014179362,-0.00443648,-0.8426049,-0.007682138,-0.03402552,-0.0008125201,-0.0030828554,-0.0009172937,0.0043141465,0.00022643861
12.223699,0.5474329,-0.08814712,-0.0034020948,-2.3927164,-0.11135431,-0.25358444,-0.05070456,0.023520516,0.0028560325,0.0522571,0.8798738,-0.009072354,-0.028570075,-0.0049853944,0.008635154,1.7533655,0.04544768,0.044801407,-0.079403155,-0.02824076,-0.05720223,-0.00026899026,0.003990631,0.0033427519,-0.0034060362,0.0004324939,0.2133463,1.5609515,-0.00243584,0.09815155,-0.009235407,0.02159426,0.006279639,-0.005118602,0.02588505
13.561519,0.5762252,0.03562613,-0.007877891,-0.16256005,-0.0029450972,-0.012363773,0.005373561,0.027320525,0.0019126504,0.019929942,0.88971215,-0.019639907,-0.013511633,-0.0011237497,-0.001765037,1.851807,0.052284226,-0.013245954,0.018037193,0.008355677,-0.007537022,-0.016077066,-0.0044927006,-0.025520783,-0.0060770363,0.0022359195,0.3060891,1.6956177,-6.764784e-05,0.09861159,0.0019781943,-0.01789885,0.00083636283,-0.0080531025,0.014726143
-8.137033,-0.5382724,-0.027416065,-0.010250843,1.0451881,0.0032537186,-0.041745465,0.0020638634,-0.004289416,0.0033988785,-0.0012461671,-0.1614848,0.00088063686,0.008379973,0.003084638,0.0013597417,-0.75551736,-0.12845454,0.041823875,-0.0045169927,-0.0071699084,-0.020241527,-0.008204081,-0.00054385624,0.008821497,-0.00040262454,0.0011710306,-0.0049231597,-0.8455323,-0.007599692,-0.0335832,-0.001890902,-0.004865899,0.0009545508,-0.0007463904,-0.00034079133
-8.104257,-0.5571691,-0.06552261,0.00051998143,-2.5172024,-0.014076243,-0.0898608,-0.00019831587,-0.018178016,-0.04251048,-0.003362309,-0.14674209,-0.0054450813,-0.011006659,0.0030528596,-0.003135553,-0.7702304,-0.16443919,0.041935265,-0.0044947453,-0.008654163,-0.026534539,0.0037333383,0.0008352261,-0.0049264734,0.00056193024,-0.0011119501,-0.28537792,-0.888277,-0.005516169,-0.010478213,-0.00048108428,0.014469941,-0.0024165749,0.001638667,-0.0036715611
3.6545339,-1.5097618,-0.06258115,0.0015074834,-0.61984867,-0.008088177,-0.038302425,0.0023613023,-0.0002904007,0.02213713,0.0017401946,0.580753,0.0012678432,0.015811456,-0.013140909,-0.012931121,1.795292,-0.76771045,-0.0072368984,-0.008220862,0.0062217126,0.021408318,-0.016809976,0.0035040309,-0.0028048183,0.00078805664,-0.0071710707,-0.11480136,1.8694296,-0.0047367057,0.041309126,0.028029934,-0.016732529,0.016512604,0.025783556,0.0057966625
19.415983,0.76546943,-0.07090019,-0.0071405154,-2.1260476,-0.027861942,-0.18538217,-0.0062402175,0.02302793,0.0041317907,0.07942597,1.1798087,0.00059040735,-0.027113294,-0.002593122,0.018330773,1.8953805,0.06772414,0.1859808,-0.09513938,-0.033020336,-0.035056144,0.049858086,0.0008371818,0.014038062,0.0039673937,-0.0014122486,0.18969817,1.5367959,-0.003681262,0.110753305,-0.028862301,-0.0089747235,-0.006727541,-0.008651034,0.015197209
7.648327,0.6311359,-0.00442832,-0.011394394,0.9997925,-0.007312205,0.12770389,-0.00023923881,0.010493166,0.000882161,-0.15119852,-0.49531063,0.0011143981,-0.02767481,-0.0029775712,0.003306232,1.359132,0.032915566,-0.016906427,0.022677174,-0.017601416,0.0034067156,-0.011753169,0.0035725192,-0.017021904,-0.005162057,0.00410902,0.24556172,1.2338747,-0.0023993105,0.053192217,0.0027543681,-0.005478526,0.006257579,-0.008303054,0.06438823
-8.087215,-0.5301129,-0.06281776,0.0005534724,0.9646213,-0.0059061805,-0.06470399,0.0016322853,-0.018002618,0.002334321,-0.0069367895,-0.14956252,-0.0077412487,-0.004006066,-0.00037708663,0.0014113596,-0.7135438,-0.15629399,0.043553017,-0.0013373848,-0.0065491837,0.08269479,-0.0055688233,0.012654363,0.009544742,0.0029005848,-0.0018686706,-0.18057695,-0.83322346,-0.007027023,-0.031769197,-0.0027921014,-0.008088853,0.019907344,0.0037175624,0.0029893878
5.968325,0.18762612,0.10844857,-0.02072612,-0.59125125,-0.011404878,0.09463074,0.0012171138,0.12738661,0.0010053928,-0.042754978,1.2996258,-0.011460244,-0.012206754,-0.001845291,0.0006987525,1.5562001,0.059892878,0.11291528,0.00011324673,0.021180747,0.047848,0.012441981,-0.014595051,-0.023274044,0.002833606,0.0017855485,0.06298959,-0.33711582,-0.002591784,0.022392545,-0.0012968085,-0.005431954,-0.014593091,0.010338091,0.023331806
-7.7831793,-0.26239905,-0.060680553,-0.010641369,0.76481783,0.00058997015,-0.08698003,0.0027351072,-0.016815972,0.0037916957,0.008476179,-0.18025492,-0.005023928,-0.00553411,-0.0037395752,0.0008352549,-0.68471664,-0.14394201,0.030584335,-0.0011841587,-0.005832109,-0.02052189,-0.00056829513,0.002321827,0.009596571,-0.00032037837,0.0007298023,-0.008316817,-0.8743321,-0.0055214185,-0.033048056,-0.0014630934,-0.0132123185,0.0027260627,-0.008023396,0.0032471844
-8.180161,-0.5300711,-0.042375695,-0.008361787,1.0431644,-0.0008896914,0.014486945,0.00017376612,-0.0045129117,0.0033538095,0.005306686,-0.15142563,-0.0002993464,-0.003177344,0.0027331617,0.0011147689,-0.74504,-0.13933682,0.041620143,-0.0038803474,-0.006382049,-0.014953104,-0.0062880283,-0.002337991,0.0023595083,-0.0020603014,-0.0017189677,-0.005556722,-0.83678037,-0.007710058,-0.030026421,-0.0039475607,-0.0056218267,-0.005264806,-0.00026988485,-0.002752348
4.671458,0.0744555,0.094951816,-0.002172941,1.0086944,-0.003494948,-0.04269659,0.0051004062,-0.00035930492,0.006035757,-0.106281996,-0.5718459,0.0036620402,-0.001718862,-0.0057894294,-0.0020816782,1.240492,0.043197047,-0.021361655,-0.0049746702,0.019842522,-0.026049646,0.01711419,-0.010568891,-0.020312699,-0.005783275,-0.019127076,-0.005283615,0.95723987,0.0017666785,0.033165425,-0.023717672,-0.015281451,0.003587347,-0.0341276,0.0139091555
5.1099305,0.25523695,0.08002086,-0.0025568982,0.96910465,0.004469475,0.07404493,0.0007252288,-0.010783779,0.0017319776,0.0056156837,-0.37376124,-0.00015306473,0.02539184,0.005882396,-0.002093708,1.2408218,-0.05452071,-0.01979514,0.020274408,0.022247218,-0.029309984,-0.025816567,-0.025416797,-0.020206528,-0.0025364968,0.004626415,-0.2743453,0.92136014,-0.034143742,0.014984676,0.0029118555,-0.0036878136,0.0039293803,-0.017224744,-0.0053959345
18.814806,0.65734947,0.07038177,0.0024385208,-2.2393675,-0.05539759,-0.3181258,0.0071643945,0.026921788,0.0025108599,0.011579786,0.46597075,-0.00044513607,0.00649752,-0.009227525,0.0025311778,2.2387273,-0.08700182,-0.011736985,0.013097695,0.0072639794,0.041420348,0.0006620204,-0.008882128,-0.043365974,-0.004432108,-0.0014770125,-0.20555498,2.1480603,-0.0090514,0.018918881,-0.00014000085,-0.00673897,-0.00073540054,-0.0030081982,-0.016332405
-0.11327072,0.28131306,-0.17501223,-0.0055562775,-2.1103995,-0.042482782,-0.054684684,-0.014095852,0.0030763175,0.0026214737,0.011194915,0.2317576,0.0045588026,-0.02761449,-0.0017037289,0.042396054,0.6379312,0.092364416,-0.0020056174,0.012317156,-0.014044801,-0.1291358,0.007240281,-0.0100476425,0.0013451775,-0.0011168327,0.008397071,0.066421084,-0.7361372,-0.009344419,-0.012086771,-0.012871184,-0.011838534,-0.013981562,-0.01765399,0.016590072
-8.169438,-0.5250368,-0.06408732,-0.0068457224,1.0716472,-0.0042973785,0.00086424424,-0.004244266,-0.0062893727,0.0031557756,-0.0046803444,-0.16294158,0.0007340435,-0.010653946,0.0020569956,0.001883246,-0.7505019,-0.15671404,0.029136837,-0.001291631,-0.008203288,-0.04122807,-0.0014993974,-0.0022021867,0.008981312,-3.5914866e-07,-0.00019112077,-0.019905265,-0.8531872,-0.007873774,0.0037585755,-0.0028132927,7.422849e-05,0.0058817915,0.0023851327,-0.010556337
-8.250418,-0.5518405,-0.015520647,-0.010542996,1.0476015,0.0021124945,-0.011681354,0.0030329768,-0.003837379,0.0028653282,-0.0018475754,-0.16335446,0.0013945781,0.010793461,-0.0039477036,0.002358294,-0.7332424,-0.13181514,0.032030288,-0.0031092912,-0.0073096706,-0.032381345,-0.0030329125,0.00094912125,0.0021720224,0.0009679448,0.0008890064,-0.021188147,-0.81630117,-0.01260711,-0.029977124,-0.0017784658,-0.00305486,0.001609099,-0.00046493052,-0.010126584
-8.210768,-0.5563307,-0.06328393,-0.00047350928,1.0647423,0.006113591,0.0354358,0.0030410956,-0.016094126,0.0029941637,-0.00034012934,-0.15633148,-0.008786406,0.0021512148,0.0022364124,0.0019936496,-0.7009435,-0.15077017,0.04186115,-0.0012002569,-0.0063124597,0.10136301,-0.0029745006,0.00014267667,0.0028544525,0.00079876697,0.0015759697,-0.16349584,-0.79662365,-0.010944274,-0.030937329,-0.0024011207,-6.651049e-05,0.0004979691,0.003183429,0.0009564814
-8.127047,-0.5321353,-0.061522838,-0.0022029898,1.0409565,-0.0054423716,-0.017024618,-0.004341643,-0.008717737,0.0032303222,0.0013968906,-0.1507524,0.0010188464,-0.010210785,-0.003597011,0.001259163,-0.75005096,-0.14382799,0.040406134,-0.0013944277,-0.0048486507,-0.018841447,-0.0026743219,-0.00094117416,0.0013903274,0.00027783887,0.0013833168,-0.005202131,-0.81897724,-0.007982583,-0.032100037,-0.00044616777,-0.0061066616,0.0011245573,-0.005009847,-0.0021208893
-8.057624,-0.5409988,-0.06391855,-0.003427897,-0.5639639,-0.0014612634,-0.06899326,-0.0012800329,-0.01740626,0.0038858512,0.00037713154,-0.15736446,-0.0005170706,-0.004486723,0.005227363,0.00022623989,-0.75348806,-0.14842565,0.034506228,-0.002341217,-0.0052566803,0.10998274,0.005513055,0.0033210325,0.010102644,-0.0013151809,0.0020592455,-0.24765572,-0.8971303,-0.008230836,-0.037147187,4.2189284e-05,0.006496097,0.0003945058,-0.002648208,0.0069424026
0.3792043,-0.45012864,0.09329714,0.0046006166,1.0201228,0.012417052,0.08744213,0.0018585571,-0.008167231,0.0019170162,0.030253727,-0.25956884,0.0017539737,0.00647089,0.0046681245,0.009371516,0.908815,-0.16414087,0.024018124,0.011913925,0.013596573,0.03938772,0.001502027,-0.016817432,-0.016889632,0.00011506399,0.0068565393,-0.28153092,0.7243657,-0.009804534,-0.076712765,0.0029816604,-0.0017565353,0.0020742556,0.021758944,-0.008178311
-8.090002,-0.5339965,-0.06411346,-0.000771655,0.6990787,-0.003990679,-0.083407104,-0.0026402115,-0.015989972,0.003800899,0.011981195,-0.14710568,4.9037062e-05,-0.010232606,0.002673731,0.0020774226,-0.71709144,-0.15281634,0.038474467,-0.0047412654,-0.006781886,-0.028585551,-0.0035785083,0.0013913278,0.002527743,0.00061614346,-0.001286445,-0.011636871,-0.8344571,-0.0078056837,-0.035051703,-0.0014658357,-0.0059169573,0.00043346977,-0.0052679917,-0.002276224
-8.077376,-0.5446747,-0.06193044,-0.0072539626,-1.2078944,-0.00036663248,-0.12975223,-0.001541311,-0.016829839,0.0044405153,0.00014284425,-0.16203438,-0.00010334207,-0.005060428,-0.0005183145,0.00038170934,-0.7613319,-0.1501021,0.03772829,-0.0026187676,-0.006754971,0.111497946,0.00318226,0.0036443463,0.010729566,-0.0029880328,-0.0005773019,-0.2999839,-0.906269,-0.008575924,-0.033705756,-0.0021113132,-0.011000727,0.0017764267,-0.0048043705,0.004492137
11.22342,0.41304755,-0.032825217,-0.0087900795,0.9050536,-0.032014374,-0.051965218,-0.02816106,0.00970042,-0.0035522673,0.010233097,0.7894894,-0.012269931,-0.038092032,9.954439e-06,-0.022890167,1.7367998,0.031107593,-0.008978479,0.023877682,0.0043133637,-0.03550939,-0.007794874,-0.00028718472,0.011637935,-0.0040473873,-0.0024724163,0.25383207,1.6374846,-0.002126883,0.08728155,0.0004561402,-0.017344825,0.0016749982,-0.011995697,0.029135702
-8.106117,-0.5551799,0.029648205,0.00044607554,1.0505203,-0.0029188907,-0.037864424,0.0033226204,-0.01705939,0.0018486324,-0.003583991,-0.18967174,0.0011190522,0.0063127927,-0.0054831873,-0.0010111341,-0.8095014,-0.082189284,0.043103017,0.0055515366,-0.0011491427,-0.021109998,0.011449563,-0.006003077,-0.0026281897,-0.0022044277,-0.0020161034,0.0041117207,-0.94112027,-0.007432446,0.003586687,0.0009669442,-0.00068691105,0.0074330396,-0.008124424,-0.0026018089
13.448568,0.78832924,-0.061950386,-0.0054217656,-2.1873085,-0.061957985,-0.20733528,-0.046390604,0.01619691,0.0017954515,0.051318407,0.9855416,0.0021570944,-0.02227147,0.0026015071,0.002395515,1.886274,0.056143444,-0.010139458,-0.06231792,-0.03549821,-0.10360588,0.037427183,-0.002780477,0.0025705132,-0.005297535,0.0004062987,0.058075793,1.473074,-0.0017847557,0.106817484,-0.027739799,-0.026143793,-0.0090350695,-0.0048176623,-0.017260632
-8.23804,-0.54503,-0.06373276,0.00057257584,1.0591259,0.0034799052,0.011764505,0.0023534559,-0.02244539,0.002553612,-0.0047942973,-0.15653558,0.0011124456,0.010734254,-0.00048413564,0.0028792995,-0.7004544,-0.1480475,0.030246949,-0.004177931,-0.007126775,-0.027497472,-0.0020540063,0.0008568509,0.002826717,6.432371e-05,0.004340204,-0.02415537,-0.8211274,-0.010802343,-0.030333271,-0.003280356,-0.003504267,-0.0007348868,0.00094692805,-0.0107646845
14.960328,-0.50623715,0.13931476,-0.000911956,-2.2763288,0.021903563,-0.057334367,0.024602266,-0.03603221,0.0051952247,0.024145782,0.8738851,0.014540361,0.005291089,0.021193312,0.012929236,2.0341773,-0.3996434,-0.007523848,0.0074747214,0.017585406,-0.035550438,-0.07740978,0.00014040146,-0.00044190628,0.013519008,-0.037246216,0.043957558,2.1270804,-0.0035243577,0.2818872,-0.004892244,-0.023879137,-0.011625305,0.016907357,0.029210424
-8.138372,-0.5608808,-0.07129326,0.00044519655,-2.5420117,0.0037360445,-0.12533067,-0.0012407919,-0.017159726,-0.052731182,0.0008444473,-0.16625722,0.00062772544,0.0088527035,-0.00037730543,0.00050443615,-0.7589479,-0.15614447,0.028665816,-0.0029377851,-0.008319746,-0.15039551,-0.00394487,-0.00032823425,0.0037488937,-0.00018602169,0.00036867775,-0.03215501,-0.86789626,-0.012129673,-0.03450513,-0.0005906227,-0.009099793,0.00080791727,0.002261706,-0.010729486
-2.8081946,-1.5033319,-0.20692444,0.001073655,-1.8494426,-0.029504055,-0.31796202,0.004578281,-0.15787365,-0.04896775,-0.010704308,0.43667963,-0.011996674,-0.013578697,-0.00015958762,0.012464583,1.6034938,-0.5984907,-0.03584452,-0.015800152,0.010513401,0.06863783,0.0036002935,0.010305177,-0.0046550934,0.0009160848,0.013463861,-0.16955185,1.2353547,-0.0022663309,-0.14636323,0.000920393,-0.026061343,-0.0012431962,0.009749782,-0.0008520539
3.0547428,0.17104383,0.19338119,0.0047532986,-2.2842696,0.00884658,-0.1862905,0.0119838165,0.0026298068,0.004471376,0.020645645,0.3256772,-0.0014687228,-0.01700488,0.0117982,0.016523559,0.9057797,0.08809812,0.13758177,0.015905635,0.016624996,-0.06208626,-0.008136596,-0.02476245,-0.020801539,0.0050329072,0.00034456473,-0.064467885,-0.61997765,-0.02211232,-0.002293298,0.00049105496,-0.0060617775,0.006335002,0.019140162,-0.0014459806
10.018582,0.55046034,-0.14863132,0.0018213523,0.8920822,-0.041521605,-0.035624914,0.0128814485,-0.1754562,-0.0028708861,0.0069637354,1.0995431,-0.011232716,-0.021101281,-0.0037694965,0.08563857,1.2898136,0.11240996,0.11698876,-0.017926004,-0.019680252,0.0069170753,0.029403342,0.016740019,0.004478624,0.01304111,0.0016874579,0.15810433,-0.54968184,0.021361273,-0.043214526,-0.005120233,-0.013264033,0.019262208,-0.013681702,0.04558253
20.017796,0.49300152,0.06585564,-0.0009672485,0.90194565,0.010080124,-0.010189588,-0.006314102,0.04000237,0.0027007053,0.03715398,1.0467767,-0.00034099526,0.013554227,-0.004857606,0.0018290589,2.3331425,0.046604194,0.051380083,0.035594154,0.018399308,-0.066407435,0.043193873,0.0037046704,-0.05004241,-0.00019358889,-0.000101818456,0.28190583,1.7757752,4.301704e-05,0.062441934,-0.0090098865,0.022725398,-0.016497923,0.014659373,0.025807818
2.2897263,-1.6966246,-0.08664914,0.002806297,0.9276407,0.010813912,0.10580039,0.011944246,-0.015394116,0.010715152,0.039284963,0.70356256,0.0071818354,0.019961046,0.005015971,-0.012924745,1.1942701,-0.24670456,0.034033634,-0.01504149,-0.01541025,-0.019425377,0.0011820778,0.0038611458,-0.0012850566,-0.0001520959,0.00022332031,-0.030245211,0.9751647,-0.0003094808,-0.09682836,-0.00944033,-0.0039407373,0.0022065074,0.009690423,-0.0059760245
5.888286,0.3228508,0.0693878,-0.00089204556,0.9660023,-0.0070538046,0.11716481,0.0056720437,-0.010375497,0.0023324075,-0.1081636,-0.61197525,-0.023394832,0.0020865728,0.0021002206,0.0044495445,1.2537081,0.037352227,-0.019670326,0.0058513153,0.013460503,-0.009150461,-0.016941335,-0.005528943,-0.003157055,-0.0071764663,-0.0026896843,-0.041268945,0.9860876,0.007289073,0.02912684,0.0014940802,-0.009986396,0.0032513225,-0.013165613,0.007315064
-8.10026,-0.5347474,-0.05785991,-0.0064102677,0.5540067,0.0023626639,-0.080915846,-0.0011045535,-0.0061709364,0.003955791,0.0013480586,-0.15280636,0.0006319783,-0.004156026,-0.0018666979,0.0015019435,-0.74852663,-0.1393289,0.038412,-0.0019326332,-0.0055970536,-0.032305818,-0.0070772506,0.0009790193,0.0018063257,-0.0006675587,-0.0018135204,-0.009233203,-0.82610077,-0.00801119,-0.03326934,-1.0801261e-05,-0.0077544297,-0.0059052655,-0.0005016557,-0.004043638
22.145182,0.52177113,0.046107844,-0.002865802,1.0037359,0.021626372,0.09976036,-0.0044711162,0.028473353,0.003156121,0.035526417,0.75255054,0.0029173626,0.026860535,-0.00042819095,-0.011404926,2.5228782,0.09708615,0.029865563,0.004667191,0.029051667,0.009687635,-0.0087325685,0.00026823828,-0.024832634,-0.004224032,0.001800945,0.2477434,2.6067078,0.0004993385,-0.00632997,-0.019749112,0.0044493913,-0.013065924,-0.017584002,0.030966341
8.339169,0.5278809,0.024965247,-0.002188715,-0.39159027,-0.0005446271,0.1038238,0.0049863206,0.009099467,0.001069131,-0.070723146,0.13815105,-0.01454895,-0.025367018,0.0006022046,0.011121426,1.4999516,0.010614129,-0.016332677,0.012784196,-0.014210587,0.028700719,-2.6313832e-05,-0.00458007,0.006866796,-0.0021138147,0.0023084015,0.116555914,1.2383065,0.0035540892,0.06353273,-0.0019674755,-0.012186508,-0.0041980627,-0.00452132,0.014367243
-8.08501,-0.5319025,-0.068606466,-0.0023298874,1.047836,-0.011332182,-0.0764876,0.0021315461,-0.015754351,0.003401613,0.00126217,-0.15351766,0.001734953,-0.008729331,-0.0031763413,0.00083935703,-0.7145218,-0.14634667,0.040980335,-0.000101270925,-0.004417589,0.00013735091,-0.0033850924,0.0022818928,-0.00021528402,-0.0009096982,0.0011484682,-0.005685409,-0.8236875,-0.008121581,-0.035167057,0.0006437019,-0.004824971,-0.001126267,-0.006445575,-0.00196613
-8.199687,-0.5575575,-0.06789795,0.0017292552,1.0414999,-0.0036200986,0.022339288,0.0011211147,-0.018475534,-0.031756155,-0.0002567716,-0.15042962,-0.0044641765,-0.006628462,0.0017992379,0.0012052675,-0.6850384,-0.1619577,0.043395944,-0.0015952515,-0.008351903,-0.028355785,0.0042378926,0.001970757,0.0019461906,0.00036804032,0.0034777964,-0.027216248,-0.78179026,-0.0084545985,-0.03608829,-0.0067429813,-0.0011742258,0.0010998065,0.003747802,-0.007225849
21.172161,0.58474296,0.025402904,0.0025925003,0.9438839,-0.018283807,0.072986364,0.0028732223,0.011346278,-0.0007742713,0.035150174,0.7486623,-0.011105095,-0.0018759923,0.011177469,-0.013521771,2.5117154,0.094328,0.004176731,0.018083137,0.016310107,0.029942775,-0.026688436,0.0011999983,0.0032375397,-0.005099884,0.0066668224,0.19391912,2.778595,0.0035025424,-0.026477287,0.010486808,-0.008329227,-0.002921688,-0.008838941,0.025250433
-8.078343,-0.5523563,-0.06721135,0.00028942365,-2.145015,-0.001253072,-0.17282088,0.0009129306,-0.016165653,0.004343886,-0.011474883,-0.16641334,-0.0059901755,-0.0020137571,0.002309376,0.0025779407,-0.7780636,-0.13125876,0.044611074,-0.0036163887,-0.0009274262,0.022357414,-0.0045832074,0.0035862823,0.009182223,-0.003084929,-0.00032284507,-0.15578364,-0.98033214,-0.006357258,-0.0009707132,-0.0065815225,0.0088542,5.9308808e-05,-0.003863673,0.0030426946
-1.517387,0.33134192,-0.07344538,0.000114550945,1.012183,-0.030051146,0.04938898,-0.0008509711,0.012938397,0.0021884874,-0.015426143,-0.31135374,0.0018005592,-0.026107188,0.0011496362,-0.0031245577,0.62467957,0.1027432,-0.006986947,-0.01391791,-0.012298985,0.019152569,-0.009810603,-0.005986811,-0.027390841,-0.0024270392,0.002442243,0.17252576,-0.7836296,-0.00011913755,-0.02079253,-0.009009742,-0.006848387,0.008237941,-0.0068882266,0.020525329
-8.131354,-0.54470515,-0.03850246,0.0046663554,1.0433671,0.002064723,-0.0472793,0.0024395012,-0.0059397644,0.0028906984,0.004723398,-0.15826547,0.0005634436,0.008866792,0.00211044,-0.00021314698,-0.7485413,-0.1409649,0.04141378,-0.00454067,-0.006732573,-0.02566224,-0.0025142329,0.0007878315,0.00037918394,0.00053804356,-0.00086484273,-0.0058372305,-0.8241232,-0.008721675,-0.03333999,0.0005691997,0.0010805991,-0.005196161,0.0045269933,0.00056863733
-8.129705,-0.55561805,-0.017183388,0.0035692984,1.0424334,0.004195893,-0.046992846,0.0042278245,-0.007938889,0.0033735074,0.019944184,-0.15537874,0.0013985202,0.012834913,0.0020577516,0.0023139303,-0.66694355,-0.1398765,0.033558,-0.0062857894,-0.007190479,-0.021464707,0.0035560024,0.0023669628,0.0021191281,0.0005891605,0.0006036865,-0.02997204,-0.8088821,-0.012554086,-0.030143626,-0.00053377415,-0.007639527,-0.0048205657,0.0064925114,-0.012387359
-7.523477,-0.21825717,-0.044462387,-0.00093179155,1.0453743,-0.01399865,-0.009130445,-0.005463784,-0.006498962,0.0041715614,-0.0047445535,-0.17745613,0.0010179358,-0.019149901,-0.0022008938,-0.0020134656,-0.78024894,0.014494804,0.035705358,-0.006325792,-0.006724784,0.05630355,-0.0106102405,-0.0044463566,0.00054299616,-0.004235542,-0.0033052315,0.027864626,-1.0869008,-0.010005822,-0.011081612,-0.001098348,-0.011605814,-0.007213882,-0.01278018,-0.004548482
22.339775,0.61912376,0.057014104,-0.005125346,-2.210896,-0.00037359874,-0.13145934,-0.00066524895,0.026674733,0.0015772772,0.025439164,0.8039592,-0.0014699025,0.0064247344,-0.0015110413,0.010580726,2.579808,0.09938019,-0.02598266,0.010149404,0.021039767,-0.054445326,0.036192697,-0.005202428,-0.01498564,-0.0060103573,0.007945082,0.24364008,2.6148832,0.00094548677,-0.0041408576,0.0011622912,-0.032316945,-0.0077492087,-0.01045588,0.01727127
-1.4617796,0.15334223,-0.19331132,-0.00027890288,0.95897377,-0.01730186,0.08811384,-0.018391447,0.0076791504,0.0012773764,0.0046068323,0.058817033,-0.0012360788,-0.028787892,-0.0025633255,-0.012293717,0.70741373,0.012996572,-0.037305284,-0.0037483398,-0.006078936,0.018766327,-0.0014577181,0.0058244136,-0.0009421718,-0.007674096,-0.009884337,-0.123489305,-0.6070557,-0.009663803,-0.00030691767,-6.095452e-05,-0.0017614033,-0.006700926,-0.023760496,0.006043842
-8.073236,-0.55185354,-0.057009626,-0.00081067014,-1.1581582,-0.010142989,-0.08946542,0.0030101524,-0.020323936,0.0043703914,0.00196951,-0.16058856,-0.0061584557,-0.0039394735,0.0048610773,-0.0006081137,-0.76544213,-0.14989582,0.03623494,-0.0007807874,-0.0050768005,0.08874964,-0.0034510412,0.014908884,0.0033879091,-0.0019812363,0.001971456,-0.26762837,-0.8977815,-0.0069787423,-0.033225924,-0.0026361411,0.009611091,0.017106345,-0.004165388,0.008055841
-7.002659,-0.112479135,0.021258881,-0.0025808285,-1.7781178,-0.008097036,-0.08630711,0.0020050034,0.0025174387,0.004761894,0.00066860457,-0.21869817,0.0021203554,0.020170128,-0.0037201655,0.0012749858,-0.8110236,-0.02144408,0.024120068,-0.0005106958,0.0029082478,-0.06012625,-0.00413504,-0.00051836274,-0.0006325784,-0.0037665786,-0.0011706286,0.108837664,-1.0992053,-0.005571471,0.0036135605,0.0014250162,-0.011687682,-0.0022789317,-0.0087043615,-0.0066235433
-7.4253283,-0.17471474,-0.042627677,-0.001902989,1.0123472,-0.009373355,0.0071862936,-0.0035492878,-0.004652189,0.0030081994,-0.000837489,-0.17639385,0.0021498527,-0.024657069,-0.0020659175,-0.006850883,-0.7286032,-0.00275352,0.020751795,-0.0020570722,-0.009199987,-0.00060011726,-0.012374481,0.0033493065,-0.0011076182,-0.0038985831,-0.001954592,0.122762606,-1.0727917,-0.0044591613,-0.018775877,0.0008376121,-0.009223665,0.0021187044,-0.009100553,0.04782676
-8.234207,-0.55558026,-0.021759747,0.0055156164,-2.4701252,0.0010762548,-0.080968805,-0.0014284959,-0.0062591042,0.0031553833,0.0008140959,-0.17364751,0.00013997499,0.008821091,-0.0011847813,-0.0003396176,-0.80272824,-0.1334751,0.031196252,-0.0040017413,-0.0064575616,-0.13789442,-0.0050280355,0.00038940547,0.002150652,0.0019384298,0.0010704625,-0.02523799,-0.9044502,-0.012673333,-0.0321437,-0.0044507817,-0.01792066,-0.0011622398,0.004204921,-0.012756983
-3.1096308,0.1698932,-0.066650026,-0.0015986669,0.9799442,-0.06454203,0.091489814,-0.0018162577,-0.014915912,0.0040643862,-0.008292949,-0.21356629,0.002366946,-0.013710654,-0.0030145277,-0.0137093235,0.39325985,0.060223196,0.0013046457,-0.020245709,-0.014997588,-0.0052295197,0.015720846,0.006089351,0.0065482156,-0.009081702,-0.004199091,-0.0010784944,-0.99222505,-0.0075773154,-0.017202392,-0.0015200218,0.03918064,-0.009911239,-0.017549893,0.017776288
8.81032,-0.5144126,-0.054254327,0.0018540842,1.0044667,0.025229983,-0.1112019,0.0119812945,-0.017046237,0.005127572,0.046226975,0.9715879,0.004579979,0.025862297,-0.0037851501,0.007989946,1.3764578,-0.09361648,0.06163056,-0.01302431,-0.011118644,0.0047035273,-0.02857595,0.01042095,0.007524758,0.00032290668,0.0034105382,0.099420674,1.2611438,-0.013499518,-0.023089904,0.00015184337,-0.013628914,-0.021128079,0.025793705,0.023731152
19.377644,0.7452813,0.07123794,-0.004648175,0.89895606,-0.0020244324,0.08339131,0.010555685,0.038456585,0.0033563667,0.032160085,0.4756768,-0.0014662371,0.0094807455,0.0026503566,0.005569312,2.2763958,0.06252003,0.009042206,0.012792276,0.020949202,0.01590683,-0.00943428,-0.0006913011,-0.032450754,-0.0026010193,-0.0009374538,0.12372297,2.4409049,-0.0026278705,-0.0022390957,0.008190238,-0.0021201195,-0.0021641343,-0.01351865,0.007723116
-8.20905,-0.5290714,-0.058987238,-0.0023274403,1.0574479,-0.0036023934,-0.006244647,-0.005170944,-0.0039097667,0.0028241675,1.7564455e-06,-0.14971884,-3.101973e-06,-0.011570112,1.6728209e-05,0.0016002102,-0.7350126,-0.14946926,0.04226955,-0.000445579,-0.005176109,-0.028741894,-0.0031921964,0.0012510456,0.0012194968,-0.0012460713,-3.069231e-05,-0.026562646,-0.81298465,-0.011591085,-0.030229079,-0.0019581383,-0.0010066439,-0.0042007384,-0.0048279054,-0.012792395
11.821958,-0.95766234,0.14242524,-0.0060678306,0.90326977,0.013355654,0.14472541,-0.028271588,0.015987135,0.005100464,0.0147549305,0.68893,-0.0014521423,0.016064443,-0.017502708,0.018781556,1.9817088,-0.65253633,-0.0035702605,0.0038657729,-0.001793614,-0.016327776,-0.005714751,-0.017018646,-0.03706884,0.0012805697,-0.018253982,0.054122254,1.9780825,-0.0006984155,-0.036352273,-0.0118372245,-0.0015117564,-0.010235378,0.03316106,0.030472534
-8.103659,-0.52873623,-0.061855275,-0.0023568315,1.0462923,-0.0032277051,-0.0057277847,-0.0018109886,-0.0005480329,0.0027969962,-0.010003671,-0.16451843,-1.8806137e-05,-0.008950567,-0.0028364542,0.0008374829,-0.7581994,-0.16102149,0.043000635,-0.0030932403,-0.0066917567,-0.031204974,-0.0032621177,0.002018544,0.0019317433,-0.0013627227,-0.000345774,0.004366594,-0.8444506,-0.005951543,0.0017801762,0.00021144116,-0.0035157753,0.0040029283,-0.005302089,-0.001189152
-8.120134,-0.5432253,-0.067122065,0.003788321,1.0655488,0.0016479008,-0.038620304,0.00017779725,-0.01663846,0.0035612378,0.014163091,-0.14766,0.0011354098,0.014278126,0.003931576,0.0021483193,-0.62437326,-0.14427464,0.03085092,-0.0035109767,-0.0072419103,-0.0064815544,-0.0025632563,-3.179879e-05,-0.0001263231,9.272988e-05,0.0006919808,-0.019007403,-0.81957626,-0.011934576,-0.028846553,0.0014255057,-0.007941188,0.0009949626,0.004824664,-0.012614295
-8.231925,-0.5720806,0.032861277,0.0024335023,1.0207648,0.0035152314,-0.007966238,0.000388659,-0.011162155,0.0038724241,6.7070854e-05,-0.1650206,0.0012393361,0.0022126164,-0.00019172538,-0.0022312321,-0.754643,-0.124214314,0.033885453,0.002247387,0.0066400124,-0.03354212,0.009875606,-3.265444e-05,-0.0026667763,0.0006066801,0.0008977149,-0.0275959,-0.8427058,-0.013779474,-0.025680076,-0.00066327746,-0.0019599914,0.004879543,0.0059917923,-0.012469305
-8.116949,-0.5364008,-0.06338451,-0.0008229071,1.0748439,-0.0019206826,-0.0493889,0.0029940857,-0.018393165,0.0039169476,0.0013774252,-0.16129132,-0.0063227043,-0.0034145548,-0.0039887214,0.00061279425,-0.7247859,-0.14517923,0.04430661,-0.005041323,-0.00647893,0.120375216,-0.003903168,0.0017620992,0.009834496,-0.0020958085,0.0017655515,-0.2060932,-0.8310777,-0.006987154,-0.032267265,-0.0012877372,-0.004798607,0.0030737778,-0.0023404357,0.0062997793
-8.20272,-0.5523593,-0.033216756,0.0061659855,1.0449568,0.002261721,0.022709077,0.0040193237,-0.016653745,0.0029880756,-0.00092812517,-0.16170721,0.00056394027,0.008667297,0.0029567657,0.001187558,-0.760925,-0.14085339,0.042073984,-0.0019748183,-0.0058521624,-0.033794843,0.00544746,-0.00074795866,0.026043814,-0.00012113614,0.005747973,-0.013454534,-0.8151869,-0.01248376,-0.03259836,-0.0029768955,-0.0013781344,-0.0006424955,0.00019790648,-0.00048333485
22.460014,0.5468931,0.066153444,-0.005504627,1.0182085,0.00089,0.12874885,0.005561201,0.03160895,0.0025680428,0.032805365,0.63548404,0.0027480035,0.005744286,-0.003318282,-0.010014338,2.530146,0.12036453,-0.07037252,-0.004278643,0.030401032,0.0031494645,-0.017338827,-0.005896419,-0.006470577,-0.005237124,-0.0022810206,0.19707881,3.0303824,0.0015085068,-0.0044132085,0.0062205386,-0.008714382,-0.0034864035,-0.010064198,0.020429278
-8.107582,-0.53688884,-0.058557972,-0.00023652028,-1.5112559,-0.0041424395,-0.1386728,0.00024421656,-0.016464707,0.004775715,0.00018347192,-0.15841281,-0.0007452789,-0.007490564,-0.0020193902,0.0012553319,-0.76652056,-0.14901249,0.034036495,-0.0067516817,-0.00426432,0.09968905,-0.007898435,0.0016936642,0.003806594,-0.0020321698,-0.0015338715,-0.30575404,-0.9164727,-0.008638083,-0.03533307,-0.0014933433,0.006987098,0.0011143673,-0.005732835,0.005186479
2.8567116,-1.1978914,-0.07466971,0.0021943024,0.95077497,0.005650792,0.10053277,0.008967703,0.0129261315,0.0041117654,0.036485415,0.7805807,0.00087348884,0.027563361,-0.00015675141,-0.024616705,1.3240054,-0.18826947,0.013238864,-0.019767642,-0.009467682,0.011111139,0.00077599304,-0.013928387,-0.00020226931,0.0006570795,0.00070762733,0.06398679,1.0007877,-0.006793234,-0.20326763,-0.0084680915,-0.0042476603,-0.018345952,0.03409097,-0.008108527
23.671421,0.8345216,0.01531333,0.0052626794,-1.7905725,-0.008695352,-0.07773666,-0.024176033,0.022147277,0.0024285053,0.040995173,0.6570654,-0.0046710307,-0.020065643,0.0029998093,-0.0125790695,2.6615627,0.114599,-0.08593097,0.008766259,0.0042855334,0.033063725,-0.04124514,0.0016880118,-0.049337257,-0.00564453,0.004904335,0.18464491,3.3027334,0.00035349737,-0.0062280493,-0.011519673,-0.010733729,-0.006318716,-0.009840445,0.013311357
-8.22219,-0.5511163,-0.01797095,-0.003032908,1.0474349,-0.004941099,0.012790674,0.0027074164,-0.007439778,0.0028794927,0.0051212627,-0.16291232,0.0010201546,0.011127275,0.0021945303,0.0012669368,-0.74793684,-0.13691525,0.043211747,-0.002115921,-0.0064087105,-0.0246822,-0.0038956464,0.00037634885,0.0009633019,0.0009345933,-0.0004579003,-0.0076781223,-0.82911515,-0.00871026,-0.033046637,-0.00025671054,-0.0060821734,-0.004184429,0.0013186906,-0.002659356
-8.138767,-0.54159683,-0.032825477,0.0009779066,1.043333,0.003319582,-0.033874016,0.0064859693,-0.008429704,0.0034173029,-0.0022210388,-0.15668228,0.0009438335,0.0015163957,-0.0037432539,0.0002777515,-0.75163704,-0.13184167,0.04249067,-0.0048122387,-0.0045759776,-0.022650443,-0.006303262,0.000881166,0.0030484775,-0.0024271512,-0.00092229265,-0.0037930224,-0.82629186,-0.0075746486,-0.03062385,-0.0028384833,-0.0046959547,-0.005036996,-0.0052722483,-0.0003905167
-8.1293125,-0.54569256,-0.03865695,0.0010478768,1.0415035,0.0050185937,-0.045948304,0.005351775,-0.014116601,0.002991835,-0.00091880356,-0.15777388,0.0010203188,0.001623563,-0.0030056946,5.399783e-05,-0.73788226,-0.14395094,0.04435638,-0.0044929464,-0.0056128157,-0.026481953,-0.002621609,0.00088044646,0.0016529389,0.0005780056,0.0012589217,-0.003823066,-0.82327175,-0.0070257518,-0.032029312,-0.003825279,-0.0031264287,0.000864206,-0.0008594483,-0.0005330598
-7.3694634,-0.561231,-0.020513915,0.003716321,1.076603,0.0018906732,0.023328995,0.025747241,0.0038586366,0.0039802385,-0.00095271814,-0.16862209,0.0008175881,0.01827897,0.0005705731,0.000441932,-0.45541036,-0.10078383,0.018085504,-0.004001491,-0.0022161338,0.0073953723,0.00402815,0.00411892,0.0029175316,8.84723e-05,-0.0007924508,0.0448773,-0.86903703,-0.0073350724,0.0074694534,-0.0013246415,-0.006256322,-0.0058963317,0.003058048,-0.0017423402
17.137098,0.6793627,-0.10783416,0.0012606531,0.79938364,-0.021255203,0.101897575,-0.01415999,-0.028337026,-0.0032573764,0.05621064,1.03886,0.0009714859,-0.008530385,0.0025714077,0.0058117798,1.8547763,0.07886606,0.071852066,-0.102042176,-0.0135682,0.008301366,-0.030711016,0.005077468,0.007216737,-0.0022903534,-0.00062646763,0.08709702,1.6302199,-0.011314974,0.11560988,-0.049219355,-0.0050773574,-0.0021951732,0.0059274393,-0.008917297
6.298055,-0.8613703,-0.31029192,-0.010482449,0.94811034,-0.05267206,-0.042961035,-0.027697641,-0.22564772,-0.031549398,-0.013583834,0.48545116,-0.0063681165,-0.015461075,0.00013298742,-0.042342667,1.9498354,-0.53800946,-0.027545406,-0.0043707183,0.0045946315,0.049058948,-0.0018826722,0.0063954857,-0.085813046,0.0034242105,-0.0009088205,-0.014121114,2.3216536,-0.02828588,-0.21692717,-0.07535833,0.022267494,-0.03141743,-0.042225033,-0.022872217
11.328114,0.39488652,-0.11835436,0.0039112363,0.85150725,-0.03138955,0.0871517,-0.036833208,0.005236767,-0.009315928,0.052059613,0.91329294,0.00052730343,-0.054876436,0.00260919,0.003240246,1.6744536,0.03871068,-0.031163974,-0.07245308,-0.018705912,-0.0013730731,-0.006829819,0.0030236992,-0.0050674966,-0.0025227962,-0.0032201768,0.029014006,1.4617647,-0.011358811,0.114521645,-0.020415561,-0.0090844575,-0.00444827,-0.008002205,-0.009239604
6.8747644,-1.1200452,0.18643714,0.003623576,-2.3141568,0.0100019295,-0.17320743,-0.016705874,0.022302756,-0.0054052295,0.0029413095,0.6852773,-0.00024675982,0.007213493,0.012891239,-0.0058849175,2.0857294,-0.6304217,-0.007554452,-0.0009229976,-0.012140294,-0.08206016,-0.026054686,-0.010415085,-0.050139975,0.0010001168,0.036061138,0.046698757,2.1933668,-0.013758454,-0.042611778,-0.0053077396,-0.038572118,-0.010736881,0.028640427,0.0023468146
-8.144419,-0.5475777,-0.060124997,0.00208429,1.0413287,0.0014559092,-0.031000866,0.0012536747,-0.014016543,-0.001771063,0.0016515678,-0.15658566,0.0011662565,0.009733448,0.0023398702,0.0013327873,-0.70978266,-0.14969909,0.041225865,-0.004455059,-0.0064830156,-0.020381603,-0.0027011752,0.0016713405,0.0021266553,0.0006326252,-0.00079834496,-0.0045267027,-0.8304665,-0.007941286,-0.034097627,-0.0036081136,-0.0024922222,0.0012463533,0.0043074302,-0.0015723011
21.090816,0.76990914,0.040954843,-0.0029477105,0.95203114,-0.010274321,0.07462115,-0.0024465593,0.027000459,0.0037864102,0.034334697,0.67690194,-0.00042490958,-0.0047538183,0.005975974,0.008321667,2.5593343,0.08448595,-0.06791202,0.015445266,0.0076128016,0.06448527,-0.017784428,-0.00550265,0.0019911325,0.0018970978,0.0068197297,0.09447579,2.8818934,0.0012227093,-0.010856591,0.008567604,-0.010158501,-0.0033221592,0.0023835453,0.021324156
16.490065,0.7445751,-0.031523902,-0.006936089,-1.4850801,-0.005948749,-0.16481145,-0.02223083,0.013896925,0.0014908615,0.014132682,0.7205681,-0.00054790534,-0.017261323,-0.0064609344,-0.0015366711,2.1509914,0.04098063,-0.023842767,-0.093589626,-0.017208982,0.08891305,-0.013325621,-0.0077527054,0.007049194,-0.0062459377,-0.0031062914,-0.06403329,1.5884534,-0.010689889,0.04641965,-0.09562399,-0.00020602663,-0.0021718554,-0.0035285074,-0.027294891
21.81273,0.53411824,0.01972198,-0.0013165779,-1.9993433,-0.008879438,0.01271125,0.005348472,0.022780528,0.0019368342,0.02594613,0.6418488,-0.0014824194,0.013719027,0.0038110106,-0.011173014,2.5285103,0.09709556,-0.0014958913,0.0002968288,0.009447076,0.05186037,0.013654973,-0.008606833,-0.042324588,0.0048984736,0.005786375,0.18932891,2.968914,-0.0026575914,-0.0096867,0.006274407,0.00024637865,-0.008939908,-0.011652603,0.004495703
13.657464,0.40064177,-0.15409052,-0.0030761533,0.8906627,-0.031583067,0.1321466,-0.040087633,0.0028049473,-0.001126785,0.05239048,1.0556474,0.00045872532,-0.0537244,0.0024272199,-0.0024179122,1.7559688,0.032314435,0.0005083587,-0.084811434,-0.023979189,-0.0024226937,-0.020506587,-0.0041227145,-0.01531876,-0.0055012857,-0.0012293342,0.028656255,1.4870812,-0.01348354,0.107236,-0.024528401,-0.0034618143,-0.013275811,-0.016586583,-0.011982764
-8.199898,-0.53391457,-0.06209527,-0.0031097222,1.043204,-0.0063258624,-0.01778644,-0.0046981685,-0.0042881514,0.0028612444,0.008496916,-0.14626716,0.0008882109,-0.009528587,-0.002806807,0.0014484448,-0.7171017,-0.1455796,0.028580874,-0.0014706075,-0.007539608,-0.037256464,0.0042231563,0.0011640061,0.0033986974,-0.0017450358,0.0005911954,-0.03617245,-0.8065542,-0.013292846,-0.03278152,-0.005363006,0.0075604445,-0.0030266172,-0.004288733,-0.007868065
-2.598716,-0.014082541,0.004542095,-0.0039886297,1.0046973,0.019967346,0.103790075,0.00175894,0.0028903743,0.0035709932,-0.0027124493,-0.2954599,0.0022170814,0.024009252,0.004651294,-0.011178055,0.41488352,-0.2201673,0.003161093,-0.004427762,0.010523105,-0.0128763635,-0.0026206956,0.0022146609,-0.006239371,-0.002826468,-0.0017415422,-0.06486264,-0.6626134,-0.012151991,0.006036832,-0.0051815007,0.012730824,-0.010829549,-0.025682101,-0.0006053356
-8.112159,-0.5329866,-0.029998302,-0.007254634,-0.120509684,0.0030938738,-0.08874199,-0.0011922526,-0.014322303,0.0042940634,-0.0121985525,-0.16217566,-0.006153836,-0.0014408868,0.0075358776,0.0012874574,-0.7443514,-0.14349398,0.042110626,-0.0034738856,-0.006322098,-0.040186837,0.0029105046,0.0026784493,0.009805498,-0.0027807897,0.0014316433,-0.004643881,-0.8985637,-0.0066646817,-0.005576814,-0.0009369798,-0.013067305,0.0015204372,-0.0014111444,-0.00501924
-8.092401,-0.5475215,-0.014822715,-0.007477558,-0.49757856,-0.0015501839,-0.014153743,0.00016253465,-0.0062255734,0.0041424856,-0.012177753,-0.17912424,0.0029334791,-0.0015567394,0.0045196298,0.0013136993,-0.79113066,-0.14321184,0.04116012,-0.0017935868,-0.0009569095,-0.042996228,-0.00391852,0.0019946944,0.0023171168,-0.00044054264,0.0021260378,-0.0060344976,-0.94509965,-0.0058775027,0.0074752774,4.3404572e-05,-0.010221427,-0.0040368866,-0.001419444,-0.0039746594
-5.308993,-0.3257138,-0.10932851,0.00044828755,1.0526725,0.0015113291,0.017012978,0.004224343,-0.018407576,0.0043581454,0.000529873,-0.19664739,0.0040032603,-0.00947935,-0.0019040002,-0.003039576,0.36539572,-0.24534987,-0.005518921,0.0006693441,-0.005261686,-0.0054563717,0.013713958,0.001424489,-0.0019197525,3.369417e-05,-0.007762934,-0.02548722,-0.70013684,-0.0059122443,-0.02458418,-0.00073212385,-0.0074445307,-7.367229e-05,-0.0051941574,0.0026777408
-8.132544,-0.5386354,-0.023990693,-0.00840533,1.0474149,0.0020672919,-0.04092531,0.002507498,-0.0039673415,0.0034474223,-0.00068047654,-0.15954739,0.002874924,-0.0008148213,-0.00020015273,0.0016391488,-0.7542735,-0.12588838,0.043420624,-0.004603599,-0.008551219,-0.016353892,-0.005995118,-0.000634172,0.0020864115,-0.00027056652,0.0018236212,-0.003902063,-0.85322195,-0.008040706,-0.033744533,-0.0016479429,-0.0018637383,-0.0013224098,6.06929e-05,-1.1274095e-05
18.772705,0.7627341,0.0461045,-0.0004441624,0.3016319,-0.0020779506,0.06905223,-0.0038473557,0.0155641325,0.004243175,0.009902187,0.4452724,-0.0010318238,-0.00062510744,0.006912679,-0.0013759234,2.2996664,0.047421195,-0.048260886,0.013952193,0.01290629,0.08925765,0.0061935307,-0.0110543575,-0.01287442,-0.0073356954,0.0017410294,-0.02593404,2.3837156,-0.0023081761,-0.0028503938,0.009919895,0.0025236753,-0.013290722,-0.012501239,-0.009652728
-7.3871737,-1.0953186,-0.23907219,-0.0011555145,-2.0699043,0.017657448,-0.23751763,0.008984652,-0.11307298,-0.085072696,0.0070390357,1.0764658,0.0010985845,-0.029868128,-0.0004817611,0.009559821,0.6243485,-0.41220355,0.038783055,-0.014768624,-0.013990259,-0.13065784,-0.0079128845,-2.3747594e-05,0.021101149,-0.010137476,-0.0020845344,-0.108045675,-0.53625864,0.021583894,-0.040001266,0.008278598,0.01753831,0.014941795,0.0037800106,-0.0042610997
-8.190385,-0.5376319,-0.03936716,-0.0076804655,1.0581353,0.0005923333,-0.015016018,-0.004665296,-0.005353195,0.0018351238,-0.006891858,-0.1728863,0.00015853698,-0.0031035761,-0.0033174173,0.0009074899,-0.7675969,-0.09998942,0.034013186,-0.0012567674,-0.0048644748,-0.01437902,-0.00025552767,-0.00031374345,0.0021693283,-0.0025581338,-0.0012182877,-0.01845668,-0.8849245,-0.0077826516,0.0033496416,-0.0041662804,-0.0057538524,-0.0067547536,0.0016130352,-0.012244231
-8.135633,-0.53673124,-0.026618607,0.0027723294,1.0472777,0.0016781406,-0.04460197,0.00010863003,-0.009825704,0.0034177902,0.004884129,-0.16142558,-0.009210147,-0.005087897,-0.0003516398,0.000666093,-0.7426471,-0.13036962,0.044865616,-0.0036049187,-0.007084465,-0.019686153,-0.005403274,0.0005887893,0.0005370499,0.00086432206,-0.0007322412,-0.006532531,-0.848355,-0.0061685806,-0.033332143,-0.0050879754,-0.0047614975,0.0013422492,0.0039340924,-0.0020601535
25.35448,0.88079154,0.043787554,-0.009185121,1.0929632,-0.0069611534,-0.027981551,0.010173706,0.042276308,0.0021945399,0.022457644,0.6673131,0.0017882752,0.0022978093,0.002386502,0.0027898094,2.7536542,0.13402414,-0.079026826,-0.010123233,0.005524518,-0.0006606542,-0.020041704,0.015221555,-0.020873824,-0.003897149,0.006441364,0.26419663,3.2533464,0.0063754213,-0.0035815877,0.001690859,-0.008290394,-0.018847672,-0.010827768,0.03222835
-8.190352,-0.5324795,-0.01760667,-0.0025421227,1.0588208,-0.005134173,-0.009122561,0.0010888157,-0.00086280267,0.0018049177,-0.0070981146,-0.17337508,0.0021540383,-0.0011275014,-0.0009887449,0.0012900163,-0.76929593,-0.09298986,0.0338109,0.0036334852,-0.00531421,-0.012373476,-0.004834844,0.0025517687,0.004439902,0.00024624096,0.0007949365,-0.021482034,-0.9320139,-0.008486589,0.0062817214,-0.0010842142,-0.0048023392,-0.0057375454,-0.0038936636,-0.012340814
-8.253992,-0.5477525,0.011990369,-0.0013248826,1.069176,0.00070438895,-0.0094635915,0.001444473,-0.016255917,0.003013842,-0.006792436,-0.16753134,0.0016430226,0.003704874,0.0025998745,0.001462399,-0.72939974,-0.1423428,0.030487323,0.01076681,0.00069353526,-0.032950558,0.0036659965,0.0050863614,0.0027925456,-0.00059450045,0.0010237781,-0.016129341,-0.8701573,-0.013808378,-0.0021459835,-0.002342798,-0.003360318,-0.0012691919,-0.006279796,-0.011229315
-8.191163,-0.5302242,-0.060458347,-0.0014176667,1.0459613,-0.0045015584,0.01723406,0.0007058711,-0.006432136,0.0029739612,0.0043824324,-0.14995685,0.00066204,-0.011118421,0.0022759305,0.0013590325,-0.7414002,-0.14485353,0.04096335,-0.0025459256,-0.006639721,-0.024261499,-0.0043512546,0.0013418456,0.00060356886,-0.0015072683,0.0011759786,-0.004708115,-0.8115307,-0.008950799,-0.032796197,-0.0011660038,-0.0046409,-0.0032360798,-0.006257761,-0.0028255205
2.8779168,0.25188136,-0.018066747,-0.003709131,0.9661309,-0.01514065,0.10773323,0.0007203289,-0.020691741,-0.0006982987,-0.111227475,-0.5625857,-0.02322735,-0.022053987,-0.0016876697,-0.019063339,1.065255,0.022953238,-0.017779935,0.0013971962,-0.010018757,0.0033443694,-0.009347506,0.015613165,0.0029763596,-0.0009262893,0.0033672873,-0.080849074,0.92722744,0.0052862307,0.033042304,0.0010592499,-0.0028567887,-0.011159441,-0.008349115,0.009585265
-7.8084903,-0.43166935,-0.008586271,0.005667173,-2.522777,0.008869533,-0.12107407,-0.0025073248,-0.0045589576,0.0041134544,0.029958315,-0.15358204,0.00012754221,0.010560544,-0.0004505894,-0.00023453032,-0.76015747,-0.13343465,0.041736197,-0.005175641,-0.0067133647,-0.14340055,-0.005751326,7.038573e-05,0.0023333996,0.00033291793,0.000919604,-0.027615372,-0.92346627,-0.010076329,-0.025330244,-0.002341399,-0.014188012,-0.0049318294,0.0049156393,-0.011100772
-8.155657,-0.5295322,-0.06362334,-0.010668704,1.0475895,-0.002064515,-0.0033655996,-0.00036098255,-0.016168484,0.0033915094,-0.00040728544,-0.14977694,8.341071e-05,-0.008052,0.00028705967,0.0013112448,-0.7140642,-0.15125303,0.041711763,-0.002862033,-0.0055677826,-0.013737576,-0.0037486264,0.0015020572,-0.00063006784,-0.0009872783,0.001861815,-0.0016896116,-0.8299947,-0.008261158,-0.034569547,-0.0031927845,-0.0036046088,-0.0009651322,-0.0005729996,-0.0035368153
8.622099,-0.067636214,0.102787994,0.0021822006,0.9982956,0.015581565,-0.18845244,0.008972372,0.012570016,0.0025362526,0.01748712,0.39823586,0.0006929755,0.024853572,-0.001910897,0.00074687693,1.4510219,-0.034316026,-0.015796639,0.012997478,0.009207191,-0.0036684265,0.008404068,-0.0068915654,-0.04328542,0.0022477997,-0.00065062236,-0.07182192,1.2516513,-0.0076115727,0.11488653,0.003757551,0.0047921557,0.0031415948,0.026585039,-0.0064569153
13.033938,-0.37241173,0.07985489,0.0047859014,0.954404,0.022616338,0.13768926,-0.0019471479,0.03287795,0.0048750443,-0.0069528357,0.3289371,0.0016315208,0.019523313,0.0052961945,-0.015073652,2.0069597,0.04354253,-0.006437915,0.010040377,0.011800297,8.975434e-06,-0.015460582,-0.010061135,-0.03134396,0.011555395,0.0032630153,0.11210713,2.1568508,0.0008617465,-0.00904928,-0.00035502994,-0.0073492923,-0.0023825374,0.019836554,0.023143694
-1.5873743,0.18895358,0.059286147,-0.0020764577,1.0004473,0.013866633,0.026976842,-0.0055406885,-0.014077026,0.0025052044,0.001042719,-0.35572347,0.0062203114,0.0012614677,0.0052145836,-0.013128192,0.5579192,-0.074183375,-0.0031547127,-0.006579083,0.01504363,0.034317274,-0.0075116223,0.0017311133,0.0013651926,-0.0028815186,-0.0023437294,-0.115569845,-0.6703143,-0.013316033,-0.012751685,-0.00097129616,-0.000428062,-0.0025300765,-0.026535718,-0.0006098205
-8.184744,-0.5311913,-0.061192177,-0.0075116684,1.0412339,-0.0014443056,0.014700514,-0.003818975,-0.01621073,0.002843597,0.0041262223,-0.15029585,4.2624502e-05,-0.008713853,0.0016031588,0.0019242805,-0.7501253,-0.14981695,0.04095724,-0.0015131104,-0.006298772,-0.02699188,-0.0018894403,-0.001875929,0.0003934131,-0.00046229656,-0.0015596551,-0.0063969786,-0.8116119,-0.008758677,-0.0314922,-0.001162308,-0.005346463,0.00090266654,0.0007451956,-0.0023372746
-1.5739058,0.023967687,0.06865197,0.0028533703,1.0346179,0.012515245,0.027696274,0.013835189,0.011259205,0.0039511304,-0.0049354387,-0.35838333,0.0044206707,0.0059320945,0.0028903151,-0.012002656,0.34104034,-0.21217613,0.021496754,-0.0053637447,-0.004678366,0.032159485,-0.003875092,-0.0121588465,-0.0071934713,-0.0008247268,0.0004683003,-0.06986265,-0.6868514,-0.007977446,0.017081704,-0.0035461772,0.022388808,-0.008719651,0.00081618765,-0.00025472423
-6.7879324,-0.16513383,-0.061694276,-0.008004639,1.0560055,-0.015301089,0.027023682,-0.0069049574,-0.007312779,0.0041132984,-0.0005922215,-0.020407682,5.3868473e-05,-0.018258313,-0.0020013335,-0.0020354153,-0.5210612,-0.16018273,0.0034298424,-0.0069126547,-0.004699104,-0.017960623,-0.0014888754,-0.0009456429,-0.00162512,0.001404441,0.0013537258,0.030175349,-0.8760325,-0.0068253214,-0.031602874,-0.0002956935,-0.00771,-0.0015392439,-0.009155813,0.00045323753
-8.056664,-0.54108506,-0.06348595,0.0020224554,1.065488,0.002526288,-0.018876286,0.0013908747,-0.016350271,0.003440895,0.01390653,-0.14659609,0.001282663,0.015363558,-0.00077469304,0.0022543115,-0.61931103,-0.15203604,0.05185474,-0.0026321674,-0.007305453,-0.024994127,-0.0029374415,0.0007639504,0.0019287327,0.0001383654,0.00088055205,-0.010956242,-0.81305563,-0.01220643,-0.02859702,-0.004033475,0.008850282,0.0014788706,0.001338032,-0.009176191
-8.158678,-0.55534106,-0.057979062,-0.009102855,-2.2281673,-0.0027528338,-0.18664096,0.0030572456,-0.0192217,0.0055974023,0.0007271798,-0.17057602,-0.006540671,0.0032410799,-0.005068943,-0.0014703819,-0.7757422,-0.14655598,0.03989676,-0.0020417576,-0.0045082695,0.04978482,-0.008908462,0.0020581828,0.0046528806,-0.0016278322,0.0016401825,-0.31810215,-0.9169614,-0.008675992,-0.03437104,0.0011933219,0.0008634968,0.0024998016,-0.00232952,0.000587413
-3.064289,0.13299513,-0.00548054,-0.005727053,0.95974064,0.023297707,0.038670298,0.004184195,-0.020339426,0.004401882,0.00404315,-0.27240056,-0.006963293,0.0057037785,-0.0023781648,-0.004668921,0.35917723,-0.202195,0.023520423,-0.0068503297,-0.003586834,-0.0053394297,-0.008590859,0.004825817,-0.0014514466,-0.010387423,0.0009572952,-0.061419684,-0.71261275,-0.0047950107,0.0031091548,-0.00063479564,-0.0043137735,0.0016273122,-0.025095554,0.0018170502
11.148516,-1.0101106,0.13076182,0.0028008737,0.89039797,0.021586567,0.096828245,0.017430251,-0.045762975,0.004378754,0.0071807913,0.6928584,0.013171489,0.0071692085,0.019623408,0.028641816,1.8490294,-0.5006822,-0.00039620107,0.018453483,0.0103061665,-0.014985833,-0.012973823,-0.002709025,-0.004000273,0.0019832375,-0.03625547,0.03499962,1.9897947,-0.008020746,0.151917,0.005019027,-0.0048126983,-0.011212541,0.03188347,0.0043980987
-8.100556,-0.53140604,-0.056227576,-0.009242236,0.19867192,-0.0015574014,-0.047413804,-0.0025668037,-0.00079580495,0.002739434,-0.0063340166,-0.17073712,-0.00036117644,-0.0071414537,0.004250269,0.0016617635,-0.78703386,-0.10678155,0.041362293,-0.0031963729,-0.006356745,-0.01787497,-0.003174357,-0.00489185,0.0041674203,-0.0020557032,0.0016389287,-0.004509371,-0.8964759,-0.006545955,-0.014222312,-0.005302297,-0.006723747,-0.001050072,-0.0017350179,-0.0051648123
7.679115,0.5674869,0.060260348,-0.0027282936,0.96355045,-0.0064672953,0.10721353,0.0020352155,-0.0102254525,0.000983758,0.00054296915,0.19302756,0.0020688635,-0.019474985,-0.00073701586,0.1154919,0.92099583,0.12336275,0.21175429,0.0029877834,-0.020524764,0.006492609,-0.0073747677,0.0059398683,0.006593289,0.00174006,0.0017639477,0.26527432,-0.665519,-0.029831856,-0.03165196,-0.0020349687,-0.0024231796,-0.008822138,-0.009086162,0.03541352
-5.947523,-0.1289902,0.031726975,-0.0014923584,1.082478,-0.009190513,0.025893437,0.009980381,0.0009818139,6.274546e-05,0.012785524,-0.19967504,0.003352001,0.026271403,-0.0013264058,-0.009608441,-0.62910557,-0.019379886,0.02872735,-0.002675528,0.012733704,-0.0017576062,-0.014220247,-0.0018756838,-0.010733005,-0.003937718,0.00198589,0.04996571,-1.0421284,-0.007107111,-0.0025512653,0.0016336911,-0.006603126,0.004166796,-0.013735447,-0.003839197
-8.125413,-0.5398512,-0.065093465,0.0011911052,1.014645,-0.024543153,-0.032518905,0.0036869051,-0.018118894,0.0031410572,-0.0026008035,-0.15289192,-0.0059898165,-0.003629767,-0.0057716668,6.407103e-05,-0.7115422,-0.14954479,0.040939018,-1.2578617e-05,-0.005614396,-0.03294427,-0.014516817,0.012905918,0.008054503,-0.0013535954,-0.0007041949,-0.006061611,-0.8237357,-0.007038066,-0.03172447,0.0013438602,-0.003949889,0.013676311,-0.00406052,0.0029787852
11.565751,-0.42260998,-0.03920552,0.0052938266,0.87780565,0.026716478,0.11023296,-0.0059714615,-0.022651669,0.01209378,0.048035365,0.970495,-0.00981025,0.025190176,0.0036439947,0.012209969,1.571938,0.016488194,0.07807026,-0.009917611,0.025416227,-0.012122641,-0.002410116,0.0021456198,-0.0054286635,0.0023475767,0.00088038424,0.056578405,1.3244826,0.012142779,0.00978343,-0.0018463194,-0.0026560444,0.0020417948,0.03603175,0.022169594
1.2560873,0.30559313,-0.0013468285,-0.008160102,0.9414267,-0.031339284,0.05345626,0.01453626,0.014307003,0.0037972094,-0.09245341,-0.54619575,-0.020779882,-0.02458593,-0.006698051,-0.003106981,1.0665522,0.054371502,-0.014998885,0.015138131,0.0038821707,0.012352177,-0.0032512234,-0.01646822,-0.026066681,-0.00018454624,-0.004993527,-0.07453038,0.77157456,-0.005021269,-0.01946163,-0.00023661344,-0.0077957306,0.013524408,-0.011710373,0.0140863
-8.181466,-0.5508021,-0.06422702,0.0026444835,1.0339305,-0.0013741713,-0.0008443338,0.00012287578,-0.015236683,0.0027933414,-0.00043493675,-0.15543473,0.00066269917,0.010276596,-0.0063542267,0.0014929051,-0.71034443,-0.15508111,0.041327596,-0.0004020843,-0.0048377723,-0.021357013,-0.0014830641,0.00013638733,0.008903147,0.000762716,-0.00086739403,-0.00632072,-0.8120777,-0.008881474,-0.035259716,-0.0029841675,-0.0068449005,-0.00027723916,0.0042301626,-0.0023126055
16.576614,0.52916706,-0.08943527,-0.0035282646,0.829846,-0.039073683,0.09921966,-0.009076508,0.039717264,0.004482333,0.03510828,0.8215676,0.0030156462,-0.041083682,-0.0013340282,-0.010991526,2.2864592,0.10462311,-0.050567653,-0.010878776,-0.039171506,0.044289183,0.02526525,-0.00693596,-0.02635331,-0.005177677,0.0016880599,0.21199466,2.4216824,0.005684873,-0.024223303,-0.013999846,-0.0105386,0.008523128,-0.014462938,0.018365422
16.634151,0.41038975,0.061313942,0.002223312,-1.910441,-0.011800246,-0.18369752,0.008886093,0.017180448,0.0046503865,0.0039931308,0.36591452,-0.009234605,0.0020908567,-0.010728656,-0.016186329,2.212249,0.04313764,-0.038860887,0.008925294,-0.016741434,0.06697344,-0.028933877,-0.015009025,-0.03841739,0.0031874618,-0.008312885,0.13428555,2.3300657,0.0014851113,-0.03383482,-0.0051801675,-0.00030625582,-0.0073026675,0.004061927,0.009481621
-8.191326,-0.55333525,-0.059197545,0.00028087967,-2.4846234,-0.019346042,-0.027661758,0.0033907325,-0.0049985424,0.003521457,-0.0013732215,-0.15708381,-0.0056941872,-0.0078421235,-0.0003483641,0.0010813524,-0.80764556,-0.14513226,0.042681757,0.00046477487,-0.006881691,-0.022363447,9.522787e-05,-0.0033306396,0.006016471,0.0007196403,-0.00016298174,-0.291125,-0.89735764,-0.010850666,-0.029390454,-0.0057180743,0.0120312525,-0.004327264,0.0021811232,0.0013901817
-8.153369,-0.5498563,-0.018069053,0.0025543906,1.0467544,0.0021593075,-0.034579813,0.003290655,-0.015987247,0.0035021757,-0.0003198336,-0.16277991,0.0007435785,0.0017258578,-0.0010964317,0.0012246652,-0.7365736,-0.13747033,0.046939224,0.0011388401,-0.0036376542,-0.020132704,-0.002347595,0.00049909553,0.002999349,0.00032780808,-0.00079062034,-0.006503772,-0.85639095,-0.008364568,-0.034615874,-0.0005039703,-0.00459728,0.0017957067,0.0043544765,-0.00046607517
-3.2688046,-0.0152202025,-0.05950046,0.003968416,0.9707139,-0.008021717,0.08519702,0.002787784,-0.022847634,0.0010383353,-0.019972596,-0.33489373,-0.0150583545,0.0017891136,-0.0011485236,-0.010757435,0.46564746,-0.041175254,-0.0061342036,-0.00047942024,0.01560679,0.0017338358,-0.01405803,0.0011815607,-0.0056661153,0.00036894923,-0.0038807548,-0.0018762694,-0.680917,-0.009058721,0.0047006537,-0.0015598256,-0.0105399275,-0.009888372,0.018230623,0.01874387
10.31014,0.28632054,0.102432474,0.043471064,0.59837615,0.009992522,0.08423214,0.0052480586,0.16499905,0.0015812368,0.0015960215,0.91073877,0.0052461685,0.024596447,-0.0012916843,0.040892057,1.1575323,0.11753966,0.11426172,-0.0009574046,-0.016470332,-0.008238461,-0.00764309,-0.021947738,-0.0011674907,-0.0021540024,0.0009713153,0.102845855,0.34682325,0.0049769124,-0.03913834,-0.0077643953,-0.005806443,-0.009769505,-0.00291404,0.03558298
-8.129999,-0.53176194,-0.062474776,-0.001955991,1.0464687,-0.025723731,-0.032488666,0.002909557,-0.018799989,0.0029502267,-0.008916341,-0.15531985,-0.004023076,-0.007041747,0.0044406564,0.0015335365,-0.71850425,-0.15930516,0.04132182,-0.0028007606,-0.006566853,-0.032719128,-0.00039059782,0.004439373,0.0033057567,-0.002025906,0.0014351271,0.0023475285,-0.84073645,-0.0074578635,-0.005024748,0.003026194,-0.0039444957,-0.0005063595,-0.004735643,-0.0023455108
-8.164817,-0.54635996,-0.055270977,-0.004376753,-2.4993865,-0.007332667,-0.091212764,0.022543147,-0.005937349,0.003072215,-0.009277935,-0.17258593,0.000782055,-0.008989561,-0.004584951,0.0011262532,-0.80357015,-0.15615262,0.029324593,-0.0044161947,-0.005124204,-0.14056842,0.010359515,0.0017823112,0.005844424,-0.0023152342,0.00065578526,-0.026323996,-0.922326,-0.015629321,0.0029480471,0.0014688021,-0.0036630498,-0.001063123,0.0025580244,-0.012166036
-8.163133,-0.5529771,-0.06421611,0.0011468861,1.0323622,0.0006927669,-0.006624014,-0.00018128555,-0.016313832,0.00057243055,0.00029292356,-0.15271871,0.0007200414,0.009403194,-0.0023876457,0.00031485388,-0.7103424,-0.15367007,0.040997963,-0.0011267074,-0.0049129864,-0.009919852,-0.002413616,0.0016007901,0.0033243352,0.0008169176,-6.2348874e-05,-0.004715853,-0.8202982,-0.008758488,-0.03694199,-0.0012130265,0.008265679,0.0022183033,0.001197731,0.00039539897
-8.082828,-0.5735057,-0.018471502,0.00023109086,-1.5943812,0.0006720084,-0.10192026,0.0015980995,-0.012094787,0.0050438703,0.002101281,-0.17543297,-0.003959026,0.0012924288,0.008391557,-0.000765462,-0.7680372,-0.13440445,0.034334157,-0.004141,-0.0066547995,-0.07975485,-0.004132326,-0.0006647355,0.0016188538,-0.0008524659,0.0018132796,-0.027322846,-0.93287987,-0.0076246965,-0.03288914,6.871903e-05,-0.009425461,-0.0007878115,-0.0049302555,-0.00427422
-8.143352,-0.55780613,-0.081031784,0.0023122625,-2.5120552,-0.019119032,-0.057368256,0.0017753418,-0.020793848,-0.0022913457,0.00034963794,-0.16066001,-0.0053168125,-0.0071109617,-0.0021019618,0.0008321878,-0.77366537,-0.14942874,0.040098436,0.009968493,-0.007209581,-0.0023502724,0.0045885327,0.0023752023,0.00073469116,0.0005425628,-0.00011372772,-0.27280617,-0.8912455,-0.012081147,-0.03288527,-0.005018805,0.007445842,-0.00048105762,0.0034895178,-0.0019945337
5.0949316,-0.6380517,-0.044666253,0.0022933087,0.9451578,0.008678202,0.10367451,0.00740697,-0.012888057,0.003391523,0.018022712,0.1957426,-0.005469583,0.008696215,0.0042053983,-0.013458644,1.1796807,-0.14837953,0.011249155,-0.009030861,-0.002604376,-0.0063023856,-0.007751024,0.008096305,-0.0009649528,-0.00075210957,0.0006913811,-0.18949026,1.0203629,-0.0035901275,-0.03850485,-0.003779014,-0.0053854752,0.0058163293,0.02252721,0.0023048464
-8.10999,-0.5440562,-0.058853786,0.001972741,0.70690835,-0.0058575575,-0.08534652,0.000542979,-0.015532385,0.0038957463,0.0045459974,-0.1574116,-0.003395867,-0.006891726,-0.0005384809,0.0015808231,-0.71332103,-0.15076485,0.043077037,-0.004090696,-0.0053108875,-0.019227624,-0.0036607014,0.00011910881,0.009714278,0.00061262003,0.0015404797,-0.012920148,-0.8362823,-0.0071581607,-0.035390835,4.2930165e-05,-0.008739032,0.00043676104,0.0040167333,-0.004861906
-8.1434355,-0.5387337,-0.05903478,0.0008221654,1.0425644,-0.0011325417,-0.030733537,0.0041303467,-0.016801901,0.0029233396,0.0003911296,-0.15614463,-0.003833953,-0.0067411447,0.0024250716,0.0011705346,-0.713121,-0.15410392,0.04333319,-0.0036966614,-0.006493943,-0.02828357,-0.00790704,0.0021754694,0.008818664,0.000689061,-0.0010007857,-0.004280187,-0.8187987,-0.0071761115,-0.034876917,-0.0011771183,-0.0039357194,0.0010771349,-0.00065953267,-0.0007155739
-8.105929,-0.54119974,-0.01692856,0.0041536107,1.0491637,0.001331432,-0.08857881,0.0027752924,-0.005284677,0.0034383812,-0.0048188753,-0.16239133,0.0005861507,0.009730465,0.002546558,0.0004131031,-0.7439028,-0.13566042,0.044197816,-0.00404712,0.00027339422,-0.015134017,-0.0020068716,0.0006051605,0.0026313718,0.00050239597,-0.0009189213,-0.0034551788,-0.87462103,-0.008805031,-0.01620185,-0.0007354902,0.00014124243,-0.0049852575,0.0036544679,-0.0012232744
-8.09607,-0.5213478,-0.06185986,-0.0015661359,1.0676302,-0.0041786158,-0.0608547,-7.256266e-05,-0.0010251997,0.0035141916,0.0010362625,-0.14987217,-8.066747e-05,-0.009018363,0.002692648,0.00035678505,-0.7530786,-0.13802342,0.041830357,-0.0072508454,-0.007603105,0.1176603,-0.0050074034,-0.0010677039,0.0036182958,0.00010627657,6.675282e-05,-0.2056439,-0.83772486,-0.008287824,-0.036202874,5.9346978e-05,-0.00015330431,-0.0028351408,-0.00616065,0.0046242694
-8.186014,-0.5275485,-0.04279982,-0.0010499862,1.0428253,-0.004268904,0.01417607,0.0005940172,-0.006712036,0.0038832407,-0.011781845,-0.15660621,-0.005545462,-0.0066967406,0.0026783631,0.00040431065,-0.7460291,-0.14178725,0.044842217,-0.0017156639,-0.007140583,-0.011701254,-0.0037730043,0.0017359775,0.00023847281,-0.0026908286,0.0012005422,0.0032774024,-0.85849017,-0.0071348376,-0.0048556607,-0.0027736346,-0.0045782314,-0.006106873,-0.0046469783,-0.0018625974
-6.108585,-0.19115198,0.055911824,0.0042380085,1.0550964,0.012503577,0.02388811,0.0021642444,0.009958241,-0.0014647077,0.005058605,-0.25022125,0.0021636498,0.018191367,0.0033826455,-0.00964857,-0.4532783,-0.07817057,0.017233018,0.018277952,0.009749296,-0.020740831,-0.0006960444,-0.004758119,-0.027424134,-0.0016207662,-0.0001971984,0.064181685,-0.9261876,-0.0071996334,-0.0018925889,0.00664423,0.00538048,0.001624183,0.008678242,-0.0013774403
9.3469925,0.6548343,0.013377501,-0.0018227632,-1.0869911,-0.015298876,0.026651634,-0.006045424,0.015373632,0.001187111,-0.01873962,0.16656964,-0.009781226,-0.01737991,0.006064874,0.013074636,1.5569335,0.011808851,-0.028088551,0.017082645,0.023754556,0.0020860755,-0.009421667,-0.01028335,-0.0017562502,-0.0046395888,0.00650876,0.04904592,1.2864714,0.0020399035,0.054232612,0.0009527445,-0.013686386,-0.009742111,-0.012430315,0.009433688
-7.874281,-0.40310854,0.0002742181,0.0057285707,-2.493486,0.0038203606,-0.025429863,0.0040238975,-0.0020487627,0.0043858816,0.039197497,-0.15562332,0.00037423946,0.011450893,-0.0021126,-0.003807304,-0.6560455,-0.13277814,0.04432323,-0.0030336045,-0.0001506153,-0.016815381,-0.004715988,-0.0018457012,-0.0052612987,7.5107586e-05,-0.00028531844,-0.24315555,-0.8943838,-0.011360752,-0.02867398,-0.0019407521,-0.0036250867,0.0030382846,0.0026852458,0.00023517529
-5.9859705,-0.18266487,0.06480323,0.0048175463,1.0633518,0.013489552,0.02718317,0.0010962847,-0.0027798072,0.0032737025,0.0055719893,-0.24992415,0.0030607763,0.021602718,-0.0012331835,-0.010791285,-0.5124666,-0.021886999,0.017367389,-0.0068183816,0.012473844,-0.025977489,0.003996004,0.00039211346,-0.012307009,0.00010195552,0.0036597464,0.048274618,-0.9384691,0.00033495322,-0.011358523,-0.014829264,-0.009850957,0.002749794,0.019893466,0.019263986
-8.14363,-0.54865915,-0.016967049,0.0048040184,1.0490398,0.0014376122,-0.046391245,0.003545241,-0.00658087,0.0033873036,-3.7261612e-05,-0.16202787,0.00072448986,0.009575504,0.0026461172,0.000893376,-0.7479764,-0.13416359,0.04431307,-0.0049266974,-0.0026866312,-0.016519021,-0.0028583172,0.00067152584,0.0010331773,0.00055459636,-0.00093819323,-0.0034587902,-0.84590405,-0.009004701,-0.034574125,-0.0017374705,-0.0046172226,-0.00550714,0.004148317,-0.0033417759
-8.093423,-0.5423573,-0.061440624,-0.0006796923,0.704051,0.0016549964,-0.08366545,-0.0022226034,-0.012347741,0.0039707213,0.004104168,-0.1558661,-1.44787755e-05,-0.0069572018,-0.0009590309,0.0009808746,-0.7153206,-0.14866474,0.039823323,-0.0040606535,-0.0061129727,-0.022505188,-0.009826245,-0.0007327401,0.003842999,-0.0018373897,0.0018843105,-0.010757872,-0.8293565,-0.008857,-0.033686552,-0.0014912676,-0.01060818,-0.0031155276,-0.0048937434,-0.0036891086
-0.13860914,0.29763046,0.030577281,-0.0027108039,1.0127888,-0.024077997,0.15171868,0.00048607212,-0.0010169203,0.00358006,-0.025830563,-0.34817246,0.008319638,-0.017768558,-0.00023627901,0.009666566,0.67543197,0.074322976,-0.0101732295,0.0065217614,0.001202151,0.029001854,-0.016284442,-0.003866628,0.0029385968,-0.0014655108,-0.001955077,0.2188582,-0.73967105,-0.0020212834,-0.03687659,0.0012603541,0.0022349048,0.01223135,-0.014696321,0.045896385
-8.212049,-0.56162935,-0.010266966,0.0046869735,-2.4969094,0.0023077591,-0.08083773,0.0039455686,-0.010172827,0.0031260175,-0.0060751745,-0.18564866,0.00093831326,0.0061160205,-0.002343329,-0.0027921218,-0.8459565,-0.13085324,0.03261638,0.004171188,-0.0053106,-0.16294275,0.004586621,-0.00093779276,-0.0023791494,0.0012593449,0.0017876895,-0.02481964,-0.9303985,-0.011854667,-0.0049930667,-0.0041400217,-0.017309628,0.0014755109,0.0056692674,-0.011318834
-8.069748,-0.5414799,-0.026433276,0.0011410735,1.0486097,0.0044903546,-0.08635372,0.0046317573,-0.007401331,0.003233721,-0.011051082,-0.17463055,-0.0057397345,0.0010392421,-0.00083344395,0.00044200427,-0.75435233,-0.14086518,0.047129106,-0.003785288,-0.0074985335,-0.01814754,-0.0029632908,0.0013151218,0.0030978927,0.00034698623,-0.0008199744,0.004808427,-0.8745121,-0.0048186285,0.0025687085,-0.0015401522,-0.00530257,-0.0050020786,-0.0020651137,-0.0022751752
-8.167587,-0.5466655,-0.059098233,0.00068098045,1.0401968,0.007382793,-0.00951309,0.009280097,-0.017037228,0.0029128613,-0.0007068669,-0.15606876,0.0014673028,0.009336784,-0.00010158285,0.0007777853,-0.72349966,-0.15325017,0.040937055,-0.0026727293,-0.0046017957,-0.0234313,-0.0010062604,0.0008480338,0.00068849884,-0.001961353,-0.0007485077,-0.0036120764,-0.81481016,-0.007862281,-0.030410018,-0.0006990743,-0.0009500722,0.00018417923,-0.00039656824,0.0025558043
-8.080091,-0.57271206,-0.058572598,-0.0023467985,-1.7593784,-0.0035184415,-0.093256585,0.0021438177,-0.022761123,-0.033306003,0.005045094,-0.16969407,-0.005281022,-0.0036180143,0.0077539827,-0.0013202385,-0.7516114,-0.15964751,0.03665164,-0.0034225383,-0.0063326503,-0.065291345,0.001607253,0.00055577955,0.0028530392,-0.0007498424,0.0012564585,-0.063223444,-0.88431996,-0.008051776,-0.03303819,0.0011586999,-0.00947963,0.0008029267,-0.002985003,-0.004139276
-8.105298,-0.5257535,-0.056653086,-0.008182703,1.0370028,-0.00067762163,-0.04872296,-0.0045714453,-0.0069338903,0.003401851,-0.00089976506,-0.15431696,0.000510032,-0.00839935,-0.00074537506,0.00084315456,-0.7389527,-0.13753831,0.042566814,-0.0019934052,-0.006458825,-0.01502617,-0.0087546455,0.00080706744,0.0019519805,-0.0011582538,0.00094234827,-0.00020655402,-0.8268046,-0.008990468,-0.035245363,0.001621732,-0.004894352,-0.0030207057,-0.00033284968,-0.003026553
-8.196587,-0.5542806,-0.018744785,0.0018121625,1.0478686,0.0032103006,0.011422428,0.0036493954,-0.0063624154,0.0030091149,0.00561934,-0.1645546,0.001403683,0.010028065,-0.0030473059,0.001616441,-0.7561293,-0.1321745,0.043659307,-0.0024007093,-0.005963002,-0.024961568,0.0033475286,-1.1850007e-05,0.0011635374,-0.0011860161,0.0021748056,-0.0054242164,-0.8304662,-0.00884453,-0.033720843,0.00015253085,-0.0046809376,-0.00073318277,-0.0012569111,-0.0028509654
-8.173634,-0.5257713,-0.046343748,-0.007902411,1.0572921,-0.0075582545,0.0072914707,-0.007920131,-0.006299414,0.0018081488,-0.002075815,-0.16582854,-0.00075555407,-0.009625883,0.0022682429,0.0010012401,-0.77193284,-0.10383329,0.03198274,-0.001975042,-0.008206522,-0.047820523,-0.0017936785,-0.0024957673,0.0034204808,0.00087757653,-0.0018984035,-0.016101962,-0.90033245,-0.0037390809,0.00047648532,-0.0055403914,-0.0041027525,0.0031910571,-0.000264977,-0.000996369
-5.865079,-0.14479268,-0.07211183,-0.0011041869,-2.433088,-0.035641458,-0.048013784,-0.009075059,0.013374807,0.004489927,-0.004566342,0.044360884,-0.009376611,-0.017980551,0.0022484378,-0.0026666243,-0.60026973,0.089202516,0.049254473,-0.01588242,-0.009872832,-0.024821466,0.011575995,-0.0038256648,-0.017969651,9.486698e-05,0.0015722098,0.066907436,-1.10973,-0.010431268,-0.010371022,-0.0019199101,0.007409429,0.014268305,0.0012383364,0.011988164
0.9407836,0.5251792,-0.19524544,-0.011613047,0.957466,-0.019840196,0.057259,-0.011517398,-0.017401883,0.0026958282,0.0008616304,0.15847304,0.0025347732,-0.01447751,0.008213406,0.0020846378,0.71543604,0.09140773,0.053331483,0.0010948919,0.0016843474,0.039446976,-0.012277205,0.01292021,-0.014803241,0.00883219,0.0006756876,-0.037596617,-0.65912354,-0.00972362,-0.007622788,-0.0016690313,-0.00035978644,-0.0012263012,-0.011392618,0.0022864945
-8.07079,-0.5482775,-0.056872487,0.00065000966,-0.8376049,0.002640366,-0.08487651,0.0008481539,-0.020178888,0.0040769265,0.0016174422,-0.1619236,-0.00085958006,-0.0058492455,0.0051012663,0.0002874623,-0.7526223,-0.1511726,0.037353296,-0.0057792026,-0.0066628205,0.08799779,-0.0016324177,0.015595144,0.008564351,0.00051919435,0.0005079559,-0.26048172,-0.89246,-0.0072954004,-0.035015814,-0.0009992793,0.005268313,0.013098611,-0.0038833355,0.004565913
-1.0466495,-1.1264095,-0.022132372,0.003406171,-2.2308862,0.0021541454,-0.02643747,0.01579988,-0.0009062105,-0.012314741,-0.06894709,-0.48057902,0.0032148026,0.015004071,0.009729386,-0.008024138,0.9393938,-0.2509122,0.024935173,0.022003625,0.009966172,-0.044260617,-0.0109908525,-0.0044734273,-0.009842891,-0.0012357973,0.011110128,-0.03926658,0.7715705,-0.0065110084,-0.003759712,-0.0017524342,-0.049562596,-0.0082431575,0.009890532,0.023345368
-8.145038,-0.54314977,-0.022734558,0.0015488005,1.0456363,0.0022885823,-0.03263829,0.0015159985,-0.014837799,0.003421333,-6.637256e-05,-0.15956002,0.0004595298,0.0020464475,-0.00038061728,0.0013488877,-0.7366724,-0.1340828,0.045494284,-0.005377931,-0.007150911,-0.017032554,-0.0061485,0.0017992437,0.0015976855,-0.0024928777,0.0020754465,-0.0036824,-0.85442734,-0.00845754,-0.033808444,-0.00070301146,-0.0018268421,0.0019792235,-0.0028726778,0.0005259282
-7.8488045,-0.5446667,-0.059244532,0.0037464083,1.0554438,-0.0002151731,-0.055952463,0.0029702145,-0.01495378,0.0030925984,0.011689602,-0.15125287,0.0015489375,0.012288103,-0.0001932997,0.0012814399,-0.6750291,-0.15354523,0.04836897,-0.004332679,-0.005531679,-0.028324401,-0.00088866387,0.001229951,0.0022548828,0.0002575601,-0.00082992803,-0.005352934,-0.8151825,-0.008365408,-0.034273893,-0.00077877636,-0.0075882203,0.0009548549,0.0057299403,-0.0024030728
6.961413,-0.3485534,0.023753088,-0.00029768198,-2.182945,0.015858803,-0.15638812,0.008474119,0.015779056,-0.0619758,0.01054556,0.19990556,0.0010052781,0.0029531033,-0.0024792764,0.022260893,1.4476,-0.003960649,-0.001442348,-0.0031929077,-0.004427462,-0.041699693,0.016909907,-0.006142805,-0.03311762,0.003080728,-0.0006795096,0.07462059,1.1568618,-0.008451592,0.076075315,0.0044006202,0.01989664,-0.01249017,0.0151877375,0.018033667
5.4877515,-0.5337842,-0.14394212,-0.0007775459,-2.193696,-0.07420203,-0.22954872,0.00605119,-0.060397662,-0.04042729,0.042221006,1.0903456,-0.0029940663,-0.01089953,0.0097561,-0.028911892,1.5467681,0.05143188,0.04489669,-0.027915973,-0.020428242,-0.064573735,0.025129477,0.0040219654,0.0058705253,0.0023436178,0.00620633,0.09061912,1.2935494,-0.027292505,0.08603974,-0.028920159,0.035395432,-0.0011022162,-0.018932702,0.0029974896
12.590069,0.765687,0.06983845,-0.024042152,0.8717254,0.008311006,0.10544754,0.0017103212,0.13153253,0.0011349788,0.0054906337,1.4207033,0.00095713546,0.017035672,0.002786386,-0.00085815886,1.4776007,0.08400542,0.15222391,-0.010756504,-0.011427687,-0.0010118901,0.010138869,-0.008980028,-0.011918135,-0.0011814982,0.0011911461,0.06741591,-0.4850266,-0.0096669085,-0.0028636747,-0.008542312,-0.003788517,0.0010589085,-0.008515769,0.013484803
22.427748,0.8149202,0.03635667,0.005495549,0.9940505,-0.0067332815,0.079928465,0.0070718233,0.034567326,0.0018224336,-0.013670809,0.4590311,-0.0018694067,-0.016219208,-0.0012169427,-0.0049530584,2.5251153,0.10835817,-0.11851941,-0.00016932898,0.015717315,0.009200462,-0.018462824,-0.010554594,-0.030583022,-0.0036918411,-0.00030436597,0.24390289,2.9802227,0.023841668,-0.007772055,0.0060412176,-0.013866037,-0.021795113,-0.010807619,0.018933889
8.662869,0.60067433,-0.1228792,0.0014952066,0.990012,-0.019866163,-0.07127914,-0.025078487,0.035572324,0.0023712844,0.040580787,0.22247724,0.0010975043,-0.019680265,0.004209716,-0.0005731775,1.4822527,0.051108543,-0.014326572,-0.06568171,-0.045633346,0.001902358,0.013702258,-0.0014172473,-0.018511346,-0.0013818188,0.0021360624,-0.23006408,1.0656439,-0.0102567915,0.06301692,-0.025064979,-0.008252041,-0.009089539,-0.0063815718,-0.0015174428
-8.181057,-0.5441839,-0.062687695,-0.0015011871,-2.4898963,-0.010984421,-0.08853428,-0.0036799894,-0.017615108,-0.0031039834,-0.009341621,-0.17087476,-0.0063825203,-0.0073308037,-0.0044281543,0.002173224,-0.77382493,-0.16029325,0.031556807,-0.007340115,-0.004291054,-0.15901098,-0.0052639027,0.0036585694,0.0061105145,-0.0031388565,0.00032242943,-0.02306373,-0.92278546,-0.015959557,0.018135922,5.3700634e-05,-0.007872673,8.135638e-05,-0.0050434684,-0.010150394
-8.166769,-0.55007106,-0.025252162,0.0013472757,1.0460396,0.0058880155,-0.010975397,0.0050036744,-0.004385114,0.0030384378,-0.0010853026,-0.15909609,0.0012093089,0.009890285,-0.0027639596,0.0002628107,-0.75040734,-0.13638633,0.041258458,-0.004506152,-0.0052662636,-0.02861177,-0.0022818143,0.00024326242,0.0015264527,0.0003476868,-0.0010568935,-0.0046169045,-0.82610685,-0.0070259846,-0.033638984,-0.0017807025,-0.004574134,-0.0016759458,0.001433166,-0.0023717496
0.70218176,0.4132916,-0.16400723,-0.0046004583,-2.135756,-0.05281385,-0.03759178,-0.00386968,0.031063536,0.0031230932,0.01089613,0.18918319,-0.018065376,-0.014099176,-0.00081135426,0.022969166,0.6493989,0.0874306,-0.009010991,0.0031093475,-0.018956317,-0.15304233,0.0084406175,-0.0017346994,-0.015630351,0.001200477,0.0028595713,0.05687292,-0.7481607,-0.010284861,-0.06588661,-0.010849902,-0.01429282,0.010988666,0.004865162,0.024479805
23.857256,0.8735804,0.038882907,-0.0073694424,0.68027794,-0.0052346005,0.08876977,-0.003744895,0.043221965,0.0023260002,0.035599828,0.68603,-0.0016444247,-0.004163927,-0.0007907063,-0.022792397,2.6434915,0.12128118,-0.083268814,0.0037998182,0.018331448,0.07109879,-0.03290228,0.0026482816,0.0025059164,-0.0047160587,0.008649301,0.21943122,3.1987329,0.0030982515,-0.0071395133,0.0019982345,-0.0025841848,-0.007822751,-0.012848213,0.021981345
-8.229398,-0.5580492,-0.04700812,0.001314324,-2.5223184,0.0052707503,-0.031218467,0.000767156,-0.004084158,0.0031892203,0.002778977,-0.17460972,0.0013346256,0.0076343436,-0.0026240784,-0.00011277817,-0.8075317,-0.1387765,0.0390643,-0.0027962374,-0.0046296897,-0.023575583,0.00013045613,-0.00014458019,0.004121278,0.00093591894,0.0035820918,-0.24646327,-0.89006406,-0.012544865,-0.03223578,0.0010660291,-0.0012999257,0.00034412846,0.0007642304,-0.0018357183
12.886747,0.5792246,-0.116797045,0.0068811895,-2.2893739,-0.096710145,-0.25773963,-0.04820164,0.021971721,0.002453156,0.037622247,0.9284737,0.0022628803,-0.02097053,0.00024693765,0.018526608,1.7746803,0.06252441,-0.033969633,-0.08315538,-0.02379838,0.0035276322,0.022067465,-0.00750627,0.0033823838,-0.0018483131,-0.0035085091,0.1301278,1.521215,-0.002016327,0.11267696,-0.025837488,0.022689855,0.00166301,-0.0014691734,0.025005147
-8.062433,-0.54383606,-0.06932941,0.0023934655,1.0771391,-0.008859055,-0.013868971,0.0020254608,-0.017741907,-0.06503007,-0.005863773,-0.15466207,0.00137005,-0.014143459,0.0014581531,0.0009792114,-0.42382273,-0.16564587,0.016079199,-0.007512422,-0.012438957,-0.0075306557,-0.0019782884,0.004145061,-0.007465743,-0.00012804053,0.0027087375,0.027428217,-0.7978367,-0.010762535,-0.005300981,-0.0023694395,-0.006031111,-0.0032466515,0.0030277064,-0.013859016
-8.08497,-0.54133356,-0.06323374,-0.002342039,-0.17796892,-0.007486685,-0.09285129,-0.0016732984,-0.013986423,0.004063103,0.0014258346,-0.15445358,-0.00013111338,-0.0075905165,-0.00746395,0.0016219659,-0.72306895,-0.149288,0.03712716,-0.001702331,-0.003951662,-0.04186328,-0.0032474631,0.0009904318,0.0037138746,-0.0014769922,0.0013133101,-0.012928367,-0.8440255,-0.0078105037,-0.034240723,-0.0031591447,-0.009670145,-0.0031758298,-0.0040556723,-0.0041888747
10.102258,-0.55645907,0.07669467,0.003888374,0.9440518,0.018495696,-0.010836501,0.011044981,0.0130068315,0.0031530082,0.030835582,1.0474867,-0.0008594708,0.015472883,-0.0007228928,0.0066705868,1.3595228,-0.05992663,0.06895959,0.019111665,-0.0014864596,-0.016040176,0.006202688,-0.0035294103,-0.0022911553,0.0011907419,0.0026956385,0.10930045,1.3990891,-0.012724673,0.063016206,-0.0008193806,-0.01156435,-0.013617662,0.021308491,0.013737935
7.2248454,0.43905103,0.061832756,-0.010405828,1.0147611,-0.009242608,0.10739228,0.006801518,0.0041099023,0.002460897,-0.18028057,-0.48913488,0.0052329954,0.0024584732,0.00012610752,0.0012130128,1.3063315,0.039469775,-0.01680777,-0.012245356,0.009893892,0.0036049802,-0.008689968,-0.010052992,-0.024116207,-0.0053359126,-0.0021668298,0.23760545,1.2058812,0.005957354,0.07324918,0.016567454,-0.007224654,0.0045737913,-0.01781803,0.008675311
-8.217113,-0.5388322,0.034512732,-0.008538416,1.0640225,0.0001872482,-0.0030923842,0.0025863347,-0.00757143,0.0019716406,-0.007449965,-0.18048662,0.0016533181,0.0057876515,0.0033151566,0.0015660013,-0.7975182,-0.067231186,0.03364042,0.0010876919,0.0025403025,-0.014438769,-0.0037195273,-0.0015775943,0.0031284834,-0.0016109976,0.0015657924,-0.009007707,-0.9589516,-0.00856535,0.008296185,0.0007768909,-0.004160637,-0.0016555714,0.00033774017,-0.0033597422
-8.211475,-0.5581848,-0.00044635017,0.0008738902,1.0696177,0.0042798393,-0.00057105883,0.0023657517,-0.0059744474,0.0021436743,-0.00097332837,-0.17505896,0.0026896445,0.012203439,-0.0032072014,0.0007731655,-0.7748127,-0.093088605,0.0320185,0.008834302,0.0030996508,-0.03247983,0.003971979,0.0017242376,0.0019597665,0.0009932164,0.0020283475,-0.017780451,-0.90701187,-0.009149351,0.002400521,-0.0035325184,-0.0030042757,-0.006836067,-0.00055096723,-0.0048904046
-8.194342,-0.5334067,-0.017244449,-0.0014403113,1.0437288,-0.0020272986,0.023417937,-0.0004258193,-0.0073723313,0.003368456,-0.0052725715,-0.16200805,0.0026817634,-0.004814434,0.0026384965,0.0007190338,-0.7594805,-0.13691653,0.04501109,0.0015985243,-0.0042091613,-0.008642895,-0.005531654,0.0016631942,0.0026665765,-0.002767712,0.0015301608,-0.0005411015,-0.8725239,-0.008856665,-0.0097518135,-0.00011680596,-0.0027908732,-0.004716153,-0.003982361,-0.0019298826
-8.120229,-0.5456477,-0.060367484,-0.0018733863,-1.9790163,-0.0076676705,-0.12699252,0.0028576383,-0.019657636,0.004346268,0.0013201081,-0.16714467,-0.0038464214,-0.0060320115,-0.0018791303,-0.0037856675,-0.76414955,-0.1487623,0.03906623,-0.0018197319,-0.005156528,0.063693166,0.0011074464,0.0032087627,0.009021115,-0.0017539668,0.0016885083,-0.27357,-0.9244465,-0.007971859,-0.036223713,-0.002125552,-0.001796704,0.0026109826,-0.004882388,0.0048070056
-8.112235,-0.56401706,-0.05903532,0.0016754298,-1.9173203,-0.0028794133,-0.06102031,-0.006550354,-0.019555084,-0.04568749,-0.015840603,-0.16208777,0.00032310415,-0.010701743,0.0054965164,-0.0027263218,-0.740835,-0.16660257,0.03681134,-0.0027875241,-0.002930928,-0.07396086,0.0077969353,0.013720465,0.014173787,0.00050317426,-0.0015481384,-0.014696349,-0.90160084,-0.010821993,-0.010757552,-0.003730587,-0.00038793246,0.010487223,0.002524445,0.0045364443
-8.196002,-0.55520767,-0.01600679,0.0034558345,1.0435231,0.0034412858,0.019892005,0.0059565017,-0.005865158,0.003158208,-0.010267072,-0.16353512,0.0012547452,0.00995808,0.0022942782,-0.00065639574,-0.76448005,-0.14405358,0.04458633,-0.0026134194,-0.0008044398,-0.031251993,-0.0033123428,0.0013367996,0.0014081894,0.00038555273,-0.00087669195,-0.0049458696,-0.852662,-0.0056922915,-0.007224482,0.00056817336,-0.0006297217,-0.004160756,0.0041136304,-0.0025090957
-8.200453,-0.5400199,-0.063255236,0.00095045514,1.039788,0.0031035775,0.024951635,-0.001391892,-0.015428861,0.0034247462,-0.0007805704,-0.15419015,0.0030295518,-0.0044451817,-0.00018292357,0.0012174716,-0.7136846,-0.14491123,0.04172812,-0.0040554926,-0.006585535,-0.0078227315,-0.0018462734,0.0011359272,0.0015878449,0.00030451655,0.0015022017,-0.0055050915,-0.8309896,-0.008217549,-0.03158647,-0.0017208012,-0.0033342568,-0.0008474458,0.0012979154,-0.0005935021
-4.932137,0.14991112,-0.067584775,-0.002799366,1.0696406,-0.042935394,0.028085846,-0.0012854954,0.009804032,0.002690208,-0.016815962,-0.33675417,0.004391332,-0.024549382,0.0023971773,-0.015632298,0.32964435,0.058908917,-0.0046443166,-0.018233987,-0.008674293,-0.01392592,0.0007514086,0.001267785,-0.006277326,-0.0024833777,-0.005502866,-0.010428725,-0.78432274,-0.020204844,-0.020608371,-0.0037467717,-0.0069845663,0.008545267,-0.016496029,0.012655879
-8.086787,-0.52672625,-0.056828123,-0.011659174,1.0247958,0.00018970363,-0.07243751,-0.0027389473,-0.006289838,0.0034024115,-0.0011315418,-0.15378499,0.00046269357,-0.008408189,0.0019857248,0.00095322274,-0.7362162,-0.14028126,0.04159182,-0.0025756008,-0.006453303,-0.0172853,-0.0030207017,0.001024894,0.001424848,-0.001494669,-0.0018104945,-0.00414513,-0.82966644,-0.0082501015,-0.03516483,0.0020068875,-0.0040496355,-0.0032952712,-0.0007353322,-0.0030082716
11.574515,0.50570047,0.060253453,-0.0010599823,0.10047744,0.00032198988,0.06255538,-0.006652138,0.016640373,0.0016210916,0.03582031,0.2966518,0.0020136698,-0.009156183,0.007430779,0.0032140955,1.5570638,-0.008753324,-0.025907533,-0.033442266,0.010673317,0.054576755,-0.015115274,-0.013140177,-0.011979553,0.005381632,0.0029658258,-0.18101737,1.2741392,-0.0021868271,0.0705462,-0.011653883,0.002800902,-0.00940924,-0.0101811895,0.002350276
-7.5673223,-0.5486795,-0.026675645,0.0032619473,1.0345955,0.0057358597,-0.008464004,0.0030923989,-0.00024518173,0.003821927,0.001611995,-0.17209417,-0.0069013424,0.0031544764,0.0023700278,-0.00019804885,-0.6191438,-0.11538919,0.03878073,-0.00086920004,0.0013938467,-0.01116205,-0.000109753295,0.0033368154,-0.0027249653,0.0006857718,-0.00062266306,0.026488094,-0.88032097,-0.003463404,0.0076481225,-0.0074186185,-0.009173461,-0.0003858865,0.0048096795,-0.0020017244
-8.154411,-0.54951143,-0.065291196,-0.0024171507,-2.3345318,0.00074716966,-0.18115862,-0.0019601868,-0.018646933,0.005371224,-0.0018128222,-0.16446881,-0.0005325923,-0.0080304975,-0.0007339417,-0.0011170122,-0.78154856,-0.149055,0.037527043,-0.0030608014,-0.004572257,0.04738039,0.001601746,0.0026116348,0.0051308335,-0.002123479,-0.00421115,-0.31691685,-0.92001444,-0.009317106,-0.036313843,0.00021235473,-0.005154559,0.0002079151,-0.0044541867,0.0005128226
14.346481,-0.2554288,-0.01793431,0.0031676076,0.9291383,0.010210787,0.10688792,0.01323068,-0.030655278,0.003573218,-0.0001973221,0.4542102,0.01808312,0.025530875,-0.0029314482,0.004824167,1.8110058,-0.5555695,-0.010040081,-0.0018575125,0.013989604,0.024728943,-0.006443689,0.0012471764,-0.01602174,0.011529747,-0.0056384765,0.047956545,2.0274456,-0.0040175417,0.23277007,-0.019524796,-0.008150542,-0.04300628,0.021857752,0.020167612
-8.214092,-0.5595629,-0.018004252,0.0028595738,-2.488463,0.0048860665,-0.015390932,-0.00053596124,-0.0041457065,0.0033914929,-0.00094989885,-0.1703083,0.0012758884,0.009483267,0.0022517226,-0.0008576055,-0.815564,-0.13861749,0.0417027,-0.0039331606,-0.0066650393,0.013738812,0.00034862722,-0.00042022462,-0.0013411372,0.00025301383,8.786671e-05,-0.24675679,-0.9041928,-0.013276011,-0.027326515,-0.0013978155,0.00648659,0.00038421355,0.0028051145,-0.0020868392
12.068038,0.3283271,0.10842266,-0.008160219,0.8951046,0.0095400745,0.087376826,0.012115049,0.018327827,0.0016384805,0.038329426,0.35997817,-0.006295626,0.010976364,-0.003055146,0.0032591606,1.5172976,0.015035744,-0.031145368,0.017559094,0.01701482,-0.0086177215,-0.02112696,-0.0019599358,-0.009695398,-0.0034859942,0.0017703628,-0.11002096,1.2076565,-0.0015875987,0.17353335,0.001276346,-0.00563164,-0.011246609,0.0008660224,-0.0039326265
-7.798844,-0.42659268,-0.019626616,0.0038948853,1.0597438,0.0004607442,-0.0144072855,0.0050774612,-0.007846861,0.004110466,0.008791857,-0.15639095,0.00033370688,0.011116098,-0.00052293943,0.0006851849,-0.64074767,-0.1442553,0.036588244,-0.005205796,-0.007158964,-0.014143382,0.0122043155,-0.0016452261,-0.0037621679,0.00030255766,0.00085245713,-0.008210899,-0.8588516,-0.0064782985,-0.030077187,-0.002790372,-0.0043066754,-0.005350988,0.002472117,-0.0016037831
1.1989002,0.39979452,0.011617364,-0.0053612324,-1.7716709,-0.02129942,-0.023807008,0.005522276,-0.014091737,0.005134729,-0.104203485,-0.5988215,-0.018768707,-0.025926199,0.005173216,-0.01909396,1.0669066,0.015262812,-0.01349009,0.009404961,0.0055149035,0.03832845,-0.013498356,-0.0035475397,-0.0064066024,-0.0056363433,-0.0035512776,-0.13566123,0.8395345,0.00024596546,-0.03880443,0.0067972066,-0.02207233,-0.012980792,-0.007877199,0.0022275418
12.315775,0.38134763,0.06999931,-0.004558542,0.9274255,-0.022286909,-0.07408981,0.004034067,0.018929709,0.0018167483,-0.03662678,0.23606841,0.0020073361,0.006328385,-0.0025791663,-0.034096494,1.8472353,0.04083383,-0.04108378,0.010610446,0.012565973,0.010905225,-0.025995646,-0.00068431423,-0.012531704,-0.005351757,-0.025805589,0.28043917,1.3763062,0.0017229733,0.031385392,-0.03619091,-0.011707323,-0.0055974666,-0.01443718,0.03137774
-8.182397,-0.53172696,-0.06337969,-0.00062809023,1.0414652,-0.0029667085,0.026831428,-0.005101082,-0.014250852,0.0029752646,-0.00056087354,-0.1500624,0.00022366819,-0.0106318295,0.002149691,0.0018203331,-0.7169675,-0.15523654,0.041188084,-0.0020950541,-0.0063853557,-0.023316998,-0.0009880553,-0.00041565852,0.002945682,-0.001647104,0.0013291955,7.8569945e-05,-0.81264716,-0.008974332,-0.035319354,-0.0028355387,-0.0043610786,-0.0018731237,-0.005256649,-0.0034394457
-6.743195,-0.20906919,-0.07077687,-0.0025680652,1.0431846,-0.011595394,-0.0038805513,-0.0074858107,-0.015943816,0.00409089,-0.0022594195,-0.035623755,-0.00016103618,-0.0213727,-0.0015274499,-0.0090778535,-0.41174448,-0.16712631,-0.0037171885,-0.0072891572,-0.0041019414,-0.022761254,-0.0024187693,-0.0008476912,0.00033441506,-0.00088945933,0.0011973673,0.030869383,-0.7758489,-0.006943355,-0.030431315,0.001585785,-0.011055468,-0.0007888338,-0.009416117,0.00088718545
16.445614,0.24809454,0.08055683,-0.010466868,0.88716304,-0.0053203884,0.121716715,0.005504176,0.02983544,0.0041281963,-0.0048324573,0.362088,0.0019186663,0.005762172,0.0003952092,-0.014051239,2.1626682,0.05799918,-0.021513963,0.0013201515,0.019560086,0.029860774,-0.0036843854,-0.0046762098,0.0017960347,-0.00528319,0.00419878,0.2118535,2.3352978,0.024535852,-0.03556614,0.021853618,-0.016174933,-0.003467628,-0.012504367,0.019079398
-8.1352215,-0.5507549,-0.058106013,0.0017446333,-2.0823884,-0.008723297,-0.14158915,0.004724486,-0.022232115,0.002820733,-0.0009260661,-0.16752824,-0.0049849297,-0.004799223,-0.008259336,-0.0037117947,-0.765018,-0.15368477,0.038973954,-0.00053877797,-0.0040635834,0.049096704,-0.005522324,0.013611257,0.009008405,0.0011374751,-0.0004364486,-0.27081978,-0.9137301,-0.007260112,-0.034672864,-0.0018605511,0.0002604962,0.017385095,0.002532541,0.0055399886
-8.100685,-0.53926826,-0.030869672,-0.0015738396,1.0482167,0.0023003628,-0.07993584,0.0026114036,-0.004982814,0.0034647754,-0.0007021618,-0.1589574,0.0009287564,0.010799707,-0.0028018155,0.0017718717,-0.7578968,-0.13389063,0.04322255,-0.0040066703,-0.0070610475,-0.012833258,-0.0013451715,-0.001019192,-0.0025716117,-0.0024841418,0.0013976077,-0.007158771,-0.8375509,-0.008616721,-0.02973458,-0.0025705898,-0.0034347575,-0.005935362,-0.0033254782,8.056277e-05
14.637299,0.3682167,0.12533323,-0.021185976,0.92794335,-0.03533483,0.098299496,0.0098925,0.16291931,0.003497329,-0.0030738306,1.4209114,-0.0014667845,0.008041166,-0.01134944,0.0036030454,1.5811504,0.116726644,0.08470879,0.02084419,0.00849677,0.065607615,0.018664157,-0.006026972,-0.018777877,-0.0064441203,0.0044578197,0.13786945,-0.50535786,-0.013370022,-0.003953966,-0.0021664398,-0.0014307521,-0.018026626,0.021032229,0.0018386114
8.438355,-0.25818115,-0.054983635,-0.0003774219,-2.2334695,-0.121032245,-0.21149738,-0.04432758,0.0259065,0.0049895532,0.008093663,0.90212333,0.0012168954,-0.012598804,0.004257242,0.022712912,1.9599452,0.04141532,-0.016328901,-0.056296512,0.0043479977,-0.114706695,0.005649739,-0.01025137,-0.03692702,-0.10039329,0.0055464096,0.02620771,1.258603,-0.00974047,-0.061566394,-0.019046484,-0.008015587,-0.0044162744,-0.008733594,-0.01355274
-8.135234,-0.52936274,-0.062820435,-0.0014407174,1.0432538,-0.0019428242,-0.00474886,-0.002926425,-0.013103934,0.002882374,0.005036898,-0.14960465,9.3227536e-05,-0.010218566,0.0004260577,0.001917436,-0.74988866,-0.15159549,0.040162273,-0.0011685228,-0.004854037,-0.03018088,-0.0018110822,-0.0023580936,0.0018754828,0.000996081,0.0005791577,-0.0071231867,-0.81065637,-0.008373788,-0.03245255,-0.0003745181,-0.004954782,0.0015309544,-0.0059703416,-0.0013956001
-8.134126,-0.5418394,-0.014577336,-0.00021723521,-0.11208319,0.0011657834,-0.07050868,0.0025354244,-0.015716463,0.00391941,-0.00030296034,-0.16002177,0.00027833052,0.0010506128,0.0041726716,0.0006667461,-0.7385794,-0.1363157,0.04170935,-0.004808415,-0.0040723057,-0.01500528,-0.006107935,0.0020574084,0.0012865041,0.00040293144,-0.00077503145,-0.106692,-0.8810558,-0.008331099,-0.03381308,0.0003883154,0.009810796,0.0022486453,-0.0041585932,0.004081223
-8.206128,-0.5343927,-0.018913697,-0.008140655,1.0596503,0.0019361873,0.019227402,0.0027094795,-0.008649569,0.003367246,-0.005974844,-0.16372001,0.00020629914,-0.004427332,0.0027542273,0.0009502265,-0.7485692,-0.14460708,0.045771673,-0.0033869285,-0.006487261,-0.013061438,-0.0029313248,-0.0025544786,0.0004463686,-0.001749473,-0.0037854642,-0.01962065,-0.8686621,-0.0077655264,-0.009271419,-0.0016199992,-0.005833316,-0.0026388452,-0.00049840624,-0.011670737
18.474768,0.63878465,-0.10171345,0.0015615993,0.9003895,-0.02732965,-0.10578403,0.0028437502,0.03795408,0.0031119906,0.037015866,0.6751248,0.0025848285,-0.03241068,0.012204555,-0.005240149,2.4846714,0.12624075,-0.0779798,-0.04061186,-0.03229294,-0.0028293722,0.0055086603,0.007074023,-0.018239208,-0.00060255616,0.004540551,0.19129246,2.7291884,-0.0030699624,-0.008150057,-0.05345409,0.0037039055,0.008293622,-0.011328468,0.023260925
-8.256318,-0.5495381,-0.06568086,-0.0033403677,1.0636168,0.0030334098,-0.0029808432,0.0028159614,-0.017718036,-0.029345613,0.0061130747,-0.15223627,0.0015151282,0.01286424,0.0020066819,0.0020350271,-0.68915063,-0.16093229,0.029338107,-0.0065726526,-0.0058330055,-0.02392721,-0.0012535469,-0.00062180485,0.0072328188,0.00066734303,0.0020929785,-0.020587219,-0.79604,-0.0122629665,-0.031777818,-0.0009172034,-0.004996615,3.438029e-05,0.00025420473,-0.010970365
-1.5023416,0.04752425,0.046914514,-0.0067558885,1.0067941,0.011136945,0.061555896,0.0024221677,0.00874079,-0.0023818964,-0.01189039,-0.42759338,0.0055441335,0.03150821,-0.0007103659,0.004715284,0.43914586,0.055072594,0.049774136,0.008284834,-0.006338029,0.025088552,0.0007401983,-0.0052778875,0.009116828,0.002845035,0.003016358,0.031200334,-0.7915542,0.0025737197,-0.019453198,0.0020049755,-0.0064634164,-0.008973946,0.0010114254,0.026116574
-8.167726,-0.5377739,-0.066267855,0.00019910374,1.0530626,-0.0052812886,0.0016234525,0.00077743037,-0.0032500897,0.001901291,-0.0006656574,-0.16484141,-0.0058167167,-0.0051004384,-0.0004432962,0.00033657748,-0.75457776,-0.09310454,0.04567753,-0.0029049604,-0.0085833715,-0.021669846,0.009731664,0.0017231482,0.0041168253,0.0012868762,-0.002237516,0.0072950935,-0.9115211,-0.006412787,0.00013991928,0.0033285012,0.0046891323,-0.004165626,0.00055337255,-0.011454821
-8.085239,-0.53307366,-0.067953795,-0.002378254,1.0424894,-0.015041243,-0.07583512,-8.8120694e-05,-0.016118247,0.0032789554,-0.0016669794,-0.15123393,0.0008759854,-0.009874672,-0.0040650396,0.0013329402,-0.7158712,-0.14717998,0.03941343,-0.002204965,-0.0038347703,-0.0060024136,-0.00238303,-0.000993361,0.0006365911,-0.00072624267,0.0012385023,-0.004566098,-0.82427424,-0.008165609,-0.036458757,0.0011323708,-0.0041110227,-0.0025139304,-0.005454697,3.078735e-05
-7.8983254,-0.41990793,-0.015200161,0.0054985094,-2.493038,-0.0036376235,-0.10958285,0.0073365974,-0.004577548,0.004288989,0.029169863,-0.15440542,0.00024454627,0.014386898,-0.0018720517,-0.00016277588,-0.6640872,-0.13505235,0.055324674,-0.0029325879,-0.007656129,-0.17476742,-0.0058730664,0.0022113707,-0.00097107067,0.001291728,0.003543831,-0.045467246,-0.9124828,-0.010421858,-0.02644099,-0.0007012939,-0.013521493,-0.005032594,0.004605401,-0.01180401
-6.419075,-0.2125697,0.020600304,0.0019611903,1.1037896,0.0142504675,-0.05547241,0.010801666,-0.0012925785,0.0029912305,0.0033935343,-0.2013631,0.0024900476,0.015836276,-0.0014679396,-0.006153559,-0.46849775,-0.0857653,0.11043336,0.0076823146,-0.0011711676,0.011117539,-0.0002926409,0.00966149,0.0007868685,-0.0004764558,0.0037211187,-0.07572587,-0.970242,-0.0071382886,0.00264748,-0.0062469565,0.026197685,-0.0044845925,-5.5227116e-05,-0.011948292
-8.190285,-0.55642366,0.027659645,0.0011053435,1.0502286,0.0011108771,-0.010095505,0.002705377,-0.008520699,0.0033556276,-0.004819631,-0.17502524,0.0011868853,0.011326858,-0.00078912196,-0.00017949809,-0.78793234,-0.12448815,0.043437127,0.003975408,5.137747e-05,-0.007471755,0.011819917,0.0022634347,0.0037348913,0.0006412204,0.0040750154,-0.001472319,-0.87969655,-0.008860104,-0.0071475804,-0.00074775645,-0.0026511224,-0.0033205764,0.0003070048,-0.0009583534
22.813032,0.8356378,0.04020051,-0.007194858,0.985518,-0.00848533,0.09806229,-0.0013032365,0.036730967,0.0013606204,0.027117152,0.6429286,-0.0032688559,-0.038184084,0.0016323355,-0.007537887,2.5665138,0.09961008,-0.12527509,0.0028584045,0.0014036169,0.018890973,-0.031613454,-0.0070959246,-0.02618008,-0.0076505966,0.018774685,0.25350586,3.0098658,0.00058566395,-0.016709162,0.00026832984,-0.007857133,-0.0205086,-0.0148712825,0.016487377
-8.14344,-0.5570075,-0.018949313,0.005273044,1.0487019,-0.0004729808,-0.038132586,0.003280525,-0.013948734,0.0030806293,-0.0012295322,-0.1634774,0.00031087475,0.008088587,0.0032887282,0.0011686117,-0.7567656,-0.14227365,0.04389793,-0.002294699,0.0032910733,-0.031661127,0.01306321,-0.0023481871,0.0014279705,0.00015539625,-0.0005898035,-0.00829259,-0.84827363,-0.009497866,-0.02664881,-0.0020355647,-0.002909564,-0.004599181,0.005432719,-0.0002765565
22.286718,0.8389639,0.044438023,-0.007800507,0.99290437,-0.0052446565,-0.05447842,0.0030350639,0.027347593,0.0022400988,-0.008570963,0.46190947,0.0006126736,-0.008474796,-0.0052820416,-0.0051401663,2.522235,0.12103825,-0.092951775,-0.005802598,0.008754362,-0.0074750734,0.012807507,0.0018086486,-0.008822139,-0.007700665,0.009396378,0.24019547,2.9764147,0.012050974,-0.009612657,0.0050132074,-0.004710147,-0.020090705,-0.008316573,0.028582498
11.2770405,-0.020341164,-0.04252834,-0.0062680086,0.8564321,-0.058927607,0.10030575,0.008969697,-0.034347653,-0.0040672165,0.025870267,0.42407027,-0.016401881,-0.016023068,0.0011914116,-0.06612817,1.8264302,0.01570731,-0.02242894,-0.004346971,0.0023091433,0.022152176,-0.023370516,0.0032065539,0.0017649995,-0.0037116017,-0.0005554837,0.13766047,2.1883638,-0.0015880051,-0.07764597,-0.0019146199,-0.0112815425,-0.024316998,-0.022973701,0.02610092
-3.391084,-0.47187078,-0.18657814,0.003412878,-2.3396144,0.032432027,-0.092376366,-0.021421647,-0.020702597,-0.03258054,0.0034428511,0.1368971,-0.007708941,-0.007893036,-0.001627324,-0.0073895557,0.5570104,-0.3605899,0.05021787,0.016364802,-0.008405396,-0.07095329,-0.008717419,0.00731491,-0.006877445,-0.0008791736,0.007772636,-0.20507397,-0.53526044,-0.010523173,-0.01684534,0.0033576551,0.03386453,-0.00037753812,0.02046951,-0.0015225646
-8.121897,-0.5450259,-0.062244195,-0.006035727,-1.6618508,-0.00043274893,-0.13973974,-0.0003244951,-0.015649812,0.005019766,0.0006598266,-0.16543858,-0.0005293201,-0.006248455,0.00404707,-0.0001443817,-0.77041405,-0.14670432,0.0359875,-0.001294711,-0.006509987,0.099160746,0.0034159648,0.003114248,0.0031072884,-0.0022607995,-0.0012599716,-0.3009342,-0.9146204,-0.0088945115,-0.033708163,-0.002999946,-0.005447835,0.00044741895,-0.0023688776,0.002061755
-8.120786,-0.5468119,-0.059285562,0.0018517183,0.19223365,-0.0038923626,-0.07152875,0.0021011378,-0.016221384,-0.03959437,-0.012951365,-0.15412727,-0.0055768457,-0.0043602274,-0.0016816622,0.0013752723,-0.7134808,-0.16893438,0.042352337,-0.0051082745,-0.006078741,-0.042292967,-0.0027486957,0.00289527,0.003268772,0.00044807064,-0.0007744299,0.001135614,-0.8247421,-0.004027339,-0.0047786664,-0.0008806144,-0.01082629,0.0018830783,0.003006196,-0.0022603192
20.218075,0.32960632,0.066897355,-0.002488326,-2.0375416,0.0023158907,0.04613198,0.02331309,0.012937424,0.0014563564,0.08074824,1.321594,0.004712876,0.028820086,-0.011697192,0.014095227,1.8605561,0.019615041,0.1460917,0.019437632,0.0043488354,0.011027601,-0.0059560514,-0.022203198,-0.003622633,0.00061142736,0.0011464673,0.18527433,1.7004828,0.020048873,0.11485214,-0.0032721825,-0.00407081,-0.018184498,0.02265937,0.010092222
-7.1449275,-0.13064717,-0.03542921,-0.006673051,1.0820789,-0.009698581,0.018861968,-0.0034692353,-0.0024926653,0.0023573362,0.0017527014,-0.18478121,0.002229224,-0.025797773,0.00064683653,-0.002102688,-0.6573993,-0.007529704,0.01570637,-0.0044360957,-0.010081076,-0.010907646,-0.01002644,0.0025130697,-0.004033963,-0.002229498,-0.0041394993,0.123818964,-1.1016805,0.030997658,-0.02678247,0.0015983261,-0.0034749522,0.007861492,-0.008602561,0.08948944
-7.9150696,-0.5386482,-0.04439795,0.0012232132,1.0494504,-0.0028627361,-0.07289228,-0.0008454686,-0.014501612,0.0038340713,0.012974603,-0.15248643,0.0010448846,0.011467502,-0.003593699,0.0009657506,-0.6252455,-0.13909249,0.039306946,-0.0013719096,-0.00558405,-0.015153071,-0.0037653642,0.0018832328,0.0020907265,0.00028994857,0.001920878,-0.0011068943,-0.8363144,-0.008520612,-0.03268814,-0.0008899106,-0.009342596,0.0019677777,0.0012058825,-0.0024141385
12.250309,0.5269857,-0.13222298,-0.0033478022,-2.401111,-0.08843162,-0.24650036,-0.052864958,-0.025681745,-0.010026888,0.04137657,0.87137544,-0.00714327,-0.032366358,0.0031135918,0.011710986,1.7708404,0.049386524,-0.0074707917,-0.07014549,-0.029100625,-0.018309407,-0.02256336,0.0072333138,0.01965893,-0.0039401418,0.0014181476,0.079974346,1.5759305,-2.4248771e-05,0.10930671,-0.005741853,-0.0016095225,-0.019926082,-0.004353699,0.016591165
-8.084244,-0.5250666,-0.063797556,-0.0019945924,1.0228208,-0.0031041307,-0.041821606,-0.00056127453,-0.01965349,0.0032532963,-0.010625234,-0.16037273,-0.00029478793,-0.009712993,0.002084415,0.0018396915,-0.7243861,-0.16174248,0.041766103,-0.0030754227,-0.008011605,-0.018549005,-0.005987147,0.004913901,0.0023513907,-0.0007745718,-0.0012374622,-0.0013847008,-0.8651934,-0.006463709,0.0049856207,-0.0026546903,-0.0045997887,-0.0034462987,-0.0046441145,-0.0028365953
-8.0768795,-0.5279662,-0.06411135,-0.00870769,1.0415498,-0.0025613985,-0.03908924,-0.0004307377,-0.0024241738,0.0019130174,-0.008190803,-0.15965126,5.3811476e-05,-0.0047525666,-0.0003979722,0.00084623776,-0.77504593,-0.11693488,0.04370275,-0.004886084,-0.007504924,-0.016035385,-0.008618832,-9.125874e-05,0.0013709033,0.00063695514,-0.0011894864,0.0036832294,-0.8831379,-0.0050812396,0.005623169,0.0033705821,-0.0038566221,0.0024536233,0.0010576547,-0.003675987
16.699844,0.2977188,0.07500841,-0.00041039212,0.87193584,-0.0039249905,0.08127907,0.008136562,0.027601229,-0.02451499,-0.004048676,0.3761337,0.0034796693,0.048221543,-0.0011878015,-0.009700461,2.1757498,0.06902238,-0.024917873,0.01933539,0.026724614,0.08624923,-0.011930772,0.0040981784,-0.03475247,0.0036737765,0.0066139097,0.21434169,2.3279436,0.036701087,-0.029448744,0.015391205,-0.0046049003,-0.0002830355,-0.008988658,0.022704251
-6.0844116,-0.16330974,-0.0060669887,0.0030400394,-2.0740309,-0.006951359,-0.15996134,0.010533655,-0.0006949045,0.0059986785,0.0007290978,-0.20381437,0.0015977463,0.017531266,0.011179665,0.003262279,-0.69666207,-0.09612337,0.031171467,-0.009589064,0.0046424093,-0.02922075,-0.0015560534,-0.010541726,0.0015241093,0.0009622755,-0.0005870778,-0.012922672,-0.99308294,-0.00027026687,0.0024769043,-0.010115437,-0.003477742,-0.004086103,0.009237819,-0.0063301935
-8.18347,-0.5502703,-0.0520131,-0.0016901896,-2.4800332,-0.0064332006,-0.0272735,0.00027702862,-0.007854277,0.0037680287,0.0049835984,-0.16655076,-0.0056926957,-0.0057073478,-0.003130822,0.0008576382,-0.7973166,-0.13830288,0.040341157,-0.0013571648,-0.004088204,0.015161282,-0.008835173,0.0017341023,0.0005510012,-0.0020735348,-0.00024841414,-0.24817795,-0.8890161,-0.013812258,-0.031613465,0.001706234,0.0013175368,-0.0040139505,-0.0025219382,-0.0009858513
-8.109247,-0.53453684,-0.061848164,0.0032624537,1.0380208,-0.0051033734,-0.04067198,-0.0033115277,0.00043232096,0.002899793,-0.0008070781,-0.14930584,-0.00013922871,-0.011881941,-0.0011879124,0.0017566112,-0.74518865,-0.15152313,0.0421589,-0.0017185163,-0.0047327154,-0.027667094,-0.0022988343,-0.00040771504,0.0023538126,0.0003368737,0.0009464415,-0.005341892,-0.81014526,-0.007968365,-0.031424824,-0.001678468,-0.0059810854,-0.003318472,0.0041140234,-0.00046646313
-8.152203,-0.55143815,-0.011324359,0.0017352176,1.0490046,0.001371456,-0.034568653,0.0012434393,-0.0067494097,0.0029146497,1.0923342e-05,-0.1609276,0.001624258,0.010903981,-0.0010676532,0.0012006426,-0.7484445,-0.1392948,0.045153115,0.007932486,-0.0028396859,-0.02701105,-0.0025597431,0.0019812013,0.0020928679,-0.0010892048,-0.0009931839,-0.0038490072,-0.83135766,-0.009004099,-0.03648833,-0.00072121015,-0.005261268,-0.0056530633,0.001450865,-0.0035260238
-1.5600163,0.04502644,-0.172665,-0.012969174,0.9752183,-0.038424443,0.03296234,-0.015065318,-0.011582634,0.0024588841,-0.0024728244,-0.15254672,0.0013223521,-0.024009526,-0.01016672,-0.015625617,0.4255992,-0.024652978,-0.036208834,0.0029359632,-0.0023767059,0.011575867,-0.022137057,0.0039175926,-0.0045762705,-0.00410471,-0.0056204526,-0.11646173,0.14262082,-0.00805033,-0.015132932,0.008654562,-0.0006841393,-0.0043185665,-0.021947717,0.00016410003
-8.254095,-0.5483617,0.010585221,-0.012567765,1.0752094,0.00043098623,-0.010395576,0.00078827253,-0.012963509,0.0029434822,-0.0010478038,-0.16448446,0.0015304405,0.005657413,-0.003801278,0.0017095853,-0.72362775,-0.13651288,0.031109223,0.011080248,0.0004477991,-0.036113817,-0.0038984611,0.00035251246,0.0036342808,-0.0012876621,-0.0014400318,-0.01817764,-0.8401194,-0.012902837,-0.03285556,-0.003316687,-0.0028030528,-0.0010583403,-0.00164454,-0.012462027
20.13362,0.7428073,0.061961085,-0.0049279206,0.88883173,-0.0022922482,0.07169607,0.00419368,0.026466534,0.0033105623,0.03744517,0.4666126,0.00092430366,0.0034602259,0.0001665636,0.006599117,2.286292,0.051402155,-0.0021077867,0.008876629,0.027375238,0.0031466468,-0.011302884,-0.009097735,-0.008585428,-0.006619173,0.0063594216,0.12191964,2.4412534,-0.012845075,-0.006334813,0.01120533,-0.0057192026,-0.0054331743,-0.0016724902,0.003090791
-8.232044,-0.55732244,-0.054140873,0.0029561592,-2.4701447,0.004861479,-0.08109274,0.00075265154,-0.017309623,0.0021830075,-0.0038191772,-0.17035858,0.0009966793,0.010909088,0.0018636712,0.0006407974,-0.7711709,-0.14716855,0.028333126,-0.0044341404,-0.0065377043,-0.1345842,-0.00057401287,0.0013001374,0.0075116334,0.0009208544,0.0013819634,-0.0216234,-0.9131525,-0.012874176,-0.032970577,-0.0033441628,-0.014442317,0.00086944544,0.004484757,-0.013279887
-8.106135,-0.52246135,-0.06643288,-0.004173057,1.0646085,-0.007061265,-0.050927505,-0.004929387,-0.014423332,0.0034333018,0.011605315,-0.1495138,0.00031816633,-0.0072626714,0.0015004025,-3.49057e-05,-0.72887874,-0.14975505,0.041959845,-0.003150809,-0.007340042,0.1282083,-0.0022164425,7.4213036e-05,0.009706439,-0.0030078497,0.0030075533,-0.20378946,-0.8385895,-0.008705508,-0.032313295,-0.0012774172,-0.0039643017,-0.0012949095,0.00034607793,0.004830448
5.085642,0.30749238,0.045686763,-0.0038052255,0.97572404,-0.003387762,0.07722043,0.0017721244,-0.011947943,0.0013836004,-0.17754732,-0.5512869,-0.03182177,0.00793664,-0.0027053363,0.0013309788,1.2279835,0.02714837,-0.015241369,0.0014762582,0.024727197,-0.009565595,-0.017212514,-0.013111629,-0.0033838165,-0.004503459,0.0015054537,-0.01627325,1.0096556,0.002481848,0.019474557,0.003733024,-0.008745421,0.0072237793,-0.01187169,0.007681179
-8.16505,-0.5364677,-0.046388585,-0.009125489,1.0463433,0.005164031,-0.01007424,-0.00043158903,-0.013341864,0.003369055,-0.0003177508,-0.16194622,0.0004536638,0.007019407,-0.0032426813,0.00154731,-0.72705054,-0.13933988,0.04173917,-0.004577475,-0.0054375962,-0.017805234,-0.0037241417,0.0011850125,0.00941878,-0.0006129744,0.0009908067,-0.0062654265,-0.8408667,-0.008241607,-0.033771906,-0.0015437463,-0.002622367,0.00090249535,-0.0010276532,-0.0006613558
6.1244884,0.27474403,0.067510895,-0.0023044145,0.9496122,-0.01074758,0.09545882,0.0033523377,0.008364191,0.0029322556,-0.1056987,-0.6067114,0.004870018,-0.01788857,0.00049527077,-0.0019893066,1.2652779,0.037958793,-0.019056983,0.012713589,0.0040184823,-0.0029792488,-0.013365523,-0.0070470124,-0.0061220564,-0.001347421,0.0016410531,-0.059024412,1.0060269,0.0045412164,0.04691935,-0.0003114409,-0.008372555,-0.0022532607,-0.0124788955,0.016819429
-8.1,-0.53271204,-0.046697803,-0.0018678028,1.0361016,0.0030815864,-0.07499596,0.0029174073,-0.014596817,0.0034942874,0.00032741236,-0.15735294,0.0023100658,-0.004462314,0.0023751042,0.0015432106,-0.71955425,-0.13932994,0.04311572,-0.004153921,-0.008816301,-0.014595949,-0.0069764187,0.0019393994,0.009046312,-0.0014947427,0.0018416096,-0.0050369664,-0.8476103,-0.0076656365,-0.034410093,-0.0017712354,-0.0042875153,0.0019024243,-0.0055029076,0.0008077852
-4.8779173,0.13233835,-0.038499758,-0.002449235,1.0397048,0.015285134,-0.10768584,0.0049669575,-0.020267848,0.0028177958,-0.0116603505,-0.2286652,-0.015981248,-0.021857675,-0.001685163,-0.016001413,0.29000506,0.07900192,-0.005972765,-0.0024501272,-0.0021453612,0.07846873,0.008358774,0.0050663105,0.0001534212,-0.0132522555,-0.00023040167,-0.01626092,-1.0082147,-0.0059665637,-0.03320763,0.005060861,0.00018657968,0.001446293,-0.014446649,0.0008327549
-8.236018,-0.53113663,-0.06696947,-0.0018494029,1.0611683,-0.0061259577,-0.010380998,-0.00014379267,-0.017224668,0.0029038766,-0.001169109,-0.14740397,0.00014662565,-0.013987725,0.0019064348,0.0018066245,-0.70437646,-0.14932849,0.028377043,-0.0020890522,-0.008051431,-0.035761584,0.0017777283,0.0016002336,0.0020207923,-0.0018812387,0.0040942887,-0.02597929,-0.81652033,-0.011774695,-0.031860203,-0.0026603576,-0.0029630992,5.155223e-05,-0.005188134,-0.00920029
-8.089937,-0.5260147,-0.06330478,-0.007177326,1.0451745,-0.0055639716,-0.04003245,-0.0012168032,-0.006803209,0.0032288264,-0.0112533,-0.15975383,0.000105974796,-0.008693018,0.0026140688,0.001681462,-0.7502624,-0.15163766,0.042634334,-0.002808657,-0.0077733737,-0.01893096,-0.0031159366,0.0019126544,0.0031070388,-0.0017658465,0.0011361015,0.0009667479,-0.8628262,-0.006488207,0.017286131,-0.0025447744,-0.0055031762,-0.0042445017,3.641274e-05,-0.002588658
-3.5679083,0.019169066,-0.11904167,-0.0023735268,0.9567559,0.021325778,-0.2170059,0.0029194204,-0.07793228,0.0047976407,0.0050061787,-0.27017903,-0.005698143,-0.018906128,-0.0020592003,0.001581908,0.26454228,-0.30091828,-0.014869811,0.0023639759,-0.003522524,0.008314923,-0.008167538,0.0039069084,0.025110666,-0.008942801,-0.006929556,-0.060189415,-0.73794675,-0.0044461447,0.0053511285,0.00027707088,-0.010148041,0.007206261,-0.01801202,-0.012667321
-8.115687,-0.5329928,-0.06393383,-0.0014412679,1.0308951,-0.004228343,-0.035462216,-0.001456074,-0.018734941,0.0032675776,-0.00074485794,-0.14737679,-0.00043281363,-0.010823942,0.002756758,0.0015319381,-0.7168679,-0.15129367,0.03982988,-0.0025761817,-0.007178335,-0.018061515,-0.0011036046,0.0023258862,0.010318308,-0.0019519522,-0.001267679,-0.0032095374,-0.8265642,-0.0077354964,-0.0322764,-0.0025018603,-0.0057444894,0.0004305515,-0.0056243693,0.00017961973
7.60674,0.55123794,0.072585665,-0.0074231373,1.0447729,0.0022728413,0.10277379,0.004274555,0.01657615,0.0018544605,-0.14645696,-0.49020582,0.0044222274,-0.008344682,0.0012233509,0.014418191,1.382748,0.0624654,-0.02070203,-0.008221886,0.006415247,0.059637308,0.00082401966,0.0017579759,-0.022831574,-0.0060698544,0.008773613,0.24209066,1.2313749,0.006257725,0.07656591,0.012758113,0.02769808,0.0011401543,-0.014711602,0.074362665
5.7685785,-0.87019306,0.089164406,0.0025301552,0.95166504,0.007071557,0.11771262,0.003297297,0.010885069,0.010329304,0.032984626,0.69781977,-0.00013124003,0.015269849,0.0066226646,-0.020087091,1.497831,-0.14625259,0.017899979,0.012455603,0.0028042926,-0.029309496,0.004011103,-0.019336045,-0.012214093,0.0014574241,-0.002541378,0.023142936,1.1220987,-0.011959362,-0.067782655,-0.0033017953,-0.0018962368,-0.003247378,0.024599262,-0.0050488287
4.756504,-0.23448832,-0.1410958,0.0019075145,0.93078893,-0.022838967,0.096386254,-0.019508887,-0.032087337,0.0045606205,0.025404476,0.11938182,-0.0081541715,-0.04887005,0.00048863806,-0.023633784,1.3909324,-0.0645287,-0.034738164,-0.019565338,-0.017164152,-0.0047228937,0.009924306,0.0055320323,0.008965667,0.0020139222,-0.0029248253,-0.15957333,1.1729766,-0.004955213,-0.00070590177,-0.009019805,-0.0048627695,0.009570953,-0.010330589,0.0044006673
-8.221392,-0.56084436,-0.022159668,0.0010480754,1.061162,-3.6787882e-05,0.056626596,0.004256352,-0.011951955,0.0028495288,0.0050587836,-0.16215585,0.0015270239,0.010103542,0.0024086344,0.0015008866,-0.731285,-0.13281725,0.04335614,-0.0021964088,-0.007323232,0.07343152,-0.0022673763,0.00035443087,0.0023993393,0.000641518,0.0036729136,-0.16739324,-0.8188539,-0.014290292,-0.030580185,0.0028524324,0.006528979,0.0012289152,-0.0018111585,-0.004075657
21.471327,0.49746484,0.062301595,0.004854471,0.944771,0.00790583,0.07739949,0.013218197,-0.0015640182,0.0024376288,0.08241844,1.1817971,0.0024135746,0.027659534,-0.0029560574,-0.01537397,1.9187579,0.06913948,0.17811848,0.026045986,0.01019122,0.00319165,-0.005773824,0.0023135527,-0.013765061,0.00026769965,-0.001661371,0.35092926,1.7407837,0.006638644,0.14217475,0.013984285,0.0007210049,-0.010846305,0.022810817,0.02348734
18.747639,0.7114674,0.04717014,0.0005984447,-1.9286327,-0.0077896602,0.012834401,0.008189066,0.016821112,0.0020954672,0.03132988,0.96494615,-0.0065197553,0.001210781,-0.0069277515,0.0023532766,1.9333167,0.04860144,0.10688477,0.018893063,0.001158331,0.033464465,-0.010141431,-0.012213916,-0.041589517,-0.0034239283,0.00136361,0.31003276,1.7931824,0.028251344,0.14497083,0.010260425,-0.0024017624,-0.022795249,-0.002631267,0.018967757
-8.2155285,-0.5510845,-0.022691509,0.0038341915,1.051279,0.0012049681,0.017147638,0.004039244,-0.010955347,0.0029833736,-0.0023807357,-0.15962422,0.0008011385,0.0107163545,-0.00039612583,0.0011229353,-0.75470895,-0.14277332,0.04558181,-0.0029817182,-0.00562411,-0.026704026,-0.003030025,-0.0026200144,-0.0013757339,-2.1223075e-05,-0.0008831435,-0.015797699,-0.83200574,-0.008441773,-0.029505644,-0.0030285725,-0.0029768003,-0.0003142034,0.0047483174,-0.0013851229
-8.111633,-0.523496,-0.060936075,-0.00027532558,1.0337546,-0.004539022,-0.035624612,-0.0058688605,-0.001137613,0.0033217208,-0.00552254,-0.14959615,0.0009545843,-0.011850892,-0.0001243669,0.0006480087,-0.7445965,-0.14652836,0.04205351,-0.0002622667,-0.006211984,-0.018615486,0.0019961328,0.0017125383,0.0025101393,-1.4483785e-06,0.0014494642,-0.00037283506,-0.82647806,-0.008827357,-0.03406491,0.0005905978,-0.0035362148,-0.0043293196,-0.0047291224,-0.0029992396
14.043287,-0.006693376,0.07425635,0.0052404962,0.93647045,0.024136893,0.09967951,0.014448521,0.026009278,0.003399772,0.007631,0.47327873,0.00036433752,0.019014703,-0.0005710123,-0.0052117757,2.1259904,0.071335346,-0.024899412,0.015399857,-0.0058454974,0.019703683,0.0019268194,-0.0091258595,-0.04727689,0.00020265298,-0.0022046883,0.019904045,2.1917272,-0.003360584,-0.0030588603,-0.001871298,-0.002360215,-0.0046370155,0.016040476,-0.0056400443
6.497819,-0.26192692,0.053112507,0.0009730072,-1.5997417,-0.020546854,-0.09792574,0.003635826,-0.15452822,-0.0075438,-0.0061244518,1.1304848,0.000503087,0.0039823446,0.011503887,0.0052366653,1.1078643,-0.03415216,0.08436956,-0.00433132,-0.0037227753,0.05429169,0.0042804815,0.009977964,0.053020794,-0.011302552,0.008030963,-0.011721864,-0.5116653,-0.0029918496,0.03730448,-0.011535353,0.004669989,0.033290576,0.017914137,0.007980971
-8.168721,-0.54583496,-0.043404028,0.0024552078,1.0451919,-0.004292428,-0.011759445,0.0012800553,-0.014081896,0.0033346226,0.001808645,-0.1602162,-0.004649475,0.0016025227,-0.0010205889,0.0009791668,-0.72304505,-0.14110753,0.043316524,-0.004279995,-0.0066101137,-0.019952368,0.0043241037,0.0013497582,0.007721153,0.0008039537,0.0014098887,-0.0048254193,-0.84788704,-0.008275614,-0.035509497,-0.003291316,-0.0020850901,-0.0008527731,0.0042920844,-0.0021087024
-7.2801604,-0.8026758,-0.15642744,0.00082287076,-2.3587596,0.007053101,-0.04476809,-0.0076989145,-0.026275864,-0.07561488,-0.0006658195,-0.15780874,-0.006483237,-0.010442848,-0.0006245109,-0.007574835,0.3492781,-0.32398486,0.03838058,0.008982785,-0.009539013,-0.029993678,0.012130562,0.0026835022,0.0017038896,0.00014541272,-0.0014048797,-0.30053943,-0.4960309,-0.016353635,-0.029381637,0.0018384161,0.019483952,0.041085683,-0.00023086066,0.0015113921
-8.159488,-0.5562453,-0.05011043,0.0025900626,-2.4697702,-0.01794661,-0.04497068,-0.0019205421,-0.008078359,0.0008382992,0.023679804,-0.14914575,-0.004906529,-0.007891323,-0.0022565003,0.000770153,-0.78646386,-0.13925919,0.041511,-0.00024555175,-0.006809374,-0.03539621,0.00929558,0.0031050518,0.0020645785,0.0003174621,-0.00012909462,-0.29623884,-0.88623774,-0.011841234,-0.031669144,-0.0058002924,0.007118247,-0.003708757,0.0041559623,0.0019821161
-8.158562,-0.540712,-0.029195441,-0.00075537036,1.0418231,0.0032337892,-0.009015266,0.0015003608,-0.014311103,0.003383639,-0.00014627572,-0.15800591,0.0026388296,-0.0049529825,-0.0005013825,0.0014426493,-0.7358932,-0.1346728,0.04474257,-0.004855289,-0.0078550195,-0.020380717,-0.006043082,0.0015922375,0.0026961013,-0.001924706,0.0013659952,-0.0039272537,-0.8442097,-0.0071745426,-0.03381751,-0.002447455,-0.0053762347,0.0012263424,-0.0049182842,-0.00040562332
-8.14442,-0.54785377,-0.06336163,-0.0015548146,1.0396434,-0.00017064187,-0.030284638,0.0034770598,-0.01728405,0.003065863,-0.0009716244,-0.15856235,0.00064872956,0.0016316718,-0.0035060097,0.0006999712,-0.71749246,-0.14353894,0.040828973,-0.002305867,-0.006339221,-0.022061817,0.003665915,0.002797965,0.0033928098,0.00044063103,0.0003821332,-0.0040679933,-0.8229095,-0.008877548,-0.03306487,-0.001702172,-0.005778959,0.0013873911,-0.0038856342,0.0003025303
-7.353595,-0.56426084,-0.061252255,-0.00044116654,-1.4604559,-0.0020100446,-0.06758681,-0.011476882,-0.017594403,0.0072075827,0.00153439,-0.019200562,-0.00032189302,-0.014100029,-0.002727957,-0.009091784,-0.5143891,-0.15525298,0.009180344,0.0051132888,-0.004450698,0.11804732,-0.002116214,0.015664775,0.028565967,6.438536e-05,0.00050237216,-0.33560443,-0.8340289,-0.009062894,-0.030576352,0.0045605227,-0.011759927,0.01774386,0.002998003,0.010571306
-8.23926,-0.54623806,-0.02468981,-0.000115945346,1.0718724,0.0009281763,0.00060976454,0.0042045815,-0.013053522,-0.025967875,-0.0050131665,-0.15941735,0.0010829723,0.010256097,-0.000691564,-0.0016535156,-0.72780806,-0.1524056,0.033544395,0.011459906,0.0008526269,-0.0323399,-0.0039759562,0.0032278479,0.004857157,-0.002906917,0.0031053564,-0.02562725,-0.8368224,-0.013761592,-0.014871746,-0.0016264179,-0.0039292383,-0.0043416456,-0.005039221,-0.011090877
-8.173897,-0.5444893,-0.030074636,0.0045620017,1.0474759,-0.0007770631,-0.01101634,0.0026956624,-0.0005017684,0.0028749036,-0.0009812011,-0.1583571,0.00030200454,0.008561105,-0.0004020115,0.0010390701,-0.76902044,-0.14117111,0.04280304,-0.0043360465,-0.0059167803,-0.035466805,-0.0017214662,0.0006913667,-0.0033724953,0.00063266093,-0.00082140847,-0.011781515,-0.8242902,-0.009171669,-0.030143455,0.00020707685,-0.00073830195,-0.0048222565,0.0045932857,0.001898945
-3.9924598,-0.18526894,-0.10195336,0.00312381,1.0335935,0.01830951,0.08531364,-0.001274575,-0.0057978136,0.004109626,0.0029095784,-0.24234323,-0.0055370927,0.003442554,-0.0012113533,0.0031436686,0.33737484,-0.26766467,0.0005244941,-0.0026576945,-0.0059867636,0.013202691,-0.0007577077,0.0028320716,-0.01224273,0.00016765745,0.0042895605,-0.23174879,-0.63929766,-0.00677934,-0.023853622,-0.0029254947,0.0014226909,-0.00042561008,0.012658576,0.0032849703
-8.094436,-0.5453538,-0.02033144,-0.0010541512,1.0471727,-0.0060310187,-0.05651211,0.005097034,-0.010893761,0.0034169292,-0.011656706,-0.1706291,-0.006106291,0.00083981757,0.0015108857,0.0017216088,-0.7687986,-0.14636531,0.045606527,-0.0027264769,-0.008327625,-0.0136840725,-0.0074556493,-0.00093052187,0.0031825816,0.0008246585,-0.0006184283,0.0016688268,-0.8856852,-0.0042080125,0.0055353777,-0.0032785295,0.0008149629,0.002358568,-0.00389025,-0.0015520516
-8.19534,-0.5392966,0.00774309,0.0017164579,1.0452034,0.002526748,0.006244537,0.0023626494,-0.007175273,0.003363506,-0.005340397,-0.16869542,0.0033419693,-0.0052068834,0.00022119728,0.0005629898,-0.7626735,-0.13406971,0.046156608,0.009587543,-0.003787903,-0.013839205,0.0069207516,0.0021870993,0.0022023683,-0.0013708493,0.0014162817,-0.00051200256,-0.8782239,-0.00758354,-0.004925308,-0.0032434491,-0.0036906926,-0.0046971287,-0.0049790316,-0.0028524513
-8.179154,-0.5445296,-0.036569953,0.0019526351,1.0465956,0.0046077827,0.0027436335,0.0027208037,-0.000707484,0.0018361232,-0.008920349,-0.16260196,0.0017267817,0.010606764,0.00173854,0.0011771674,-0.7831418,-0.108029686,0.045271598,-0.0024438188,-0.004682303,-0.018488407,-0.0037183291,-0.00033954417,0.0069979285,-0.0016659512,-0.000840721,0.005187202,-0.86828315,-0.005498524,-1.336692e-05,-0.0033336715,-0.0038180477,-0.0053302483,-0.00041727631,-0.002771237
12.387772,0.29114112,-0.12402205,-0.00017174223,0.87452394,-0.056453507,0.11174143,-0.041497305,0.020940641,0.0039105755,0.010493642,0.77457404,0.00030139284,-0.06084335,0.0050702826,-0.0020150729,2.2203772,0.03206808,-0.02966536,-0.033418298,-0.03206358,0.012895289,-0.01543421,-0.005668434,-0.018033432,-0.011203662,0.00048131341,-0.024447236,2.4276745,-0.009507996,-0.03437331,-0.012715068,-0.007868925,-0.014446783,-0.015298286,-0.0054661366
-8.17759,-0.5255975,-0.05676322,-0.0076584406,1.0495331,-0.0059635313,0.021407153,-0.004066366,-0.00040398297,0.0033921092,-0.010924041,-0.15156397,0.0014042486,-0.009397038,1.4107541e-06,0.0011635248,-0.7538713,-0.15861504,0.04417973,-0.0040853783,-0.004205513,-0.021678703,-0.0026439242,0.002564475,0.002170239,-0.0019225378,0.0020183462,-0.005235453,-0.8356746,-0.00798902,-0.0039010975,-0.002480195,-0.0045529995,-0.0035349515,0.002425293,-0.0029271578
-0.9675247,0.18996757,0.0404974,-0.0022030286,1.0486465,-0.0011681368,0.11012981,0.00022236316,0.009761279,0.0037929942,-0.019833641,-0.4063205,0.008185247,-0.015857182,0.0008510936,0.015969733,0.4911993,0.04265159,-0.011279504,0.0114878025,0.0013671664,0.013232661,0.0044271545,-0.006190844,0.0006775208,-0.0007997385,-0.0058672545,0.019881316,-0.7637346,-0.0045321938,-0.017392112,0.0033395353,0.0029768876,0.0048411847,-0.019912036,0.017995106
-8.199686,-0.52882874,-0.044465274,-0.0011140455,1.0507123,-0.0028065124,0.017635321,-0.002700159,-0.015152738,0.0033935495,-0.0002292038,-0.1553693,0.00025989767,-0.006195042,-0.0033148981,0.001036246,-0.7211742,-0.13923784,0.04342161,-0.0032450655,-0.0063454867,-0.01376326,-0.003956805,-0.0013024168,0.000351219,-0.00059862394,0.001253498,-0.0085524665,-0.84308803,-0.008658564,-0.034958523,-0.00082825875,-0.0034430786,-0.0010449775,-0.0063545858,-0.0036553594
-8.126216,-0.5258286,-0.062851764,-0.010860976,0.4570693,-0.0020220778,-0.07010937,-0.003178304,-0.015463479,0.003951392,0.013157329,-0.14649071,0.00055670337,-0.0014934272,-0.00092617463,0.0017306077,-0.73608613,-0.15077245,0.038335524,-0.0057219747,-0.0065937936,0.0709345,0.004769485,0.0021456871,0.0030484586,0.0011514472,-0.0022608915,-0.17611545,-0.8426486,-0.008282616,-0.035515167,-0.00036950348,-0.009588462,0.0010750603,-0.00038561205,0.0033860453
-8.069134,-0.559252,-0.07629491,0.0021395877,-2.504743,-0.0044578593,-0.08044089,-7.909473e-05,-0.020030744,-0.0666181,0.017790584,-0.15108636,0.00024660362,-0.014610131,0.00023775458,0.001272268,-0.76127976,-0.16077419,0.040134184,0.00081002514,-0.009133167,0.012062889,0.0033516616,0.07460344,0.009579921,0.00017941286,-0.0021766329,-0.267769,-0.87634546,-0.009027257,-0.02809241,-0.0027121822,0.020970793,0.059394147,0.00013903793,0.0006717288
1.4115325,-0.66275615,-0.032322768,0.0016068283,0.9050109,0.019264339,0.021172944,0.0060155946,-0.096748196,0.0043161204,0.0008650521,0.788149,-0.00490318,0.0061503146,0.004035114,-0.00038523998,0.78488576,-0.20242143,0.04131339,-0.0056898417,-0.006238153,0.05025743,-0.010707122,-0.0037191387,0.00035254896,-0.0042875856,0.006356329,-0.061871946,0.14950418,-0.0010425508,0.042067505,-0.0016974413,-0.0026217145,0.024171313,0.0221881,0.011754426
21.07275,0.46774402,0.035534475,0.00030141862,-1.8445814,0.0011004647,-0.1176388,0.0051537957,0.018721702,0.004086865,0.038826197,0.8424,0.0054654796,0.030234128,-0.009155912,-0.007779519,2.3546813,0.06878581,0.06308568,0.0032432838,0.004655964,0.0671949,-0.018900415,-0.0080070095,-0.028229551,-0.0064631337,-0.0034996292,0.22093731,2.644977,0.0020321906,-0.023764666,-0.0050178794,-0.009062137,-0.0041476493,-0.021270929,0.009394595
-3.5142922,-0.1620413,-0.013377095,-0.0025453942,0.9621061,0.018389115,0.05430773,0.0011611666,-0.017498476,0.0038886832,0.0008184633,-0.2427424,-0.00061218947,0.02314033,0.0043952917,0.00032724167,0.42632034,-0.2255429,0.00040726602,-0.0070509957,-0.005963486,-0.014046485,0.0017474804,0.004413963,-0.0008012369,-0.0008237041,-0.007650741,-0.049715504,-0.64913386,-0.008200896,-0.026040498,-0.0017156671,-0.009525368,0.008138282,-0.023917258,-0.0021277412
7.2482085,0.45895264,-0.20785671,-0.0011876281,0.77316797,-0.0042379014,0.10811301,-0.022071986,-0.029065715,0.0023057756,0.010091876,0.13606071,-0.0013305492,-0.03174147,-0.0061794673,-0.008116983,1.2683493,-0.05100716,-0.02211027,-0.030454516,-0.025071163,0.09823244,-0.008139132,0.013644182,-0.00792937,-0.0048973653,0.002505898,-0.43262136,1.1025715,-0.017950432,-0.12025078,-0.009494284,0.005628891,0.0044887788,-0.00750647,-0.0060156356
-8.260961,-0.5513369,-0.020738345,0.0020214322,1.06513,0.000668256,-0.040606085,0.0035713702,-0.00022567327,0.0030130043,0.006500026,-0.16091783,0.0005919842,0.00979674,-0.00011281502,0.0010498124,-0.7528504,-0.13791129,0.033412762,-0.0020249747,-0.0048418865,-0.034468073,0.009266195,0.0019913109,-0.0020735997,-0.002582334,0.0042006318,-0.045343935,-0.8325512,-0.014686558,-0.029750898,0.0011630717,0.00059934077,-0.004709524,-0.0038388486,-0.013211072
-8.2112255,-0.52954024,-0.06071901,-0.007777755,1.0614955,-0.0104026375,-0.01786618,-0.0030491701,-0.015036996,0.0033063123,-0.011263043,-0.1519915,0.0017448346,-0.010382604,-0.0030911823,0.0015069256,-0.7453361,-0.15677181,0.030898197,-0.005911533,-0.0055669253,-0.031804834,-0.0016324145,-0.0010816393,-0.004259993,-0.00013693071,-0.0019737314,-0.020259615,-0.8314503,-0.011127948,-0.008206191,-0.0033300729,-0.0016689958,0.0044771167,0.0010565065,-0.012002472
-8.235731,-0.5488231,-0.06907127,0.0006713203,1.0543556,0.0059496486,0.0050165243,-0.0005118332,-0.017903179,-0.03327661,0.0041406914,-0.15357761,0.0009245904,0.00998709,-0.0005966288,0.0016337343,-0.69601333,-0.15905885,0.041279204,-0.004576603,-0.006090084,-0.007063886,0.007903055,-0.0007342355,0.0090830885,0.00011858262,0.0032868227,-0.022936203,-0.807738,-0.011874005,-0.035057127,0.0009936475,-0.006639488,0.00035285222,0.0009145302,-0.010646487
-8.214516,-0.54259187,0.006832583,-0.010636619,1.0633731,0.0023169576,-0.0017767407,0.0017062672,-0.013400446,0.0018309635,-0.0032060998,-0.17534827,0.0022353786,0.007997568,0.0024072619,0.0019707892,-0.75353867,-0.085446216,0.034137923,0.0027325992,0.0002996065,-0.022444278,-0.0034863672,0.00089451455,0.0029634908,-0.0013635597,0.0038040252,-0.009072562,-0.9379491,-0.008419734,0.0055671986,-0.00020832045,-0.006756297,-0.006489482,-0.0016810694,-0.0037115146
-8.190797,-0.55052,-0.000782972,-0.012372524,1.0101267,0.0003102218,-0.0009400944,0.0020065766,-0.0138459895,0.0029742592,-0.00928757,-0.16637564,0.0024836464,-0.002448715,-0.0018905365,0.0015218016,-0.7226634,-0.1418836,0.033727605,0.009215251,0.001103721,-0.03978191,-0.003613523,0.0015069594,0.0035401038,-0.0009816444,-0.0022053046,-0.025259545,-0.8416909,-0.013093275,-0.0018579096,-0.0009917779,-0.001013187,-0.0022870558,-0.0007018182,-0.011146174
-8.1254,-0.5340693,-0.0627995,-0.0024389003,1.0394858,0.0007289365,-0.039088596,-0.0011709464,-0.015964363,0.0035324453,0.00397007,-0.15420017,0.0005121803,-0.006268421,5.587899e-05,0.0015051599,-0.71597725,-0.14663956,0.040097427,-0.0042428854,-0.0075035417,-0.016976286,0.0072347135,0.0023862505,0.009368192,-0.0019389292,0.0013104393,-0.00568049,-0.83343565,-0.008522973,-0.034190536,0.00034979454,-0.0034135808,0.0011150048,-0.0050112163,-0.0029217533
-3.2593987,0.053508025,-0.038860478,-0.0032657976,0.9587034,0.025881417,-0.2786805,-0.000571303,-0.013861313,0.0044471724,0.004516448,-0.3036519,-0.0101575935,0.0053017912,-0.00127647,0.0010475678,0.40141714,-0.23031953,-0.0057520987,-0.008449463,-0.004154376,0.044590127,-0.002989897,0.00317726,0.0021887613,-0.0086710965,0.0014041618,-0.17866865,-0.72166294,-0.0054583144,0.0036561831,-0.0020787264,-0.009966989,0.0023357095,-0.013798524,0.0003291657
12.558493,0.31161097,0.07243596,0.0009241033,0.9157053,0.012828089,0.12009089,-0.0009467623,0.025779206,-0.008630974,-0.039922655,0.2107387,-0.0003736692,0.037231967,0.00041576163,-0.0016291235,1.5704757,0.036189772,0.027568918,0.02860007,0.019718012,0.070268124,0.0002333636,-0.0044516698,-0.014911537,0.001203144,0.0014874192,0.15149884,1.1808255,0.0112537695,0.087974876,0.0055010472,-0.0052837525,0.0038360897,0.00047649635,0.013264245
16.2913,0.50895077,-0.1353041,-0.00364758,0.8058314,-0.033354454,0.07599884,-0.0026775817,0.034188576,0.003145029,0.008147406,0.7826593,0.0011207822,-0.04447228,0.0010618079,0.0013428037,2.2635777,0.06461906,-0.033747714,-0.041348536,-0.030794265,0.05493384,-0.014566965,0.00212988,0.006769223,-0.0039083646,-0.0032642814,0.024157375,2.4955738,-0.0051392573,-0.03737022,-0.037541423,-0.00705575,-0.013196644,-0.01382858,-0.0063601197
-8.194357,-0.5366268,-0.0212421,-0.0012383189,1.0607783,0.00026214818,-0.015308076,0.001138088,-0.0036232292,0.0029853936,-0.00967559,-0.17068958,0.00065919623,-0.010272246,-0.00024985961,-6.815025e-05,-0.7530243,-0.15431245,0.035099745,0.0006129246,-0.008314896,-0.021847134,-0.002663006,0.0022484264,0.002758614,-0.002038834,-0.009106434,-0.022253806,-0.8713306,-0.004082767,0.0044995034,-0.0013095257,-0.0050054016,0.0063108425,-0.006572996,-0.010632545
22.89009,0.7319143,0.04116003,-0.0046127047,-2.1392756,-0.0020141082,-0.18059152,0.0062995595,0.032540105,0.0028864413,0.03624076,0.77969986,-0.0037896992,0.002667175,0.022676794,-0.011305915,2.5007448,0.079811305,-0.0028972675,0.0037117274,0.0063251616,0.04118838,-0.0029204427,-0.017902665,-0.012925476,-0.00500322,-0.00032208228,0.15910509,2.7452714,0.0010741886,-0.08245378,-0.0005176337,-0.0030296992,-0.013790452,0.0069376808,0.016556919
-8.238865,-0.531494,-0.058231417,-0.00015132295,1.0591633,-0.0049200538,-0.04399417,-0.0049804677,-0.0073246933,0.0028345692,-0.0016510169,-0.15043038,7.059513e-06,-0.014074745,-0.0033832574,0.0018339583,-0.7264837,-0.14368588,0.029074194,-0.0026411805,-0.005029772,-0.028885573,-0.0018540185,0.00044488904,0.00095739815,-0.0013961993,0.00066498347,-0.039468136,-0.80702686,-0.012265157,-0.031896245,-0.0032436517,-0.0034871679,-0.002380137,-0.0028470592,-0.010645235
-8.202144,-0.5341886,-0.017920984,-0.0021363762,1.0440092,9.922634e-05,0.022566719,-0.0009895295,-0.006557296,0.0033459573,0.00025352268,-0.15840045,0.0028279857,-0.004478818,0.0027753152,0.0008344104,-0.7497955,-0.13172166,0.044380285,-0.0021918048,-0.005071584,-0.007709609,-0.006774469,0.0013184019,0.00091102556,-0.0025321536,0.002404477,-0.0020150298,-0.84982055,-0.009248248,-0.034448635,0.0012640588,-0.003101065,-0.005157972,-0.004989051,-0.003066585
-0.56500125,0.18837303,0.04148845,-0.0031102975,1.0273169,-0.018593984,0.09949679,0.002451661,0.008182368,0.0019399266,-0.02311605,-0.35954905,0.0070649157,-0.0132416375,-0.000119364035,-0.0011924101,0.605843,0.08643878,-0.017460013,0.011472089,0.0024539197,0.029415637,-0.012142892,-0.005242791,-0.0037478954,-0.0023337784,-0.005210831,0.14754888,-0.7410977,-0.0020868038,-0.0105816955,0.0024546564,-0.0061808396,0.0055878186,-0.019834323,0.025357649
11.778333,0.30488747,0.07724958,-0.0006428506,0.9163513,0.012840623,-0.0058989227,0.0037558002,0.030955896,0.001702213,-0.03988014,0.21642017,0.0015469189,0.005030383,0.00097461476,-0.028505625,1.6153766,0.054039814,-0.02022665,0.007630259,0.012930486,-0.02208803,-0.00855552,-0.009771788,-0.012440451,-0.0048691733,-0.0033659174,0.28464442,1.347432,0.0075832414,0.08534024,-0.005448483,-0.014815464,0.00494197,-0.016119163,0.017590784
-8.186472,-0.55439633,-0.061868146,0.0031069592,-2.4330227,-0.0030035875,-0.07061692,-0.0044625765,-0.018488536,-0.020493055,0.001318271,-0.15979993,0.00026133237,-0.012732142,0.0030731186,-0.0009038097,-0.7709373,-0.16439286,0.02718431,0.006591734,-0.009929791,-0.11726005,0.0096436525,0.034664333,0.009995618,0.00075784756,0.0003687217,-0.044195376,-0.8777894,-0.010572121,-0.032802217,-0.0017846648,-0.0051905992,0.084752604,0.0024481385,-0.011479837
-8.229587,-0.54256195,-0.018643593,-0.0181823,1.0586146,-0.0002438424,-0.010557042,0.000967273,-0.0027411804,0.003055367,-0.005701564,-0.16487296,0.0006967504,-0.006899942,-0.00085535995,0.0019613141,-0.7448881,-0.1405523,0.035287626,-0.0016458189,-0.0053833625,-0.027724223,-0.0027703918,0.0064453073,0.0015150964,-0.0013756703,0.0031790892,-0.025047414,-0.86315614,-0.011194278,-0.007955439,0.00019562055,-0.003672126,-0.0007430352,-0.0023129722,-0.012050932
23.091505,0.8188323,0.027010124,-0.0044112476,0.98822904,-0.0073933466,0.09671243,-0.0021921636,0.03831557,0.0020185742,0.036290325,0.70690995,-0.004910471,-0.032445762,-0.0060819043,-0.014317863,2.5489047,0.10217152,-0.122669406,0.015137819,0.008397199,0.02715933,-0.031997405,-0.0014198788,-0.05112239,-0.0063857683,0.0058246567,0.21185449,3.0142195,0.008825809,-0.009845121,-0.009254828,-0.0057083117,-0.004260444,-0.018064247,0.02206477
-8.161104,-0.55554235,-0.05067643,0.0018953624,-2.4852448,-0.014824402,-0.03853006,-0.009376091,-0.010000574,0.0038238459,-0.010910399,-0.16453291,-0.0054697655,-0.009020742,-0.0053882753,0.00029427433,-0.7916366,-0.14571789,0.043676004,0.014737431,-0.0016958968,-0.030470563,-0.007842035,0.0038697424,0.00071212807,0.00078425236,0.0004588442,-0.2889368,-0.9193099,-0.013158145,-0.007927457,-0.00081281486,0.013623733,-0.002460965,0.0030258629,-0.000902724
-8.230549,-0.5585996,-0.0092770625,0.0031944516,-2.5202448,0.004609843,-0.014780822,0.0010320845,-0.005028171,0.0031937703,-0.0022449677,-0.17537025,0.000481106,0.0063424613,-0.003446998,-0.0006716394,-0.8200025,-0.13334985,0.04077714,0.004749797,-0.006225333,-0.028982276,-0.007333691,-0.00093977957,0.0018801164,0.0011153535,0.0011995998,-0.24073364,-0.9041748,-0.014448443,-0.029211903,-0.0003472688,-0.01369757,-0.00090042554,0.0049291966,-0.002146882
-8.088428,-0.53376275,-0.062427893,-0.009269711,1.037439,0.0006030777,-0.07740551,-0.00015549902,-0.016748331,0.0034103761,-0.000750988,-0.15649633,0.0031406595,0.0010864616,-0.0003719584,0.0019985929,-0.70985746,-0.14630316,0.041534815,-0.0053649945,-0.0060479846,-0.012424864,-0.0057907696,0.00073449285,0.0024420174,-0.0010291219,0.0016211281,-0.0060014324,-0.8303733,-0.0069959946,-0.035366274,-0.0026796404,0.0017676966,0.0004542052,-0.00033085985,0.0018729303
-8.205778,-0.5502056,-0.028223831,0.0028740868,1.0470414,0.002289178,0.024870323,0.003441914,-0.013510616,0.002876619,0.0056032436,-0.16400816,-0.0038326532,0.003149808,-0.0029253564,0.00067784905,-0.73055303,-0.14262609,0.044486128,-0.003931208,-0.006506099,-0.026990395,-0.007465013,0.00086045614,0.004126621,0.000822893,-0.00050806656,-0.013045123,-0.82503796,-0.008448026,-0.034534812,-0.0033240027,-0.0038398274,0.0010562176,0.0042978926,-0.0027835104
-4.151863,-0.24573831,0.06536694,0.0067848917,1.0356307,0.020226263,-0.038622554,-0.0031288462,0.01880826,0.003514223,-0.0019728506,-0.3001865,0.000102818405,0.016362771,-0.0024660814,-0.017471833,0.43918768,-0.24246725,-0.0004194344,0.011647014,-0.00023071973,-0.053479232,-0.0038252857,-0.0044045923,0.09442651,-0.00046484094,0.0046891696,-0.16639532,-0.6212867,-0.010696347,-0.02443782,0.00012425998,0.017407456,0.0072628995,0.014337789,0.0007748025
-8.154835,-0.55363864,0.041517455,0.0009108375,1.0851657,0.0003631142,0.059845828,0.003150327,0.0012908253,0.0020454268,-0.005026593,-0.18270884,0.0022900626,0.010046636,-0.0026357505,-0.003078712,-0.8156629,-0.065051086,0.043686412,-0.011243409,0.00956269,0.04714533,0.005788842,-0.014358863,0.00023065621,-0.0029221226,0.007005236,-0.16755684,-0.9409533,-0.008152275,0.0056801825,0.0016972199,0.002109967,0.0019864347,-0.0020398137,-0.011007763
-3.2315166,-1.1342807,0.06831975,-0.0003332979,0.9848704,0.027133556,0.037323184,0.0020560634,0.0064421766,0.0038610194,-0.07984172,-0.47076303,0.006253205,-0.003126855,-0.02736648,0.011166863,1.0038179,0.05147992,-0.00951475,0.009171703,0.004242002,-0.015159612,0.00866715,0.00046039151,-0.0020933228,-4.711199e-05,0.005459444,-0.054559313,0.7290705,-0.009119843,0.039918464,-0.0074981623,0.00605148,-0.0046302606,0.0019835648,0.018996516
22.288216,0.49225923,0.071908966,-0.0034158286,1.008165,-0.010032853,0.10407016,0.004439619,0.03402583,-0.028022246,0.025562156,0.65864426,-5.774064e-05,0.0114858365,0.0013604581,-0.01285379,2.5661647,0.10876053,-0.080678895,0.010491063,0.028365143,0.019041434,-0.020635728,0.004784074,-0.045290858,-0.0034204852,-0.00019611158,0.24729529,3.0612538,-0.0001227342,-0.01377159,0.008965833,-0.017613703,-0.0039924188,-0.009522555,0.017927185
12.6510105,0.5616734,0.061087642,-0.004542232,0.90193623,-0.031952858,0.11000243,-0.008543404,0.027934195,0.0016971339,0.036498386,0.33575785,0.0005244797,-0.005681485,0.0037554463,-0.000825335,1.6525642,0.032014884,-0.03367713,0.024892705,0.012151351,0.002738798,-0.0057552108,-0.0041061714,-0.006438999,-0.0037807538,0.0007502043,0.011211065,1.3397107,-0.0089215115,0.09610359,-0.004699434,-0.003975745,-0.010532057,0.0018747847,-0.0032111222
6.4235067,0.41150045,-0.104005024,0.0017324574,-2.1281667,-0.039692927,-0.18570124,-0.025674082,0.013208934,0.0019491558,0.009421573,0.2863521,-0.0043444126,-0.0054586735,0.0040998133,-0.0063510407,1.3202629,-0.0048247413,-0.003033609,-0.0094275735,-0.017494407,-0.08312301,0.013142709,-0.0034929411,0.009344405,-0.0033226637,0.0006299292,-0.3511051,1.0142534,0.0025862632,0.060991775,-0.010454645,0.011253653,-0.0045486935,-0.003967754,-0.0027525818
-2.4662488,-0.13478443,0.045336477,0.0045055533,1.015225,0.02181853,0.104760826,0.00025956216,0.014206334,0.0035388402,-0.002894932,-0.3175859,0.00317546,0.019967703,-0.0009827877,-0.01090678,0.41399288,-0.22286768,-0.002677209,-0.00093291316,0.0057944283,-0.01433364,-7.125651e-05,-0.0030701826,-0.009035249,-0.00046983358,0.005583081,-0.06831935,-0.6673801,-0.011582412,-0.00059536955,-0.001837616,0.009323709,-0.0045659496,0.023866104,-0.0018909263
20.005278,0.85168195,-0.092751384,-0.008594838,-2.166953,-0.02488772,-0.19198684,-0.0074359966,0.019296523,0.0068124514,0.03983938,0.77707446,-0.001906405,-0.027116898,-0.0007456433,0.005277912,2.4724607,0.118227035,-0.117866024,-0.03519841,-0.016681435,-0.0831174,0.06522148,-0.0024464584,-0.002163013,0.0024391268,0.0008746849,0.11778881,2.6232295,-0.0036324197,-0.017222475,-0.023209313,0.019985717,0.0037964848,-0.005325523,0.01542187
7.5547924,0.22245787,0.058946803,-0.018341431,0.95942575,0.014289642,0.08252255,0.012356376,0.089686915,0.0017034778,0.006862568,1.3245068,-0.008072735,-0.0120812,0.00061798986,0.0055633876,1.5004684,0.07078789,0.117162324,-0.0046816412,-0.0015603245,0.02141867,0.00653875,0.008227854,-0.01004491,0.00012019226,0.001887504,-0.05440942,-0.39558205,-0.008498411,0.057492577,-0.0072530145,-0.010456991,0.004531367,0.02046067,0.013815615
1.1839904,-1.2521824,-0.14762336,-0.00024015646,-2.2382333,-0.020957872,-0.090830654,0.0045631137,0.016357055,0.0063301935,0.023317514,0.74804765,-0.0006726948,-0.017456269,-0.0012616413,-0.02227772,1.4700284,-0.2944087,-0.029627126,-0.026773008,-0.0238003,-0.20772679,-0.022176906,-0.02810822,-0.003549374,-0.0005585442,0.0077224327,-0.18632665,1.1688883,-0.021622108,-0.022591181,0.026788384,0.018452605,-0.01938345,0.024547577,-0.008554005
-8.2086,-0.5236069,-0.034155183,-0.011961229,1.0558672,-0.0070748962,-0.01460869,-0.0052167834,-0.00079037587,0.0028988286,-0.0051754634,-0.15773071,0.00021822905,-0.009295438,0.0017640982,0.0007142748,-0.7463806,-0.1501018,0.029762011,-0.003328375,-0.0055060103,-0.024491135,-0.0032541072,3.2609663e-05,0.004754836,-0.0012708273,-0.0008348688,-0.024771802,-0.84704787,-0.011952352,-0.004174425,-0.0025860067,-0.0059422283,-0.005566507,-0.0006669814,-0.012286211
20.165083,0.7435587,0.061680656,-0.0057730894,0.917626,-0.0010287861,-0.07467299,-0.0036002714,0.030394876,0.003403627,-0.011818502,0.49299827,0.00019533676,-0.007834897,-0.0036498778,-0.000799883,2.2975786,0.07555892,0.008560698,0.017003005,0.017829642,-0.015413618,0.06788714,-0.008100138,-0.017573202,-0.01285044,0.00235161,0.24376744,2.351113,0.027909882,-0.015427925,-0.007434278,-0.014758199,-0.004313756,-0.016379988,0.00085141964
-8.094825,-0.5269558,-0.06749478,-0.008448756,1.0439603,-0.0041046594,-0.056348372,-8.556324e-05,-0.016472511,0.0033653968,0.0007353169,-0.14997944,-0.0008095682,-0.0076457164,0.002759067,0.0018019963,-0.71521264,-0.14748734,0.03911562,-0.0011216144,-0.006801662,-0.01990845,-0.0035267505,0.0013601724,0.0009708905,-0.00087419443,0.0008991223,-0.003850741,-0.8295357,-0.00821658,-0.03467701,-0.0017966214,-0.0035816482,-0.0015896532,-0.0007850055,-0.0032100165
23.74991,0.5338716,0.063153274,-0.0034654795,1.0291713,0.00033389093,-0.14493752,0.005257972,0.02463386,-0.014338954,0.044490248,0.69857186,-0.002041677,0.008890707,-0.0039504035,-0.0008267873,2.6716897,0.12607685,-0.08219801,-0.005336406,0.018135754,0.019152852,-0.012568989,0.0046474375,-0.0027489539,-0.00634317,-0.00139455,0.27665424,3.140914,0.016082518,0.00022304185,-0.013681627,-0.013655332,-0.004855357,-0.016766585,0.018830331
-6.8321295,-0.7338798,-0.1156162,0.0004137469,1.0113239,-0.018444689,-0.033319686,-0.0033022624,-0.005254355,0.0048219548,-0.018475171,-0.11177093,-0.0036293792,-0.016275026,-0.0041639246,-0.004947614,0.24737798,-0.24674253,0.015028668,-0.010776092,-0.010014399,-0.047798585,0.00026664854,0.000119884135,0.00025300618,2.6645455e-05,-0.0042821025,-0.02961081,-0.6839385,-0.011013693,-0.028086286,-0.004524467,0.0132979825,-0.0051144934,0.005122995,-0.009920988
10.62937,0.62668556,-0.04151263,-0.0006198834,-0.04870584,-0.012892119,0.056000415,-0.0042841304,0.029144991,0.002024451,-0.05149793,0.23473176,0.003399933,-0.026116988,0.006734874,0.0064916513,1.6102352,0.022454964,-0.029117431,-0.020894727,-0.02051844,0.01588993,-0.017633734,-0.007829714,-0.011973628,-0.0045375377,-0.003176537,0.15385412,1.393525,-0.006397477,0.06224709,-0.009744382,-0.0068051713,0.0076186573,-0.0110266255,-0.003750627
-8.150645,-0.5561446,-0.08880732,0.002168109,-2.5179393,-0.016530601,-0.039247774,-0.00061936735,-0.019609679,-0.019755464,0.004846232,-0.15980634,-0.0051490236,-0.008163574,-0.00044849887,0.0005183787,-0.77449626,-0.15993391,0.042436514,0.002241673,-0.008019162,-0.031161012,0.0077648885,0.0039412077,0.0016850346,0.00034058708,0.001292072,-0.2970312,-0.87845165,-0.012080751,-0.036540426,-0.0049663805,0.01636072,-0.0036408356,0.0029102538,-0.002923776
-8.085472,-0.53464574,-0.067654416,-0.009283024,1.0142876,-0.0011717683,-0.07916933,0.0010038257,-0.015947148,0.0034063936,0.0115173785,-0.1474409,2.4472734e-05,-0.0020211923,-0.002383595,0.0005472698,-0.7101902,-0.14929324,0.04127322,-0.005024205,-0.0057947882,-0.015965125,-0.004192515,0.0133083,-0.00042636137,-0.002779922,0.0020469863,-0.006610156,-0.8239164,-0.008325308,-0.03283862,-0.00085471896,-0.010659924,0.013153655,0.0014941902,0.0017744552
21.555927,0.4581357,0.07476569,0.001920559,0.9383858,0.004467393,0.020900197,0.013421551,0.028103413,0.0023003838,0.08524984,1.2288449,0.005237839,0.038666766,-0.00576123,-0.00866872,1.7694392,0.04608876,0.19899835,0.034916766,-0.014434468,-0.024811003,-0.0057934676,0.0012336902,0.0028029692,-0.004280422,-0.0018232423,0.4057498,1.7129588,0.007154894,0.13085048,0.0013420687,-0.016779412,-0.00076424074,-0.005556243,0.030545231
-4.267055,-0.61660373,0.063152686,0.0018272474,-2.4880676,0.017684432,-0.13074107,0.014466703,0.028282324,0.0038224277,-0.03195563,-0.3024473,0.004886054,-0.0011838529,0.0010853169,-0.0113628,0.55594456,-0.0015139617,0.00032100128,-0.0010851063,0.008236244,-0.09294404,-0.0026375018,-0.0033739125,0.003570501,-0.0010697312,0.004544326,-0.054009143,-0.61739886,-0.01967223,-0.002026724,-0.017359754,0.012600376,-0.00021332345,0.0055553373,0.0031162912
-7.8102713,-0.27748567,-0.06310553,-0.0012211788,1.0516822,-0.011355183,-0.07188797,0.00095707056,-0.018006887,0.0036118769,0.00507535,-0.17449966,-0.0059572756,-0.008675223,0.0028700817,-0.001307402,-0.6702237,-0.14371717,0.03242051,0.0008351992,-0.0051034703,0.009352926,0.00384203,0.013970071,0.009932107,-0.00026735113,0.00022115713,-0.09221556,-0.876883,-0.0063524093,-0.032603662,-0.0014723383,-0.0076348726,0.0040102564,-0.0140941,0.0014630042
-6.1496487,-0.5600026,-0.035635788,0.0034373102,-2.4748569,0.0051916176,0.027550237,-0.001808359,-0.005926472,0.004660252,-0.0023816081,0.01611881,0.0013822129,0.01072974,0.0031787474,0.026457623,-0.5014445,-0.15876922,0.06653871,-0.010788136,-0.008285385,-0.017506674,0.0032786098,-0.0012080687,0.01961119,0.00058785547,-0.00017783792,-0.26137567,-0.8499647,-0.013713061,-0.026873766,-0.0042042783,0.00088537287,-0.0015501104,0.0050391676,0.00197746
-8.13824,-0.542186,-0.031980723,-0.0013738206,1.0442932,0.0027496673,-0.032666814,0.0019895465,-0.015352792,-0.014558816,0.0049301847,-0.15886237,-0.0035525565,0.001931822,0.0021673492,0.0012232595,-0.72997683,-0.15038295,0.043060422,-0.00334187,-0.0076232855,-0.024391042,-0.0022184397,0.0021171502,0.0014342198,-0.0018617207,0.002189817,-0.004192092,-0.8149917,-0.007307191,-0.033291835,-0.0024176266,-0.0054927897,0.0017767481,-0.003547855,-0.0011920491
-8.063288,-0.5463707,-0.03673232,0.0029742692,1.0882243,0.003285254,0.0513687,0.004543579,-0.009737636,0.0032713732,0.014101678,-0.15137775,-0.005506896,0.00621403,0.0024565044,0.0009854637,-0.6624272,-0.14103861,0.051995933,-0.0062426766,-0.007677488,0.052893437,-0.0013291157,0.0031740505,-0.0015408475,0.0006820222,0.0006363158,-0.14773346,-0.8243201,-0.012095588,-0.030611426,-0.001812225,0.018679958,-0.0003755575,0.0055314745,0.002514559
5.7241096,0.29800472,0.07129462,-0.0070828027,0.96945393,-0.011058414,-0.04078002,-0.0015221456,0.0076957936,0.005143585,-0.109341495,-0.59067386,0.004019278,0.0026415673,0.0015576236,-0.0039244904,1.0763268,0.046295747,-0.010474108,-0.014527637,0.01067842,-0.026616024,-0.010942517,-0.01414464,-0.027540255,-0.0062474133,-0.003608221,-0.044298165,0.9471687,-0.0012453467,0.032744084,0.0064079743,-0.015611068,0.0020903805,-0.014366603,0.009075927
-8.213134,-0.53045416,-0.03456505,-0.00246012,1.0589602,-0.005042514,-0.04935452,0.0013935431,-0.0015759141,0.0034066418,-0.009676047,-0.16470367,-0.006957238,-0.006627816,0.0027735303,0.0011995197,-0.7433346,-0.15306802,0.033773385,-0.0008117291,-0.0082616685,-0.020623265,-0.002653895,1.16368865e-05,0.00023029301,-0.0019378868,-0.0014690204,-0.029968364,-0.86278063,-0.008254622,0.0054215593,-0.002704056,-0.0069522904,-0.005917434,-0.0063257916,-0.010951002
-8.163311,-0.5255136,-0.05530348,-0.010841922,1.0481054,0.00025278435,0.006734198,-0.00018410252,-0.006935558,0.0036247992,-0.0041399454,-0.16069348,0.00052605744,-0.004416928,-0.0007249277,0.0007647698,-0.754805,-0.14464957,0.04455279,-0.0046951547,-0.005731789,-0.013579586,-0.0035025363,0.0014313628,0.0034029912,-0.0015859015,0.0014622377,-0.001816965,-0.85313165,-0.008391554,-0.0028232401,0.0009961026,-0.0031092274,-0.0026466746,-0.00036361552,0.0004082795
11.500145,0.6378016,0.015521923,-0.005981328,0.86409175,-0.035822056,0.1040013,-0.0036088782,0.009643908,0.0013910165,-0.042705547,0.21217835,-0.027847521,-0.0061840666,-0.004763863,-0.007205602,1.6352468,0.042210832,-0.019033378,0.009896814,-0.001763754,-0.0111916475,-0.0142434,0.0012544309,-0.0007585445,-0.0059756767,0.0015100015,0.24400687,1.3923259,-0.0029007008,0.06651188,0.006609374,-0.0064892066,-0.0041810484,-0.012119499,0.022788873
14.793082,0.23988953,0.068545565,-0.0074200537,0.88546914,0.01744685,0.11246105,0.0131878685,0.020363403,0.0016734538,0.040539324,1.06297,0.014661411,0.027561398,-0.0012672677,-0.005076318,1.5184222,-0.032488216,0.06575659,-0.05976425,-0.01342695,0.034682423,-0.0040767565,0.0029500898,0.0023464102,0.00027928094,0.0039320407,0.085352644,1.4250259,-0.008963532,0.2757442,-0.004660948,-0.0041188374,-0.0063420706,0.010073358,-0.011203511
-8.099761,-0.5244992,-0.06703112,-0.0009432117,1.04433,-0.0047144936,-0.04188456,-0.0037147917,-0.015197896,0.0033310894,-0.004551126,-0.15305144,0.00012203422,-0.0110963555,-0.0035640183,0.0013965276,-0.7230747,-0.15486552,0.040025838,-0.00070361036,-0.0049143047,-0.019246377,-0.0026876484,2.3931103e-05,0.002816082,-0.0008342862,-0.00034288588,-0.0007409081,-0.8453542,-0.009358599,-0.005876538,-0.0022109384,-0.0026248775,-0.002691211,-0.00665842,-0.003356858
20.131811,0.35454568,0.056964073,0.002797178,0.88444036,0.011679315,0.09258102,0.011636165,0.036924332,0.0034151375,0.02643254,0.8768034,0.0011295521,0.029626861,-0.0046295845,-0.010981578,2.3201947,0.07023812,0.056897044,0.014233381,0.0024590576,0.01606611,-0.006571322,0.0012838276,-0.032733563,0.0019267186,-0.00078179187,0.2415264,2.5884519,0.0041083577,-0.011435312,0.0026128602,-0.0066339453,0.0043215062,-0.008066293,0.018891696
-8.11303,-0.54196787,-0.037377782,0.0017922282,-0.35630205,0.0017175158,-0.102945164,0.0048298533,-0.0138006285,0.0040828027,0.005514148,-0.16839871,-0.004673125,0.001789269,0.0043882015,0.0012358259,-0.7534201,-0.14196335,0.037756704,-0.0048005953,-0.0065451516,0.093524784,0.012429664,0.0013490779,0.009408597,0.00095154863,-0.00063381216,-0.24712554,-0.9013688,-0.007626081,-0.036308553,0.00026648078,-0.0027779588,0.0017424909,0.0042282883,0.005124704
-8.155314,-0.53466094,-0.063461445,-0.0026087265,1.0169597,-0.001626027,-0.0042238757,-0.00090273167,-0.017275333,-0.014861416,0.0013532839,-0.14664163,-0.0041982494,-0.0064783907,0.0019971896,0.0009218399,-0.71059746,-0.16497433,0.040460344,-0.0027183306,-0.005818016,-0.027996536,0.00055497536,0.0122168325,0.009939843,-0.0015213059,-0.00076304225,-0.004937375,-0.8020472,-0.006806747,-0.032637738,-0.0028565687,-0.0018348487,0.012097502,-0.003885976,0.0011341744
-8.253981,-0.54324615,-0.021972423,-0.011603203,1.0612031,0.0016388512,-0.0017305965,0.0035926318,-0.013170094,0.002785893,-0.0017927957,-0.16379808,0.001396471,0.011117199,-0.0041982504,0.001043262,-0.72630423,-0.13689978,0.032270685,-0.00036005813,-0.0048582014,-0.024295436,-0.004631774,0.0008779237,0.001827973,0.0010558616,0.0037171193,-0.03452895,-0.8331494,-0.012655792,-0.028369501,-0.00010147047,-0.0046935403,0.0020224124,-0.0007478888,-0.009779608
-8.094576,-0.53666574,-0.06383647,0.00093001814,1.0349301,0.00014336049,-0.07491394,0.0001275016,-0.016789403,0.0035295011,0.00090770435,-0.15528823,0.0032022928,-0.0039702514,-0.00021683222,0.00025556982,-0.71349335,-0.14546728,0.043045264,-0.0027997065,-0.0063095167,-0.013252525,-0.0059667146,0.002717043,0.002839495,3.7929363e-05,0.0016376068,-0.004600992,-0.8325918,-0.007921331,-0.033202905,-0.0010309846,-0.0037042866,0.0019992061,-0.0059211436,0.00081362226
-8.162103,-0.5299744,-0.058847606,-0.0016255921,1.0388436,-0.004063265,0.02850033,-0.0028017063,-0.012420065,0.0033800798,-0.011372489,-0.15300635,0.0016365821,-0.010971947,-0.0033416527,0.0011689762,-0.7586978,-0.15919477,0.04206736,-0.002074577,-0.004740085,-0.013806032,-0.0022818004,-0.0010510936,0.0026404902,-0.0005950083,0.0008038824,0.0022020503,-0.82792115,-0.007256733,-0.004560935,-0.00013831988,-0.005214104,0.0021940274,-0.0046261027,-0.0023707806
19.01316,0.6682079,0.06189144,-0.0041150325,0.91703,-0.0017895948,0.081546366,0.013681187,0.03195835,0.0033794702,0.029472616,0.4528529,0.0005478259,0.0130031565,-0.0032512872,0.004758735,2.2370055,0.046083402,-0.019142596,0.015368828,0.00853483,0.030508393,-0.0136811575,-0.0011381685,-0.06901489,-0.008913357,0.00042839328,0.11742396,2.4433594,-0.013398748,-0.00016286387,0.005092506,-0.0062967404,-0.00062873797,-0.011497424,0.0054512983
-8.161562,-0.54103804,-0.065772876,0.0007433571,1.0408404,-0.0034405987,-0.0033024193,0.0020696495,-0.0145040965,-0.034846533,-8.3242754e-05,-0.15103766,-0.0060797897,-0.004568195,0.0032336575,0.00177676,-0.70003206,-0.16126119,0.04297188,-0.0042152004,-0.008397322,-0.01899343,0.0028540026,0.00137935,0.008277459,0.00043841393,-0.00084050663,-0.0032712384,-0.8024762,-0.005708713,-0.034547187,7.235307e-05,-0.003578666,0.0015035346,8.858393e-05,0.000787278
14.031994,0.6163567,0.0020110772,-0.0048747533,0.9518132,-0.017334267,-0.063028745,0.0034570901,0.0076836823,0.001718531,-0.04186539,0.22538783,0.00074252253,-0.0138184065,0.00055911596,-0.0006134283,1.701859,0.069124416,0.0154234655,0.02754036,0.014766034,-0.014597548,0.0036649911,-0.0068148375,-0.01732833,-0.006994294,-0.0005653073,0.26688692,1.4584527,0.016121907,0.099009454,0.0009455005,-0.014731201,0.0053321924,-0.006980953,0.026566261
-6.56096,-0.0048633236,-0.06878668,-0.005364813,1.0435011,-0.025870016,-0.12504698,-0.0050852043,-0.006812186,0.004836705,-7.4476906e-05,-0.044905674,-0.00022491738,-0.024210691,-0.0010672339,-0.0002278007,-0.5189903,-0.15917476,0.02155712,-0.005596068,-0.00585395,0.016281303,0.004945671,0.00087300834,0.002748719,-0.0064128246,-0.00070046965,-0.07888374,-0.9126972,-0.0063786176,-0.030340182,0.00015115058,-0.01332435,-0.0009240753,-0.018351028,0.0025685641
-6.145287,0.008021448,-0.07518323,-0.007435845,1.0246822,0.0030115293,-0.046002883,-0.009780433,-0.01564826,0.004680373,-0.0008350165,-0.0571605,0.0012049592,-0.02042257,-0.007407367,-0.0048936317,-0.40653396,-0.15620486,-0.009644143,-0.0022674997,-0.0032900246,-0.01520856,-0.0025300407,0.0017020459,-0.00066834036,-0.0021327063,0.0022991907,-0.016388964,-0.8256932,-0.0062121134,-0.027909735,0.0064795143,-0.0079455245,-0.0013714759,-0.02049839,0.0010651989
-8.161994,-0.56855106,0.008107161,0.00046795871,-2.5168495,0.005743064,-0.018537015,0.002508642,0.0026309106,0.004004713,0.0030120092,-0.17287633,0.0027707478,0.0018886307,-0.0008172082,-0.0024311496,-0.8295642,-0.13471729,0.042131756,0.004080425,-0.0008453845,-0.018555615,-0.007865541,-0.0018965144,-0.0024762736,0.00031672107,-0.0006447779,-0.296585,-0.91618204,-0.0118900575,-0.032999884,-0.0042145136,0.008282758,0.00019818518,0.0048627844,-0.0019274503
-8.255841,-0.5517158,-0.026957324,0.003160311,1.0614437,0.00014032728,-0.005184882,0.0058473134,-0.00013494214,0.0030997493,-0.0022752194,-0.1558974,0.0012629497,0.0029879468,0.0025612058,0.00040552238,-0.7394381,-0.13508219,0.030909944,-0.002711159,-0.006530798,-0.034250468,-0.003357144,-1.5553316e-05,-0.0013225774,0.0007739776,0.003945315,-0.021127494,-0.8279274,-0.012229134,-0.027539974,-0.0021015615,-0.001818124,-0.005824906,0.004918646,-0.009450214
23.293827,0.5757679,0.025424995,-0.00666574,1.0049601,-0.018840639,0.098075785,-0.0071320185,0.03335806,0.0015349782,0.0326726,0.7342835,-0.0017204586,0.011138265,0.00013880497,-0.017033847,2.5201895,0.103495345,0.089083105,0.0067970487,0.009542531,0.08347194,-0.022888165,-0.0062614996,-0.006385717,-0.007892167,0.0019033784,0.19799386,2.8899515,-0.0035548047,-0.013986542,0.020024875,-0.009607691,-0.014101505,-0.012734177,0.017621828
-6.5979877,-0.19580571,0.013943389,-0.003471346,1.0942261,0.015015081,-0.006910514,0.022588937,-0.0020526901,-0.0017280276,0.003862589,-0.20794086,0.0012386591,0.020599794,0.00032399624,0.0065477686,-0.5478512,-0.081925005,0.017864242,0.004356806,-0.004908058,0.060827143,0.0045774407,0.0064209034,0.003002325,0.0030891506,0.0009799813,-0.002964319,-0.9910244,-0.0045495336,-0.008542701,0.0006235302,-0.010735926,-0.0011599609,-0.005078274,-0.013830765
-6.924486,-0.14821568,-0.026469057,0.0012198812,1.0932504,-0.014364357,0.034789324,-0.00066560396,-0.0038352297,0.0027111368,-0.0016462088,-0.19303146,0.00338652,-0.019296998,0.0014109757,-0.005499302,-0.65376294,0.013250783,0.0044880393,-0.0026793994,-0.006898783,-0.0093418965,-0.008752344,0.00551002,0.0044615893,-0.0002190896,-0.0039199656,0.13536885,-1.0856112,0.02967993,-0.0071825827,-1.0301701e-05,-0.0046112207,0.0009997877,-0.01037244,0.0912277
-8.163974,-0.54347897,-0.06764798,0.0008936499,1.0205525,-0.0043690745,-0.011203107,0.0035950372,-0.016336909,-0.030915208,-0.00014531853,-0.15195058,0.0009284694,0.010127371,-0.00092757307,0.00038319736,-0.7104286,-0.15760247,0.043481775,-0.0019412582,-0.005477364,-0.017535113,-0.0028469309,0.012207809,0.0076290863,4.9922255e-05,0.0019689868,-0.0037065367,-0.802259,-0.008662268,-0.03329408,-0.0011714166,-0.0047984766,0.012338247,-0.001445876,0.0007616422
2.978371,-0.093747266,-0.19180343,0.00047175185,0.8917084,-0.0297676,-0.013410491,0.0065077404,-0.037988078,0.004929701,-0.013841607,0.23881087,-0.01281335,-0.027426617,-0.0026683675,-0.02285998,1.2861556,-0.16513552,0.0045103533,-0.015725922,-0.023556067,-0.0075058034,0.00393085,0.008395563,0.025481103,0.001108913,-0.008381669,-0.08837305,1.1387793,-0.011275331,0.01626716,-0.017394776,-0.006707631,-0.0003796229,0.018069161,0.0046542226
-8.115649,-0.52293956,-0.055835247,-0.007578061,1.0414251,-0.002792228,-0.02757306,-0.004845019,-0.007193799,0.0033896212,-0.005072654,-0.15495387,0.00022223001,-0.009273351,-0.0007755818,0.0005226702,-0.74872774,-0.14297706,0.043863315,-0.003942304,-0.0054725246,-0.014541517,-0.006683493,0.000984112,0.0028244741,-0.0011406812,0.0011616553,-0.0008146379,-0.85004604,-0.009725313,-0.010238529,0.0012930654,-0.0034993817,-0.0029273008,-0.0005627112,-0.002334296
-0.59575707,-0.34778282,0.18950452,0.0032132016,1.0210115,-0.014073193,0.09782297,0.0076329,0.011793727,0.0025432797,0.022211332,0.18644795,0.0046091336,0.0206287,0.0032153062,0.106926546,0.9972502,0.15595782,0.07721059,0.027314806,-0.0072310977,0.01367773,-0.018258581,-0.007510672,-0.044976696,0.002055644,0.0077680163,0.1773333,-0.621226,0.0039761257,-0.036149684,0.021505462,-0.0052638305,0.0015410793,0.017786162,0.017084913
11.427917,-0.65498596,0.098332584,0.004464405,0.8921923,0.015664969,0.10263084,0.010028783,0.00845509,0.0033657625,0.034690164,0.8961469,-0.0017519421,0.00643134,-0.0023970252,0.0042519704,1.733915,-0.20419271,0.013984221,0.012776258,-0.0057560485,0.00775776,-0.018703131,-0.01322544,-0.050680235,0.0017348558,-0.01675279,0.084439665,1.4438643,-0.00023552527,0.031720854,-0.010209155,-0.0071233483,-0.0069648447,0.03167616,0.023134723
-8.112029,-0.5387089,-0.06181467,0.00023435874,1.0455233,-0.0018193341,-0.05493534,0.0021937646,-0.017741738,0.0033381379,-0.0016692211,-0.15328054,-0.0059952773,-0.0043228217,-0.0038551844,0.0012865092,-0.70940876,-0.1468162,0.042498514,-0.0032512606,-0.0057031475,-0.022636682,-0.0064503974,0.0008978161,0.0018456718,-0.0016167805,0.0015632391,-0.0015893697,-0.8188459,-0.008316142,-0.03549868,-0.0004567267,-0.0066387844,0.001224079,-0.005849447,-0.0029229012
21.482723,0.5950638,0.073969126,0.005406559,0.95836055,0.017475443,0.09636051,0.005948155,0.04191166,0.0032757586,0.07991522,0.9187668,-0.0029409933,0.020507207,-7.907302e-05,0.006967238,2.1477222,0.08267976,0.13486466,0.0057823965,0.007896078,0.016054561,0.02009291,0.0009557519,-0.03698986,0.0025413365,-0.0019021009,0.22887276,2.4776008,0.00073907914,-0.010685254,0.0053409277,-0.0013580638,-0.001013618,0.011727373,0.013795339
-8.181217,-0.53088456,-0.039979126,-0.00816103,1.0654864,-0.0031942134,-0.0020129485,-0.009500212,-0.0017602963,0.0018182893,-0.0053672385,-0.17537399,0.0007179219,-0.005220261,0.011386838,0.0015772248,-0.7729577,-0.102559894,0.037319984,-0.0005717388,-0.004779673,-0.014181762,0.0008097849,0.007217161,0.0021368368,-0.0006856302,0.0019011379,-0.016016051,-0.9048579,-0.0012302665,-0.00830418,-0.005328354,0.003771996,-0.004765614,-0.0006623902,-0.001825134
19.972881,0.60080475,0.04880677,0.0052758195,0.9021066,-0.006127041,0.04622963,-0.00047938386,0.024668293,0.0022700096,-0.011585585,0.48974258,0.0006639933,-0.010730651,0.0012203252,-0.005674784,2.4965668,0.09562985,-0.08438211,-0.00095717364,0.014225718,-0.0028820317,-0.03248783,-0.005322435,-0.016575981,0.0053284876,0.00024434854,0.2239791,2.7993512,0.017385658,-0.017361546,0.0030810498,-0.019564224,0.0026803385,-0.009063416,0.022698049
3.748588,0.37098968,0.004466771,-0.002733008,-1.5210755,0.0033288528,-0.1315409,-0.010555041,-0.0022441226,0.010161043,0.037750136,-0.32290527,0.000707729,-0.0050660707,0.018796442,0.012909204,0.9924151,-0.12663376,0.0046492913,-0.01576121,0.008656975,0.055602018,0.005969831,0.018727196,-0.03395894,-0.002491893,0.0034862594,-0.4616315,0.73897475,-0.010428404,-0.09854127,0.0021717823,0.014390605,0.012297529,-0.008091175,-0.00014751259
12.275137,0.16196793,-0.08742809,-0.00096310035,0.9057199,-0.04781757,-0.09209357,-0.0407415,0.03210179,0.002273837,0.057880487,1.0248612,0.0024671953,-0.05349983,-0.00026650328,0.0051837084,1.778356,0.045641873,0.01870806,-0.07010566,-0.026010377,-0.019984575,0.0045361808,0.0013041571,-0.017165018,-0.0068413117,0.004474723,0.16599335,1.4710472,0.0051245135,0.09246262,-0.017908104,-0.008489627,0.016070882,-0.018264145,0.0070283944
-8.199001,-0.5424244,-0.065178476,0.0029219945,1.0859685,-0.00751635,0.033720154,-0.0019379333,-0.01724636,0.0028964102,0.0058126156,-0.15336768,-0.005128035,-0.004962159,-0.0038904354,0.0017974037,-0.7065548,-0.15350658,0.041701272,-0.0015500839,-0.0066593736,0.087876074,0.009302712,0.0019438245,0.0031491118,0.00063339504,0.0033204837,-0.16728908,-0.80901086,-0.01404972,-0.033524174,-0.0025789577,0.006873453,-0.0020434011,0.0033548225,-0.0025730834
-2.4795885,0.18636781,-0.06617497,0.00025571257,0.9869956,-0.028971914,0.09318028,-0.0029725528,0.012722234,0.0020782812,-0.019060064,-0.37724167,0.004055499,-0.0297211,-0.004082193,-0.008812625,0.37844947,0.049899243,-0.0029773903,-0.01293337,-0.009180353,-0.0006796759,0.0010115596,0.003921405,-0.006540564,0.0012114426,-0.0040972047,0.007712946,-0.8031599,-0.0057292893,-0.013485366,-0.0039455346,-0.0037360766,0.0132925585,-0.019033132,0.011729585
-6.7302923,-0.17125978,-0.067363344,-0.0024913945,1.0612731,-0.001594178,-0.024866387,0.0008910789,-0.017536145,0.0049488316,-0.0011074778,-0.016157288,0.0014493882,-0.022334645,0.0021345965,-0.0023785897,-0.48821655,-0.16305314,-0.00048982387,-0.007062505,-0.0035416598,0.0014734401,-0.003307495,0.0011814557,-9.435889e-05,-0.0037501862,0.0009802873,0.031000957,-0.88207763,-0.0070492313,-0.029165244,0.0012530574,-0.0063988282,-0.00030419772,-0.012646646,0.002306386
-8.218487,-0.5308764,-0.01599907,-0.008254903,1.0592163,0.00017025272,-0.0204229,-0.00038255454,-0.0037351456,0.0033076708,-0.009856853,-0.16831382,0.0012876235,-0.005749836,0.0022708944,0.0011174257,-0.7453844,-0.1424711,0.03248839,-0.0026462371,-0.006119289,-0.019494297,-0.018347563,0.0018478932,0.0024721487,-0.0019112497,0.0003364212,-0.0123830475,-0.88601744,-0.010514122,0.002754895,-0.0007966014,-0.0057529435,-0.004814938,-0.0014981026,-0.010555181
-8.039117,-0.55983293,-0.051713243,0.00019710476,-0.8794569,-0.006789876,-0.08670575,-0.0011354773,-0.01356054,0.0036303997,-0.0060406174,-0.16442974,-0.006304171,-0.0045646266,-0.007625686,-0.0007203883,-0.753537,-0.105168924,0.043318696,-0.0027132777,-0.006002322,-0.054409977,-0.0013298066,0.0010847518,0.007969206,0.00080824445,0.0013405934,-0.01170418,-0.9350109,-0.0011710328,-0.005143119,-0.0069482406,-0.012456913,0.0020757641,0.0030522996,-0.007683906
-0.9785488,0.34869757,-0.039943974,-0.004393954,1.0078065,-0.02001001,0.10011844,-0.0021585529,-0.012761368,0.0019706201,-0.014697048,-0.30812314,0.002819536,-0.036947627,0.00011688984,-0.00071560766,0.64528173,0.07927952,-0.023913639,-0.011482751,-0.012965378,0.02017368,-0.017378245,-0.0016361964,-0.0040457617,-0.0024578106,-0.0017756467,0.22065632,-0.7621198,0.008763392,-0.0305191,0.0019659013,-0.0103374105,-0.00019994273,-0.0055894987,0.021103298
-8.078505,-0.5320156,-0.06544296,-0.0013206362,1.0402772,-0.004919293,-0.073082305,-0.0022569972,-0.015152968,0.0032982954,-0.00036557112,-0.14848013,9.453478e-05,-0.010732447,-0.0031595675,0.0016910093,-0.7121726,-0.14844596,0.0392413,-0.0043551363,-0.005839705,-0.007912506,-0.0111818155,-0.00019055857,0.0011907637,-0.00038573742,-0.00062457134,-0.0030767603,-0.8200174,-0.008498942,-0.0347945,-0.0022929742,-0.0053231483,-0.0028205726,-0.005964978,-0.0007294378
8.376698,0.5362189,0.042362485,-0.0070706834,1.0789466,-0.009114753,-0.03211529,0.004386585,-0.00923416,0.0034896107,-0.14792347,-0.5460281,0.0029335448,-0.01306147,0.0014923586,0.0102045275,1.3813088,0.049403884,-0.022691552,0.021314109,0.017393831,0.0015773758,2.962448e-06,-0.00055295747,-0.010774967,-0.0038218552,-0.002741361,0.28902444,1.2497194,0.0035874378,0.057832222,0.0008319051,-0.010904352,0.010623903,-0.010483487,0.052716773
22.101562,0.5776756,0.028589997,0.0007815095,-1.6121113,-0.009142873,0.050955195,0.009356878,0.018618047,-0.015124551,0.035009,0.6890964,-0.0028821859,0.015649214,-0.006156234,-0.010229232,2.5402222,0.09376688,-0.048129518,0.010439392,0.007890947,0.053847127,-0.003758904,-0.0063413884,-0.033979774,-0.010056916,-0.0013509867,0.18742175,2.9149356,-0.004016389,-0.010586803,0.015212429,-0.003547439,-0.011172588,-0.006103119,0.009917923
-8.135672,-0.5506833,-0.02249562,0.0046364735,1.0467829,-0.0008992761,-0.04205344,0.004376712,-0.014103349,0.0030379035,-0.0006478237,-0.15991051,0.0005452842,0.0076274355,0.0018522961,0.0011240368,-0.7526406,-0.14282,0.04269577,-0.0036105232,-0.0051837014,-0.032878824,-0.0073411143,-0.0017050115,-0.00078392413,0.00047429002,-0.00075264525,-0.0076464876,-0.8316308,-0.008461801,-0.031594872,-0.0024601545,-0.0053299093,0.002505759,0.004526986,-0.0023367894
16.307192,-0.080281116,0.11901481,-6.471939e-05,0.8840343,0.021444203,0.10672935,-0.023069378,0.035507225,0.004757656,0.023691697,1.1836476,0.00065742136,0.02109156,0.0056106206,0.013703122,1.6506053,-0.05760801,0.03154972,0.019419834,0.023772541,-0.07284596,0.0037951516,-0.006436599,-0.029871931,0.0023635994,-0.0019924024,0.06954077,1.5769788,0.007304256,0.09285486,-0.006134812,0.028252568,-0.007797239,0.035904285,0.01176576
5.38717,-0.7196684,-0.04970196,0.0033492271,1.0065951,0.0035668153,0.10206585,0.009131576,0.015149392,0.013244967,0.032100316,0.8824957,0.0038246093,0.022914007,-0.0004894864,-0.014830243,1.5386634,-0.18325111,0.018493045,-0.008754319,0.00036144315,-0.008268989,0.0018943765,-0.008487287,-0.0028927054,0.0015113385,5.076369e-05,0.0733575,1.1184379,-0.012383496,-0.12852906,-0.004191519,-0.012078458,-0.01209562,0.03212147,-0.0050722607
18.868753,0.5619181,-0.08496601,0.00017257937,0.88844544,-0.015346115,0.087841175,0.0013812269,0.02931753,0.0024113585,0.03323274,0.6446455,-0.00038418666,-0.032028258,-0.0048130634,-0.010471944,2.4467251,0.11851116,-0.07757284,-0.047460068,-0.05599625,0.028819751,0.048541423,0.0028153558,0.0016539748,-0.0004278979,0.0057482,0.21336642,2.7539282,0.005757752,-0.011100797,-0.054375164,-0.0017324171,0.0015073203,0.0015984132,0.019629084
-8.170668,-0.5457247,-0.06953977,-0.016924351,-2.524985,-0.009681131,-0.026923183,-0.001492975,-0.0068215705,0.0030352038,-0.0103046885,-0.1715052,0.00079547137,-0.010731021,-0.004071611,0.0015647684,-0.8080638,-0.15191177,0.041320655,-0.0020616963,-0.006332662,-0.015378659,0.004250758,0.0022498237,0.0062309047,0.00036886096,0.00017863222,-0.23717646,-0.93179053,-0.010786112,-0.0012495249,-0.0072372416,0.00694766,-0.0037099747,0.0011700985,-0.0030156698
18.166452,0.5856655,0.040845294,0.0023179755,-1.0591065,-0.01454006,0.051426396,-0.0011170944,0.022607094,0.003873058,-0.014158457,0.35646737,-0.0002943842,0.029535638,-0.0058648866,-0.007242347,2.173208,0.0479545,-0.0038332762,0.012912042,0.012042717,0.09518455,-0.008760546,-0.02016496,-0.028933458,-0.008398502,-0.008683657,0.18255799,2.4130855,0.036642022,-0.024945624,0.0036634346,-0.004994654,-0.007596175,-0.0041999444,0.020244138
-4.45279,-0.31208488,-0.07454037,0.0010048796,1.0584648,0.0012614477,0.08085743,0.0067384727,-0.03181952,-0.042155243,-0.014369312,-0.29016197,-0.019048009,0.0029540032,-0.0036674484,-0.011432671,0.40810868,0.01889205,0.0027293675,0.01091444,0.0024813716,0.06408463,-0.0111984955,-0.0022280018,-0.0018585067,0.0014425939,0.0072785392,-0.013398468,-0.6690675,-0.006685942,-0.036316846,-0.0036604193,0.0020658423,-0.005641364,0.0052273427,0.013592354
-8.205226,-0.5658577,-0.032818723,0.004401119,1.0398991,-0.002120784,0.014372924,0.0017316105,-0.0070799678,0.0030084723,0.005614271,-0.15815178,0.0015531322,0.008754902,0.0017903218,0.00078074844,-0.74194044,-0.13857695,0.04124145,-0.0034334555,-0.0060677025,-0.041996352,0.007782208,0.0012579509,0.00120447,0.0006289815,-9.625863e-05,-0.02310199,-0.81508756,-0.010258727,-0.03601441,-0.0042156093,0.006301444,-0.00075586594,0.0040034736,0.00071267685
17.887304,0.62798357,0.013027785,0.0005803832,0.90016925,-0.017675346,0.07604415,-0.0020623126,0.030416027,0.0014181018,0.030964352,0.7737825,-0.006167769,-0.009437131,0.0032485004,-0.008219483,2.3520463,0.09301068,-0.020939589,0.019817581,0.01111888,0.010560269,-0.0027875607,0.0012091496,-0.024089186,-0.0061423127,0.000112298934,0.21066894,2.5798008,0.0029203494,-0.03921495,0.00981982,-0.0047749844,0.007355149,-0.015092374,0.023385776
-7.929504,-0.549784,-0.05843756,0.0022073232,1.0578425,-0.0029886395,0.013805659,-0.005000141,-0.008155265,0.0045577884,-0.0016223065,0.014873649,0.00012885593,-0.016268551,-0.0034356285,0.0012705249,-0.40746439,-0.17270502,0.010335221,-0.009315162,-0.0059530432,-0.011671853,0.007512053,0.00083044864,-0.004923802,1.9389136e-05,0.002692471,0.005809035,-0.7476011,-0.009462974,-0.030485956,-0.0022618298,-0.0096481005,-0.0037645889,0.004743383,-0.00039729793
-8.071656,-0.52331614,-0.06316002,-0.0019371718,1.0406429,-0.005268221,-0.08833283,-0.005724968,-0.008025804,0.0033756315,-0.0009824347,-0.14992985,7.282927e-05,-0.0110135,-0.0028328362,0.0013321963,-0.7371447,-0.14262465,0.040609706,-0.000908323,-0.005258566,-0.016016528,-0.0033147084,0.0014338939,0.0016089957,-0.00027471717,0.00050529133,-0.0017874474,-0.8206067,-0.008767814,-0.036411267,-0.00048557087,-0.0043141576,-0.0042812657,-0.006378568,-0.0033383928
18.803522,0.82068497,0.05113622,-1.8440647e-05,0.9394251,-0.0016392752,0.08329935,-0.02462496,0.021865204,0.00340573,0.013616348,0.42213959,0.0003074544,0.00064874586,-0.0018367321,0.005246552,2.2172844,0.057347413,-0.025425047,0.01736197,0.012756718,0.034530304,-0.03144195,-0.0031282648,-0.0067042243,-0.00054955325,0.0014994018,0.044926655,2.407585,-0.005283691,0.0016289763,0.009579409,-0.0013321834,-0.006117529,-0.0068891556,-0.0126249315
-8.126964,-0.5381815,-0.062967874,-0.0018856806,1.0392381,0.0018164432,-0.03851523,0.0014357575,-0.017988991,0.0033492893,-0.00030720793,-0.15244815,0.00013813874,-0.0065797893,-0.002985906,0.001447249,-0.71551234,-0.14832948,0.042002738,-0.0035831535,-0.007688424,-0.019762151,-0.008177143,0.0025922765,0.010092208,-0.00030015063,-0.0010070312,-0.0040745353,-0.8175778,-0.008056764,-0.034193322,-0.0011895943,-0.0060434225,0.0016499,-0.0053283526,0.0002834772
13.751784,0.27992764,-0.10040473,0.0024821674,0.910871,-0.044102825,-0.08468338,-0.06072708,-0.006547301,0.002395898,0.002366026,0.9311752,0.0021575014,-0.054625075,0.00027233065,0.007312801,2.1305327,0.035438564,-0.019889226,-0.07161716,-0.02945355,-0.10282607,0.028625231,-0.0014756509,-0.011633156,-0.004835375,-0.0015363975,0.010108677,1.5595552,0.00073109264,0.049387727,-0.01214866,-0.009017416,-0.011509964,-0.008817335,0.012304161
-8.127212,-0.5388384,-0.061580203,-0.0025642717,-1.7856538,-0.0017432204,-0.15088497,-0.0005300019,-0.019299032,0.0048398008,0.0014126535,-0.15897124,-0.001002575,-0.0074025863,-0.0015651875,0.00051580893,-0.7662962,-0.14816754,0.03597062,-0.001943162,-0.0053383326,0.09282393,-0.0014709887,0.0024920255,0.002863607,-0.0024996623,0.0014781539,-0.30480132,-0.9130333,-0.008722504,-0.0349173,-0.0014448754,-0.0016263485,0.001853672,-0.005108004,0.0028764738
-1.4349246,0.32921395,-0.0625672,-0.0071378495,0.987165,-0.012559724,0.10000912,2.9496825e-05,0.016438203,0.0015969445,-0.016411897,-0.37748647,0.004461756,-0.024321334,0.0017687534,0.00581399,0.43273705,0.051107902,0.008518151,-0.0084013,-0.007872681,0.021412117,-0.020431118,0.00069683423,-0.0018203771,0.002601551,-0.004833157,0.002401828,-0.8075115,0.006958566,-0.028241249,-0.0029598156,-0.0033833706,0.008313463,-0.0049341414,0.026628368
3.3272247,-0.5503452,-0.056022547,0.0029134834,0.8993203,0.0085527375,0.091695964,-0.0008716218,-0.0123221725,0.0040380755,0.011675305,0.8091138,0.0018761997,0.018591546,0.0056554563,0.016916316,1.2987772,-0.3116283,0.055279832,-0.017405577,-0.0128882555,0.017349223,-0.012008603,0.016107908,0.010950706,-0.010809623,0.0058914633,-0.16221936,0.34935907,0.0026836032,-0.19275077,0.006692814,0.0052915835,0.006923936,0.02161544,-0.0026518663
-8.201166,-0.5432639,-0.05167173,-0.0010949611,-2.5110784,-0.006391207,-0.023568878,0.00078564073,-0.0008113431,0.0031744526,-0.0070565064,-0.1618779,-0.007452695,-0.006821789,0.0049255807,0.0014304612,-0.7946485,-0.14126901,0.04039118,-0.001027793,-0.00560176,-0.008833495,-0.009937373,0.003015011,0.010352376,-0.0006898709,-0.0012419034,-0.24182275,-0.88952315,-0.013788763,-0.031485572,-0.0057643796,0.0046688523,-0.003940934,-0.0010581205,-0.0020919447
-8.173178,-0.5510478,-0.015081501,0.0034639572,1.0455322,0.004589826,-0.011099964,0.006509103,-0.005784471,0.0031488962,-0.004451473,-0.16394703,0.0014534681,0.010304092,0.002475046,-0.00044799683,-0.75607735,-0.14399144,0.04280612,-0.0040816097,1.1373545e-05,-0.02500875,-0.0028043624,0.0007116435,0.00020653773,0.00059221184,-0.0012143017,-0.001925793,-0.8536804,-0.00828338,-0.003800837,-0.00031380352,-0.003138635,-0.0046810834,0.0042443518,-0.0019033671
0.85325944,-0.5992566,-0.0075055384,0.0060381023,0.9746866,0.0104124565,0.05104984,0.013388956,0.004891959,0.005726686,-0.18716861,-0.34263328,0.0016136218,0.019935966,0.00602723,-0.016132897,1.0444705,-0.33016753,-0.012597148,-0.002988084,0.0028003536,0.039108194,-0.003607711,-0.008844814,-0.0012469878,0.00071476575,0.002158019,-0.06501676,0.9738607,-0.0058617974,-0.05552409,0.0021277217,-0.00045044936,-0.0009519898,0.027228694,-0.009499667
-6.78674,-0.18255651,0.02611003,-0.0028532853,1.0873945,-0.009210045,-0.012442949,0.0051800124,5.8811293e-05,0.0031878941,0.0011145093,-0.19721507,0.0025688508,0.0030000391,-0.0008938881,-0.0023545315,-0.64568615,-0.01489776,0.019929571,-0.017021695,0.0028308784,-0.0064454563,-0.0018151688,-0.0036136222,-0.0022357292,-0.004346615,-0.0035755497,0.10452756,-1.0500524,-0.01201977,-0.0014582927,-0.0021830073,-0.008549922,0.0013955329,-0.013606652,0.04410158
-8.21065,-0.5510347,-0.020102438,0.0036900702,1.0478878,0.0012462551,0.02497022,0.004674134,-0.0048090653,0.0042977524,-0.012401358,-0.16545162,-0.0058854823,0.000520544,0.0025921077,-0.00044803083,-0.74901146,-0.13529307,0.04481281,-0.0023287265,0.0012840235,-0.007705924,0.009451966,0.0011501163,-0.0013633941,0.0008070075,-0.000805563,0.005258988,-0.88208365,-0.005839429,-0.0029448878,-0.0023343891,-0.0016724052,-0.0010785523,0.0031466207,-0.0022680808
-8.230562,-0.5626296,-0.007408025,0.0027571954,-2.487854,0.0004229884,-0.021739723,-0.00051677716,-0.0053643817,0.0031805192,-0.0007039288,-0.1672516,0.0013599081,0.0019703358,-0.0006773335,0.00046190788,-0.82024294,-0.13228583,0.045083243,-0.0012030632,-0.0033113658,-0.004498805,-0.0084731905,0.0016320037,0.0028061268,0.00063227594,-0.00036392148,-0.25890082,-0.9194568,-0.015254842,-0.032893956,-0.0002542413,-0.01766673,-0.0010865993,0.004247041,-0.0017016099
-3.338566,0.16633604,-0.076293476,-0.008332323,-2.5568821,-0.06064512,-0.10081556,-0.0073523987,-0.0071610976,0.0035599926,-0.0031254133,0.07656525,-9.002818e-05,-0.012597455,-0.0023257455,0.029393682,-0.52404004,-0.02780427,0.11238471,-0.017961266,0.00097578455,-0.06335268,-0.00286747,0.0070203827,-0.02015142,0.003987303,0.0014782593,0.06334145,-1.023749,-0.002695073,-0.00367341,-0.00032324158,0.017541306,-0.006639804,0.0007600771,-0.0095333215
-8.065811,-0.52772903,-0.056431457,-0.0074833706,1.0384456,-0.0040945183,-0.06909155,-0.004381276,-0.0097158365,0.003620324,-0.011295212,-0.15065482,-0.00032626363,-0.0069981427,-0.00011618974,0.0008644893,-0.7541651,-0.15409616,0.043428198,-0.0039314376,-0.005171788,-0.016597034,-0.0012170579,-0.0011903276,0.0023972539,0.0011818693,0.0015942929,0.002062732,-0.8461118,-0.007342957,-0.0018284342,-0.00032057395,-0.00822696,0.0050657513,0.0007769808,-0.0034473953
23.6784,0.74153954,0.05366975,-0.00041030685,1.0119252,0.012846773,-0.033748344,-0.010706973,0.004613156,0.0018704673,0.07761502,1.2267468,-0.003755145,0.02272949,0.011490738,-0.0107956845,1.767592,0.06126603,0.2443318,0.0150412265,0.007979119,-0.05916622,-0.021401616,-0.010296282,-0.016820198,0.006747153,-0.0029054605,0.3725476,1.6738201,0.01657776,0.12401842,-0.02592749,0.026216434,-0.02672986,-0.022731109,0.024297917
-8.22296,-0.54308784,-0.019323228,-0.011139374,1.0532334,0.00016567948,0.016817318,0.0012791153,-0.012935257,0.0028633215,0.0042134426,-0.16084139,0.002814065,0.001668671,0.0025041623,0.0015319523,-0.7250475,-0.14169845,0.043377403,0.0015686951,-0.0020185073,-0.021228828,-0.0060607665,-0.00051399297,0.0034510205,-0.0014765905,-0.00091658783,-0.021607026,-0.84166336,-0.008849656,-0.03259783,0.0009759981,-0.005477166,-0.000680953,-0.0005198979,-0.012994321
18.283443,0.6890367,-0.07870356,-0.00528856,-2.2525487,-0.025153806,-0.16113411,0.002297472,0.025128843,0.0040481836,0.06795979,1.1674856,0.00038229948,-0.021503031,-0.0003469103,0.013302648,1.9292094,0.046047475,0.051875282,-0.064709626,-0.01939273,-0.11315936,0.021372177,0.0035600427,-0.0010071588,-0.0031728528,0.0038759438,0.113528825,1.5990778,-0.0004936919,0.12056468,-0.017508937,0.019907571,0.0053425846,-0.014858435,0.019671043
-8.09883,-0.5415332,-0.06776754,0.0026846062,1.0145763,-0.00076399604,-0.056922074,-0.0012274241,-0.016884195,-0.03466955,0.013145407,-0.1469724,0.00067534414,-0.0122867795,0.0018960135,-0.0002909013,-0.69975716,-0.16392566,0.040115397,-0.0022631707,-0.008362679,-0.019146072,0.006762962,0.013502344,0.009501441,0.00011279055,-0.0012275694,-0.0040902924,-0.7992734,-0.009137201,-0.033488348,-0.0032160704,0.008529052,0.010546554,0.00386744,0.0030158414
-7.46344,-0.14857608,-0.006496679,0.0010533903,-2.5008907,0.007675714,-0.08968658,0.0054362006,-0.0095861135,-0.04316662,0.0063179852,-0.20262852,0.0019907588,0.026542723,-0.0050299433,0.004622334,-0.7389415,-0.022648064,0.034079112,0.0059982864,0.0050942074,-0.011108084,-0.009883248,0.0018845692,0.0034328476,0.00061748165,0.0020939421,0.11458155,-1.0644352,0.02568484,-0.017536812,-0.012119765,-0.0011168373,-0.016123207,-0.0062918677,0.082534
-8.184795,-0.52503806,-0.064618975,-0.010423226,1.049594,-0.003356601,0.018281236,-0.0004308114,-0.01582761,0.0034614163,-0.004300948,-0.15464872,-6.495189e-05,-0.008983577,0.00023968249,0.0015609559,-0.7226526,-0.15461265,0.042628035,-0.0033788087,-0.0053905775,-0.014027656,-0.0029282202,0.0016435102,0.0022016338,-0.0015799736,0.0012045889,-0.001753727,-0.85427344,-0.00922698,-0.0049167224,-0.003442222,-0.002473843,-0.0013880804,-0.0010172339,-0.0028636549
6.371674,0.2713826,-0.19786568,-0.0030334922,-1.1226697,0.0052575897,0.06802122,-0.027701927,-0.013786295,0.0023826186,0.010080944,0.20096332,0.00017219513,-0.042554073,-0.0073236316,-0.0037929479,1.2832458,-0.06193474,-0.03232597,-0.010781046,-0.014344204,0.098386705,0.006863045,0.016954143,-0.0043962575,0.0020136551,0.0057913642,-0.4117933,1.1280155,-0.008393374,-0.09696192,0.005899617,0.006786719,0.011183474,-0.0131281335,-0.0004071428
-3.8801758,-0.19677076,-0.012295337,0.004026558,1.0236276,0.018011913,0.0067059486,0.000410124,-0.016131148,0.0038580706,-0.0019509688,-0.2472906,-0.0002891855,0.01743619,0.003433822,-0.0022368866,0.43378532,-0.22880873,0.00017479953,-0.0050119986,2.668747e-05,-0.019944021,-0.011232857,0.0029551692,-0.0019781739,-0.0010595974,0.0018866517,-0.033527482,-0.6692905,-0.007531656,-0.002603294,-0.0016710853,-0.007884738,-0.0014802002,0.01517657,-0.0011079367
0.7483687,-0.7590114,0.09529244,0.0037999733,1.0148678,0.024179861,0.09019556,-0.003915839,0.0013749534,0.00266598,-0.04867233,-0.13832855,0.0023006601,0.0060202046,0.008094231,-0.0069606653,1.1411339,-0.10012992,0.06447918,0.021785952,-0.0035943913,0.03342582,-0.015997885,-0.009015896,-0.001499032,-0.00046170913,0.008750978,-0.017577326,0.064209566,0.002042999,0.0031810037,-0.007205338,0.007831625,-0.0004870906,0.019311637,0.02529739
-8.083409,-0.5262097,-0.065884486,-0.002198861,1.0391035,-0.0021398077,-0.08197293,-0.0016110874,-0.017040744,0.0033093935,0.0042597,-0.14918984,0.00039881567,-0.011418592,0.0022798034,0.0013313929,-0.71095914,-0.15126881,0.04225452,-0.0020835923,-0.0067612203,-0.013699848,0.0005028726,-0.00040718782,0.008125123,-0.0018284068,-0.0010644746,-0.006090916,-0.8315865,-0.008848463,-0.036001977,-0.0016873565,-0.0071653584,5.0582905e-05,-0.0029509056,-0.0030897153
-8.205687,-0.5323218,-0.06279049,0.00067467144,1.0468274,-0.007908838,0.020402038,0.0030590827,-0.016385319,0.003338237,-0.0067912927,-0.15313514,-0.0036141714,-0.0071213245,0.0020377606,0.001495401,-0.7005617,-0.14811788,0.041846395,-0.0022102762,-0.006946496,-0.012689894,-0.005857633,0.0019307024,0.002677777,-0.0010420695,0.0019832528,-0.013277133,-0.8292185,-0.0074707875,-0.035804633,-0.0016205185,-0.0035186938,0.0009941758,-0.0074281865,-3.733886e-05
-8.228603,-0.5424195,-0.061025307,-0.00091293507,1.0482563,-0.0067231664,-0.047073733,-0.005289376,-0.0060618343,0.002770089,0.008079943,-0.14907305,0.0010615626,-0.013363615,-3.2157582e-06,0.0014895877,-0.7241953,-0.14601098,0.028695012,0.0006321649,-0.005270483,-0.04118605,-0.003867472,0.0071551697,0.0018309194,-0.0012935625,0.0009247276,-0.045453206,-0.79633635,-0.011813998,-0.032727636,-0.00082056876,0.008099195,-0.0006661646,-0.0044597266,-0.010986601
-8.159877,-0.542386,-0.032223336,0.00019655358,1.0455487,-0.002343108,-0.01050674,0.0050116326,-0.0067545013,0.0029257445,-0.00094525114,-0.16137297,0.00042514817,0.008879521,-0.0034804638,0.0011053896,-0.7559523,-0.13406777,0.040879864,-0.0026027649,-0.0007159597,-0.03356202,0.0033077304,0.00014829761,-0.0021713355,-0.002035153,0.001015521,-0.0040085483,-0.82316846,-0.009557241,-0.035318878,-0.0029892852,-0.00634705,-0.0022519252,-0.0057440773,-0.0015547536
11.037951,0.5960231,0.06765739,-0.014160345,0.8847776,-0.0010054677,-1.14068935e-05,-0.021595357,0.014172168,0.0013618523,0.036090128,0.32001868,0.0018400677,-0.007397518,-0.002742581,0.0068789218,1.5935292,-0.00020068481,-0.03446521,0.016745366,0.017460803,-0.021633862,-0.0145331,-5.1666397e-05,0.019274803,0.003740835,-0.0046507926,-0.07648279,1.2753551,-0.0070294724,0.064141095,-0.0028862262,-0.0035812536,-0.004170114,-0.010315881,-0.004030078
-5.596659,-0.4093898,-0.14570649,0.0017293801,-2.3572972,-0.03610506,-0.03534267,-0.00719481,-0.03208868,-0.026420489,-0.014030032,0.50069356,0.00037818865,-0.020500334,0.00144611,-0.017097346,-0.67419934,-0.15357652,0.07393342,-0.015311526,-0.0040634526,-0.033871878,0.0070231836,0.010720678,0.06258082,0.00023155638,-0.0007729549,0.02419334,-0.80638534,-0.005989037,-0.009946216,-0.0076900395,0.009964485,0.007903687,0.004790687,-0.0010679606
5.6234846,0.20228975,-0.20912872,-0.002555394,-1.9743448,-0.005770786,-0.3055737,-0.026564317,-0.01452969,0.0032025306,0.0057274154,0.2474653,-0.0019929812,-0.047498647,0.011867503,0.0052872277,1.1901627,-0.17152053,-0.039908282,-0.010311539,-0.011989278,0.043837998,0.015742825,0.011755002,-0.003375511,-0.0098060025,-0.011827275,-0.48512173,1.0831525,-0.0047878036,-0.18618216,0.005994462,-0.014724827,0.015191501,-0.0057459823,0.009805777
-8.071664,-0.5487293,-0.055892326,0.0015070525,-0.6986863,0.0023205646,-0.07545643,-0.0013484061,-0.016821297,0.004296219,0.004181064,-0.16234957,-0.0006713482,-0.006499661,0.0074747,0.00061780773,-0.73511815,-0.1516942,0.039278038,-0.0051001227,-0.0063012685,-0.012705237,-0.0012516811,0.001445439,0.011000524,0.00060248055,-0.0016147171,-0.10800693,-0.89382577,-0.008370007,-0.035106793,-0.0005284104,-0.012192131,0.0016713802,0.0032851035,-0.0063945735
-4.96621,-0.04843057,-0.093249716,0.0050800582,1.0713927,-0.03493277,0.0359318,-0.0009558199,-0.024602834,0.003433431,-0.019116435,-0.316974,-0.016297305,-0.01987325,0.00044685917,-0.013284136,0.3038035,0.050369397,0.04916938,-0.0038080055,-0.0058821617,-0.00924928,-0.015437618,-0.00041415988,0.02334288,-0.0020250853,0.0018222672,-0.003794364,-0.7244126,-0.0066534514,-0.0039291917,-0.010153042,-0.009502256,-0.00053054484,-0.0027907365,0.023806617
-8.20288,-0.53845656,-0.03513663,-0.011962971,1.0728639,0.005430424,0.0010731214,0.0016320468,-0.014849115,0.001873988,-0.0009833187,-0.17684355,0.0012306626,-0.0049800244,0.009078392,0.0018356785,-0.75582385,-0.10521919,0.034834966,0.016876718,0.0020927857,-0.052235804,-0.00338848,0.005680646,0.0038996304,-0.00032389662,0.0013500381,-0.032546867,-0.8994434,-0.013592757,-0.014109174,0.0020243141,0.00813807,0.0034167052,-0.00020471435,0.0030281167
0.86783874,0.13756603,-0.19115363,0.0005413668,0.96372545,-0.028835617,0.089131616,0.00070589356,-0.013890552,0.0024200894,-0.0024286115,0.058212563,-0.01483096,-0.017824283,0.0025395602,-0.013603634,0.7584243,0.0703224,0.14937235,-0.0058636395,-0.0091608325,0.0387099,0.004316732,0.007864216,0.0003748012,-0.0044004507,0.006111963,0.11827454,-0.66234285,-0.0053836755,-0.0075813807,-0.012214524,0.00045603886,-0.00061334093,0.023631494,0.012855935
-8.189802,-0.5532454,-0.021647185,0.0018436001,-2.4986026,-0.0008389595,-0.026384097,0.0035839088,-0.0037111943,0.0032112661,0.0076932684,-0.17008165,0.00029390573,0.007799798,0.0028113776,0.001418815,-0.83200395,-0.13822234,0.0442613,0.004632928,0.008576217,-0.027286995,-0.0067992928,-0.00012455544,-0.030499557,0.000730449,-0.00057973707,-0.3120527,-0.9196886,-0.012058456,-0.019661227,-0.0056425314,0.005654348,-0.0060419743,-0.005849897,0.0038068276
-8.085351,-0.52552354,-0.062228844,-0.0022343334,1.0740279,0.0037418106,-0.066654816,-0.0013588251,-0.020034216,0.0033274156,-0.0014991305,-0.15565123,0.00072985486,-0.005701659,0.00030817656,0.0017443715,-0.72121155,-0.14817648,0.044573728,-0.005400001,-0.0070432103,0.08093379,0.008107978,0.0014940908,0.0031972367,-0.00054169033,0.0018151931,-0.1305783,-0.84068286,-0.008661916,-0.03376347,-0.0008106455,-0.0052253488,0.0011719958,-0.0033068147,0.0015203223
-8.060644,-0.53488266,-0.059661385,-0.008359636,-0.6712911,-0.00048908714,-0.10620369,-0.0040073935,-0.014895074,0.0039668493,0.0039474904,-0.16087604,0.0005133426,-0.0070895744,0.0062083113,0.0012723511,-0.7558772,-0.14958905,0.036470342,-0.0015470593,-0.006299547,0.068803236,-0.0047051953,0.0008984178,0.0011639164,-0.0012634298,-0.0015306966,-0.18315062,-0.8918712,-0.0078832675,-0.033670418,-0.0010412445,-0.005802424,-0.00043645778,-0.0014252514,0.0029428056
8.242753,-0.10337929,0.058987044,0.0038565355,1.0100933,0.01352091,0.1266698,0.007562163,0.017433608,0.0024389187,-0.008259585,0.33444303,-0.013957885,0.008985552,-0.0018393286,0.0014088495,1.4362144,-0.016644081,-0.032572437,0.011186134,0.010116968,0.005869759,-0.0052953702,-0.009997099,-0.0042519732,0.002650854,0.0011005503,0.101014204,1.2870191,0.00011304179,0.079320125,-0.0010921223,-0.000448896,-0.0046883635,0.023960778,0.020805182
-7.7786145,-0.43932703,-0.01480177,0.0057878057,1.050362,0.0059730257,-0.05367115,0.006095387,-0.00576532,0.0041614654,0.033879336,-0.15980382,0.0012375811,0.012497966,0.0025929317,0.00075626455,-0.63999754,-0.14390126,0.032195337,-0.0045330017,0.008676765,-0.029901266,-0.0027531553,0.0006493297,0.004502956,6.801412e-05,-0.0002641441,-0.03056516,-0.8395388,-0.010224879,-0.019549664,-0.0034938236,-0.0017019098,-0.0009029695,0.005833927,-0.01020691
-3.2078016,0.47546405,-0.047273647,0.009143612,-2.2733638,0.02334897,0.059398293,-0.00076421583,-0.005885123,0.0034226505,-0.0025571613,0.04654925,-0.01393428,-0.011179388,-0.00020005365,0.030595828,-0.8096557,-0.08727152,0.104508124,0.0066992436,0.007366569,-0.08795868,0.01517009,0.0022377458,0.02415747,0.007896664,-0.0005082878,-0.2808165,-0.9278654,-0.009708257,-0.002430098,-0.006743732,-0.002105451,0.00042219067,0.013106305,0.0056216912
-8.1989975,-0.55979586,-0.03614175,0.00063086074,1.0449365,0.006741683,0.0600246,0.0010464545,-0.0021141716,0.0034813064,-0.0013169983,-0.14934988,0.003236237,0.011341816,0.0019397195,0.0008015387,-0.74266744,-0.13848864,0.041221704,-0.0033574065,-0.006970431,0.054252263,0.0038075224,0.00046379076,0.0020757657,0.00057151605,-0.0008725127,-0.21663463,-0.80734175,-0.012484967,-0.029716361,-0.0014814103,0.013478203,-0.0040759956,0.0004902084,0.005875049
11.3723135,0.48277783,-0.16123591,0.004952006,0.8738868,-0.026523406,0.086002626,-0.034916762,0.022824887,0.001576164,0.0530029,0.7871867,-0.001992816,-0.047224987,-0.0045510037,0.006461394,1.6864028,0.014529314,-0.03158981,-0.08067019,-0.027717553,0.06472501,0.011410632,-0.0033471829,-0.012080643,-0.0056573628,0.0002245952,-0.18267933,1.3506217,-0.011211723,0.048938613,-0.026024662,-0.008578668,-0.005746611,-0.005167785,-0.003798113
