GHI,DNI,Temperature,Cloud_Cover,Wind_Speed,Wind_Direction,Wind_Gusts,Pressure,Humidity,Precipitation,hour_sin,hour_cos,month_sin,month_cos,day_of_week,GHI_lag_1,GHI_lag_24,DNI_lag_1,DNI_lag_24,Temperature_lag_1,Temperature_lag_24,Wind_Speed_lag_1,Wind_Speed_lag_24,Humidity_lag_1,Humidity_lag_24,Cloud_Cover_lag_1,Cloud_Cover_lag_24,Actual_Power_MW_lag_1,Actual_Power_MW_lag_24,GHI_rolling_3h,DNI_rolling_3h,Temperature_rolling_3h,Wind_Speed_rolling_3h,Humidity_rolling_3h,Cloud_Cover_rolling_3h,Actual_Power_MW_rolling_3h
16.182678,1.241017,-0.028010333,0.0016559408,0.67444515,0.0016379365,0.12211097,0.0068484345,0.0010173385,0.0039875214,-0.041833926,0.30737385,-0.015124434,-0.0070792967,-0.00017043845,0.045910366,3.0182552,-0.05095743,-0.11951829,0.018466804,0.018506685,0.033379562,-0.08874714,-0.00023844503,0.00058727845,0.05480463,-0.015284935,0.021683538,0.32450482,0.0008309576,0.0023073894,0.007937698,-0.009206638,-0.003796444,0.0042636986,0.016911566
-7.283496,-0.61121553,-0.030873582,-0.00088271964,1.2000371,-0.0017897226,-0.0749121,-0.0041589327,-0.03078631,0.0042076926,0.01238438,-0.07580706,0.0031149066,-0.0024897193,-0.000755861,-0.0037052776,-1.1794674,-0.03341116,0.08631105,-0.0038220081,-0.006787479,-0.02656192,-0.005040931,0.0016729075,0.0060172905,0.006850876,0.003941095,-0.10803766,-0.13138257,-0.0076972297,-0.0010150399,0.002605219,-0.0021161886,0.0011440004,-0.00702016,0.0019552135
-7.33478,-0.6109897,-0.02417313,-0.0039778403,-0.2705318,-0.00093590876,-0.13158296,-0.0044045052,-0.0050144065,0.0024391995,0.013975385,-0.077466145,-0.00473076,-0.0012244211,0.0016025143,-0.0033436294,-1.2777495,-0.03890764,0.08210705,-0.0011009066,-0.0012657236,0.059952155,0.0015646446,0.0022048375,0.0015742448,0.005152577,-0.008746335,-0.36017868,-0.1429761,-0.0046474817,-0.0042768195,0.001459114,0.0011768132,0.0014786714,-0.008008428,0.002972887
12.652602,1.1669481,-0.00853928,-0.0023965673,1.3599623,0.021736722,0.14955434,-0.0029129032,0.063926026,0.004503701,-0.1901268,-0.031291623,-0.016208528,-0.005358997,-0.0049334383,0.19606932,2.7266903,-0.08303829,-0.14861375,0.0043329997,0.012707006,-0.017683998,0.00011883353,0.0049893344,0.0058487165,0.00043916728,-0.012713894,0.5611104,0.2995528,0.01184036,-0.011402639,0.0012312545,0.0017845929,-0.0054618795,-0.020135896,0.0006759324
-7.2905545,-0.6206158,-0.022714045,-0.00055651186,1.207817,4.0499282e-05,-0.0905881,-0.00048618464,0.008410819,0.0031638052,-0.01930387,-0.08227406,0.003274694,-0.0028200566,-0.00012980039,-0.004817875,-1.2205001,-0.03059401,0.08411967,0.00013467055,0.00024045615,-0.025797507,0.0048700874,-0.00069372315,0.0012885918,0.0066632302,0.0040570814,-0.08291414,-0.13835512,-0.006140102,0.0076639624,0.002467222,-0.0014436463,0.00097020355,-0.007856928,0.00079170463
-7.355405,-0.62201285,-0.024038183,0.00016876544,1.2043604,-0.00078353315,-0.022167912,-0.0042795865,0.00033287224,0.003028481,0.018101022,-0.07809699,0.0034923598,-0.0026244214,-0.0015328323,-0.004592749,-1.215335,-0.03201435,0.08988156,-0.00429641,-0.004089539,-0.02280363,0.0075299293,0.00033806564,0.0026717552,0.0049750926,-0.0074536456,-0.106643915,-0.12954213,-0.0069858786,-0.007954527,0.0016635318,-0.002784395,-0.0003665898,-0.009223606,0.0013280429
4.6233754,0.9911368,-0.063657776,-0.003996416,1.0444987,-0.0017969565,0.05414118,-0.0235188,0.02467652,0.0043996223,0.041637644,-0.05141511,-0.0050806236,-0.010753971,0.00039007637,-0.0068284106,1.782333,-0.034198202,-0.08166058,-0.022996644,0.0030058476,-0.03116851,0.002586892,0.0018343583,0.0031341056,-0.01224583,-0.013631613,-0.65287817,-0.057309587,-0.01412036,0.01256193,-0.0015630954,0.017879318,0.0005803616,-0.020756654,0.0011602166
-7.335521,-0.6409148,-0.01791076,0.0018723635,1.200749,-0.000984912,-0.03699071,-0.0006252037,-5.1911677e-05,0.0028516976,0.013096108,-0.08332657,0.003073557,0.00015259885,-0.00015318568,-0.0023386597,-1.1902181,-0.025070274,0.08615311,0.0012060783,-0.0008720252,-0.025482466,-0.0044325367,-0.00095717405,0.0015208287,-0.0098606255,0.0067317896,-0.09788183,-0.14181182,-0.006908898,-0.009042861,0.0033468374,-0.0021354307,0.0019105778,0.00859118,0.00073191756
-7.315337,-0.64481455,-0.001676561,-0.002011846,1.2167379,-0.0022478711,-0.090710275,0.0052817003,-0.033616602,0.002996028,-0.0052493024,-0.079832196,-0.0008375077,0.0053410954,0.00040744286,-0.0039886883,-1.1720047,-0.026231451,0.08948428,0.0011878258,0.00014187429,-0.015939005,0.0038229343,0.0015856065,0.008096203,-0.002888438,0.00806295,-0.106372036,-0.1387813,-0.006357013,-0.00042938357,0.00044686554,-0.00028605456,0.002214545,0.0018892644,0.0010774046
23.699287,1.3379264,0.059528667,-0.009231258,1.098449,-0.01574404,0.08533833,0.035171937,0.00016389576,0.004823012,0.087834686,0.30437544,0.052330162,-0.0044727847,0.0071605654,0.08825342,4.1464467,0.023245167,-0.059011746,0.015021101,0.025733607,-0.027962215,0.004970341,-0.0017886532,0.010679552,0.022096163,0.012034999,0.5350725,0.5156735,-0.011881596,-0.031021997,0.002902897,0.0013462082,-0.0031431208,-0.016464632,-0.055999417
1.882954,0.3244569,0.013742759,-0.000376214,1.2572486,-0.009003339,0.049730495,0.012079154,-0.0060634776,0.0031084158,0.025938686,-0.082067445,-0.0020185849,0.009872542,-0.0022496951,-0.01088735,0.39027825,-0.09635645,0.10877455,0.0020607149,0.005815944,0.007851369,0.00071935134,-0.00035030406,0.005371415,-0.010464282,0.01290855,-0.16229913,-0.17444612,-0.005538393,0.00640157,0.00041306706,0.003739384,-0.0016566482,0.029588187,-0.0007803548
-7.320974,-0.64587855,0.0023606548,-0.00060102175,1.2059423,-0.0011648946,-0.041038316,0.004319262,0.006275523,0.0031332318,0.01485572,-0.082715236,0.0040941657,0.0006094368,-0.0005063273,-0.0041125594,-1.2184701,-0.027248064,0.09237853,0.00015272046,7.119776e-05,-0.027308598,-0.0062890896,-0.0012779243,0.003323114,0.007064465,-0.00974368,-0.09868119,-0.13740796,-0.0072551467,-0.007887056,0.000722059,-0.0016685184,0.00045161194,-0.007866087,4.5986788e-05
-7.346287,-0.6556755,-0.00089846,-0.00030378482,1.2024097,-0.003065448,-0.025877552,0.0063176453,-0.030256627,0.0037431775,0.014644422,-0.08278607,-0.0011477255,0.004964693,0.00013966727,-0.0039596423,-1.1822038,-0.026754709,0.09182986,0.001612935,0.00019178106,-0.027048666,-0.0042786184,0.0011841084,0.0089877425,0.0066626994,0.004815447,-0.105817065,-0.13602884,-0.008076949,0.00017522468,0.0013135677,-0.0019351483,0.00027850998,-0.005713107,0.00038401174
-7.3940244,-0.66041493,-0.01887406,0.0045103664,1.205041,0.00096488337,-0.011256898,0.005659833,-0.034665953,-0.002527184,0.006950151,-0.08289797,3.0581734e-05,0.005350185,-0.0006898311,-0.0018777971,-1.1440793,-0.025914714,0.0857448,0.0008437173,0.00081749447,-0.021543358,-0.005228829,0.0025431153,0.006830126,-0.008696479,0.0041656303,-0.11291485,-0.13259012,-0.00803584,-0.00034040416,0.003920356,-0.0033738734,0.0021343732,0.0135086775,-0.00019589791
-7.3392215,-0.65269446,-0.0034617425,0.001983541,1.2028146,-0.00033157875,-0.048006035,0.005467727,-0.028835831,0.0032404687,0.015041094,-0.080693774,-0.00029403158,0.0047108894,-0.0010518287,-0.0024258927,-1.171127,-0.025977992,0.086457185,0.002625815,-0.00019359776,-0.026211036,-0.0053610383,0.0011666943,0.0064810654,-0.011324745,0.008914085,-0.10419543,-0.13647483,-0.007927676,-0.0008990975,0.0012249497,-0.0025415816,0.00091464433,0.013369381,4.9177543e-05
11.071647,0.96577924,0.040939633,0.001424782,1.3602258,-0.0014754029,0.12969701,-0.0017144834,0.012876299,0.005048246,0.13983716,0.026448755,0.01706685,0.0008405843,-0.0022727293,0.023610596,2.4464228,-0.006627817,-0.02873324,0.0026859068,0.017882494,-0.024817796,0.009677918,0.0029379784,-0.0066767475,0.029810375,-0.010311051,-0.11815865,0.17534304,-0.00806297,-0.0012169254,0.0019812044,0.0011872811,-0.0028121113,-0.022270424,-0.009731066
-7.27956,-0.62805545,-0.010256783,-0.0001349027,1.310449,0.0013447031,-0.058232423,-3.3948694e-05,0.011948154,0.0032689003,-0.020977892,-0.08965606,0.002852357,-0.0016036321,0.00020566618,-0.0017456003,-1.2343876,-0.030840946,0.080182046,0.0009783749,-0.0016292996,0.06767912,0.0023252973,0.0080070365,0.004448455,0.0060062683,0.0058041713,-0.2294108,-0.1367343,-0.0052928906,0.007846874,0.0016517706,0.0026351933,0.0012422028,-0.012485367,-0.0010423702
-2.4478967,-0.9770613,-0.005253738,0.0014429875,1.1744668,0.0019104593,0.104167685,0.005853317,-0.15393102,-0.0098096365,0.036244,-0.015306316,-0.0055117127,0.0073134843,0.0044175023,0.002215101,1.7414534,-0.034942266,-0.025564998,0.0031083254,0.0033933562,0.08811451,-0.010860806,0.021157414,0.0011685247,-0.005520256,0.005204638,-1.0376966,0.16775095,0.00034750008,-0.013910603,0.007155112,0.004937587,0.005306618,0.0252126,-0.0033567697
-7.3023205,-0.6529009,-0.0032517174,0.0018550532,-1.2355478,-0.002123782,-0.08589204,-0.0034139152,-0.01327473,0.0020660444,0.015357599,-0.08314281,-0.005438308,-0.001002544,0.0010559905,-0.0032757719,-1.3088555,-0.033197265,0.082870714,0.00088624615,0.00096964557,0.057033163,-0.0043761325,0.0025916086,0.011414504,-0.003955072,-0.010676612,-0.4421496,-0.15257885,-0.0061235046,-0.0011069603,0.0033510695,0.008348016,0.00089211983,0.009667792,0.0022306738
13.039213,1.2340598,0.01236563,0.0028820026,-1.245937,-0.020640727,-0.070351586,-0.022179272,-0.0075235744,0.0038384227,0.097990304,0.37215474,-0.011924692,-0.003484458,0.0005718662,0.04812838,2.8982058,-0.047887325,-0.077979326,0.012645104,0.005886965,0.053220004,0.012038257,-0.0018596206,-0.0042811963,0.015467542,0.016084924,0.03068222,0.3095793,0.001970499,-0.016961088,-0.002068253,-0.00026685453,-0.0069649843,-0.024828669,0.014676211
2.7917407,-0.035458393,0.032401476,-0.0002954212,1.0473052,0.015710805,-0.10003449,0.005311856,0.034026116,-0.0069124624,-0.1740479,-0.19581959,0.0019405251,-0.00060805527,0.00077119505,0.0055604004,1.9085349,0.023110406,0.06337954,0.003739222,0.010494271,-0.01818283,-0.0044248644,0.0068938155,-0.0035813348,-0.023515806,-0.0021769642,-0.37826243,0.20528713,-0.0007029018,-0.008369154,-0.0021544343,0.009276205,0.0021349743,0.015939,-0.00046447662
-7.3182425,-0.6434716,-0.0018501475,0.0014206266,1.199996,-0.0034888743,-0.064364426,-0.0007779273,-0.034560937,0.0033308782,-0.019021865,-0.08329931,-0.00020215142,0.004911509,0.0001953885,-0.0022587592,-1.1645716,-0.024462817,0.08698954,0.0022496097,0.0011749595,-0.02660035,-0.004864615,0.0002766439,0.0051154634,-0.010269347,0.004386326,-0.08457899,-0.1373339,-0.0031002462,0.006753071,0.0007851419,-0.0031941049,0.0010928045,0.013190195,-0.0027138137
-7.2948055,-0.6082341,-0.03387223,-0.0021560804,-0.32249078,-0.0021704978,-0.11503202,-0.0049600424,0.0025678256,0.0023846943,0.015889416,-0.06959008,-0.0010400624,-0.004340179,0.0002637723,-0.0016539898,-1.2608112,-0.03776066,0.08272329,-0.002818164,-0.009583982,-0.044026308,0.0033957607,-0.00036328306,0.0013018716,0.0051432354,-0.0075796586,-0.10773666,-0.14272533,-0.004847288,-0.005844166,0.0059035914,-0.0037217767,-0.00075343146,-0.008268919,-0.00043510625
1.5636853,0.51571393,0.042169224,0.0033150269,-0.46225247,0.008410528,0.082011215,0.008856991,0.026507877,0.0020190321,-0.05360851,-0.26005694,-0.00012684295,0.004393767,-0.0022225804,0.061534826,0.3231439,-0.03853488,-0.029687455,0.0037140902,0.0051751113,-0.021212287,-0.009424716,0.004075008,-0.003535487,0.0076378044,-0.01290458,0.019105088,0.0057777967,0.0026921204,-0.0030629071,-0.0052971556,-0.01673762,-0.0014127409,-0.011177403,0.0035413879
22.415384,1.3046075,0.057646047,-0.0047690943,0.61011374,-0.01783919,0.1555405,0.00353765,0.042382374,0.0038844817,0.11062437,0.29741383,0.05103565,-0.0025508085,-0.0014501647,0.08349544,4.2118406,0.031701528,-0.10003584,-0.0029088624,0.014370337,-0.05642926,0.0043358053,0.0005654742,-0.0069449088,-0.0006405673,-0.020794535,0.5045692,0.5257735,0.004708266,-0.021702508,0.000785725,-0.009778806,-0.002771142,-0.028520795,0.0033214674
17.243359,1.1765488,0.06643684,0.006406066,1.3112185,0.007948453,0.15998481,0.0065343487,0.027229922,0.0038050017,0.044360705,0.23325974,0.019426366,-0.0011326253,0.003365136,0.03977035,3.4244478,-0.03019639,-0.024491904,0.016715659,0.021951567,0.045809843,-0.010595076,-0.0020477674,-0.010136207,0.034179755,-0.016244873,-0.04528848,0.41311902,-0.005338268,0.001889223,0.00010424583,-0.000538499,-0.0054831877,-0.022384422,0.002540477
2.5430317,-1.3748281,5.5370776e-05,-0.002152252,-1.5546386,-0.0033524667,-0.015495831,0.0068852,-0.07049673,-0.0008096951,0.04209925,0.22526751,-0.006139456,0.008308912,-0.007497361,0.013769209,2.338933,-0.049467504,-0.007686567,-0.0004758623,-0.0047274875,-0.119340464,-0.008104053,-0.018968431,0.0035296693,-0.011054755,-0.011854765,-0.056059,0.25882098,-0.003172955,-0.026515942,-0.0054871575,-0.03174216,-0.0072173346,0.032442875,-0.0034999377
-7.278088,-0.59550947,-0.03295244,-0.0007602294,1.2005119,0.0013223208,-0.06378997,-0.0048610135,-0.028353946,0.0035251498,-0.018455127,-0.07325061,-0.0014540829,-0.004551172,6.969423e-05,-0.0037929197,-1.1757433,-0.035616513,0.08346599,-0.0040225894,-0.0073842085,-0.024598816,0.0029825123,0.00021858688,0.0007690547,0.006139391,-0.005273895,-0.09353384,-0.14018042,-0.0069985394,-0.001293653,0.0031568243,-0.0022060408,0.0010158843,-0.007035211,0.002488306
6.9806137,0.952514,0.03166832,-0.0006087033,1.3002737,0.00024213103,0.11566237,0.0013219669,0.003628815,0.0032055683,-0.15062459,-0.5006741,-0.024640873,0.0026323479,-0.0020185832,0.07878569,1.9006815,-0.088563554,-0.044445656,0.0067715575,0.009978699,0.03074602,-0.011996549,0.00032734624,0.007840999,0.008365029,0.00037740462,0.06223438,0.21108533,0.02347353,-0.017146356,0.000945325,0.007966527,-0.00083151285,-0.015830653,0.004028554
2.3595874,0.9286417,0.030453267,0.0010145633,-1.492583,-0.0064014527,0.031665027,-0.004308456,0.017658675,0.0010666997,0.020675,-0.19014701,-0.004563766,0.0020963685,-0.0016459554,-0.015520886,0.4668679,-0.003164072,-0.076561384,0.0019366309,0.008244672,0.03167582,0.009321834,-0.0021618195,-4.5093053e-05,-0.011797905,-0.028946279,-0.21378118,-0.14903288,-0.0062436126,0.029126776,0.0072372966,-0.014117265,-0.0017228244,-0.0058626696,0.00016267542
19.29496,1.1338761,0.03632016,0.010394553,1.1672412,-0.0051727155,0.16677602,0.008134285,-0.00983532,-0.002440365,0.12467039,0.3191406,-0.07708737,-0.0038354145,0.0014493818,0.06378794,3.7667542,0.008874857,0.0010324753,0.00459522,0.023214307,0.0037824453,0.0004032232,-0.007786066,0.010618102,0.004986096,-8.429233e-05,0.36562526,0.515201,0.007167264,-0.0032898306,0.0015017712,-0.0055555035,0.0024536073,0.028978536,0.008302222
-7.305747,-0.62753016,-0.002758866,-0.001928663,1.2961595,-0.0017333635,-0.03408261,-0.0004732632,-0.007036253,-0.0022136346,0.013515851,-0.08550498,-0.0070776967,-0.0024825025,0.0011940623,-0.0037652077,-1.2307979,-0.029030139,0.084762104,0.0016859362,0.00046508183,0.048051726,0.002584901,0.0002688046,0.0055252826,-0.00030382263,0.010119762,-0.28725037,-0.134484,-0.0055780318,-0.0061632185,0.0015941701,0.0040536984,0.0002514731,0.007870806,-0.00014269532
-7.3001614,-0.6224067,-0.022249607,0.0005355971,-1.2342204,0.0015073211,-0.13582505,-0.002829486,0.0050361557,0.0032686992,0.013613588,-0.08328042,0.003069691,-0.0029190567,0.0008331612,-0.0031807297,-1.3216082,-0.039603274,0.08191683,-0.0005417513,-0.001550598,0.0680046,0.0042296145,0.0014187947,-0.00021112067,0.0053465944,-0.009104889,-0.47549877,-0.15915726,-0.004816758,-0.0036624263,0.001793524,0.0019305234,0.0011381995,-0.008451913,0.0030310005
-7.3301682,-0.6615446,0.0022322156,-0.0026240773,1.202778,-0.0026165305,-0.051512998,0.007281973,-0.025905296,0.003050287,0.007405229,-0.08217414,-0.0011605206,0.010578255,-0.00011064882,-0.0036521587,-1.1825955,-0.025290359,0.09031952,0.0009646719,0.0004746209,-0.02909759,-0.004942341,-0.000683778,0.005776306,0.0004311241,0.009683691,-0.10349511,-0.13775128,-0.0055332086,-0.0008228562,0.00042836278,-0.0022533287,0.0016402854,0.008640398,0.00022867194
-6.6235294,-0.19665648,0.009830327,0.00081524625,-2.1550972,-0.0011219495,-0.16751158,0.015202803,-0.023241322,0.00093100325,0.021476177,-0.09078443,0.009297813,0.005807532,0.0016756633,-0.0020274452,-1.0790886,-0.028801033,0.077488996,0.0024163255,-0.0022567264,-0.0651198,-0.006136045,0.0043966225,-0.00024702726,-0.0013587978,0.005288306,-0.20615016,-0.16135238,-0.005536711,0.002848874,0.008127784,-0.0029724173,0.017344128,-0.00070465496,-0.003958451
-6.2146654,-0.47703612,-0.053788736,0.0062168553,1.287198,-0.004119293,-0.0051681814,-0.0071200766,-0.041656937,0.0040270775,0.014493449,-0.051866036,-0.0012728121,-0.0078055547,0.00064289814,-0.0024059531,-0.7167375,-0.027862111,0.040363308,-6.8714784e-05,-0.009360179,-0.017950354,0.0017604902,0.009858641,0.02340636,-0.005341222,0.002030559,-0.1627189,-0.12952967,-0.007415373,-0.0016135375,0.007534084,0.0069641094,0.014166919,0.019517327,0.004077171
-7.2860312,-0.60924006,-0.03193943,-0.0009400624,1.2016785,0.0021706037,-0.06435843,-0.007412715,-0.014437904,0.0031730214,-0.0064491024,-0.07405331,-0.0018462074,-0.0048007686,-0.00016229333,-0.003536642,-1.1957526,-0.03303958,0.08767074,-0.0041730907,-0.0072528166,-0.025481146,0.0013223651,-2.1203346e-07,0.0015569451,0.0068031508,0.008044444,-0.09511488,-0.13590948,-0.0061922795,-0.003309213,0.0015329649,-0.003298201,-0.0015205182,-0.006505448,0.002352215
3.0462978,0.05283049,-0.014092143,0.0037753605,1.3103107,0.0040000873,0.12417337,-0.0067917644,0.039584436,0.0015673047,0.039281998,-0.22349867,0.0076898844,0.0029335928,0.0058840076,-0.02414356,1.5605577,-0.011642489,-0.040493004,0.0023901546,0.005618977,-0.0041072373,0.014880854,-0.0005188248,0.0040716776,-0.011789376,0.010567801,-0.26076418,0.021474931,0.003663507,0.028636865,0.008009441,0.01937101,0.00078246935,0.008787372,-0.0036275138
-2.8669968,-0.2641905,-0.047861148,-0.005614376,-0.75510395,0.004032257,-0.17084235,0.002598621,-0.20355192,0.0034421943,0.014362459,0.076903224,-0.0032172499,-0.008596859,-0.0029920451,-0.013815036,0.29304424,-0.16649218,-0.035243697,-0.005048505,-0.012339817,-0.007253315,-0.0059299497,0.0071939207,0.025680978,-0.01032851,-0.0066575455,-0.29119173,-0.07504696,-0.051329337,-0.023351071,0.0004036749,0.014432922,0.0074548135,0.0132513065,0.0015763675
-7.298079,-0.6343821,-0.0032423465,-0.00042005663,1.2039683,-0.0024985094,-0.07641818,0.0037210134,-0.030804735,0.003684033,0.013165964,-0.08141453,-0.00018827667,0.0046319603,-0.00036501663,-0.003798169,-1.1813269,-0.028389094,0.08808372,0.0026011516,0.00057259976,-0.02916573,-0.005479121,0.0019034148,0.00824807,0.007820895,0.0057547665,-0.10688775,-0.14375415,-0.007862245,-0.00037902012,0.0016014804,-0.002943302,0.0010580303,-0.0062466124,1.2015385e-05
-7.297864,-0.59454584,-0.0332217,-0.0006865733,0.39801028,-0.0018476814,-0.09838034,-0.0035188685,0.002094964,0.002846666,0.0064370316,-0.07088598,-0.0018358241,-0.0051994547,0.0006744272,-0.0029599266,-1.2442396,-0.03954829,0.07776258,-0.0038705247,-0.007964661,0.0711037,-0.00059326726,0.00027549212,0.00012653875,0.0058798804,-0.00831279,-0.37029982,-0.14263633,-0.0067574037,-0.0057835905,0.0026098802,0.010902114,-0.00064767315,-0.00741343,0.00056000485
16.422703,1.0801821,0.07118856,0.006561049,-0.8441807,0.0054973797,-0.12606685,0.005690964,0.006709152,0.0054061883,0.047543097,0.23571593,0.0140656885,0.00027350636,-0.003177142,0.04556232,3.4029484,-0.023922246,-0.015535697,0.02914408,0.013484487,0.062095474,0.009750344,-0.008666375,-0.0054916022,0.034601536,-0.004867533,-0.037319835,0.4033617,-0.009206488,0.0026621672,0.0030762183,0.0062992745,-0.0009919372,-0.026567142,0.00530818
-7.325446,-0.6017893,-0.030941546,-0.0021837465,0.76679134,-0.0002776208,-0.1360824,-0.0038896243,-0.025457004,0.0031053994,0.015229059,-0.06844592,-0.002101056,-0.0053607007,-0.00018825535,-0.0022074368,-1.2243283,-0.037464347,0.07814603,-0.0035760463,-0.009100487,0.06793667,-0.0011155563,0.0004967827,0.006998003,0.00036308487,-0.008136178,-0.41304255,-0.13749735,-0.0070336782,0.001002915,0.0022623967,0.0011235855,0.0018928417,-0.000693181,0.0026693775
12.021399,1.2260875,0.014635924,0.004247025,-1.1975486,0.011319672,-0.09264271,-0.012506015,0.00849993,0.0033735898,-0.0036420722,0.36946985,-0.013250114,-0.003593601,0.00048049763,0.07471561,2.778829,-0.039987493,-0.07536171,0.015656888,0.0069795065,0.05808957,0.0048144865,-0.0043602465,-0.013290151,0.013804374,-0.012253573,0.03765728,0.32078564,0.0035696446,-0.022775523,-0.0051586824,0.006541533,-0.005067853,-0.021169327,0.011003499
14.366435,1.0847898,0.017778948,0.0070716757,-1.5977678,0.008042565,-0.22191991,0.002043238,0.0026107933,0.0029111553,-0.04742849,0.14404455,-0.0640122,-0.005062051,-0.001702834,0.06509889,3.306269,-0.03895343,-0.08587093,0.014515954,0.010893118,0.028384497,-0.0022134914,-0.009733664,-0.00883483,0.02452008,-0.01162601,0.25613925,0.3754363,0.017363876,-0.047356073,0.0015655328,0.022204742,-0.0058956244,-0.029752113,0.014874465
9.67769,0.85374427,0.026534809,0.005115402,-1.6892462,0.003164377,-0.22733553,0.0077999597,-0.011307049,0.0026678394,0.0859145,0.03193702,-0.0036795295,0.020337543,0.002086935,0.00045286262,2.4249778,-0.065144695,-0.016778417,0.0068544145,0.01673939,0.054188855,-0.007616919,-0.0026531594,0.0011405591,0.015937041,0.016726054,-0.22975646,0.23645005,-0.013030038,0.0030110981,0.0023330275,-0.00875541,0.0071859625,-0.02288357,-0.010005011
3.3742845,-0.053729497,0.05179642,-0.0009812821,1.3154362,0.002301928,0.062240016,0.012803305,0.020700546,-0.018280381,0.06198897,0.07763623,-0.015806606,0.0072675343,-0.004011516,-0.03142427,2.3190818,-0.03317795,-0.051562775,0.014560691,0.013298638,-0.020857811,0.011044883,0.0006584495,0.0035639622,0.01150652,-0.0049429312,-0.33633754,0.17834786,-0.003774519,0.021363607,0.00071565196,-0.005410052,-0.000515382,-0.006631086,-0.011397785
6.3530283,1.022953,-0.07490021,0.00538085,-1.7828397,-0.01023191,-0.27908823,-0.021894421,0.016739829,0.0038187332,0.06796829,0.31056908,-0.009692704,-0.011552712,-0.003094286,0.024343036,2.3429527,0.0012411538,-0.08120487,-0.053642273,0.0064276,-0.049590074,0.008231438,-0.0010356735,0.0010246516,-0.0017605849,-0.013689815,-0.39516002,0.16706909,-0.011770381,-0.00021795729,-0.0013290369,0.0044190497,-0.0019438745,-0.024729893,-0.0042052055
-7.297143,-0.61288404,-0.021304425,0.0020524138,1.2152317,-0.0024339734,-0.072722174,-0.006965324,-0.02371626,0.0028803907,-0.017808497,-0.078060396,-0.0064744474,-0.0011304229,-0.00044392957,-0.00345587,-1.166931,-0.029324112,0.08435174,0.0007534593,-0.0011121351,-0.02683453,-0.003949452,0.00077774987,0.0014168478,0.00046568262,0.0024674488,-0.10119674,-0.1437954,-0.0064184694,-0.00039675602,0.000592433,0.0002554838,0.00060281076,0.008446526,0.00273562
-7.3892403,-0.64261997,-0.023986813,0.0009608867,-2.299554,-0.00076139544,-0.036327414,-0.005928708,0.010687441,0.0021808424,0.012063723,-0.08397861,0.0033926647,-0.003601711,0.00066900667,-0.0031983184,-1.3546135,-0.029979795,0.08895469,-0.00033242168,-0.0023936222,-0.016691204,0.006298439,0.0018781219,-0.0024456042,0.005443207,-0.008016382,-0.3967275,-0.14515786,-0.008328088,-0.010127308,0.00041599004,0.0005903002,0.0010191434,-0.008803693,0.00033061756
13.13473,1.2228639,-0.0058430214,0.002376531,-0.44242132,0.0027824196,0.092789926,-0.014190039,-0.0060951784,0.005543684,0.10652717,0.38294697,-0.011308565,-0.0031877528,0.0026046047,0.036232516,2.8499625,-0.040384408,-0.10379907,0.017695192,0.0021044612,0.07510989,0.0041943984,-0.0041811233,-0.0005929208,0.011324938,-0.015367262,-0.10796864,0.34535965,-0.007133584,-0.014018257,-0.0060810405,-0.0075149112,-0.0036573678,-0.022814365,0.011889315
-6.135876,0.0041224365,0.0155429,0.0035423879,1.2104731,0.00062787445,0.008354736,0.0016303496,-0.0025862218,0.0029093202,-0.038941495,-0.114528984,-0.006839132,-0.00034376205,-4.95866e-05,-0.020090062,-0.93069476,-0.02749607,-0.0021735823,0.000264454,-0.0006482843,-0.012154044,0.0040818984,-0.0011452422,-0.00025439943,0.0012518706,0.0027484782,-0.016483176,-0.21441607,-0.0011217872,-0.008389531,-0.0002498173,0.004935253,-0.00043401186,-0.019444766,-0.0012011236
-7.283266,-0.6099316,-0.030584479,-0.0009370424,1.2121736,-0.00052368414,-0.08109421,-0.0015026903,0.006558334,0.0029000859,0.012716032,-0.07291806,0.0031808235,-0.0025532674,0.0011086533,-0.0056365784,-1.2038606,-0.035421595,0.084373236,-0.0040480676,-0.009851702,-0.027414184,-0.0052922894,0.0006358024,0.00022743708,0.0062993965,-0.007479591,-0.10172565,-0.13159701,-0.006933169,-0.008023268,0.0029246141,-0.0028901694,0.0011115756,-0.006977417,2.173506e-05
-7.3157086,-0.64027524,-0.0020387934,-0.0023915186,0.37406605,-0.0018469356,-0.050735507,0.003591139,-0.037244067,-0.0010410108,0.013366582,-0.08389251,-0.0016840388,0.0054743835,0.002310396,-0.003620388,-1.2173914,-0.033225454,0.083689794,0.00063304405,-0.00038009448,0.06503435,-0.00188276,0.004418493,0.00958645,0.0022757011,-0.008452332,-0.40181708,-0.1337431,-0.006837995,0.0023676397,0.002122804,0.0034206377,0.0042205616,-0.0033298398,-7.876661e-06
-7.4597635,-0.65009004,-0.005429813,0.0048498595,0.4654185,-0.005565002,-0.058004536,0.0018980906,-0.030170964,-0.013781006,0.013010899,-0.07739715,-0.0052977437,0.0038309067,-0.0013074825,-0.0007004833,-1.1737831,-0.022144597,0.09065228,0.003766305,-0.00076973287,-0.05262234,-0.0055677705,0.0012277125,0.007994038,-0.009574543,-0.009772909,-0.122225106,-0.13768111,-0.007520744,0.0018236915,-2.7691427e-05,-0.0039991043,0.0007582833,0.007637772,0.0005214099
-7.386819,-0.64364105,0.027135855,0.0022133884,1.2117729,-0.003696453,0.013623424,0.0056281216,0.011158561,0.002734996,-0.0056129196,-0.084364414,-0.0031404842,0.005916413,-0.001174855,-0.0047210176,-1.2246925,-0.026250795,0.093313865,-0.0050053615,0.0020308243,-0.02378471,0.0018579552,0.0022717314,-0.0022360324,0.0074856896,-0.009119098,-0.08202893,-0.14322813,-0.005974448,-0.0070938626,0.0011864705,-0.0016296678,-0.00027036012,-0.009204436,-0.0005479138
-7.2641816,-0.6210037,-0.031690247,-0.002373511,-0.92394865,-0.0038747904,-0.13715686,-0.0064305183,-0.0033477473,0.0022621383,-0.01831532,-0.06883718,-0.002388003,-0.005333585,-0.0018952896,-0.0020173886,-1.2940006,-0.042563904,0.07926145,-0.0054592737,-0.0085724145,-0.029370833,0.0040054726,0.0020580823,0.005860786,0.00023222521,-0.002426836,-0.32536086,-0.15201549,-0.0055066627,-0.006725479,0.0018596388,-0.0027545725,0.00015483497,0.0014667971,0.00079160277
-7.235359,-0.6231495,-0.02283105,0.009210239,1.1880224,0.0012293545,-0.034970697,0.004248627,-0.034872238,-0.014054654,-0.025805194,-0.089294404,-0.008801574,0.00090757315,0.00015090653,0.0016107558,-1.1152639,0.0020568366,0.09964605,0.002324159,0.0026635746,-0.016452344,0.0069627957,0.001622475,0.013809436,-0.0009175769,0.0058421544,-0.090873435,-0.13731214,-0.0022037055,0.009085899,0.0047372794,-0.00054803904,0.0019123523,0.009443853,-0.0013161553
19.209024,1.0560534,0.027916726,0.0044061933,1.1923422,-0.02993979,0.1615903,0.008154088,-0.012204258,-0.005199768,0.06728735,0.38491926,-0.027555538,0.012939028,-0.0014871849,0.059883118,3.0682554,-0.07471391,0.037952233,0.005073332,0.020968249,-0.015307398,0.008618296,-0.0053945957,0.006852721,-0.072315834,0.0033544078,0.22357614,0.37617198,0.0010478912,0.008436979,-0.0023556715,0.0032400156,-0.009062868,0.049677696,-0.0013860953
23.678774,1.3618191,0.046632376,0.0013758586,1.0826895,-0.015698718,0.07332524,0.032720048,-0.007591529,0.0049144337,0.11289075,0.3138372,0.057322673,-0.0038262974,0.0044480613,0.08062548,4.2090096,0.032364413,-0.092027254,0.0071808514,0.023500986,-0.024128767,-0.012032464,-0.0031470521,-0.0046007037,0.020113707,0.02020788,0.4980367,0.517412,0.0071773576,-0.028678587,0.0026197769,0.002323729,-0.0011134642,-0.02266703,0.0034749347
18.58658,1.1578956,-0.0034822705,0.0043641143,-1.506165,0.0138678085,-0.21717408,0.008172617,-0.015386317,0.0025568407,0.14216648,0.33048213,-0.017067704,-0.002833889,0.0023348976,0.06854601,3.6605678,-0.020970704,-0.041552477,0.0035849898,0.01254399,0.016282812,-0.005011552,-0.0007655622,-0.0046088384,0.026974773,0.01914961,0.32331905,0.3748196,0.003713937,-0.035592694,0.009699136,0.011244556,-0.016086271,-0.025231307,-0.008097566
15.160063,1.0269002,0.060652383,-0.0117987525,-0.012202544,0.017475339,0.10663943,0.016076328,-0.00033207194,-0.009664175,-0.041248,0.13863608,-0.109235026,-0.0051022815,-0.0027399368,0.059315518,3.2065036,-0.048402682,-0.042948045,0.0034373049,0.011465665,0.055629984,-0.012850061,-0.009525899,-0.0018888322,-0.009523525,0.011729322,0.23063183,0.40762326,0.011511355,-0.015805384,0.0010009828,0.004993135,-0.008378948,-0.027678765,0.013936355
-7.348113,-0.64531374,-0.0025029965,0.0020068206,-0.099882126,-0.0019326572,-0.059318826,0.0051744743,-0.037965614,0.0028602919,-0.018593853,-0.08384841,-0.0004202054,0.0052904477,0.0011235424,-0.00263853,-1.2034404,-0.030770818,0.081826404,8.204385e-05,0.00013335,0.021793569,-0.0010800911,0.0025161644,0.0028630495,-0.009781836,0.0059900736,-0.249409,-0.14180158,-0.0024511893,0.008536487,0.0015696364,0.012578141,0.0016083661,0.00796434,0.00084178895
16.302097,1.1828177,0.06281131,-0.0014264678,0.6239945,-0.0008668738,0.14422925,0.035474315,-0.012005248,0.0021513465,0.035942387,0.408854,-0.029228525,-0.0027988309,0.0008225247,0.3525529,1.6955811,-0.059676424,0.26358393,0.006699952,0.040322457,0.049976636,-0.0007710974,-0.0030992255,0.029267522,-0.008557182,0.0076886415,0.607776,0.23856269,-0.0063043386,0.0068535176,0.005856368,0.007911252,-0.002681539,0.023629721,0.020788759
-4.1389318,0.3519034,-0.011894082,-0.001660989,1.2501513,-0.00045978618,0.011710585,-0.00101783,-0.0035549912,0.004325524,0.017635826,-0.15591684,-0.010591955,-0.00038146673,-0.0008774274,0.008520115,-0.89297324,-0.027350577,-0.03545818,0.0016231525,0.0064043365,-0.026744228,-0.00786332,-0.0011577259,-0.00033480962,0.004984309,-0.008166534,-0.10141137,-0.20404296,-0.0059328154,-0.0071375077,0.004796696,0.012038447,-0.00072947075,-0.011568286,4.6179717e-05
-7.312753,-0.6301653,-0.028441515,0.00047808868,-2.1645153,0.0008621057,-0.16123082,0.0014403391,0.005511898,0.0022111963,0.013266221,-0.072259896,-0.0036750678,-0.0036761991,0.00092316594,-0.002475045,-1.3490933,-0.03503767,0.082519986,-0.00467244,-0.009260173,0.020391623,-0.0046723657,0.00030474155,0.0018203558,0.006007478,-0.005947295,-0.4853997,-0.15218455,-0.0073132003,-0.0044236267,0.00018906525,0.002936424,-0.0025448147,-0.009109139,0.0055258875
12.249414,1.1369509,-0.018708372,0.0023548782,1.3533136,0.013654303,0.15066585,-0.0004017867,0.0024609163,0.0048319735,-0.2552492,-0.067346014,-0.018279728,-0.010125425,0.001416084,0.19376072,2.5843892,-0.08728106,-0.10127591,0.004695781,0.0027050052,0.043949652,-0.010538867,0.000962434,0.00020634258,0.020482171,0.0007200071,0.40018108,0.30488798,0.01586542,-0.019553164,0.0048963963,-0.00075259316,-0.00081832,-0.018530425,0.0039798506
15.459529,1.1817775,0.05179334,0.007956075,-1.7924515,-0.005244922,-0.30392653,0.0013747312,0.0018892483,0.0026458919,0.0641483,0.38542086,-0.014688472,-0.0020905496,0.0019456326,0.04896552,3.2936695,-0.03183891,-0.09669648,0.026027039,0.011726011,-0.0024327221,-0.0075352197,-0.012292454,-0.01142214,0.027751759,-0.01729528,-0.039922256,0.30795926,-0.00394698,-0.016332634,0.008432799,-0.10122849,-0.007724478,-0.03411469,0.009817087
-7.4155207,-0.61175317,-0.024026824,-0.010346014,1.196214,0.00070444675,-0.04891678,-0.0053305672,0.004003059,0.003065914,-0.022557236,-0.08319636,-0.00066648645,-0.0076337997,-6.0694583e-05,-0.0036993318,-1.2644422,-0.007450149,0.08868341,-0.0009396095,-0.0022452322,-0.01952019,0.008549177,0.0019966257,-1.8031442e-05,0.0061956397,-0.0076125623,-0.07452819,-0.13009977,-0.0028534343,-0.00051388674,0.0010405125,-0.0012214748,0.00039971108,-0.008095557,-0.0039561023
-7.2803435,-0.61138016,-0.01566842,-0.002382456,1.2000666,-0.0021277491,-0.06745854,-0.0043875095,0.002797173,0.0027676087,-0.023698911,-0.080901034,-0.007844406,-0.0007860691,0.0011041997,-0.0032818662,-1.2167027,-0.032684635,0.08608782,0.0004944694,-0.0011069439,-0.028214334,-0.0035108381,-0.0013884065,0.0012887177,0.004771725,-0.0080557335,-0.07297052,-0.13079013,-0.0057040607,0.0020103822,0.0019961647,-0.0011092925,0.0004503218,-0.007396462,-0.00372647
-7.2702937,-0.65622103,-0.01148817,-0.0010871209,-1.185399,0.0010675401,-0.1261865,5.3506228e-05,0.0043786783,0.0034208111,-0.020547785,-0.08532921,0.0018668413,-0.0025731463,-0.002301909,-0.0021711402,-1.3169488,-0.038000047,0.08552855,0.0014570114,-0.00105995,-0.09940644,0.0032550993,4.047872e-05,1.838187e-05,0.0056507224,-0.00815093,-0.11146523,-0.15222657,-0.00476792,0.008495953,0.0035406873,-0.0029528798,-0.0016558336,-0.007324625,-0.004645981
-7.3221292,-0.6144072,-0.034440465,-0.001458529,1.1975495,-0.00023768221,-0.023187349,-0.0038583402,0.0011174919,0.0027127054,0.01265207,-0.07181983,-0.0014747458,-0.0048402054,0.0007306752,-0.0031360658,-1.1982515,-0.031117078,0.08617058,-0.0028680465,-0.0120646525,-0.025226468,-0.0027104372,-0.00030456495,0.0020387764,0.006473973,-0.0076983627,-0.10190199,-0.13038313,-0.0077658915,-0.008174129,0.005216934,-0.0008287403,-0.00024768588,-0.0074014417,0.000513633
-6.830296,-0.34685892,0.0021284157,-0.015083998,0.9452494,-0.0013133023,-0.0641649,-0.003326533,0.002259912,0.001580623,0.017794918,-0.09684079,0.0062165065,-0.002560765,0.0017050137,-0.0035464903,-1.1580716,-0.011938381,0.07525619,0.00020964662,0.002856683,-0.018584846,-0.0056681265,-0.0023153475,0.0006507329,-0.0023195187,-0.009564389,-0.12257794,-0.13968258,-0.00699659,-0.008123291,0.0001379873,0.0008274719,-0.00017833509,-0.0098258,0.00026437535
-7.2685943,-0.6172735,-0.03563469,-0.00050654006,-1.2901536,-0.0018333562,-0.088779144,-0.0032949117,-0.025093984,0.0036320821,0.015473499,-0.07467927,-0.0018417712,-0.006144386,-0.0001738574,-0.002995995,-1.2943889,-0.042645693,0.08096645,-0.0039157644,-0.010082326,0.065571904,0.002975877,0.00057596393,0.006478234,0.0057822014,-0.009629183,-0.44824207,-0.1578627,-0.007467478,0.0015182657,0.0034517916,0.007003445,-0.0014516755,-0.007946003,-0.00047907527
6.9824657,0.78987,0.029285839,-0.0030981977,-1.9148453,-0.0040655555,-0.21480082,0.019620506,0.03314457,0.0031754032,0.033886343,-0.03090827,-0.002364178,0.011595221,0.004498211,-0.012798149,2.2752807,-0.03809352,-0.04426722,0.004665702,0.016241511,-0.0061322814,-0.004309605,-0.0028167772,0.005446193,-0.014947244,0.010703549,-0.4764811,0.24769656,-0.01189342,0.017003551,0.004621092,-0.0149451895,-0.0023900077,0.034337338,-0.0068636183
1.5359815,0.6330031,0.04663447,0.005305977,-1.5120784,0.0088892225,-0.28580675,0.012398219,0.016069895,0.0023801955,-0.061571613,-0.26009816,0.0016711216,0.0038388912,-0.0025866146,0.072342396,0.48314652,-0.044933144,0.0520358,-0.001471661,0.0032775372,-0.0029085414,-0.0005277558,0.0025028535,0.0031290215,0.010696218,-0.007577879,-0.012351585,-0.119992174,0.0016051009,-0.009641139,-0.0026259378,0.0036829743,-0.003501243,-0.023231745,0.0013951915
-7.277949,-0.5981048,-0.038581707,-0.00093966775,1.1969587,-0.0017349388,-0.07218091,-0.004788837,-0.033342972,0.003170006,0.015278257,-0.0719465,-0.0016436888,-0.004482357,0.0017366299,-0.003142855,-1.1681701,-0.036972336,0.08234315,-0.0041700923,-0.011882649,-0.024619598,-0.0018448372,0.003234936,0.006461946,0.0061891484,-0.007120552,-0.11145543,-0.13370484,-0.006871273,-0.00075198367,0.0032045445,-0.0019509463,0.0018072118,-0.0071507595,0.0013310976
-7.30954,-0.606584,-0.025972065,-0.0011142893,1.2055277,2.7367116e-05,-0.024474759,-0.004009515,0.0060164607,0.0028691844,-0.023111355,-0.07801382,-0.00037846962,-0.0051436033,0.00040353255,-0.0039436496,-1.2321388,-0.032052573,0.08729443,-0.00059358217,-0.0032052603,-0.025890488,-0.0023213974,5.274918e-05,0.0012952423,0.0061115064,-0.007573208,-0.07200367,-0.13955185,-0.005330634,0.0022540174,0.0013064527,-0.0019899863,0.00015223901,-0.0076174685,-0.0015820566
8.970636,1.0697862,-0.16900793,-0.0016334244,1.3280588,-0.004310927,0.14696275,-0.02963821,-0.027049406,0.0024581284,-0.017493427,0.14087039,-0.013170364,-0.010400979,0.0024707683,0.033764396,2.33807,-0.057114273,-0.11839002,-0.061869428,-0.10180068,-0.003182359,0.0064841295,-0.0047384854,0.013930408,-0.03910666,-0.010819632,0.04719611,0.20508502,0.0032654854,-0.02467909,-0.0035539328,-0.0059843175,-0.008418959,0.019049736,0.0034535367
-7.3035007,-0.6303643,-0.0016216316,-0.0009492664,1.2088233,-0.0024942867,-0.060267147,-0.0022141894,-0.007281211,0.002710606,0.014754866,-0.08144402,-0.0073560523,-4.246501e-06,-0.00010967389,-0.004158789,-1.2075223,-0.028792748,0.08645463,0.0020605843,0.00023580468,-0.03325614,0.0029513997,0.001698981,0.000994365,0.007162957,0.0035655731,-0.09869844,-0.1395993,-0.0056264815,-0.008075986,0.0005955489,-0.0006543872,0.0018086857,-0.0075739743,0.0019559094
-7.2794185,-0.6130143,-0.033113904,-0.0018640588,-0.5227457,-0.0009730018,-0.09580015,-0.0050506582,-0.028801834,0.0029786776,0.018258903,-0.06829621,-0.0010526115,-0.005584076,-0.001401766,-0.00073135673,-1.2586094,-0.042561468,0.07958365,-0.004469041,-0.011635422,0.012024144,-0.0042276196,0.003802321,0.008240527,0.004571125,0.00435717,-0.29307377,-0.14950584,-0.006855779,0.0016440789,0.0038137455,-0.0020999424,0.0031270522,-0.0075882003,0.0007794451
-7.321261,-0.6074742,-0.03620467,-0.0018629743,1.1932517,-0.0020509332,-0.030391961,-0.005814958,-0.033334978,0.003024842,0.017907787,-0.071530245,-0.0015399995,-0.0051473295,0.001758837,-0.0030785226,-1.1601413,-0.032140415,0.084334105,-0.0037714185,-0.012270361,-0.02490322,-0.0036694456,0.0024109026,0.006954139,0.006706307,0.0062353644,-0.11535451,-0.13710505,-0.008018676,-0.0008307153,0.00204178,-0.0017588459,0.0021993786,-0.007550357,0.00015972825
13.0379095,1.2793193,0.012902755,0.0032162915,-0.8288835,0.010243224,-0.015871866,-0.015499051,0.007316447,0.0045299022,0.08860477,0.43490738,-0.011572137,-0.0035529812,0.0022003483,0.050538495,2.954805,-0.043332998,-0.097815484,0.017662933,0.021327628,0.06913916,0.010975514,-0.0016132435,-0.0017660384,0.016560193,-0.011469082,0.039699353,0.28513488,0.0016330179,-0.013602653,-0.0051490497,-0.0030052143,-0.00319352,-0.023078637,0.014089083
21.439758,1.1803745,0.1113036,0.009643675,0.3482462,-0.007694807,0.14878894,0.018595185,0.01154922,-0.007531538,0.11572701,0.35799438,-0.050856404,0.039492615,0.0021963685,0.081605695,3.508364,-0.016827729,0.1871216,0.009452488,0.017797945,-0.0703847,-0.022908824,0.0041236784,0.0060841464,-0.006565677,0.009713095,0.3883536,0.32449186,0.0058875936,-0.010046938,-0.0005134781,-0.014123373,-0.00066783605,-0.011733729,0.020109009
-7.4293976,-0.61527854,-0.024206577,0.0040156622,1.3271723,0.001505453,0.04662228,-0.0028653983,0.013628612,0.0025183614,0.007035848,-0.08659011,0.0036754608,-0.0038113578,0.0011160913,-0.0029758227,-1.2079949,-0.027460447,0.08197088,-0.00039168057,-0.00215888,0.09049139,0.006196955,0.0016201709,-0.0024824354,-0.009898408,-0.0018158222,-0.31900495,-0.1298679,-0.00831838,-0.009234731,0.0014759515,0.0006393513,0.00045923432,0.0075351084,2.2841647e-05
4.0433383,0.79717463,-0.053747516,-0.007294724,0.46723738,-0.001107579,0.046977207,-0.0051825056,0.0050773555,0.0016057518,-0.18675849,-0.09846768,-0.00636185,-0.016644282,0.0008731181,0.009140212,1.723759,-0.025547652,-0.09874764,-0.010890607,0.009314124,0.03266328,-0.008168623,0.00085624575,-0.0034282128,-0.015458144,0.02172966,-0.23713307,-0.021653712,0.004332769,-0.02001881,-0.007902391,-0.00860111,0.00095514965,0.007736278,-0.004159349
-7.2930408,-0.6183039,-0.028805008,-0.0011119974,1.2054806,0.0005183255,-0.08806644,-0.0046310658,-0.03164573,0.0031181788,0.014822944,-0.076060295,-0.0070820227,-0.0012263608,-0.00042124436,-0.00518724,-1.1700724,-0.036966614,0.08450584,0.00026892233,-0.0009494717,-0.024497421,0.0034169287,0.0019437413,0.008445059,0.006516275,0.0075415797,-0.123775624,-0.13751985,-0.006641345,0.0003147144,0.0029814611,-0.001303455,0.0022876398,-0.006706678,0.0013129918
17.34649,1.3245817,-0.031709306,0.003837966,1.2698057,0.013212428,0.14079955,-0.0014252068,0.008308151,0.0060559125,0.14493579,0.29396075,-0.05459696,-0.0065850383,0.0029369134,0.06870823,3.742675,-0.008008081,-0.088359214,0.0059051863,-0.013890939,-0.0013219408,0.017473415,0.0023149678,0.0028420207,0.018793935,-0.013045477,0.3486806,0.51746374,0.0053796247,-0.01567821,0.0040049003,-0.007381107,0.00065519713,-0.02504898,-0.0034050606
-5.7770114,0.15034756,-0.029147705,0.0013713788,1.1912123,-0.001252215,0.028352996,-0.010814318,0.008485053,0.005998456,-0.039272193,-0.12635133,0.0038496356,-0.006056574,0.014761851,-0.032264046,-1.0126379,-0.060423613,-0.00037093417,-0.0040007224,0.003935663,-0.016361825,-0.010307387,0.004191939,-0.0052086064,0.006417966,-0.0071335845,0.009608292,-0.19292705,0.00409337,-0.0071297633,0.0012493227,0.0047283415,-0.0026704348,-0.014957304,0.0010349154
-7.2861166,-0.59881943,-0.02937253,0.0002311108,1.2056829,-0.00019323149,-0.06743449,-0.0048647854,-0.0020619377,0.002281005,-0.022489833,-0.07626246,-0.00060855434,-0.0041531944,0.0012516927,-0.002485635,-1.217072,-0.02965034,0.085117735,-0.0038695065,-0.006672674,-0.030856177,-0.004997441,-0.00014715586,0.0020370379,3.7048332e-05,-0.0068914215,-0.07529999,-0.13239191,-0.005596823,0.0033946566,0.0008789873,0.0048662447,-0.0007059828,0.0071734246,0.0020110116
1.8081485,0.92459154,-0.037653804,-0.0003157752,1.2513934,-0.0141091095,-0.03884926,-0.01133562,0.017483123,0.0034604666,0.032179434,-0.14790891,0.0060905796,-0.012015919,-0.0022028035,-0.024362152,0.28209043,0.009447236,-0.04142436,-0.0022533878,0.004201768,0.0326199,0.014884086,0.0025020337,0.0008723816,0.006818402,-0.019011442,-0.17229067,-0.11911353,-0.012843386,0.01313891,0.001922322,-0.011992899,0.0040905983,-0.012050365,0.005094355
-7.3141255,-0.67180455,-0.0025511947,-0.00011154468,-1.8954551,0.0021317326,-0.090521656,0.0056671263,0.00385168,0.0027163136,0.012291711,-0.08216246,0.0020366178,0.00029303957,-0.000325577,-0.0029412252,-1.3332047,-0.034649357,0.09194714,0.0014426544,0.0003978461,-0.09548306,0.0040760273,0.0021287093,0.0042315694,0.0059293504,-0.009037597,-0.12735507,-0.15738524,-0.0057428973,-0.005277656,0.0008943703,-0.008352981,-0.0004031764,-0.008051518,-0.0012826411
-7.2855196,-0.6010104,-0.035412725,-0.0007152089,1.2129368,-0.0022606996,-0.08587792,-0.003767611,-0.03438687,0.0033317043,0.006373594,-0.07181842,-0.0016709726,-0.004960861,-0.00038399818,-0.003982735,-1.1654655,-0.033934012,0.08320395,-0.0024160866,-0.012303841,-0.02274933,-0.0037944764,0.0021506755,0.0072464026,0.0063282135,-0.006111481,-0.11691021,-0.13215563,-0.0081103975,-0.00049901084,0.0047902544,-0.0024178429,0.003430816,-0.006934896,0.00144821
13.024908,1.382476,0.030835493,-0.008027644,-1.9041457,-0.001599272,-0.22868776,0.10752657,0.0072670733,0.0012455573,0.020825153,0.719299,-0.0026612917,0.019662334,0.0028155767,0.06178803,0.72397643,0.036501825,0.15800603,0.010729153,0.054982588,0.011987177,0.002295372,0.0027746554,0.0052785557,-0.0045354473,0.016360458,-0.039933864,-0.08396537,-0.011706143,0.008488359,0.0052052937,-0.015370287,0.0017173629,-0.021211553,-0.0059548994
-6.932453,-0.19129092,-0.047613855,-0.0002051462,-1.5875918,-0.0022830032,-0.14338012,-0.011944896,-0.02900316,0.0027263022,0.017166499,-0.08075461,-0.0051737516,-0.0032799153,0.0015319701,-0.0048940205,-1.2815146,-0.03810511,0.06729486,-0.0048062573,-0.007440186,0.045978542,0.0033033527,0.0013729811,-0.00013072774,0.001318049,-0.010450064,-0.41317773,-0.16101572,-0.006210489,0.0017157767,0.0033634559,-0.0006015232,0.0010396363,-0.014445865,0.0021653874
9.146637,1.0998951,-0.07882076,0.002662557,-0.3955278,-0.003491965,-0.06746046,-0.0415715,-0.0012066932,0.0043771192,0.14963937,0.21303058,-0.022250334,-0.0018168804,0.0033613318,0.022362627,2.5233057,-0.024096137,-0.089667775,-0.022421937,0.009035632,-0.10651698,0.0115722325,-0.0018011412,0.0003962842,0.0057553053,-0.023887828,-0.15293838,0.22666971,-0.009478106,-0.0019904901,0.0011135312,-0.009100354,-0.00050512596,-0.016939772,-0.0044043376
-7.2778645,-0.6089723,-0.025160287,-0.0010439233,1.1999843,-0.00043699832,-0.06396281,-0.0038482614,0.0049184225,0.0027785478,-0.0202202,-0.07817203,-0.0067985435,-0.0023366509,-0.00044695797,-0.004641628,-1.2256027,-0.03191988,0.08522357,-0.0005299391,-0.0013696892,-0.025287744,-0.005814109,0.0004451324,0.00012890251,0.0061158924,-0.0076471474,-0.072806336,-0.133722,-0.006394641,0.0069252793,0.0013990521,-0.0028194485,-0.00016314069,-0.0069733527,-8.479117e-05
-7.3496575,-0.6660209,-0.0072241393,0.001492862,-0.307419,0.0007043817,-0.06704056,0.0059338543,-0.032534674,-0.0042802477,0.012790314,-0.0832037,-0.0049132505,0.0046634222,-0.0025381877,-0.0026500705,-1.2125592,-0.030897826,0.084759735,0.00286083,0.00086386467,-0.07322474,-0.0057102977,0.0026251,0.009836589,-0.009271155,0.008259569,-0.111331664,-0.13653286,-0.007633008,0.0023675016,0.0040860176,-0.00560878,0.0018946441,0.010135472,-0.00046614424
-7.3139863,-0.6351559,-0.014770651,-0.0007998512,1.2029577,-0.0013310647,-0.047183674,0.0028692354,0.0063869287,0.0034348005,0.015163346,-0.082479954,0.0035993282,-0.0009929473,6.274229e-06,-0.0048389356,-1.2104969,-0.030874725,0.090761736,0.0009278783,0.0006639406,-0.025577025,-0.00518625,0.0011425358,-0.0004870524,0.0068622446,-0.008252149,-0.10090526,-0.13136303,-0.0072970293,-0.007574803,0.0020530478,-0.0020391468,0.0020419958,-0.007634428,-2.276554e-05
-7.2858486,-0.60511214,-0.036004215,-0.0013243487,1.2118802,-0.00044849364,-0.116383396,0.0034245737,-0.02528265,0.0035084374,0.012620894,-0.07099524,-0.0017620781,-0.005117058,0.00025538568,-0.0032846185,-1.1784103,-0.03755339,0.081911795,-0.0018817054,-0.010983516,0.012140733,0.0036137868,0.0029322405,0.007048355,0.0062401914,0.004579331,-0.11724461,-0.13832721,-0.0070350487,-0.0014780547,0.007251517,-0.0030586615,0.0013691146,-0.0058520073,0.0012089674
11.599622,1.6669877,0.052907515,0.0010573313,-1.6234509,0.0054982393,-0.19139332,-0.019942617,0.0011540353,0.0040242407,0.049225993,0.5785469,-0.016479855,-0.006006421,0.0018958419,0.2138903,0.8563631,-0.06673573,0.8006304,0.004742382,0.045890868,0.04650772,0.008507892,-0.0044279657,0.0109209055,0.031781822,0.022376359,0.19292091,-0.0947881,0.009294609,0.011242403,0.006854538,0.01179661,-0.00016224173,-0.030005636,0.0040729167
-7.3154674,-0.6459452,-0.0024530494,0.00023822681,1.2098689,-0.002641034,-0.07598259,0.002953475,-0.033249907,0.0035936579,0.01321758,-0.08498041,-0.0011009902,0.0049393806,0.000431141,-0.004389101,-1.162435,-0.02581755,0.08793455,0.0016321329,0.0001654492,-0.04029931,-0.00627498,0.0012418125,0.005288706,-0.010776155,-0.0019136161,-0.11030807,-0.1332029,-0.008332455,0.0004987532,0.00032535297,-0.0015056682,0.0009898703,0.010723193,0.00022414012
-7.2943077,-0.61622083,-0.030165434,-0.00044495173,-1.4470092,0.0015714505,-0.13341449,-0.0031250566,-0.00054456206,0.0025141912,0.0062439325,-0.06979516,-0.0011949952,-0.005829505,0.0005289066,-0.0034779953,-1.3166167,-0.040661883,0.081407055,-0.0052628247,-0.005034481,0.029154094,0.0007160199,-0.0009057761,0.0009806593,0.005636059,-0.0069829556,-0.41423255,-0.15162694,-0.0045521357,-0.005549147,0.0016535324,0.0071276645,0.0009046775,-0.008495875,0.0026173487
-7.330407,-0.6703617,-0.0038222556,0.00095660036,-1.6111112,-0.0022423335,-0.15315975,0.0037345376,-0.034244303,0.0028508008,0.013606696,-0.08085272,-0.0022572936,0.010382354,-0.0018455887,-0.0020567682,-1.2848816,-0.034727335,0.08114567,0.002421901,0.0024583517,0.05353424,-0.0016855098,0.0021250115,0.0065439087,-0.010827401,0.006477136,-0.48641047,-0.15712906,-0.0063594915,0.0032631885,0.0013748669,0.008099867,0.004091138,0.011659881,0.0034399629
-7.310428,-0.6306005,-0.0057734232,-0.0007548355,1.2032738,-0.0014355191,-0.043887824,-0.0035653398,0.004367036,0.0037341355,0.014944154,-0.082399376,0.0034643041,-0.0009884376,0.00023240926,-0.004260036,-1.2217948,-0.02722494,0.09000419,0.0020366316,-2.8363755e-05,-0.026895462,-0.004035347,0.002967362,-0.00279708,0.0065488103,-0.00938209,-0.099132985,-0.13866264,-0.0070297713,-0.008410862,0.0017805469,-0.0014017406,-0.0015424624,-0.0074010994,0.00027129657
7.594112,0.31672466,0.0325079,-0.0038143932,-1.7111905,-0.00230539,-0.26476833,0.015594584,0.032556675,-0.010045221,0.06361637,-0.0064441264,-0.0116697075,0.009943471,-0.0031283423,0.03451886,2.0213716,-0.03152778,-0.02852829,0.0070631504,0.01204813,0.028299902,0.004536374,-0.0015847401,0.0018053261,-0.013532895,0.011341773,-0.49985364,0.16004142,-0.009758826,0.01154582,0.0015245579,-0.0076987054,-0.0043698614,0.04232889,-0.0110149365
-7.322117,-0.6436493,0.009516002,-0.00064856006,1.203392,-0.0018856294,-0.045996968,0.004649311,-0.0034854182,0.0029752767,0.013820897,-0.08385431,-0.0005498519,0.005222861,0.00045083993,-0.00526162,-1.2178924,-0.029513907,0.09230904,-0.00048600134,-0.00047484617,-0.025164858,0.0048756776,0.0016966976,0.0001524801,0.006977558,-0.009495023,-0.10164009,-0.14344239,-0.006653754,-0.006744898,-0.00040434318,-0.0016984612,-0.002059375,-0.007826102,-0.0012434672
-7.2889338,-0.6138626,-0.022153402,0.0008757316,1.2032806,-0.0016313256,-0.06660235,-0.0030897737,-0.005432591,0.0021562278,0.017504124,-0.078176156,-0.007625818,-0.00093418563,-0.0006369503,-0.004335658,-1.1803052,-0.03199148,0.081614286,0.0010960029,-0.001003738,-0.02787586,-0.0016108823,0.00073100947,0.0014358398,-0.012380978,-0.007499305,-0.09059583,-0.1378913,-0.0057623726,-0.007379843,0.0024376542,0.00013575063,-6.458426e-05,-0.01070805,0.0015206647
18.274057,1.1925682,0.06381864,-0.010137434,1.2150626,-0.009227699,0.12566483,0.016438577,0.000968836,0.0017599621,0.08416761,0.28494805,-0.072059125,-0.0033483587,0.0010412047,0.070525505,3.7121367,-0.029569015,-0.04201039,-0.0013008235,0.016437761,0.022361565,-0.0035111234,-0.0012875227,0.0053402036,0.011362498,0.019686766,0.44492933,0.48887148,0.007879319,-0.021429302,0.0006010075,-0.0021865086,-0.004215105,-0.02682411,0.0077435584
12.499765,1.4131653,-0.061921377,0.0005791766,-0.5128406,0.00069436745,-0.05653606,-0.030013327,-0.0027647368,0.0026050347,0.045822658,0.51190865,0.014818003,-0.0037634317,-0.00049049954,0.056153085,0.41582614,-0.04128105,0.13759063,-0.0045647738,-0.007952435,0.057193365,-0.0145286275,0.00051406585,0.022650369,0.009331506,0.019068796,-0.028431462,0.22031473,-0.0034612713,-0.0003724441,-0.009167161,-0.005966071,0.0057564857,-0.019214287,0.0033786644
-7.197451,-0.41327786,-0.0023233162,-0.0045783375,-1.5299293,-0.012442009,-0.14510085,-0.012373959,0.004898346,0.0014074064,-0.03816857,-0.08682086,-0.0043867463,-0.0011974403,-0.0018609758,-0.012671096,-1.3812284,-0.037378557,0.07023142,-0.0007717841,0.0033004773,0.03073776,-0.004514912,0.0023612794,0.0008095236,0.0016007453,-0.010362647,-0.06917901,-0.16138554,-0.01177704,-0.016504478,0.0010997371,0.0031357636,-0.0007579821,-0.010944364,-0.018915502
10.753801,1.2099,-0.06322105,0.0019223806,-1.0113854,-0.0063102692,-0.010361836,-0.023758797,-0.0019723694,0.0037289062,0.14931557,0.3476458,-0.0059170783,-0.012581504,-0.0035805225,0.025542537,2.6532648,-0.045249645,-0.09128726,-0.009134847,0.0045389105,0.019972865,-0.008655246,-0.0020494154,-0.002770761,0.012417354,-0.02038679,-0.18197761,0.22258566,-0.007038559,-0.007810541,0.0014491281,-0.00851538,-0.0014225644,-0.028354276,-0.004782208
-7.3717175,-0.6239776,0.000118296935,-0.010075515,1.2151277,2.5709134e-05,0.018978566,-0.002998541,0.016625062,0.003557514,-0.025032118,-0.0855472,0.0036818706,-0.0027388008,0.00012437128,-0.0038958963,-1.2932408,-0.012334435,0.08787606,0.00011691805,0.00090653356,-0.022070883,-0.003988486,0.002142941,-0.0043136897,0.006542908,-0.009355301,-0.04005527,-0.13609722,-0.004843998,0.0027760908,0.0014655878,-0.0014782868,0.0003631961,-0.0072446084,0.006735594
13.428519,1.0964977,0.010552993,-0.011331986,1.3428551,0.02096493,0.11955504,0.0022399658,0.045565873,0.004860076,-0.20310217,-0.067694314,0.024237638,-0.0046202056,-0.0035939952,0.087966196,3.0958922,-0.07904236,-0.13977504,0.006157911,0.0142427785,-0.024245322,-0.011373696,0.0072175926,0.0018713911,0.010510016,-0.010326555,0.41645423,0.3991644,0.012821264,-0.022225305,0.0012745742,0.0031030204,-0.0019223668,-0.028554926,-0.015003977
-7.274365,-0.60686445,-0.03063941,-0.0023388383,1.2016585,-0.0011510401,-0.08104739,-0.0042347815,-0.019229954,0.0033163528,0.014148701,-0.07135385,-0.0013696037,-0.0045644445,-0.00053196284,-0.004631778,-1.1834038,-0.03459474,0.08578097,-0.0032830324,-0.009973139,-0.03136852,-0.00404436,-0.0010579847,0.0032287966,0.0024531037,-0.0063790535,-0.108677015,-0.13130559,-0.0063609136,-0.00092655746,0.0021567128,-0.0029685854,0.00047222487,-0.009147125,0.0012152065
-7.3077817,-0.6431387,-0.017154781,-0.0010849648,-1.5044664,0.005068162,-0.1374844,-0.003672694,0.008662883,0.0024464107,-0.0050680125,-0.08034608,-0.0051271995,-0.0015205047,0.00042991232,-0.002453843,-1.320083,-0.03945254,0.08368765,-1.4877121e-05,-0.000827076,0.06586381,0.0023503928,-0.00075319887,0.006109398,0.0048782616,0.009271888,-0.4706142,-0.16301335,-0.0051813507,-0.004256455,0.0033100245,0.0073375287,-0.00073444424,-0.0064846952,0.0014694672
-0.70142615,0.12121244,0.026613224,-0.0015107119,1.2550132,0.0020192827,0.05577184,0.004456067,0.0106427865,0.0037779228,-0.045189176,-0.16391927,0.0046423897,-0.0029226386,-0.0012407367,0.05267096,0.22267716,-0.014671136,-0.043164052,0.0049045295,0.0006871691,0.015997827,-0.0073479377,0.0033024158,-0.0024483732,-0.005068051,0.0069420226,0.013653311,-0.09150635,6.4919535e-05,0.002329509,-0.00023366674,0.004720508,-0.0013955337,-0.0032633948,0.005558975
-4.1313095,-0.111039296,0.007958756,0.0013099449,-0.23861839,-0.0016979077,-0.044129547,0.0065881903,-0.028224137,0.0019831564,0.016014192,-0.101510115,2.6986224e-06,0.0052945386,0.0002758244,-0.02253025,-0.4405078,-0.031674612,0.036124546,0.0020903535,0.0077471323,0.029831976,-0.00028981245,0.00048117884,0.012221977,-0.007480321,0.004189959,-0.14444731,-0.14390291,-0.0040408475,0.0008597581,0.014259171,0.0028328013,0.0040423754,0.0046598115,0.0038622974
-7.301975,-0.64501053,0.00231161,-0.0026133463,1.2086046,-0.00079180906,-0.066750996,0.0066834525,-0.034461685,0.0032222248,-0.0052760486,-0.08431527,-0.0015623415,0.010136233,-0.00052878127,-0.0040073358,-1.1715642,-0.027723402,0.0890785,-3.548326e-05,0.0004996071,-0.028386597,0.0048743724,-0.0004129882,0.004441403,0.00095967855,-0.009207581,-0.09848047,-0.13996111,-0.005953678,0.0005271444,-7.250931e-05,-0.0015288605,0.002378128,-0.006783497,0.00040564814
10.734767,0.40955985,0.06926123,-0.004538644,-1.3525423,-0.010026062,-0.1806406,0.018486137,-0.005482317,0.0012423014,0.13576801,0.27289656,-0.0040330673,0.0156632,0.0054370337,0.019518303,2.3648665,-0.029140241,0.12392599,0.003273547,-0.015650783,0.048325785,-0.010718886,0.007352349,0.009907671,-0.018775595,0.015472815,-0.08274496,0.15232417,-0.006062811,0.0020430803,0.008058074,0.0075702285,0.010885903,0.014713676,-0.010232418
0.7160105,0.8943031,-0.049730957,0.0020322262,-1.3807975,-0.0016287656,-0.28381693,-0.018660223,0.0030660224,0.0030717854,0.019650603,-0.16274971,-0.0086230775,-0.0007196495,-0.0015428736,-0.016795767,0.38079354,-0.015505087,-0.07636214,0.00030224223,0.004722958,0.0067645693,0.010562511,0.0016624867,0.0034213718,0.0065703033,-0.03015915,-0.21694946,-0.15006532,-0.00961211,0.028097553,-0.0005426409,0.00874516,-0.0003707453,-0.010592683,0.0053374404
-7.2993474,-0.6025729,-0.028595246,-0.0020765993,-0.19847342,-0.0017786943,-0.118079044,-0.0040958757,-0.02711541,0.0039346507,-0.022793746,-0.07556092,-0.0013511999,-0.004519764,-0.00029381257,-0.0032062859,-1.2288522,-0.04015687,0.09013586,-0.0005390351,-0.0028757537,-0.029871535,-0.006600616,0.0011310728,0.0013726886,0.0050980886,-0.007736329,-0.12549834,-0.14083079,-0.004582046,0.002542281,0.0014216774,0.008041626,-0.0011976416,-0.01144342,-0.0013646189
-7.0717244,-0.6103039,0.014229697,0.0051752683,-0.17236927,0.0056721703,-0.162278,0.0029897178,-0.0009695446,0.0059913322,-0.02570683,-0.09125879,-0.001128224,0.006411174,0.001906585,-0.008424874,-1.2087257,-0.006238273,0.067361586,0.0006989335,0.0061850646,0.043518808,0.0030161494,-0.00016765138,-0.00066626945,-0.009118166,0.004638171,-0.14692916,-0.14746913,-0.0045316364,0.0037473266,0.0002273787,0.007240019,-0.0020945023,0.016644845,-0.009746436
-7.280019,-0.60383445,-0.030948438,-0.00010510294,1.1982391,-0.001996266,-0.06234316,-0.0042965864,-0.026586289,0.0035120249,-0.006117619,-0.07139138,-0.0011290297,-0.004577479,0.0015569858,-0.0034066092,-1.1673709,-0.03412459,0.08017305,-0.0035732614,-0.010630596,-0.028129466,-0.004166479,0.00080331776,0.001990163,0.0066681243,-0.007291325,-0.1001585,-0.13265213,-0.0080618,-0.0005322626,0.0010367642,-0.0030765834,0.0014152356,-0.005270415,0.0012362469
8.395532,1.0760683,0.030258102,-0.0003610269,-1.0568956,-0.0030934315,-0.11393303,0.012208086,0.0043805055,0.00072867813,-0.017420009,-0.3492488,-0.00035605117,0.027720537,-0.0045237103,0.27068862,1.1842816,-0.0438703,0.22315304,0.0044885487,0.016891684,0.045198373,0.0042671547,0.002416663,0.008345929,-0.020626,0.021878771,0.16979589,-0.11127443,0.0036437954,0.0015165058,0.0010621732,0.0031159706,-0.013226527,0.025120039,0.0007458702
-7.3314033,-0.65089005,-0.021756945,0.0020616108,0.43342087,-0.0023180763,-0.050352115,0.0049443734,-0.035330694,-0.012100297,0.0126675,-0.08433442,-0.004083939,0.0046341172,0.00034558718,-0.002768371,-1.1715453,-0.033722773,0.075021386,0.0010655107,1.5156256e-05,0.059774775,-0.0021035674,0.0006123021,0.008197818,-0.009700316,0.0052674445,-0.35755095,-0.14547262,-0.008298239,0.0031433448,0.0029616065,0.00410338,0.002324916,0.012282269,-0.0006586534
10.509025,0.7445818,0.04914101,0.0011757999,0.10656694,0.001204433,0.1313283,-0.00052962394,0.0010671525,0.005304091,0.13207266,0.024596328,0.011287468,0.000524503,-0.00506024,0.009243134,2.481988,-0.033963002,-0.035347182,0.0052493466,0.016309805,-0.11661733,0.011304771,0.0023956164,-0.001168754,0.013965752,-0.019383192,-0.096645355,0.20022418,-0.008878336,0.0021486445,0.0002062752,-0.0053603807,-0.0018074564,-0.022109928,-0.008204614
-7.3078136,-0.64182633,-0.0025270558,-0.0009327332,1.2125487,-0.0020087212,-0.12404069,0.0055571403,-0.0045398874,0.00311741,0.012873918,-0.08371031,0.003481912,0.00020110376,-0.00015292095,-0.003552394,-1.2083973,-0.027693145,0.08869529,0.001947709,-0.0005153775,0.008786081,-0.0049426947,0.0016464038,0.0016291771,0.0077519147,0.008928495,-0.10490478,-0.14371593,-0.006791751,-0.0069176815,0.0009466648,-0.003109902,-0.0005183388,-0.0072022816,0.0013738904
-4.7602034,0.07669102,-0.040050045,0.003963945,1.2205894,0.0006768897,0.043897368,-0.005133754,-0.019729313,-0.0082965,-0.034191303,-0.11092242,-0.004049099,-0.0028484121,-0.0006941346,0.019778857,-0.9711607,-0.041085772,0.027396133,-0.0026308342,0.00039787544,0.044730663,-0.008087792,-0.0039041447,0.014041644,-0.007959166,0.0023991212,0.012151564,-0.16747104,0.0033097258,-0.007981334,0.0022831836,0.011243228,0.0008259865,-0.012590465,-0.00093644887
15.80411,1.1726598,0.03959171,-0.011546357,-1.9243921,-0.014010131,-0.26896328,0.002639899,-0.01017513,0.0021278323,0.07126668,0.34567672,-0.012627887,-0.0014455589,-0.002603099,0.058662675,3.3910806,-0.057862293,-0.10157431,0.029050345,0.017479565,-0.016540885,-0.0064470475,-0.010920442,-0.0134817455,0.023184352,-0.012446063,0.05981112,0.3726588,0.0052727014,-0.036983486,0.005363595,-0.10160418,-0.0076406035,-0.03773626,-0.0062609995
-7.23296,-0.64964396,0.0069218026,0.0011042476,-0.75461715,0.00036569315,-0.08681049,-0.0029728264,0.0019865716,0.003033669,-0.022642693,-0.08472366,0.002872225,0.0012556107,0.00021642452,-0.0016259016,-1.3229347,-0.03158047,0.09094695,-3.60122e-05,0.002966217,-0.11231924,0.0047553503,-0.0016979612,-0.0026835,0.0054498804,0.0023784924,-0.074819654,-0.14354718,-0.005906133,0.004169144,0.00065006677,-0.0017612469,3.2361135e-05,-0.009457823,-0.0033021385
18.4627,1.2662376,0.048851162,0.0075543574,1.2092644,0.0066453884,0.15961018,0.013607896,0.07018572,0.0038216163,0.033490278,0.2715113,0.09426225,-0.0031091524,-0.0018584661,0.17387757,3.067988,-0.076104976,0.005501588,0.011090285,0.029598508,-0.0068508675,-0.013997558,0.004437003,-0.0005264433,-0.017285721,-0.0025934447,0.676447,0.27945018,-0.01010462,-0.030569436,0.0014487599,-0.005067417,-0.0046824077,-0.0022521338,-0.047960777
-7.3119307,-0.6328341,-0.0060976665,-0.0025555047,1.2013857,-0.0019157185,-0.04271958,-0.0020739762,-0.03371889,0.0047416775,-0.0053761275,-0.08102681,0.003447629,-3.2381497e-05,-0.0017738518,-0.004661379,-1.1938279,-0.024316128,0.09159555,0.0015598569,0.0016383865,-0.026870202,0.005415418,0.00025877837,-0.0041561876,-0.0015828785,-0.008730067,-0.094307855,-0.13053519,-0.007849069,-0.002009644,0.0012968702,-0.0019269083,-0.00048260734,-0.0041853036,0.00049001136
-6.533249,-0.027523952,-0.051629208,-0.0013164097,1.1947076,-0.0022000142,-0.06369991,-0.013236068,-0.0026168863,0.0022627322,0.015318388,-0.08010062,-0.009958883,-0.0039777136,0.00056796154,-0.008480914,-1.1524068,-0.034951847,0.047491517,-0.0048112227,-0.008857168,-0.014391291,-0.003548824,-0.0008779445,0.0005100036,9.0763875e-05,-0.0068388744,-0.09540823,-0.17372999,-0.005666785,-0.008146032,0.0024257777,-0.0021941396,-0.0007204937,-0.014045624,0.000580989
15.941913,1.3015767,-0.016415179,0.0068350905,-0.9777301,0.014456536,-0.018280342,0.001560623,0.0070811165,0.004825996,-0.02925127,0.37942004,-0.0044738622,-0.011450433,-0.0028384253,0.060923807,3.3517046,-0.016033713,-0.11682679,0.019892082,-0.000908447,0.038417183,-0.0037928082,-0.012723542,-0.004207197,0.026979191,-0.009369388,0.019917093,0.39879024,0.00089509843,-0.03033009,0.00018507382,0.024828946,-0.0011923392,-0.025518056,-0.0011304616
-7.298161,-0.64719176,0.0052311486,-0.0020458465,1.2126766,-0.000463992,-0.07617882,0.0077064903,-0.013574479,0.003015734,-0.0057632397,-0.0859941,-0.0013303166,0.005869684,-0.00045833617,-0.004759419,-1.1934983,-0.028939974,0.09038202,-0.00028393487,-0.0016168974,-0.028172819,0.0042909672,0.0019177436,0.0020407639,0.0054634903,-0.008763452,-0.092805505,-0.13206151,-0.0052325306,-0.0041939905,0.00072729355,-0.0018891159,-0.00092597946,-0.007098009,-0.00039187257
-2.4491963,0.38461474,-0.06477927,0.00032774123,1.221499,2.5094674e-05,0.13456619,-0.03468514,-0.04188838,0.0024156084,0.019790296,-0.058540862,0.007901337,-0.0072101247,0.0043355753,-0.003549517,-1.0906813,0.04926216,0.20115125,-0.018705418,0.0027469178,-0.01070312,-0.007246416,-0.000669243,0.0020207576,0.014141275,-0.00046556492,-0.21363291,-0.15064538,-0.0061585144,-0.0011102186,0.0014151905,0.016470049,0.0022146143,-0.0025615422,0.0016464618
14.175918,1.216696,-0.0083894795,0.0013383463,1.2919416,0.011669474,0.14611503,0.0051498148,0.048145406,0.0037176015,0.04756761,0.3307766,-0.08186378,-0.0045821047,-0.005074735,0.065463185,3.1929553,-0.03138735,-0.11576271,0.004439537,0.0024195283,-0.01769889,0.0034847672,0.0003617363,-0.007913404,0.019875694,-0.0014332293,0.30827928,0.39649945,0.0037028834,-0.022906257,-0.0003495224,0.0011272442,-0.0011688757,-0.024055274,0.007117139
-4.771991,-0.24614817,-0.0020830587,-0.0014076771,-1.7000722,0.0013228756,-0.090635225,0.0057792445,-0.035252847,-0.013218531,0.016352529,-0.12139483,-0.0008989278,0.006722441,-0.0003739922,-0.04435645,0.017756024,-0.030278336,0.006981907,0.00024896782,0.0033250533,0.06297458,-0.0042415066,-0.0015879375,-0.002247134,-0.016528124,-0.013489009,-0.4355435,-0.14572494,-0.00816183,0.003471369,0.0023695128,0.0028269894,0.0027781164,0.0043228213,-0.0026420287
2.3306012,0.49311596,0.051370166,0.002626825,1.3127334,0.0047977855,0.0693593,0.014670591,0.028626636,0.0024691785,-0.06811645,-0.27190915,0.0012630002,0.00890098,-0.006300059,0.04547358,0.3756691,-0.050498404,-0.025033237,-0.005307069,0.00668906,0.007243155,0.008668112,0.0025695865,-0.0054958137,0.009530547,0.0010668597,0.06846013,-0.012115451,0.007801953,-0.0024834871,-0.017752983,-0.0006836338,0.00096115505,-0.017504657,0.020503536
-7.31002,-0.62753445,-0.024376322,9.9024845e-05,-2.140823,-0.002611523,-0.16249323,-0.0030971405,0.0034446958,0.001979236,-0.018379651,-0.07675745,-0.0036738229,-0.003628464,-0.0004564176,-0.0022902265,-1.3399869,-0.03492664,0.08257793,-0.00071354234,-0.0032535123,0.031933274,-0.0047212318,0.0009846035,0.0016230767,0.0060254484,-0.007603575,-0.47152442,-0.15916698,-0.0068455026,-0.004448193,0.00016207686,0.004603791,-0.0030606268,-0.00971965,0.006330958
-7.332181,-0.6674688,0.010243537,-0.002430061,-2.079827,-0.00080961466,-0.15703169,0.0010114852,0.0066363118,0.002144999,-0.0049134754,-0.079290956,-0.0024082512,0.0013360626,-0.0019629635,-0.0016225864,-1.3458496,-0.03478861,0.08526824,0.0007882418,-0.00045174497,0.03919198,-0.00068712817,-0.0037853094,0.0024936784,0.0017466586,0.009542147,-0.4712855,-0.16009623,-0.0059702634,-0.0032057571,0.0028690884,0.0048538484,-0.0009952062,-0.007058245,0.0025343085
-2.8109226,-0.27024314,0.0016441027,-0.0010761059,1.178598,-0.008853729,0.045697577,-0.0009356457,-0.01335822,0.00525245,0.022816544,-0.0892842,-0.0010314933,0.0067599844,-0.0026848686,-0.02121608,-0.06335047,-0.014930635,0.051844135,0.003795669,0.0023183492,0.0018776937,-0.007706393,-0.002097452,0.0022673109,-0.012458161,0.009485821,-0.23661488,-0.08899928,-0.006572811,-0.027291652,0.0015115954,0.0016324847,0.0011687282,0.016814461,-0.002147706
-3.6581025,-0.239813,0.008701722,0.0016937219,1.2334733,-0.0008034392,0.03228436,0.009933999,-0.034370765,0.0035136137,0.018950924,-0.11610694,-0.0012619445,0.007629263,-0.00398602,-0.03288421,-0.12927625,-0.025026316,0.048940282,0.0026435612,0.0056372723,-0.014775572,0.0061863703,0.0012365469,0.019913053,-0.009186214,0.011344403,-0.13301806,-0.15101247,-0.008391286,-0.0019621674,0.0073610647,0.007992789,0.0076429974,0.014132604,-0.00022705943
-7.272242,-0.60734236,-0.030821629,-0.0011487955,1.2028056,-3.770257e-05,-0.07910061,-0.005261256,0.006943808,0.0026244526,-0.0060714902,-0.070821285,-0.0008623693,-0.005061228,-0.0008343388,-0.0034152563,-1.1997325,-0.033217825,0.08442674,-0.0036286844,-0.012882805,-0.02494174,-0.005903731,-0.0013244374,0.0022816514,0.0064599155,0.0072456845,-0.0919059,-0.13773108,-0.007511248,-0.008488476,0.0016499552,-0.0038947852,0.0011761272,-0.006777232,0.00042508214
-7.31715,-0.6220993,-0.032895084,-0.002094523,-2.1502688,-0.0035384302,-0.16109468,-0.0045102662,-0.032849018,0.0025953918,0.013281164,-0.070945,-0.0018621676,-0.0073093236,0.0003766031,-0.0021483502,-1.3128029,-0.032570846,0.08004359,-0.0027180598,-0.011335484,0.029974336,-0.002514656,0.0020813462,0.00906541,0.002305195,-0.0060912264,-0.49938267,-0.15985233,-0.008094267,0.0022539697,0.003742741,0.0022683286,0.0017750597,-0.0065129544,0.0044498015
-7.3169475,-0.6231378,-0.004097016,0.0022892721,1.304264,-0.0014676647,0.00326777,-0.0025636805,0.004399703,0.0034870554,0.018303381,-0.08538032,0.005109261,-0.0019994478,0.00044744942,0.00058782514,-1.1851227,-0.020822825,0.078834,0.0016713891,0.0026429577,0.03573883,-0.0061065904,0.002019301,-1.2791856e-05,0.002251017,-0.016427187,-0.30364308,-0.12598957,-0.007495635,-0.008007237,0.0012008271,0.0012628131,-0.00081567635,-0.011690092,0.0021518287
-7.321469,-0.6406238,0.024216814,0.0011028488,1.206284,-0.0011801006,-0.046377957,0.013486537,0.0045382758,0.0027288923,-0.021838285,-0.08520051,0.004775174,0.0006886271,0.0008160824,-0.0063283322,-1.2431364,-0.026137624,0.093376674,-0.0009167275,0.0016776308,-0.026076091,0.0045796805,0.0059924372,0.0032502029,-0.00078414805,-0.008877397,-0.07188283,-0.13626304,-0.0055224467,0.008053317,0.0006715731,-0.00012685222,0.00014827878,-0.00048126112,-0.0047683297
-7.312026,-0.61337596,-0.03610414,0.00020559253,-1.4969552,-0.00011763834,-0.14348754,-0.0034256529,-0.034154598,0.0028765611,0.017657682,-0.06951413,-0.0018139082,-0.0066806036,-0.00027438,-0.0026423396,-1.2739702,-0.034517284,0.07615109,-0.0041428516,-0.01066965,0.050677046,-0.004154811,0.0022710266,0.0077551664,-0.010770166,-0.008813465,-0.49379152,-0.15935144,-0.0071804742,0.001325138,0.002176971,0.004877001,0.002721932,-3.3163746e-05,0.002031321
-7.296756,-0.6813579,-0.018792009,0.0019527448,-1.0459107,-0.0017889491,-0.07699556,0.0057793246,-0.037387125,-0.010981595,0.014824544,-0.08074619,9.832324e-05,0.0053735473,-6.953127e-05,-0.0014425754,-1.2495573,-0.032103367,0.08108547,-0.00028839053,0.0021713441,0.069661714,-0.003327629,0.0045902496,0.011503426,-0.0091565605,0.0071935905,-0.4512953,-0.15719998,-0.007927273,0.0026013367,0.0039256047,-0.00035768514,0.0016511562,0.0099088065,-0.0010851584
-7.2858577,-0.6211969,-0.015724665,-0.0008385344,1.1744162,-0.002957713,-0.074440174,-0.0011790833,0.003930852,0.0030607823,0.01271303,-0.08275653,0.0027957696,-0.002596144,0.00051112095,-0.0038185066,-1.2092519,-0.031478357,0.08615166,0.0010004768,-0.0007072809,-0.031324144,-0.0049399463,0.0020253258,0.0001644657,0.006232997,-0.008380201,-0.09870206,-0.13956748,-0.00685163,-0.0066305143,0.0015069376,-0.0018768833,-0.00012186616,-0.007582291,0.00029527303
-6.8914285,-0.3994131,0.0013635961,0.0006554396,1.22081,-0.0005895304,0.0015762392,0.005582253,-0.006144991,0.0015977585,0.019499345,-0.09008352,-0.00019623803,0.0052154777,0.00039814,-0.003735912,-1.2295126,-0.02132886,0.1027547,0.0013092573,0.0045397244,-0.011257192,-0.0074670413,-0.00061980955,0.001315646,-0.0011718768,0.0062986594,-0.10477744,-0.14760722,-0.006826105,-0.007742425,0.0042045196,-0.0004205669,0.00062079326,-0.009297703,0.00030817714
13.810139,1.5858512,0.049278483,-0.0059031593,-1.6189982,-0.0009025538,-0.19867918,0.10447261,0.004465875,0.0006581494,0.03343213,0.71777177,-0.0012607916,0.025127895,-0.0016876999,0.06493998,1.0256774,-0.07695027,0.5946299,0.013816697,0.040759508,0.031394586,0.008776855,-0.0023470717,0.008931958,-0.025212036,0.017258476,0.10998839,-0.10069832,-0.011029706,0.0054733343,0.0078037824,0.0005562135,-0.0042637843,-0.024066875,-0.007360719
9.675045,1.0448539,0.05486403,-0.0027712001,-1.2046429,-0.015050052,0.06705468,0.014399275,0.0020692837,0.002162621,-0.12853806,-0.08144645,-0.010887629,-0.0009682754,0.0013982322,0.06110348,2.3294787,-0.04977465,-0.09677707,0.003459835,0.019852322,0.054433864,-0.011129758,-3.1268868e-05,-0.00052785355,0.00053439353,0.0043135025,0.09823495,0.18503429,0.0056482186,-0.017097257,0.0118518425,-0.016900158,-0.007897954,-0.024901753,0.009447453
7.7680116,1.1146668,-0.12539335,-0.000122021964,1.27345,-0.0009496679,0.1449156,-0.029923087,-0.018995952,0.0032715588,0.1028711,0.2508622,-0.0101204105,-0.013241656,0.0014245556,0.026515426,2.2029555,-0.02755473,-0.11046941,-0.0210607,-0.03138015,0.007288009,0.006486169,0.005793143,0.0063927975,0.007865515,-0.015504217,-0.28598344,0.16603279,-0.029301958,-0.00443801,0.010647532,-0.0067001027,-0.0004033673,-0.022504607,-0.010474138
9.891759,0.8286223,0.047379326,0.0011605714,-0.6316516,0.0033520798,-0.1884315,0.013935137,-0.007266579,0.00089908624,-0.10421769,-0.12818117,-0.0027177497,0.018730186,-0.0013339742,0.066658914,2.2262194,-0.018440597,0.084343635,0.008983149,0.023295712,0.07295647,0.000381624,-0.0034850002,0.004054962,-0.024755228,0.009876434,0.04605956,0.15857303,0.025212528,0.00528546,0.003921784,-0.010766612,-0.0013514634,0.06348293,0.025141548
2.390938,1.1955957,-0.07653504,0.0013952593,1.2307959,-0.0002501879,-0.2087891,-0.040444415,0.035369806,0.001835134,0.0117564155,0.2898734,-0.0048689996,-0.014640661,-0.0025612966,-0.011915676,0.36828196,-0.0116151115,-0.04653685,-0.022984624,-0.00950303,0.021897353,0.010511788,0.0033195594,0.0058483346,0.006816408,-0.015332818,-0.16342823,-0.09685993,-0.0011647845,0.0113944635,0.004211815,-0.0068721073,0.00014222044,-0.010982648,-0.004091615
12.561978,1.0778159,0.049144547,-0.0040594633,-1.0890319,3.71864e-05,0.0940342,-0.0005966554,-0.0005834756,0.0034207331,0.107154585,0.2777137,-0.026511885,-0.002311163,0.001309649,0.03784246,2.723239,-0.04543238,-0.07360796,0.0030174844,0.008779963,0.0984748,0.01894215,0.0034276177,0.006818255,0.0061224736,-0.0072163437,-0.1959207,0.27030537,-0.008370847,0.002416397,0.0007854467,0.008363498,0.004207722,-0.026066734,-0.025821296
-7.322375,-0.66066456,0.006321379,0.002105155,0.8179507,-0.00065411156,-0.06880212,0.0058105127,-0.006727758,0.0029998105,-0.019867145,-0.08940438,-0.0015196411,0.006059075,-0.001845519,-0.0020031405,-1.1863452,-0.027123002,0.08811003,0.0014267908,-0.0021647909,-0.058810327,0.0020512778,0.0022742653,-0.00089916954,-0.00990065,0.004138044,-0.08545693,-0.14168413,-0.0049087964,-0.004446779,-0.00031606725,-0.003355004,0.0005976342,0.013161127,-0.0015293714
4.999151,0.97708935,-0.056270555,-0.0015401749,0.54997855,-0.020602945,0.055032354,-0.0035928614,0.00822949,0.0027441313,-0.16954783,-0.1861115,-0.009323288,-0.012715275,-0.0004569795,0.013514638,1.8431385,-0.052108146,-0.092279285,-0.01287193,0.001518661,-0.00017327319,0.017508568,0.0019718825,-0.00303847,0.0029505587,-0.017708171,-0.12777099,0.015607232,0.0017089179,-0.05679281,-0.008956332,0.01897838,0.0017938368,-0.019788278,-0.0028846595
-7.2882752,-0.6247237,-0.033340223,-0.0011829627,-0.99368733,0.0005372523,-0.13474394,-0.0010555468,-0.03264642,0.003877518,0.013853696,-0.07127587,-0.0020719233,-0.005474241,0.00033009666,-0.003644993,-1.2775816,-0.041092467,0.076437384,-0.0032176853,-0.009367677,0.088799536,0.0022279813,0.0013102229,0.0064562983,0.0056814994,-0.0104018925,-0.48112813,-0.15298696,-0.006733257,0.001606587,0.0022469522,0.0078602815,0.000505713,-0.007468988,0.0024587763
-7.2165575,-0.6263802,-0.022138622,-0.00013244007,-1.8350376,-0.0047877375,-0.14395365,-0.0050252783,0.004503809,0.0028084402,0.020569004,-0.079371884,0.0036031036,-0.0006162351,0.0007605243,-0.0030593413,-1.3180028,-0.037089944,0.09136229,0.00046703342,0.00019925999,0.031544242,0.0038536666,0.0015024272,-0.0017401668,0.0054172305,-0.014837,-0.42317048,-0.1510128,-0.0066629597,-0.0032135306,0.002570836,0.0036833961,-0.0015210544,-0.011257517,0.00077868655
-7.369559,-0.6541592,-0.02818659,0.0037207375,-2.363089,0.000842861,-0.092360124,-0.009366917,-0.029894901,-0.012954351,-0.01846245,-0.07168831,-0.003506342,-0.005716571,-0.00022264355,-0.0024747604,-1.2789396,-0.023497796,0.09121406,-0.00084101956,-0.0016431183,-0.10981232,-0.0040487014,-0.001641335,-0.0021012963,-0.00092506583,0.0046672598,-0.13640884,-0.14572044,-0.0094727315,7.4977084e-05,-0.0010603386,-0.0018393266,-0.00041924708,-0.0116608655,-4.2010914e-05
3.9557166,1.0059873,-0.028627217,-0.0003874692,-0.73699844,0.0019909206,0.017453693,0.0006011402,0.026934281,0.00238657,-0.019287629,0.01114589,-0.00030207663,-0.013382191,0.003688153,0.027211493,0.758451,-0.049187854,-0.038884502,0.0022752073,0.011325424,0.018526332,0.0015318741,-0.0008839599,-0.008025771,0.004739683,0.028645406,0.034933817,0.039607216,0.007052261,-0.043478545,-0.00086154696,0.0142685175,0.00016666208,-0.015519972,-0.003918341
-7.2966294,-0.62641144,-0.017745256,-0.0013262363,1.2087474,-0.002061802,-0.094530225,-0.0029273739,0.009241818,0.0033463577,0.013089736,-0.082100436,0.0036857817,-0.001298367,0.0009892997,-0.006231714,-1.2122487,-0.036170416,0.088114336,0.0011265201,0.00030790968,-0.02259235,0.004411905,0.0016274985,-0.0027259754,0.0066045774,-0.008525385,-0.10956541,-0.13230398,-0.0064755636,-0.008365307,0.0009013439,-0.001747432,0.00012325603,-0.0071053402,0.00081076915
11.633311,1.2845732,-0.0023894233,-0.002916473,-0.24341184,-0.0024132084,0.08667145,-0.024846068,-0.000115602896,0.0044217436,0.08491287,0.40956363,-0.0044999565,-0.011603898,9.7987126e-05,0.0675297,2.668967,-0.04939932,-0.016191497,0.019881716,0.014813532,0.08495941,0.021890972,-0.0102554625,-0.0005198216,0.022398183,0.014774918,0.05964528,0.2759738,0.0047233594,-0.009340663,-0.0046555307,-0.0011393031,-0.0010317689,-0.029686881,0.01283164
11.785424,1.241357,-0.05424078,0.0021761118,-0.3823682,0.0044593806,-0.041939475,-0.015557832,-0.002862142,0.0046280725,0.018894427,0.3177174,-0.0049328203,-0.011180946,0.0011040866,0.07053644,2.8407643,-0.060806803,-0.10855785,0.020157106,0.004225221,0.075382695,-0.012162585,-0.002861732,0.0023783965,0.018722389,-0.0166734,0.008018709,0.30099598,0.005814048,-0.034443878,-0.0045464654,0.0076421928,-0.00092704705,-0.026514312,0.0019375767
1.7860793,0.6218204,-0.13341498,-0.0041078837,-0.841928,0.013975606,-0.02768903,-0.06963826,-0.15346014,0.0039618984,0.020680858,0.2649329,-0.0043450105,-0.012659244,-0.0006555397,-0.010105003,0.61973876,-0.1174667,0.09546985,-0.017057758,-0.1199814,-0.038554456,-0.0014382727,0.0054966933,0.019843332,-0.0035056472,0.006809996,-0.2015887,-0.112003185,0.019670127,0.0077925753,0.003866938,-0.017474111,0.0017224074,0.040755406,-0.0012910981
1.2785102,0.8943472,-0.057323076,-0.0036616935,-1.3700869,-0.0046276446,-0.28250822,-0.009342069,0.0042659747,0.001922943,-0.0742709,-0.20700535,-0.0016137181,-0.037143987,-0.0010133382,0.03782436,0.28147137,-0.03185605,-0.09018405,-0.0007082787,0.004150446,0.016973404,-0.006639088,-0.0037163184,-0.002909393,0.0005165097,-0.028766513,-0.040283065,-0.013582357,-0.00079817843,-0.054599337,-0.0019743762,0.02063726,-0.0016610089,-0.015452912,0.00320063
-7.3006945,-0.6002484,-0.03405035,0.0018127331,0.31365302,-0.0017262781,-0.11637973,-0.0034849797,-0.028133523,-0.0078124837,-0.018000264,-0.064444624,-0.0015145375,-0.0041831927,-0.00012418674,-0.0019040552,-1.1745611,-0.03238428,0.084272966,-0.0022732697,-0.006872139,-0.03588356,-0.0057678986,0.000907897,0.0007829164,-0.0017402174,-0.0065718046,-0.10813911,-0.14015508,-0.007106758,0.00035766535,0.0032210934,-0.003584196,0.0021965615,0.0035361554,0.0011520155
-7.290893,-0.6264105,-0.005735559,-0.0007172535,1.2025067,-0.0011098442,-0.06684686,-0.00032438413,0.0049730903,0.003545803,0.012352062,-0.083352804,0.0038953198,-0.0010672358,0.00028443293,-0.004428541,-1.2225968,-0.027457358,0.088390484,0.0024416232,-0.00017526149,-0.026344063,-0.0042740228,0.0018593491,0.00015142682,0.0063475603,-0.00946184,-0.09707435,-0.13865581,-0.0067402935,-0.007940775,0.0016231281,-0.0025277731,-0.000533404,-0.007032746,0.00035759798
-7.3488817,-0.67755395,-0.013068871,0.0006846841,-2.138209,-0.0024054968,-0.16266255,0.004325354,-0.034250468,0.0028437607,0.013431689,-0.08085939,-0.0018289199,0.012673359,-0.00023569517,-0.001525682,-1.2919636,-0.035467327,0.08124967,0.0012095756,0.0014504651,0.035163086,-0.00074814947,0.0030522512,0.010312563,-0.009765489,0.004883356,-0.48664534,-0.15605658,-0.007504706,0.003693268,0.004025435,0.0037669295,0.0067611816,0.0061307475,0.0057621542
-7.2671814,-0.6020642,-0.033386298,-0.0007719228,1.1998239,-0.00058091537,-0.079479344,-0.0038627398,0.0015511499,0.0027062886,-0.006114351,-0.07163151,-0.007357562,-0.0024795926,0.00012658483,-0.0032659164,-1.2023916,-0.033929665,0.08514709,-0.003940186,-0.0056119277,-0.023871263,0.004011099,-0.0005161034,0.0006799177,0.006196446,-0.0069098887,-0.09145505,-0.14114283,-0.0064275013,-0.008282158,0.0022170031,-0.003532531,0.0009286557,-0.00686298,0.0011436252
2.3178337,0.7783504,0.017233945,-0.0053833136,1.2955815,0.0072472487,0.060677823,0.010481178,0.0036035464,0.000618137,-0.07321845,-0.33136675,0.0004999875,0.019388957,0.0011660148,0.05621628,0.1665139,-0.046215832,-0.075842306,0.004751968,0.0055269175,0.08258881,-0.009617015,-0.0030139328,0.008931855,-0.006469191,0.017710777,-0.03300864,0.1789127,0.004078248,-0.012087153,0.0034263975,-0.004477707,-0.00058139407,0.01643831,0.0014362796
24.655745,1.3915521,0.10156275,0.02551424,1.116668,0.0112415105,0.095783114,0.0044920924,0.059134223,0.0041519958,0.117682934,0.3258196,0.051844094,-0.004095366,0.004777623,0.093444236,4.266549,0.034927044,-0.06464716,0.033430684,0.021220822,-0.024885422,-0.0059440006,0.0067852996,0.004077831,0.017713793,0.015799696,0.532109,0.5583263,0.019447677,-0.018196335,0.01174202,0.031205742,-0.0028154585,-0.0020625594,0.006254325
11.355141,1.0212585,-0.09218271,0.0017839372,-1.4288247,-0.0003474466,-0.2641987,-0.020288989,-0.01862234,0.0017703905,0.026043033,0.26924977,-0.00924971,-0.011545073,0.0017242827,0.038666897,2.7097561,-0.057785813,-0.08720314,-0.07966779,-0.010383884,0.04167577,0.0044979504,-0.0024406957,0.0056018094,-0.018028772,0.0141066015,-0.06706639,0.26457515,0.0012247141,0.015186057,-0.006450686,0.015322958,0.009013809,0.05720049,0.0055732736
-7.2775955,-0.6164375,-0.02099639,-0.0026373663,1.2028654,-0.0026407947,-0.07424132,-0.00062561897,0.0040557026,0.0030345903,0.01884062,-0.07973665,0.0034996544,-0.0025186513,-0.00048154633,-0.0061608534,-1.198756,-0.033049915,0.09097242,0.00034569317,-0.001248884,-0.026067778,0.0011182175,0.00199556,0.0008001706,0.005439497,-0.008568992,-0.09849918,-0.13196431,-0.006946793,-0.007262424,0.0022305914,-0.0016693553,0.0005778574,-0.0067055584,0.003417297
-7.294286,-0.6387849,-0.0027048236,-0.0007527193,0.8246791,-0.00045499858,-0.077749714,-0.0026211692,0.0039733523,0.0026294275,0.012638609,-0.080785625,-0.004905852,5.2927626e-05,0.0006331481,-0.0032235186,-1.2141042,-0.03171439,0.08936931,0.0020247188,0.00037668948,-0.05621329,-0.005775517,-0.0007457789,0.0021670056,0.0056803436,-0.009071875,-0.10301992,-0.13589324,-0.0056674494,-0.0070794686,0.0014791719,-0.003653071,0.00036399203,-0.006785804,-0.0006826028
-7.3525615,-0.6469897,-0.006294654,0.0017526514,1.2025623,-0.0038893134,-0.02357298,-0.0015935437,-0.030748496,0.0032979718,-0.0057122805,-0.08007082,-0.007472234,0.0005504587,0.001044888,-0.0016555687,-1.1630688,-0.022126805,0.085811846,0.0026161338,0.00025917005,-0.021902967,-0.0045602443,0.0013644162,0.0069603072,-0.009770284,0.00625952,-0.09364438,-0.1350952,-0.0069281664,-0.000860178,0.0008503957,-0.0022563029,0.0010108175,0.008088288,0.0010169768
-7.318946,-0.62642145,-0.0014735009,-0.0005226234,1.2056755,-2.2857352e-05,-0.03278091,-0.0039500534,0.011203683,0.0037370322,-0.021094989,-0.08348531,0.0033371726,-0.0026423142,0.00045228354,-0.0039464603,-1.2360672,-0.031015288,0.08854971,0.0023809422,0.0003592822,-0.026522089,-0.0064747967,0.0016567088,-0.0039173067,0.006587026,-0.0091633815,-0.07250618,-0.13778767,-0.006781052,0.0016478891,0.00044970468,-0.0010598329,-0.000586578,-0.007424265,-0.0036200944
-0.30722836,-0.092715494,0.025110234,-0.0017194565,-0.45174086,0.0021705872,-0.11372065,0.00074804627,0.005927415,0.0035301165,-0.041739907,-0.15929495,0.0027660648,-0.0012440642,-0.0046706325,0.093692,0.3896775,-0.01630304,-0.021310657,0.0020986234,0.0027213362,0.004113084,-0.00061261357,0.0013025563,-0.0025851526,-0.010960668,0.010136951,-0.055158824,-0.10382726,-0.0035046123,0.012033836,-0.002561048,0.0026885453,-0.005885446,0.023964146,0.0043475246
-7.3290124,-0.65777785,-0.0014028948,0.0003683131,-1.300537,-0.0030708243,-0.13484845,0.0028363648,-0.02747669,0.003085891,-0.0051097614,-0.07864729,-0.0008935728,0.0053965733,-4.527286e-05,2.1423213e-05,-1.26886,-0.031772014,0.083862305,0.0022642335,0.0010749709,0.030044377,-0.0019311882,0.001545463,0.005477035,-0.010270481,0.007430709,-0.42254877,-0.16097979,-0.0068973964,0.0011937495,0.0013103379,-0.00073106197,0.0017045651,0.0071107345,0.0018396465
-6.59982,-0.41637325,0.012231594,-0.0005528099,1.2242204,-0.0015401052,0.025529936,0.00027969596,0.0053120945,0.001432322,0.017892303,-0.095868595,0.004642541,0.00044863002,-0.0014633946,-0.0025401183,-1.0485724,-0.025043113,0.06481911,0.00090383604,0.0010722474,-0.020653753,-0.0047005923,0.0021181465,-0.00048953725,0.0021646617,-0.01046223,-0.10297,-0.15075098,-0.0069425297,-0.008399741,0.0001757764,3.2470416e-05,-0.0028986337,-0.012936943,-0.00080562336
-7.303972,-0.64403015,0.010967123,-0.00015535792,1.2142162,-0.0025206045,-0.06966929,0.004727629,0.0046689003,0.0026332105,0.013770111,-0.08345693,-0.0011933711,0.0053829346,-0.001069158,-0.0055737793,-1.2078788,-0.02971084,0.090770416,6.926591e-05,-0.00047772168,-0.017795242,-0.0057185786,0.0007702001,0.0016768882,0.0076173986,-0.010328639,-0.09971266,-0.1359706,-0.006819225,-0.006124062,-0.0006515021,-0.0004998342,-0.0010513603,-0.0071380637,-0.0006615137
-7.274885,-0.60685873,-0.030739402,-0.0010149032,1.2003111,-0.00051904126,-0.07324003,-0.0045400183,0.0014106585,0.0026318259,0.014999404,-0.07149759,-0.007269322,-0.0021857878,-0.0009425474,-0.0036042468,-1.2059793,-0.03389322,0.08596705,-0.0032447001,-0.0111173075,-0.025359232,-0.0037091426,-0.0009909964,0.0025794199,0.006526261,-0.0071445494,-0.10111363,-0.13180746,-0.0073059327,-0.009092424,0.0042488407,-0.0023716006,0.0012513394,-0.00662317,0.0002681652
15.971843,0.79545957,0.10477019,-0.0041775648,-1.7841945,-0.0034704118,-0.08519528,0.03544029,-0.0017422923,0.0023522412,-0.05774393,0.27218598,-0.008000157,0.013045697,0.0025512422,0.073644996,3.333767,-0.16557752,-0.010103567,0.022663178,0.025113605,0.021593189,-0.00932187,-0.00088902895,0.0043414035,0.056461863,0.014093105,0.109682344,0.4887547,0.0134823155,0.027706848,0.011613503,0.0036621813,-0.00696548,0.006811649,0.009100367
5.707748,0.28593192,-0.02376389,-0.00045015587,-1.83362,0.0023489264,-0.23277797,0.01730967,-0.16759636,-0.009765192,0.021481851,0.405535,-0.0050322697,-0.0035950022,-0.005627384,0.0056460914,0.81011957,0.024960069,0.3229108,-0.03200728,0.024139283,-3.1459866e-05,0.015671706,0.0014402414,0.007954807,0.002110907,0.010673098,-0.21829951,-0.06524287,0.010642984,0.025245564,0.011274919,-0.030066453,0.0068359114,0.032834694,0.0008605075
11.82367,1.3104885,-0.0038464677,-0.006625928,1.347711,0.0028103227,0.15752728,-0.015521568,0.01270135,0.004276587,0.031515,0.39566386,-0.0084382575,-0.0074873827,0.0024311654,0.06124665,2.6000082,-0.07429068,-0.09980684,0.020253306,0.0042878725,-0.025700115,0.0002654534,-0.0017963934,-0.006965803,-0.0333522,-0.011142509,0.12612452,0.25820458,0.0007513397,-0.023637058,0.0022805198,-0.008018225,-0.0010386227,-0.027892323,0.00953491
10.406154,1.1190102,-0.014074607,-0.0008232137,0.55372435,0.004784522,0.12008829,-0.0052807406,0.010910231,0.004355458,-0.12718117,-0.11150953,-0.002932183,-0.007432491,-0.004961892,0.067398295,2.2215471,-0.05178299,-0.100647606,0.003369541,0.008903937,0.043034647,-0.010026232,-0.0021315778,-0.0036134669,0.018234324,0.023316061,0.1948709,0.16108394,0.012545397,-0.02392114,0.00054278795,-0.008169952,-0.0059643234,-0.024075184,0.012050536
4.8751,0.9443684,-0.057748437,-0.004298866,-1.4197943,0.0018712138,-0.04356081,-0.0108643025,0.0014331099,0.002398581,-0.18929635,-0.14974853,-0.0077540437,-0.014469092,-0.0038794149,0.0169481,1.9100739,-0.07127237,-0.029865209,-0.016332066,0.007232969,0.022408217,-2.906454e-06,-0.0017678614,-0.00025580003,0.005179013,0.029495724,-0.21838404,0.015175148,0.0044818884,-0.05224589,-0.012569426,-0.03096577,-0.0026759799,-0.019502802,-0.0053927256
13.443501,1.0792118,-0.012581995,0.001674768,1.3214089,-0.009065215,-0.10461968,-0.004255609,0.00052376016,0.0050634886,0.040564414,0.29686248,0.01786599,-0.006420379,0.002317666,0.025708571,3.5360024,-0.015971754,-0.14353937,0.016649017,0.01888699,0.01842244,-0.007941393,-0.0034499022,-0.007601393,-0.0025631078,0.0031448528,-0.17921872,0.39920554,-0.007249826,-0.0055903457,0.015258995,-0.014045187,-0.0011062251,-0.03607372,-0.000106464126
11.422047,1.1097338,0.07877369,-0.011941431,-1.7580667,-0.0056616543,-0.23801267,-0.00589172,0.0048378757,0.0027736917,-0.04789294,0.30816203,-0.024674533,-0.0047357585,-0.002817796,0.05672609,2.6844246,-0.07332572,-0.056476794,0.030127585,0.030141026,0.023673074,-0.0019750518,-0.009455861,-0.018279593,-0.015818862,-0.008601884,0.1085317,0.2983443,0.01676834,-0.041903574,0.0072219823,0.0045711156,-0.007171855,-0.034391526,0.015367135
-7.328295,-0.63490987,-0.031410582,0.0015793003,-2.1188085,0.0006034642,-0.15349041,-0.0053315484,-0.029358972,0.0025275315,0.0064527765,-0.06971804,-0.0013727758,-0.0058899657,-0.0007713424,-0.0007535665,-1.3190342,-0.036408115,0.08100315,-0.0034105347,-0.0102740405,0.037581593,0.00022341216,0.000667718,0.006240381,0.0046183136,0.0059010405,-0.48670378,-0.15654802,-0.007910898,0.0024865463,0.0027271616,0.0022171624,-0.0021055206,0.0025368608,0.0046098423
-7.3390436,-0.6762963,0.014156753,0.0015531895,-2.1284857,0.0016135324,-0.16340469,0.0051729665,-0.0048363646,0.00024149647,0.007297041,-0.08547138,-0.001264317,0.013205206,-0.0009606938,-0.0030794626,-1.3286831,-0.026402084,0.080569215,0.0001490608,0.0011321926,0.02675506,-0.0027227064,0.00079190155,0.00096885575,-0.013210682,-0.009018803,-0.47895694,-0.15164733,-0.008821507,-0.002560406,-0.00013683132,-0.00019630145,-0.0010906024,-0.00026220758,0.003983398
-7.293509,-0.60589933,-0.034063082,0.00012899458,1.2108879,-0.003582586,-0.0922106,-0.0035474217,-0.029466707,0.002689562,0.0065377816,-0.072431736,-0.0015522349,-0.0048248456,0.0015764477,-0.0031253137,-1.1592784,-0.029340949,0.07826298,-0.002248941,-0.011997887,-0.025915692,-0.0059804264,0.0011258465,0.006548381,-0.009353973,-0.007336308,-0.109800294,-0.13250308,-0.008050974,-0.0009302269,0.0044668843,-0.0028884707,0.0019984758,0.007058189,0.0013779455
10.967739,0.053444374,0.07072891,0.0022305492,-1.7039363,-0.013752619,-0.20364884,0.0045062355,0.0038172633,-0.0073011997,-0.01267741,0.31311196,-0.0038283973,0.012735882,0.0013583137,0.009589698,2.4451325,0.1412713,0.14281808,0.011862398,0.023033828,0.062752925,-0.008732851,0.004950054,0.0034619046,-0.007280571,0.0050013815,-0.18465343,0.2114503,-0.0041804514,0.020130226,-0.0004898201,-0.0011588433,-0.0010535915,0.0380555,0.0023540314
-7.412016,-0.6369461,0.0031514426,-0.009672013,1.2087425,0.002096025,-0.0176753,-0.0011812601,0.00423361,0.0036875906,0.0070892405,-0.08617616,0.004089927,-0.0035977087,-0.00042910012,-0.002764829,-1.2253207,-0.02455867,0.091266625,0.00029066435,-0.00049491704,-0.023701742,-0.004105944,0.0018259671,-0.0005800748,0.0073639564,-0.009846034,-0.0886893,-0.13901165,-0.0071743117,-0.0076732105,0.000110802226,-0.0017595887,-0.0018917318,-0.008649833,-0.00036228943
-7.311551,-0.64717126,-0.0028549396,0.0014405231,1.209075,0.0006476731,-0.07735668,0.0051310295,-0.029111471,0.0033058866,0.013347417,-0.08016188,-0.00016107016,0.00452004,-0.00025561143,-0.0035762077,-1.166505,-0.024553224,0.08500649,0.0034712604,0.0005649969,-0.028879682,-0.004196299,0.00042506924,0.0025900889,-0.01033508,0.0050669997,-0.103366196,-0.14352347,-0.00797609,-0.00042660354,0.00057259534,-0.0031975235,0.0009878604,0.013067145,6.614851e-05
15.197811,1.124823,0.057879966,-0.00503524,1.2890892,-0.034043867,0.15236601,0.011382432,0.0017993051,0.0052035176,-0.038637992,0.14457831,-0.12719227,-0.003574275,-0.0029169957,0.056994315,3.1426034,-0.07812873,-0.08204555,0.0027156118,0.019224517,-0.0361569,-0.0026078376,0.00031812783,-0.0003782303,0.019009626,0.019978652,0.32394233,0.3963998,0.008323566,-0.02518243,0.001503236,0.0073609785,-0.0012752607,-0.028941844,0.0062196204
-0.5987698,-0.1558143,0.031943396,-0.0061179833,1.2610303,-0.0017259425,0.095405616,0.016930388,0.05129368,-0.025590064,0.03866527,-0.20916544,-0.010824331,0.00864598,-0.0033328373,-0.019331187,1.6081246,0.04040821,-0.06771425,0.00780778,0.0036293895,0.021908037,0.018381547,-0.0008041626,-0.003398011,-0.016199492,-0.0044065574,-0.8145171,0.19067785,-0.006892752,-0.1044166,0.012202702,-0.017577771,0.0030802113,-0.05191703,-0.03888938
-7.368836,-0.6385504,-0.014955211,0.004456206,1.2055056,-0.0010706076,-0.022891479,0.0062019867,0.008302561,0.0026894014,0.016376352,-0.08228145,-0.0016035222,0.0043445644,0.0007697789,-0.005063222,-1.2079533,-0.03198417,0.09214469,0.0007659523,-0.00081674155,-0.020842964,0.00020801538,0.0006722529,0.005756132,0.0050125127,-0.008596774,-0.10349615,-0.13830811,-0.0075785313,-0.0073965797,0.0021442163,-0.00222715,0.0018130422,-0.008762958,0.0027437385
-7.351573,-0.63654166,-0.0022514283,0.0023185853,0.13646558,-0.0021308588,-0.054461807,-0.00077783625,-0.02947993,0.00328862,0.014808078,-0.08126164,-0.0007571673,0.0043585896,0.0008159992,-0.0026199645,-1.2092996,-0.030181883,0.081644975,0.0026028757,0.00045037945,0.04277657,-0.003367512,0.00087505474,0.0022833836,-0.009764695,0.0059098485,-0.30341196,-0.14103805,-0.008024517,0.001768714,0.0011672847,-0.0025916782,0.0014036925,0.01202904,0.00026604696
3.0536273,-0.30976504,0.029255098,-0.0025752732,-1.6129013,0.0055742958,-0.26784596,0.013299961,-0.0008757784,0.0014294084,-0.19890313,-0.28263238,-0.0007395957,0.007869511,-0.0013879864,-0.057924453,2.041229,-0.021628758,-0.06252321,0.0034030383,-0.0040967884,-0.041071504,-0.004144841,-0.002027839,0.0071991985,-0.015264796,0.001638878,-0.24903628,0.27883542,0.003496255,-0.0035811143,-0.0010710031,-0.0031649289,0.0012100926,0.0411461,0.0060083983
-7.302893,-0.64421654,-0.005140261,0.0014577404,1.2000433,-0.0005152845,-0.0745422,0.0023170107,-0.023362203,0.0029160245,0.01484838,-0.080845736,-0.00044639414,0.0049262517,-0.000211652,-0.0026983733,-1.1793841,-0.024750385,0.08320807,0.002688556,0.00011989567,-0.027679304,0.00094358064,-0.00018152762,0.0067140455,-0.010396826,0.0039447653,-0.10399664,-0.14423673,-0.0061747907,-0.00075172086,0.0011106008,-0.0015453437,0.0014496094,0.0123655265,0.0006946321
-4.187089,-0.24311712,0.016007915,0.000927953,0.20237376,-0.001291153,-0.078821376,0.0018445272,-0.0020937962,0.002131931,-0.045013472,-0.16900295,-0.0025214537,0.00374842,-0.0022011234,-0.051458623,-0.23829377,-0.0150292255,-0.0044408515,0.0022016955,-0.0020590888,0.058729835,0.0015214245,0.002333467,-0.0010716079,-0.009440054,-0.012387772,-0.07085696,-0.09837596,0.002151475,0.00063847273,-0.0012610937,0.001681598,0.00023942503,0.021335661,0.0038864044
7.2763867,1.0889094,-0.047234897,0.0021462282,1.2813116,0.011446841,0.120998226,-0.016638257,0.0075517697,0.0034121887,-0.15653995,-0.60478896,0.010966498,-0.006894013,-0.006602741,0.12418162,1.830999,-0.075313345,-0.03700981,-4.2894833e-05,0.0036086673,0.040508717,-0.0039455374,0.0024597046,0.0123895835,0.015755873,0.014403888,0.20025697,-0.13673681,0.006574749,-0.02186656,0.003975757,-0.0012257539,0.00078736636,-0.01834889,-0.0048121833
4.1321363,0.8852751,-0.073509686,0.0014527496,0.41282457,-0.0027800328,-0.08988089,-0.022027519,0.04745385,0.0036915478,0.07571547,-0.082432605,-0.015374511,0.000827013,0.001434589,-0.018716289,1.8340881,-0.029147683,-0.0789736,-0.027452283,0.0017519181,-0.024619617,-0.005437769,0.0064849057,0.0037709957,0.004084318,-0.01802386,-0.6041552,0.005613062,-0.009918878,-0.00060958083,-0.0034371247,0.0067798197,0.0011267491,-0.016765587,-0.0015991771
-7.201602,-0.65215147,0.013390989,-0.0028025717,-1.2420557,0.0012805024,-0.13813709,-0.0023948788,0.005970466,0.0036686752,-0.026464975,-0.08430759,0.0028857316,0.0001788947,0.0012582394,-0.01212383,-1.3357385,-0.01064536,0.09796766,-0.00010104028,-0.0004113226,0.04658765,0.0026117933,0.005168583,0.0042173043,0.0014400806,-0.010985923,-0.08007812,-0.15524991,-0.012793761,-0.0010335668,-2.0106163e-05,0.006458838,-0.002396257,0.0026509587,-0.019635767
-7.324934,-0.62917006,-0.03363335,-0.00027878548,-2.1458185,-0.00083199854,-0.14997137,-0.0064574145,0.0022592824,0.0021806315,0.020296156,-0.06962899,-5.9645427e-05,-0.006475947,-0.0013753532,-9.8890385e-05,-1.3404049,-0.031929873,0.080749005,-0.0023424658,-0.014394326,0.009033164,-0.0015595738,0.0001455309,0.0022774779,0.006358647,0.0015828864,-0.420294,-0.16320744,-0.006262837,-0.0038092788,0.005371265,-0.0017314263,-0.0007526684,-0.008403832,0.002886231
-3.9318485,-0.08094649,0.023503259,0.0011758473,-1.9841408,0.004852676,-0.20996575,0.012436685,0.0012731462,0.0030931758,-0.04320072,-0.16614051,-0.0037310761,0.00556646,0.0011460199,-0.044256117,-0.21937704,0.0029107716,0.017671458,0.004565818,0.003927855,0.018677399,0.0024515619,-0.0022057504,-0.004855179,-0.011016461,0.012361143,-0.08512622,-0.17754611,-0.0033739347,0.0060232817,-1.663054e-05,0.0056184223,-0.0002211088,0.024291234,-0.0036148266
-7.297841,-0.62921447,-0.035903748,0.002069128,-1.0249552,-0.0010148104,-0.13238996,-0.0029166872,-0.029409558,0.002920237,0.0063336925,-0.07148657,-0.0020304758,-0.005330543,-7.521711e-05,-0.0011274095,-1.2612958,-0.036600083,0.07402263,-0.003052845,-0.010711983,0.043723512,-0.0029063013,0.0027742733,0.007291583,-0.008967682,-0.0008958462,-0.40206152,-0.1538959,-0.008869077,0.0011661703,0.004152426,-0.0031407315,0.00067488226,0.011389785,0.0001383593
18.672781,1.252941,0.013023983,-0.0062047476,0.1936401,-0.028325738,0.11610157,0.0036114487,0.04331472,0.0035905992,-0.0033204914,0.19300173,0.0891502,-0.004782071,0.00019619489,0.080004826,3.8024418,-0.02652666,-0.08972925,0.0022880882,0.016037073,0.013168355,-0.004606072,-0.003248996,0.0050763423,0.017678231,-0.009153058,0.4556288,0.5239683,0.0044809785,-0.028148217,0.0038071547,-0.0070719663,-0.005059135,-0.023647577,-0.0070113637
18.887358,1.0223749,0.10556205,-0.0014091047,-1.0197177,-0.02381967,-0.050256565,0.010497001,0.012832621,0.0055240276,0.19620992,0.3558511,-0.011935117,0.017943246,0.010592191,0.2310833,3.2318385,-0.04313814,0.117603205,0.006299533,0.012357738,0.0423825,0.0010409445,0.00027749132,0.00016435025,0.016514776,0.007345736,0.49772048,0.31971776,0.013159027,0.022412501,0.0064262017,0.00705129,-0.0029661576,-0.02164053,0.0070016948
19.073938,1.0162637,0.06759865,-0.0056856703,-0.16306241,-0.030325986,-0.02497679,-0.008250156,-0.0042235106,0.003503987,0.11732916,0.37052697,-0.0065525724,0.027650928,0.004252903,0.2518627,3.174322,-0.048433002,0.11953524,0.012403207,0.029295804,0.044833526,-0.0015156884,-0.0045553106,0.0032237133,0.0098657785,0.009532807,0.5465878,0.23484352,0.00021470472,0.013906678,0.0050507383,-0.0024833682,-0.005252147,-0.012375303,0.0065353047
2.4830315,1.2274107,0.011654529,0.0010314694,-1.8845797,-0.00076207344,-0.28115106,-0.009409559,-0.040640734,0.004507071,0.015670555,-0.14691804,-0.001938589,0.026861995,-0.0023348469,0.012165794,-0.64518166,-0.0106278,0.51634115,0.0048063,0.018762823,-0.070095815,-0.04482181,0.0034151003,0.0037560666,-0.0016777485,0.026385741,-0.085414164,-0.10672548,-0.0035753977,0.014285411,0.0113895,-0.012621931,0.0030845257,-0.010097711,0.004789951
-7.343247,-0.6161115,-0.031486433,-0.010021633,1.1757615,0.00025907514,-0.008749252,-0.0041249976,0.006268566,0.00283708,0.018734904,-0.07367045,-0.0013929781,-0.005399157,0.00024730232,-0.003590935,-1.209454,-0.03192152,0.08940466,-0.003872926,-0.012596447,-0.019823363,0.0070035844,0.0005617519,0.0010934899,0.0063031265,-0.007198157,-0.109742664,-0.1318226,-0.008356805,-0.009475265,0.005653644,-0.0023403198,0.0022610836,-0.0078082187,0.00026988538
-7.3004913,-0.6183173,-0.02505865,0.00013804829,-1.6284407,-0.0020114032,-0.14265601,-0.004001743,0.0047491943,0.0024409427,-0.020016976,-0.0767478,-0.0027066274,-0.002956441,0.0006042929,-0.0024717355,-1.3541662,-0.03809169,0.0818255,-0.0012607684,-0.0007998604,0.037954494,0.0037326177,-0.00023759915,0.0008374928,0.0055982596,-0.008633513,-0.44988972,-0.15273394,-0.0045495797,0.010361723,0.0012508132,-0.0004286692,-0.0014670454,-0.008458661,0.00018751255
-7.309957,-0.6318528,0.010354024,0.00073687336,1.2602425,0.0006919809,-0.04787351,0.001200992,-0.0035219244,0.002665833,0.013511723,-0.08654407,-0.00036670934,0.0053814733,-9.941748e-05,-0.0052491035,-1.2308681,-0.0256604,0.08826608,-0.00038635556,0.00398051,-0.0025650747,-0.0045530973,-0.0007761885,-0.00158629,0.0015383977,-0.009161624,-0.19236602,-0.14369953,-0.006868226,-0.0067685745,-9.9370445e-05,-0.0006422149,-0.00058269216,-0.008273085,-0.00036997173
-7.30035,-0.639216,0.0024247833,0.0014941515,1.205148,-0.001811373,-0.078784935,0.0041732923,-0.004286642,0.002530065,-0.018044146,-0.08633403,-0.0011872449,0.010740152,0.0011428992,-0.0032413348,-1.2329624,-0.029981054,0.09465737,0.0019629786,2.182311e-05,-0.04457348,0.0101450905,0.00050182303,0.0010086115,0.007020939,-0.008587668,-0.07822488,-0.13088068,-0.0055652093,0.00922722,0.00073406723,-0.00031612665,0.00056332233,-0.007969209,-0.0009620948
-7.281008,-0.61736965,-0.02310761,-0.0013383367,1.2038735,-0.00259514,-0.07255653,-0.0038881397,0.0028920441,0.0033515915,0.0066762194,-0.08122007,0.0030001681,-0.0023125852,-0.0008415119,-0.0041678087,-1.2085131,-0.03424547,0.087078795,-0.0001646826,-0.0018602615,-0.02560959,-0.0030342902,0.0015800273,0.0024931298,0.00643887,-0.0082648285,-0.09771716,-0.13151444,-0.0068789986,-0.008770444,0.0008318508,-0.0029263373,0.00016979361,-0.0070554214,0.0004939225
19.56127,1.21416,0.05065064,-0.008793154,1.1820037,-0.008255919,0.17127585,0.0026938012,0.0016562234,0.00475152,0.10454321,0.29204476,0.051579222,-0.0024142985,0.0016496024,0.06951844,4.0901823,0.023693362,-0.0654169,0.0072074872,0.014694026,-0.017198283,-0.0017887644,0.00071966613,-0.002278244,0.01553679,0.020110056,0.40277115,0.52144253,-0.0024219956,-0.002882418,0.0005040967,-0.0060746674,-0.0018528322,-0.025513662,-0.0060810703
-6.9315095,-0.6392044,0.013474537,0.004085498,-1.427943,-0.00016567958,-0.087825894,0.008546316,-0.00320116,0.006525462,-0.029327903,-0.08925125,-0.0025653976,0.0055195414,0.0019758886,-0.0028070903,-1.1913685,-0.031663954,0.074218296,0.00017144022,0.001658129,0.057732414,-0.0023648557,0.0020155297,-0.0007151995,-0.012573173,0.0076562706,-0.11561132,-0.16176778,-0.00581629,0.0015721587,0.000392781,0.0012890847,-0.003225177,-0.008508957,-0.005304685
12.688349,0.95944124,0.05990663,-0.0009682255,0.17597552,-0.0131566,0.13271932,0.0002978392,0.009119265,0.0032716456,-0.22361976,-0.073965274,0.02069554,0.0007439212,0.0028232615,0.25234014,2.7452626,-0.073721126,0.12506294,0.00054368767,0.022777976,0.04864919,0.0070871804,-0.0022802358,0.002893146,-0.0029499694,0.0066114184,0.5851106,0.19808695,0.031050522,-0.010319313,-0.00084350735,-0.0049955742,-0.0003484959,-0.019988522,-0.006187102
-1.6515234,0.29601902,0.020312091,-0.00018528017,1.3137071,-0.00024236573,0.104599565,0.011986566,0.0039607617,0.004612499,0.024449164,-0.1826075,0.005696473,0.0014942483,-0.0022917697,-0.032400135,-0.19279277,0.006422956,0.0017951126,0.004368186,0.0022265578,0.02555645,-0.0060503073,-0.0028806631,-0.0013554541,0.0029821123,-0.0122126015,-0.18123858,-0.084585615,-0.0026790893,0.0036507435,0.00025493835,-0.0014140833,0.0018871734,-0.0053311577,2.5682559e-05
-7.352789,-0.6383515,-0.01969201,-0.0022562684,1.2027072,-0.0016122556,-0.019618066,0.0034271271,-0.0344509,0.003316374,0.011897439,-0.07879479,-0.0068716817,0.0004950303,-0.00034870047,-0.0031178705,-1.1748126,-0.027899565,0.09228993,0.0014750699,-0.000545695,-0.020712249,0.007926443,0.0015592541,0.008144212,0.00080131623,0.004356889,-0.11140264,-0.14210781,-0.0072432277,-0.0015972985,0.0014336897,-0.002679506,0.0012953124,0.007250825,0.0011243247
-7.2889643,-0.6296145,-0.026129762,0.0006287669,-1.2420788,0.00022092,-0.1337899,-0.0042357757,0.0021126044,0.0029016624,0.013200511,-0.08090344,-0.0047473214,-0.0014602424,0.00018682495,-0.0033810248,-1.3171643,-0.041642092,0.081378534,2.5176814e-07,-0.0009334567,0.067709275,0.002306133,-0.0015599753,0.001263519,0.005572751,-0.010494994,-0.4324271,-0.15296872,-0.005762324,-0.004943988,0.001478595,0.009108601,-0.0009984687,-0.007972843,0.0011135046
2.665219,0.12687616,-0.002348558,-0.0013153295,1.3082185,0.0046831006,0.11840977,-0.0044612247,0.0068448316,0.0049129194,0.03371546,-0.23607874,0.0077381753,0.007420766,0.0035093904,-0.025507404,1.5256039,0.020571448,0.08575274,0.0073094573,-0.0027226927,-0.0042620474,-0.009252487,6.1432984e-05,0.004757304,-0.0071901293,0.011948849,-0.35721287,0.19929777,0.00079137855,0.029311977,0.00993161,0.0448348,-0.002773571,-0.02483692,0.0036084368
-7.285505,-0.5986189,-0.03445348,-0.0011047198,1.199253,-0.002143759,-0.06126111,-0.0054722796,-0.032094385,0.0035087944,-0.018531015,-0.071732484,-0.001352581,-0.0047372943,-0.00042069622,-0.003003219,-1.1587845,-0.034785513,0.0820216,-0.0018500522,-0.012040183,-0.024883782,-0.0049165776,0.0014489784,0.007889842,0.006392941,-0.006718927,-0.1006583,-0.13238212,-0.0077592907,-0.0009728982,0.004315514,-0.0021954325,0.0016834157,-0.0073016756,0.0014862708
-7.2631025,-0.6192758,-0.03506395,-0.0018519484,-0.8970976,0.0014759544,-0.14591071,-0.0035213698,0.00011643254,0.0028566178,0.012247917,-0.07128233,-0.0012445989,-0.005348677,4.2321677e-05,-0.0029176741,-1.3154247,-0.04109852,0.07848544,-0.0051082554,-0.009341328,0.0718333,0.0024604048,0.00066202634,0.0010753978,0.005823521,-0.009676806,-0.46487868,-0.1534067,-0.005073339,-0.0052322927,0.0014885707,0.009117899,-0.00066484563,-0.0080221705,0.002007143
-7.4543815,-0.6271852,-0.026193904,0.0049458705,1.2076099,-0.0013559335,-0.04365271,-0.003093502,-0.0024710319,0.0026034373,0.01617673,-0.082399756,-0.0021118897,-0.0067670164,0.0006471513,-0.0014048408,-1.1837144,-0.020035317,0.0843635,-8.3636725e-05,-0.00200229,-0.020451304,-0.0029033439,-0.00031588838,0.002328613,-0.009762716,0.002838448,-0.11267161,-0.13420756,-0.007641815,-0.007825174,0.0011194625,-0.0026380653,1.8083323e-05,0.013883036,-0.00041226757
-7.2905645,-0.5952067,-0.03349658,-0.0022127656,0.7745013,-0.00056352833,-0.11730547,-0.006364046,-0.029484184,0.002909425,0.015227374,-0.064991556,-0.0016338078,-0.005030365,-0.00041292162,-0.0012771217,-1.1919212,-0.040100764,0.08792634,-0.002537382,-0.011833272,0.01469824,-0.0031006583,-0.0004130752,0.009145266,0.0055131083,-0.008500982,-0.24853794,-0.13898543,-0.0058759935,0.001082001,0.005169867,0.0003501726,0.00078067544,-0.010175468,0.001126274
-2.4507458,0.48169822,0.040959593,-0.00085084816,1.1886357,-0.0035172494,0.114697754,0.0038310261,0.008881927,0.003418829,-0.050027836,-0.30904907,-0.011308004,0.003519861,-0.0075566135,0.010755785,-0.4707321,-0.026434602,-0.052919008,-0.0011469416,0.0015173679,-0.0050738035,0.0019105116,0.004305004,-0.0018611003,0.0050627254,-0.02879839,-0.030656613,-0.18209256,0.004794752,-0.006723351,0.000529324,0.0033846046,-3.2120333e-05,-0.012043024,-0.002763454
-5.333545,0.13302726,-0.044464704,0.0005926806,-1.693618,0.00765339,-0.16903582,-0.013194554,-0.0019555567,0.00407152,-0.033503346,-0.07867181,-0.0033922512,-0.008386556,0.00068776775,-0.021256516,-0.9904897,-0.021254465,-0.014068597,-0.008899433,-0.003687704,0.03632082,0.0005284123,-0.0006264035,-0.0024710917,0.0030768989,0.00569109,-0.10520746,-0.23753619,-0.008564828,-0.0017015169,0.001057831,-0.015457542,-0.00081493723,-0.017423002,-0.00040537998
4.1798334,1.0040144,-0.022275036,-0.00042925065,1.2898247,0.006187191,0.09053959,-0.0066878144,0.030573232,0.0028034756,-0.02357621,0.02261122,-0.026460731,-0.0058919047,0.0024568539,0.008588067,0.9311884,-0.035533793,-0.08346141,0.0018734918,0.01715911,0.016266398,0.009618426,0.0032555058,-0.0061884625,0.005823381,-0.0035268902,0.100739576,0.02974279,0.0031991594,-0.034952886,0.004726604,0.011074633,0.0010239512,-0.014939019,-0.00064034807
-7.338392,-0.5906952,-0.03366892,-0.001277362,-0.046693064,-0.0050804126,-0.10207904,-0.003543515,-0.0063627386,0.0025697383,-0.01801874,-0.06889363,-0.0011128684,-0.005284209,0.0005304937,-0.0031257065,-1.2279459,-0.04466902,0.079485424,-0.0038890122,-0.009903923,0.032272525,0.003444486,0.0026279283,0.0046629566,0.005425367,0.0076292357,-0.25684914,-0.14711794,-0.0053251213,-0.0050782384,0.0018794958,0.008735368,-0.0011159094,-0.007430656,0.002211042
-7.4255204,-0.64764005,0.003942721,-0.010000284,1.2104614,-0.00054622046,0.020767666,0.006062639,0.005596339,0.0030377975,0.012718826,-0.08893283,0.0047229524,-0.00041538794,0.0012297346,-0.0037554668,-1.228055,-0.023746539,0.09683132,-8.5968524e-05,7.039353e-05,-0.023005854,0.00047337235,-0.00031094858,0.0018623947,0.007825414,-0.009981788,-0.093338065,-0.12995245,-0.008050713,-0.007141666,0.00024421254,-0.0019877949,0.00046968475,-0.008391627,-0.00045838754
7.6553974,0.4509189,0.025416126,-0.0008152185,-1.7249336,-0.0014202339,-0.22048335,0.021336293,0.023915421,0.0024807523,0.052068796,0.012504234,-0.0034862852,0.011453604,0.0024898425,-0.021935822,2.2623792,-0.01590495,-0.069863655,0.0035057298,0.013042257,0.031274706,-0.006341956,-0.003753602,0.0021188918,-0.0028527733,-0.010462083,-0.44968733,0.119486146,-0.0079239085,0.044351496,0.0069046644,-0.015569661,0.007237192,0.016781315,-0.009344715
2.237347,0.7985713,-0.03268429,-0.00858379,0.5660279,-0.010488979,0.084385596,-0.008332967,0.018408582,0.0025628076,-0.075447276,-0.4292954,-0.0035964223,-0.030798273,-0.0005057589,-0.06314075,0.67421174,-0.061942615,-0.124341235,-0.0045926804,0.00486559,0.048295036,0.004368384,0.00078937743,-0.006051803,-0.009547945,-0.016704138,-0.020865662,0.13127232,0.00056381436,-0.059325792,0.0036448932,-0.01599499,-0.0011606502,-0.01658332,0.00381785
-7.3535414,-0.6459803,-0.00573435,0.0016635049,1.2015373,-0.002669617,-0.024066363,-0.0009803296,-0.02880807,0.0033128106,-0.0057409606,-0.07966076,-0.0076102503,0.00022202075,0.0006103471,-0.001769275,-1.1605686,-0.024205366,0.0835747,0.0026349775,0.00013928908,-0.022188118,-0.005514609,0.002113047,0.007282239,-0.010259746,0.007871408,-0.093593135,-0.13501088,-0.0076295356,-0.0016525392,0.0021054621,-0.0033966743,0.0017522699,0.009344535,0.00025449792
14.304546,1.1814942,-0.007927636,-0.00020692091,1.284249,-0.0018780463,0.12591378,-0.00043865445,0.05412117,0.005688725,-0.17539376,-0.0971569,0.02188407,-0.00538483,0.0038750048,0.13425732,3.1102872,-0.06215411,-0.11694839,0.0054093776,0.0015277832,-0.01417422,0.012657508,0.0061787586,-0.0028093006,0.029878851,-0.009362588,0.41365546,0.31582922,0.008096249,-0.011433982,0.002101532,0.0038314692,-0.003664276,-0.025686428,-0.040264517
-7.278958,-0.6134469,-0.026798777,-0.00094323745,1.2032655,-0.003277425,-0.064723805,-0.0040441663,0.0027863618,0.003361501,0.013429631,-0.0810093,0.0032188527,-0.0023386902,0.00036943477,-0.003541347,-1.2129564,-0.03406151,0.08657781,-0.00081839785,-0.0017039694,-0.025381671,-0.004129207,0.0019922825,0.0020291146,0.006208037,-0.008367804,-0.09991767,-0.13873278,-0.00696344,-0.009164855,0.0024253067,-0.0030327197,0.0002298838,-0.0067888983,0.00081965874
-7.303926,-0.6507902,0.00428031,0.00056343543,1.2022603,-0.0004519676,-0.06424361,0.005191388,-0.0054187267,0.002618066,-0.020437019,-0.080840945,-0.00043484702,0.006048478,-0.00062632264,-0.0021880132,-1.2264919,-0.029598959,0.091227,0.00095616595,0.0013760462,-0.025032988,0.0029619464,0.001151302,0.0042741057,0.0020115904,0.004485938,-0.071167275,-0.13658117,-0.005088223,0.0026530772,0.000702534,-0.0024383941,-0.00040930609,-0.0038943433,-0.0020245004
18.987822,1.2484856,0.05478217,-0.0031710144,1.2066085,-0.0098660225,0.12913753,-0.0015081269,0.03195075,0.004196539,0.056283787,0.24232951,0.01815066,-0.0017475728,-0.0024935398,0.06696073,3.61768,0.00079757004,-0.07682871,0.021581393,0.014837141,-0.009283296,-0.0015386506,0.0047775726,-0.007370843,0.012062124,-0.018540239,0.059143875,0.42292416,-0.0055550267,0.004977262,-0.0001475428,-0.006309256,-0.008690708,-0.020291956,0.0026177936
8.681159,1.0661563,0.027699621,0.0012155042,-0.8918866,0.0062875384,0.04759499,-0.010048937,0.010166363,0.0040792357,-0.13337295,-0.130627,-0.01873439,-0.0027751005,-0.0017496729,0.05916349,2.2603083,-0.03846416,-0.11159675,0.008730464,0.0121314805,0.042958852,0.00920788,-0.00022074112,-0.0064496184,0.009487247,-0.02508412,0.05194826,0.15540838,0.0039723134,-0.041058388,0.007616141,0.007074335,-0.010058815,-0.02007476,0.006712862
-7.2514725,-0.626217,-0.024558868,-0.00087730907,-0.75537324,-0.0004074121,-0.11503755,-0.004481053,0.006316897,0.0025579536,0.012257218,-0.07999337,-0.0043127527,-0.0013748616,-3.7610916e-05,-0.003251322,-1.3124388,-0.039741103,0.08147224,-0.0003329747,-0.001187262,0.061189394,-0.0032036942,-0.00221762,-0.00029401298,0.0053795776,-0.009848516,-0.43639895,-0.15271859,-0.0065601906,-0.005525347,0.00048483245,0.0017074381,-0.00028270105,-0.0076320693,-4.8183458e-05
-7.2803397,-0.60388106,-0.025404528,-0.0007702173,1.2025411,-4.8801412e-05,-0.055852566,-0.003496078,0.0029234192,0.0028105516,-0.022736179,-0.077139325,-0.0003893722,-0.004869339,0.00035840907,-0.0036706447,-1.2289625,-0.031896885,0.08643792,-0.0005180517,-0.003825935,-0.02468978,-0.002821882,-0.0013767679,0.0015589586,0.006073269,-0.0068942285,-0.07205853,-0.1393564,-0.00488507,0.0019628005,0.0007917063,-0.0035128978,9.474227e-05,-0.007402412,-0.0013461389
-7.294568,-0.63876843,0.0037611385,-0.0017246781,0.8124331,-0.0015058247,-0.07517289,-0.0023400683,0.0067514973,0.0027258003,-0.018661981,-0.0838001,0.0030752772,0.0004555349,-9.090222e-05,-0.0022507096,-1.2308944,-0.030411018,0.087949134,0.00013106284,-3.44287e-05,-0.04255881,-0.004597791,0.00124426,0.0038522135,0.0055668466,-0.008113897,-0.087755844,-0.13748568,-0.0064991037,0.008683021,0.0012554962,-0.00043205087,-0.0012039614,-0.012758959,-0.00046435307
0.05931854,-0.5389545,0.0015031216,-0.00024169199,-1.0036672,-0.0007355462,-0.07013517,0.0015970637,0.02585557,0.0049078697,0.039209854,-0.20690736,-0.0037005874,0.009516239,-0.0014840249,-0.015647337,1.8398781,0.036046397,0.037002426,-0.00042012837,0.0035177788,-0.005610605,0.0002624784,-0.0022859864,-0.0048965937,-0.02580636,-0.022621702,-0.7507839,0.024077963,0.0020258173,-0.090070024,0.0076887435,-3.6695943e-05,-0.0023029856,0.0048981044,0.011143539
-1.8503381,-0.107746586,-0.058902908,-0.004038635,1.2325613,-0.004415611,-0.2104011,-0.011929786,-0.20344466,0.0059844437,0.0212743,0.110819824,-0.00027216432,-0.007607681,0.001590947,-0.012440403,0.33063576,0.013151841,-0.04867963,-0.01652236,-0.022302909,0.019837402,0.007800092,0.0033551434,0.010794526,-0.009615222,0.004476142,-0.24172524,-0.07453374,-0.048849024,0.0184907,0.005994183,0.0010878786,0.0027618113,0.005764332,-0.0058075907
8.774136,0.9460847,0.029807508,0.003917361,1.3159794,-0.0071556545,0.15197906,0.0038483634,-0.031731226,0.0037596272,-0.15289782,-0.48948282,-0.00022124784,0.018858561,2.7888469e-05,0.06941376,1.9312568,-0.064483166,-0.03922869,0.0065997853,0.00762816,0.00088564336,-0.0012069318,-0.0025113532,0.005176628,0.015030787,0.004628522,0.0729433,0.22137871,0.0217328,0.0018267544,-0.0007458934,-0.006793638,-0.002520714,0.01606997,-0.0004080688
-6.6119123,-0.21145765,0.0073638777,-0.002643077,-2.335595,-0.0006075979,-0.073253095,0.0077047776,0.000764745,-0.0047684065,0.016596733,-0.101439685,-0.0013960357,0.0044931322,0.0004863473,-0.0031448768,-0.85994923,-0.020793067,0.042674918,-0.0008224074,-0.002774691,-0.0826445,0.0037092874,-0.002081747,-0.0005030297,0.0003959188,-0.009751223,-0.15354761,-0.17605284,-0.008022761,-0.0066795107,-0.0033356214,-0.008886523,-0.0032642432,-0.016388232,0.002682651
-7.314531,-0.6540352,-0.0030336203,0.002215848,1.2043324,-0.0021053092,-0.07791361,0.0057688756,-0.035813577,0.003230802,0.01190474,-0.08227383,-0.0011431017,0.009097953,-0.00011905711,-0.004122787,-1.1500014,-0.02367765,0.083582416,0.0014679579,0.0009163959,-0.028789124,-0.004185673,0.0013621334,0.008915311,-0.011318464,0.0051112906,-0.11027632,-0.13699088,-0.0076833656,0.00030627317,0.00083415664,-0.0021265075,0.0005993098,0.012407222,6.57849e-05
-7.3190866,-0.65482086,-0.004172163,-0.00044690966,-1.9679555,0.0052706506,-0.14477466,0.0015421567,0.010116274,0.0027440186,0.013327223,-0.083007276,0.0034369472,-0.0013361461,0.00045943377,-0.003132772,-1.3534634,-0.034373958,0.08636952,0.0014063156,-0.0006392881,0.04696344,-0.0043773055,0.0012018386,0.006872897,0.0062886663,-0.008833764,-0.43262422,-0.1516145,-0.0069806953,-0.0033767787,0.0014239785,-0.0037037078,-0.0020961605,-0.009756151,-3.4558994e-05
-7.3465548,-0.6774313,-0.012672039,0.00035553996,-2.1471403,0.00066221226,-0.16938655,0.0043400875,-0.034519162,0.0025238937,0.01218267,-0.08189343,-0.0017549131,0.012424914,0.0006397707,-0.002450447,-1.296361,-0.03455985,0.08284137,0.0005640846,0.0010444454,0.024252575,0.0001320054,0.0045478726,0.010072294,-0.009458545,0.004633788,-0.4908881,-0.15655042,-0.0076383413,0.0037659672,0.0045169974,0.002523596,0.005380683,0.007091593,0.004284645
17.12623,1.1111671,0.061644994,-0.0103850905,-0.8466451,0.015217223,0.024893088,0.005907399,-0.0025799344,0.0031475031,0.06666879,0.31037572,-0.014047081,-0.0025654505,-0.0017308762,0.06453606,3.7947915,-0.012007885,-0.111485004,0.00039373513,0.017382398,0.03318253,0.0014374253,-0.0074482,-0.0009971714,0.001512565,0.018343203,0.3183167,0.46460354,0.0033585231,-0.017447768,0.0017740813,-0.0009042346,-0.0026440206,-0.023902843,0.012179334
-7.329641,-0.6529434,0.0069114324,-0.003665853,-1.9903376,-0.0025756755,-0.15158448,-0.00065635017,0.0025318707,0.0027316012,-0.018302986,-0.07910891,-0.0037826437,0.0018420413,0.00082309335,-0.0016256742,-1.3714453,-0.032643825,0.08515199,0.0002526953,0.0003227552,0.051575374,-0.0031113916,0.0009447628,0.0028723811,0.0031856874,0.008042403,-0.4482281,-0.15640645,-0.0057020737,0.009212667,0.0012328938,-0.0019352543,-0.0016440671,-0.008481493,-0.0004467952
-0.66417146,-0.38476628,0.0071349717,-0.0008101988,1.2215421,7.7490586e-05,0.06269506,0.0055842805,-0.09870441,0.0040739076,0.024424307,-0.092852995,0.0056917053,0.005381934,-0.0021249712,-0.008182466,0.28860372,-0.13990249,-0.03796825,0.00075769966,0.0011850988,0.030789984,0.0010208124,0.0007925132,0.0025321492,-0.010035611,0.008598729,-0.2882916,-0.061835214,0.015214542,-0.0031030586,0.0002145046,0.0026721458,0.005501759,0.021736026,0.008009813
-7.269324,-0.5981907,-0.029358035,-0.0010431509,1.2033218,0.0002419669,-0.07337265,-0.0006665536,0.007177556,0.003159198,-0.020533727,-0.07194763,-0.0003778753,-0.004765795,-0.00019743586,-0.0038569337,-1.223831,-0.033553947,0.08492747,-0.0041126288,-0.010555771,-0.0253025,-0.0063113393,0.0004011394,0.0024909368,0.006159972,-0.0073579494,-0.074677676,-0.13356094,-0.0070722336,0.0060094325,0.0021378489,-0.0034944438,0.0015172926,-0.0070206965,3.0725685e-05
-7.3546667,-0.6827326,-0.0023802968,0.00020036502,-2.1465943,0.001382858,-0.16793837,0.0047769416,-0.02735037,0.0022750476,0.014459713,-0.083002806,-0.0017561086,0.013449165,0.0012738681,-0.0017396606,-1.3141043,-0.027689269,0.08162458,0.0028361105,0.00071557384,0.032615874,-0.0033449538,0.002038362,0.012090427,-0.01122718,0.0034312906,-0.48629734,-0.15822448,-0.007947107,0.0031128156,0.0020334823,-0.00071063277,0.0012382454,0.009596846,0.0044201426
-7.3085446,-0.6419876,-0.0022288777,0.0013952452,1.2978493,-0.0016287363,-0.043454528,0.004410639,-0.032673772,0.0031025496,0.012861259,-0.09129309,-0.0013644027,0.008224314,0.0014101085,-0.0039013429,-1.186204,-0.024554074,0.07976591,0.0017191137,-0.00014646476,0.058968842,-0.0022632424,-0.00030677114,0.0058323336,-0.011448042,-0.009538353,-0.33090618,-0.13214567,-0.00795469,0.0020817178,0.0012104253,-0.0027243635,0.0011101178,0.01179082,0.0015975332
1.6056062,0.35920307,0.015449406,-0.004673054,1.338047,0.0038749832,0.037949808,0.017570067,-0.010454645,0.0024191965,-0.06630577,-0.2827533,-0.0009817175,0.025916034,0.0036604805,0.021728955,0.28050172,0.003370005,-0.0093849385,0.004962383,0.0069127474,0.007542216,0.0050429297,-0.00039879812,0.0027879048,-0.012255952,0.0060377195,-0.03416456,0.015853167,0.003176137,-0.007025211,-0.000120233686,0.017436873,0.001733984,-0.013243168,0.0010104505
-7.2706003,-0.59612066,-0.0337701,-0.0010973881,1.2017661,-0.003052837,-0.07710311,-0.0048707356,-0.032757085,0.0034955167,-0.020248089,-0.07076387,-0.0015887116,-0.004665315,0.0004179108,-0.0037515294,-1.1744951,-0.033543605,0.08359124,-0.0033943488,-0.010863802,-0.024207273,0.0022667842,9.625257e-05,0.0006495029,0.005725412,-0.007381792,-0.08916093,-0.13547347,-0.0059735696,0.005708343,0.002447236,-0.0011300524,-0.00013246716,-0.007953049,0.0023615642
-7.3377814,-0.6427099,0.017889928,-0.00083632657,1.210326,-0.00090365595,-0.023644254,0.0058166427,0.0059758625,0.0029834518,-0.0051101795,-0.08468872,0.0038359598,0.00051890675,-4.9995666e-05,-0.0050992384,-1.2215478,-0.025638778,0.09217317,0.0001227835,0.002559711,-0.034231085,-0.0061067776,0.00030874164,0.0014502923,0.0071715857,-0.009822146,-0.09421705,-0.14226541,-0.0075825374,-0.006821364,0.00042577324,-0.0027862578,0.0017777492,-0.0077988864,-0.00040149887
-0.10959374,0.92534244,-0.04399848,0.000259451,1.2536707,-0.006434151,-0.05861541,-0.0060033,-0.0010536184,0.0041584536,-0.05887584,-0.20196992,-0.0045665805,-0.03325981,-0.003777097,0.033004142,0.05430894,-0.044944126,-0.055391833,-0.007800588,-0.004110279,0.04226606,0.008743577,-0.004548891,0.012584745,0.002752806,-0.018213632,-0.0141372075,-0.12160631,0.002980945,-0.046882723,0.0019341576,0.001922139,-0.004573523,-0.014925523,0.0057798536
-7.305526,-0.6243774,-0.022516094,-0.0021156687,1.2014451,-0.000650146,-0.04201025,-0.0053001344,0.0042907,0.003159727,-0.005487503,-0.08208849,0.0033180118,-0.002332994,-0.0014397397,-0.0044999616,-1.2027031,-0.032995176,0.08762712,4.181014e-05,-0.002038453,-0.02509043,0.00054069946,0.00093349424,0.0013347444,0.006448905,-0.0078106713,-0.08861715,-0.13330477,-0.0068998043,-0.0072159907,0.00414314,-0.0018948221,0.00059750985,-0.008112262,0.0010007739
15.30851,0.47051513,0.08535436,0.00367445,-1.7483667,0.005367651,-0.097653866,0.02103186,-0.00979083,0.0032030996,0.05903475,0.31087893,-0.0020689971,0.014579488,0.0016889113,0.045744017,3.1155722,0.10481937,0.008657123,0.0041791173,0.018343328,0.033349678,-0.007334567,0.0024122035,0.0057438198,-0.08195794,0.012561912,-0.10733474,0.3148039,0.0077980757,0.016836002,0.0014136548,-0.046027947,0.002429192,0.0896416,0.0102097895
-7.2956014,-0.620439,-0.018496446,-0.0020161385,-0.31166294,-0.0014337943,-0.09728811,-0.0045878906,0.0020574653,0.002248725,0.012604004,-0.079046324,-0.0043924404,-0.0013385309,0.0006120239,-0.0039547756,-1.2775126,-0.04201863,0.083059564,-0.00068035367,-0.00036754704,0.047840867,-0.0009772616,0.00044398583,0.000669936,0.004991699,-0.008334941,-0.32118014,-0.1344664,-0.005808477,-0.0054033734,0.0035472552,0.0020312045,-0.00021704889,-0.007438206,-0.00030399152
-6.6597176,-0.25219193,-0.003937134,-0.0021302938,1.2296664,-0.0021240758,-0.06770819,0.0046605263,0.014950182,0.0020413257,0.018637626,-0.1014792,0.008298721,-0.0011286353,0.0008467969,-0.007953491,-1.1409739,-0.030336997,0.06760116,-0.00028506215,0.004141078,-0.013984043,-0.00678139,0.0012066485,-0.0039142864,0.0017447744,-0.010875538,-0.11442201,-0.14542,-0.007386543,-0.0061765327,0.007093765,0.0013562719,-7.1484516e-05,-0.010446774,-0.00021812122
-7.3493676,-0.64696115,-0.0029779407,0.0016229716,1.203781,-0.0014960503,-0.028834261,0.0033834605,-0.03855402,-0.0012909065,-0.019325187,-0.08056746,0.0002000479,0.0054092915,8.592699e-05,-0.0028830166,-1.1607456,-0.024759205,0.08780735,0.0035993499,0.00032681628,-0.029917724,0.00061306194,0.0019863045,0.0047545983,-0.011098108,0.005451269,-0.08843682,-0.14282976,-0.0037466472,0.0054169423,0.00054608344,-0.00140926,0.0006976092,0.012670906,-0.002185318
-7.348754,-0.5958,-0.0339947,-0.0005969014,0.040848818,-0.0017386142,-0.13512155,-0.0043503023,0.003128108,0.0022914167,0.013040535,-0.067857675,-0.004432176,-0.0027436947,0.0007220001,-0.002421392,-1.2504959,-0.041084275,0.07884545,-0.005080388,-0.0072859814,0.03503421,0.0042015435,0.0002800657,0.0021118568,0.00438544,-0.008051232,-0.29757136,-0.14392263,-0.005316289,-0.0067860982,0.0015594601,-0.002391067,-0.00034845137,-0.0069799856,0.0020676332
-7.0016704,-0.63783187,0.006918294,0.005691093,1.2326899,-0.0019025955,-0.0354455,0.0061755446,-0.004363004,0.0059637628,-0.026495973,-0.09022974,-2.4909245e-05,0.0068541477,0.000941019,-0.00012632864,-1.1466982,-0.0087224925,0.07968092,0.00040930812,8.835246e-05,-0.022871181,-0.000441162,-0.00017298659,0.005216071,-0.0071384353,0.005974943,-0.06786173,-0.13073353,-0.00460089,0.0027185248,-0.00019743065,-0.00063652237,-0.0010249604,0.013679827,-0.0023405976
-7.369514,-0.65316206,-0.0027265127,0.0016848543,1.2037042,-0.001896362,-0.012860162,0.005153427,-0.031878352,-0.001689773,0.011811917,-0.079738006,-0.00089813705,0.0050311424,0.00057375495,-0.0014580325,-1.1752588,-0.025763629,0.09036171,0.0016006117,0.00043716526,-0.0181309,-0.006036739,0.00032532532,0.0028521752,-0.0013742625,0.0061741415,-0.11944749,-0.14241402,-0.008215446,-0.000949731,0.0013361347,-0.0012233718,0.0009465618,0.008175414,0.0011015201
-7.382899,-0.6290556,-0.02701767,-0.002608944,-2.2751887,0.00012903595,-0.039490115,-0.00620053,0.003241584,0.0022032014,0.01230209,-0.07562276,0.0035562213,-0.0039045378,-0.000471319,-0.003982468,-1.3511692,-0.026776453,0.08736172,-0.0043444284,-0.012843961,-0.0061744493,0.0057704533,0.0011583279,-0.0011523165,0.0066607893,-0.006462464,-0.4135415,-0.14627126,-0.007725849,-0.009146886,0.002136209,0.00021415632,0.0008457342,-0.007934062,0.00021246765
2.4291663,0.3551744,0.016069913,-0.0018497376,0.88330466,0.00017029731,0.06813279,0.010264904,-0.0029355772,0.0014022411,-0.064056516,-0.2512736,-0.0005353058,0.02225646,0.0035586478,0.053115405,0.30144647,-0.07261176,-0.008706028,0.0029467752,0.008829934,-0.036824677,-0.009751876,-0.00097647106,-0.0021473132,-0.01136554,0.011112614,0.09734141,-0.025683252,-0.0016188936,-0.013245841,-0.004186461,-0.014630018,-0.0032461027,0.004108932,-0.0043305587
-7.2988234,-0.63107073,-0.018202987,-0.0015708987,-0.49681905,-0.0028904255,-0.093166225,-0.0013583349,-0.0045366935,0.0030669116,0.015233201,-0.08194916,0.0027173667,0.00082752533,-0.0022600873,-0.0026482276,-1.2933313,-0.038715053,0.08314257,-0.0003217891,-6.5170105e-05,0.074357405,0.0036829163,0.003409386,0.0017819084,0.005814015,0.007564586,-0.37647808,-0.14928964,-0.004743222,-0.0046018986,0.0034023614,0.0037263106,0.0002687468,-0.0075305738,-0.00038200186
-7.2682233,-0.5921535,-0.03603594,-0.0007147917,1.2169487,-0.00012450441,-0.08678585,-0.005068487,-0.03198055,0.003042417,0.015167782,-0.06745194,-0.0009928038,-0.004626553,-0.00033007457,-0.0035988777,-1.154711,-0.036924705,0.09038278,-0.0035291573,-0.012213522,-0.034803256,-0.003616185,0.0015850596,0.007997723,0.0060253586,-0.008897248,-0.12861589,-0.13874571,-0.008160006,-0.0006509363,0.005644869,-0.0013180593,0.0016963666,-0.00677182,0.00031644793
7.2190676,1.0410736,-0.01369463,-0.0010951033,1.2969027,0.0007087551,0.059674717,-0.011612178,0.025543336,0.0053661163,0.07251888,-0.0890697,0.0098578865,-0.0014599093,-0.00013910978,-0.032548852,2.1154664,-0.018469017,-0.10873312,0.002059807,0.013922524,0.04195545,0.008069731,-0.0034287432,0.0014866866,-0.013787486,0.018091127,-0.39154536,0.037202932,-0.007227098,-0.0021860031,0.0023879928,-0.003586723,0.0041044867,-0.018181266,-0.0023519627
-7.437127,-0.6388688,-0.004749382,-0.009929987,1.2043492,3.3913704e-05,0.00087403285,-0.0013096896,0.005409938,0.0033104278,0.013506324,-0.086774535,0.004348948,-0.0012720119,6.166372e-05,-0.004001319,-1.2203131,-0.019588327,0.093971655,0.0006849024,8.923982e-05,-0.022690345,0.00038148943,0.0028448175,-0.00016069802,0.0049488223,-0.010373687,-0.09891855,-0.12869243,-0.007509087,-0.008911849,0.0013068474,0.0005167705,-0.00015431935,-0.0013751922,0.0022650138
4.7459207,0.303413,0.03368918,0.00097110745,-1.0266856,-0.0029863992,0.031014903,-0.0074101076,0.03424565,0.0037924747,-0.1351689,-0.32025945,0.0068127485,0.0019483189,0.00019598604,0.07846603,2.0200088,-0.07358703,-0.1203447,-0.004275007,0.006251078,-0.01910727,0.01309404,0.0052325986,-0.0050510205,-0.008048455,-0.014932789,-0.04730731,0.14804287,0.01196871,-0.040865242,-0.006158726,-0.0063900207,0.0038554922,-0.018559929,0.011967544
14.656002,0.6036799,0.10163045,-0.014884926,1.2952986,0.008436298,-0.06325155,0.011221123,0.042543292,0.0046906946,-0.014995695,0.21392252,0.024142034,-0.0050111073,0.007981189,0.08682513,3.1586287,-0.061365586,0.09097544,-0.0067286463,0.035177834,-0.022567138,0.036235895,0.005748906,-0.0045035323,0.023839153,0.0114352815,0.26691344,0.33050504,0.013101023,-0.0019093609,-0.018752811,-0.0033081558,-0.0005407602,-0.023672527,-0.022218145
-7.268588,-0.64391017,-0.01776644,0.0023429717,-0.6424092,-0.0010778402,-0.14160949,-0.0012501862,-0.0029862102,0.0029751176,0.011870742,-0.079999894,0.0025721646,0.0008908395,4.2743875e-07,-0.00065004994,-1.2923977,-0.03652176,0.08319274,7.61937e-05,0.0010088822,0.019472925,-0.0028619966,0.0015841541,0.0010200074,0.004537284,0.0055785733,-0.32293963,-0.14979562,-0.0057672225,-0.005335494,0.0034752723,0.00031475924,-0.00023939242,-0.010426598,0.0015808404
-7.3985405,-0.66191036,-0.0023293267,0.0006582352,-2.37264,-0.0009478537,-0.02912461,0.0057952446,0.0045791864,0.0029225198,0.015019044,-0.083566226,-0.0019382433,0.0031400174,-0.0018434064,-0.004352174,-1.350034,-0.020949503,0.09639292,0.0016297104,-0.001720808,-0.12860784,-0.007084642,-5.694553e-05,0.0014296657,0.0073245806,-0.008824966,-0.13514091,-0.14493012,-0.008571436,-0.007120103,0.0008139873,-0.00754326,0.00028186917,-0.008839163,-0.00066413276
-7.3104496,-0.63424504,-0.002749187,-0.0023023668,1.2228049,-0.002299087,-0.12331894,-0.0019271086,0.005694306,0.002779787,0.013442029,-0.08043602,-0.0010539179,0.004512541,0.00012528551,-0.0055263056,-1.2034903,-0.030459573,0.087142155,0.0010679099,-8.1365826e-05,0.006275438,-0.007174141,0.00055460446,0.0024142698,0.0051074116,-0.0069899885,-0.105673626,-0.13104494,-0.006816602,-0.0076783802,0.001036032,-0.0005119644,-0.0009734743,-0.007544198,0.00014920023
1.6053604,0.36841655,0.021992978,0.0023963135,1.3234628,-0.006651211,0.07020324,0.008176696,0.0018004247,-0.009002608,0.021805605,-0.11051975,-0.0016237999,0.015353575,-0.005339217,-0.013058085,0.4325004,-0.0048061344,0.0542948,0.0042255186,0.0054468727,0.0740668,0.0054183835,-0.00030895046,0.0028100456,-0.010154619,0.0019194265,-0.20282613,-0.07819519,-0.003911044,0.02725147,-0.0019678618,-0.00999451,0.0006069284,0.0034266491,-0.0032985895
-7.354843,-0.6415623,0.014956552,-0.0005463802,1.2180852,-0.00096389645,-0.017965216,-0.0019746248,0.009411047,0.002375644,-0.021446407,-0.08200163,-0.008259911,0.00083970354,-0.0028694675,-0.004365983,-1.2294848,-0.026430566,0.09193717,-4.0217583e-05,0.0041938974,-0.02958855,-0.0023981023,-0.0011507743,0.0028390288,0.0065352735,0.009856142,-0.070706435,-0.14070755,-0.00525987,0.0040051886,0.0011369087,-0.0018063276,0.0007936906,-0.011017131,-0.001449685
-7.3054976,-0.6221051,-0.030815847,3.2290227e-05,-1.6350895,0.0029150003,-0.13835107,-0.0034425827,-0.0027725964,0.0021342747,0.012813567,-0.07087173,-0.00034080356,-0.0065074405,-0.00043820398,-0.0014061002,-1.3239299,-0.038276635,0.082018085,-0.0036477493,-0.011030945,0.029610328,0.002276838,0.0009901109,0.0077602374,0.0058638756,0.0070463736,-0.42483672,-0.16221575,-0.005604249,-0.0052393046,0.002161136,-0.0043876474,-0.000716731,-0.008231009,0.00028338144
-7.3190184,-0.64212364,-0.00707103,0.0012957081,1.2036783,-0.001876846,-0.04868344,-0.002032659,-0.00090799946,0.0028381837,0.012799643,-0.08149202,0.0033258752,0.0002793748,0.00051619863,-0.0042022876,-1.2123934,-0.023825403,0.088159174,0.0017993322,-0.0010597135,-0.025810642,0.0036627178,-0.00054460415,0.0016160078,0.00035272876,0.008892586,-0.09710245,-0.13676046,-0.005997892,-0.008701697,0.0018572055,-0.0021507852,0.0019037792,-0.0070200753,0.001272988
17.554089,1.2123153,0.05534595,-0.0039403155,1.2896203,0.01797671,0.14110138,-0.00052204187,0.0012865268,0.003482489,0.06275256,0.3999905,-0.06938055,-0.002792771,0.0025437395,0.0680785,3.3029494,-0.029287903,-0.03611067,0.0027687424,0.02056691,-0.00785154,0.0035689317,-0.00029442375,0.0030561902,0.029170815,0.0138876345,0.1963237,0.39677015,0.0005038353,-0.0031594548,0.0017078336,0.0041602096,0.00050824427,-0.021009078,0.0031460007
-7.428995,-0.64755523,-0.019218782,0.0047153,1.2055143,-0.004193219,0.03337341,0.0054167486,-0.03500864,-0.0013620323,0.0132323075,-0.08468667,-0.0006364155,0.004159539,-0.00032668133,-0.001985323,-1.1515856,-0.024899598,0.08626653,0.0012128328,0.00028879844,-0.02241898,-0.0035431266,0.0018388544,0.0077347676,-0.010346201,0.004091452,-0.1009398,-0.14081258,-0.008609577,0.00064239383,0.0032469644,-0.002328281,0.0023853437,0.013174711,0.00031426153
-7.2979956,-0.64112824,0.007851274,-0.0026650012,1.1991062,-0.0010675628,-0.06515932,0.0069129313,-0.0060827686,0.002588768,-0.005711945,-0.08538922,-0.0009843708,0.005787556,-0.00029316498,-0.0021403336,-1.1985358,-0.028537447,0.08949445,0.00030248248,-0.00036621906,-0.02378336,-0.0044170716,0.00027957011,0.0016896805,0.005311506,-0.010746871,-0.10537338,-0.1435208,-0.0066606337,-0.005195816,0.00091112265,-0.0008358232,0.0005289234,-0.012200005,0.0015156874
-3.8489976,-0.077024244,0.016694155,-0.00061302964,-1.1181916,-0.0015322659,0.015267861,0.022317514,-0.015246555,0.0026886472,-0.050420575,-0.158026,-0.0030593174,0.009953601,-0.0048681647,-0.061135594,-0.22906938,-0.026808465,-0.011276792,0.0037105042,-0.000903259,-0.10832051,0.0054151975,-0.001415152,-0.009496242,-0.0055887457,0.004081957,-0.0038899893,-0.21718268,-0.004462756,-0.0024355182,0.00018854864,0.0057244264,-0.001428476,0.006156662,-0.005275665
7.2565775,1.0264493,-0.049802024,0.0028605813,1.2891968,0.0008389497,0.011246911,-0.010756042,0.018985588,0.0052205008,0.07244354,-0.0369216,0.008726816,-0.0015354237,0.0010332564,-0.020985097,2.0207756,0.015833925,-0.092126414,-0.019383907,-0.006209526,0.03620819,0.012982748,0.0034506998,0.0019216272,0.0062489887,-0.015007412,-0.38128346,0.14503527,-0.01038569,-0.00070968276,0.0008820397,-0.004043153,0.0035110852,-0.020048628,-0.0008838654
-6.7933583,-0.3871773,0.0051576626,-0.00336281,-0.48191494,0.0004528255,-0.18167226,0.007658311,-0.006452956,0.0014949993,-0.029922463,-0.09358858,-0.0025564197,0.009368106,-0.0012677484,-0.0073509105,-1.3118645,-0.009790021,0.104438104,0.002874604,0.0019336339,0.037101317,-0.0017432355,-0.001252295,0.0060609668,0.003254314,0.0039539714,-0.076281495,-0.15276156,-0.005324113,0.0034675987,-0.0010218797,0.0016202478,-0.0012471451,-0.011808758,-0.006509104
-7.295624,-0.65383786,-0.0017433121,-0.0046560713,-1.6054157,-0.0036579077,-0.088597275,0.0007430877,-0.0062980726,0.0024099927,0.014454588,-0.08410148,-0.00401755,0.001614675,-0.0018612908,-0.003109244,-1.3274022,-0.033141267,0.086622834,0.0013749454,0.0002876203,0.026566477,0.0010630317,0.0022900717,0.0013982884,0.005212062,0.010613349,-0.38507622,-0.15475303,-0.0060782344,-0.005224297,0.001090067,-0.001706954,0.00089650246,-0.011348164,-0.001154597
-7.2939415,-0.603958,-0.03350066,1.5881524e-06,1.2122287,0.001496928,-0.088333756,-0.0070377197,-0.03358189,0.0030196616,0.015399368,-0.06935571,-0.0008932197,-0.0047822627,0.0019545893,-0.0032824525,-1.1606487,-0.03575802,0.080267936,-0.002126822,-0.013039652,-0.022726942,-0.004246854,0.002105503,0.0046183295,-0.007088531,0.000830283,-0.117049,-0.13434613,-0.0075443257,-0.0014475466,0.0044607767,-0.0032126193,0.002541656,-0.001632105,0.0018997429
-5.647384,0.006827429,-0.049118314,0.0016684571,1.2033261,-0.0028348588,-0.06355158,-0.013492041,-0.013784196,0.0028167206,-0.034827102,-0.10763198,-0.00079835264,-0.0058808103,0.0005904128,-0.023430347,-0.9378218,-0.043521646,0.004809921,-0.008793073,-0.005890486,-0.024934852,-0.0071190484,-0.00524525,-0.0023421438,-0.007612379,-0.003578,0.008772528,-0.15750922,-0.005677208,-0.00921137,0.0016916705,0.006962233,-0.0018206777,0.012206402,-0.000679376
-7.3685484,-0.6261479,-0.022986738,-0.002561826,-2.2845623,-0.0025509086,-0.03926171,-0.008266158,0.0032666416,0.0024196045,-0.018819537,-0.08100377,-0.0021139157,-0.006806283,0.0002311408,-0.0037337113,-1.3403258,-0.027886301,0.087969586,-0.0012117985,-0.0027754153,9.930582e-05,-0.0039231675,0.00039827044,-2.325745e-05,0.006875123,-0.0064060926,-0.37392357,-0.15191668,-0.0075997836,-0.008466006,-0.0004164509,-0.0015112701,0.0002810244,-0.0078975,-0.00030214488
21.04687,1.2001868,0.04987798,0.0030665472,1.1381553,0.0065018064,0.14425069,0.021758901,0.021743052,0.004020552,0.10705551,0.30098996,-0.039763156,0.018218346,-0.004688162,0.082346156,3.7413428,0.015206089,-0.015387299,0.0030075612,0.021855488,-0.011553311,-0.0011555807,0.0018333679,-0.004257532,0.013870643,-0.0030371363,0.35837004,0.5287907,0.001407313,0.0018413422,-0.0010538631,-0.0060149916,-0.0046283496,-0.018298555,-0.0009119903
4.662456,0.94851094,-0.02060692,0.002387754,1.3389767,-0.0004950561,0.10665717,-0.018737003,0.013450061,0.0028707571,-0.13139348,-0.25015998,-0.028285349,-0.0053766645,-0.0022740697,0.012750173,1.8277929,-0.053378385,-0.09457677,0.0051005813,0.009166713,0.015847806,0.0095308805,0.0018041924,-0.008655901,0.0028180056,-0.014190485,-0.06309901,0.0004553246,0.0025759512,-0.04389202,-0.0028973513,0.012130819,-0.0012307359,-0.016494792,0.007109266
-7.339836,-0.6494661,-0.0039435416,-0.001917135,1.2034873,-0.0022310938,-0.024644539,0.0054296115,-0.03188081,0.0032875263,0.011456636,-0.07890456,-0.00024827023,0.0048690634,-0.00012082582,-0.003117774,-1.1827581,-0.025008565,0.091817625,0.0028583794,0.000942047,-0.026594229,-0.0060983836,0.00021997513,0.0053210948,-0.0024562336,0.004517344,-0.10607537,-0.14051203,-0.0077324016,-0.0015021864,0.0017946691,-0.0015838131,0.0011089037,0.00058493606,0.00067559764
2.31969,-0.7760753,-0.04001458,-0.0057644127,-1.8771861,0.0011675362,-0.103841625,-0.009054275,0.055865932,0.004119014,0.042960368,0.1668318,-0.0067552663,-0.0034884089,0.0005899082,0.042779293,2.3611155,-0.012931663,-0.037457462,-0.00093041814,0.0004668213,0.009848555,0.00020574672,-0.009554725,0.0007268304,-0.0009829229,-0.005434084,-0.38621092,0.3289152,-0.01196176,0.05199321,0.0061920723,-0.016210381,0.00094257155,0.044110063,-0.012525799
15.247888,1.0536909,0.03359887,0.003932699,1.312996,0.011319129,0.16664968,0.013599955,0.04101223,0.004535882,-0.20274766,-0.072972625,0.022182647,-0.003256855,0.005580027,0.085199006,3.1193993,-0.035908695,-0.007299889,-0.0029261902,0.015398534,-0.028432742,-0.006464471,0.0050448272,-0.0034788845,0.030390864,-0.0017411179,0.43105772,0.41846657,0.011806856,-0.01909054,-0.0057318136,0.0027643472,0.0015481148,-0.019056669,-0.023115091
-7.34565,-0.6494452,-0.015808487,0.0016312734,1.2002387,-0.0011167104,-0.029133726,0.0020779504,-0.034705024,0.0032119395,0.013412814,-0.08219375,-0.0002481698,0.005510218,-2.2432905e-05,-0.002942265,-1.1653435,-0.029078787,0.09033979,0.0018999807,0.0011098596,-0.026714329,0.0011020027,0.0021556835,0.00857219,-0.004790553,0.0041956725,-0.10841709,-0.14277582,-0.007432057,-0.0012311332,0.0033680878,-0.0029170953,0.0014875768,0.007616837,0.00036886492
-4.2415276,-0.21150471,0.010772278,-0.0026348226,-1.1146706,0.0045321407,-0.18170696,0.008308034,-0.018266492,0.0028967564,-0.05047884,-0.15729715,-0.0019701,0.010508319,0.00077073474,-0.0033458131,-0.27505368,-0.028575953,0.038001277,0.0013456665,-6.800127e-05,-0.09154774,0.0054394375,-0.0041724388,-2.5547764e-05,-0.0054975823,0.010214845,-0.012718106,-0.18718389,0.0014807669,-0.003041165,0.001122615,0.0037726366,-0.001522447,-0.0069565536,0.0016127734
-7.4189706,-0.62009066,-0.02892922,0.0045351638,1.2039402,-0.001109428,0.03729562,-0.003457617,-0.0028445332,0.0022228654,0.019111276,-0.0811257,-0.002821846,-0.0066834167,0.00077591615,-0.0021284493,-1.2056715,-0.02278583,0.08454203,-8.1806225e-05,-0.0026788556,-0.028579736,0.0035683312,0.00035524563,0.0029994631,-0.0077778962,0.0034111792,-0.09823896,-0.13429993,-0.0073288516,-0.0068970453,0.0030496684,-0.0011640281,-4.640741e-05,0.013573915,-0.00018817556
9.100206,0.9050359,0.0589197,-0.0014421042,0.0477854,-0.0028908737,0.11368306,0.052463006,0.011057374,0.002798206,-0.13995925,-0.422683,-0.0062307036,0.0315703,-0.005398634,0.075186536,2.1479902,-0.07035903,-0.036579385,0.0019108838,0.005877936,0.0380564,0.012995929,0.0031393631,0.007963868,0.010537483,0.009694944,0.06768081,0.24020682,0.020380175,-0.0071127443,-0.0018580876,-0.010639222,0.0036085667,-0.019262884,0.012256069
-7.299746,-0.63567597,-0.0054167467,-0.0022394778,-1.245853,-0.007576363,-0.13689928,-0.003280347,0.0026070327,0.0022056396,-0.0058170217,-0.079539604,-0.004688488,-0.0012340369,-0.002446205,-0.005065725,-1.3077796,-0.040177636,0.08514665,0.0008834712,0.00044685518,0.03719186,-0.0018307788,-0.0012334118,0.00082577014,0.005747655,-0.0093913,-0.41312763,-0.1513584,-0.004738791,-0.005748725,0.001659194,0.005733442,-5.4782664e-05,-0.008013297,0.002342352
14.643665,1.2446762,0.0050098444,0.004985178,1.2764503,0.014700138,0.12609453,-0.018250436,0.005936321,0.0040295348,0.06499316,0.3601969,-0.06148269,-0.0046791798,-0.004595647,0.0683958,3.2633352,-0.041235607,-0.13655396,0.0034011214,0.0027885172,-0.02910719,-0.008969958,0.0014167906,-0.0039946157,0.025290547,-0.013943801,0.18964396,0.40232363,0.001134093,-0.015191707,-0.0025247594,-0.0001333881,-0.0010259083,-0.026103923,-0.0043748594
2.2383733,0.7838194,0.042694572,0.0015424339,1.3004313,0.0036601042,-0.0033676608,0.011708848,0.019318195,0.0026271786,-0.06105669,-0.2790064,0.0035691296,0.0016983801,0.0007198147,0.057304215,0.10997498,-0.03421058,-0.035688784,-0.0012839476,0.006406649,0.003077777,0.01688961,0.0045098583,-0.00497821,0.010169825,-0.015387937,0.09186322,-0.106959015,0.011429829,-0.006614408,-0.009988792,-0.003143361,-6.178836e-05,-0.012767725,-0.00037531392
-6.304934,-0.010559773,-0.04584063,-0.002438619,1.2493867,-0.0012601045,0.0026237727,-0.008390228,-4.425409e-05,0.0034008727,0.01692084,-0.086454645,0.003567468,-0.0044766585,0.00035031213,-0.0057249903,-1.0515469,-0.031635415,0.0321157,-0.002935358,-8.4983614e-05,-0.013387974,-0.0046991087,-0.0021894497,-0.00049755926,0.0011866535,-0.0069956095,-0.16065872,-0.19030644,-0.006262817,-0.00721494,0.001736868,-0.00018887,-0.00087529846,-0.014609416,0.00086220837
-7.2805214,-0.6135392,-0.028077086,-0.00077007955,1.2092255,-0.0013564933,-0.07096927,-0.0037959348,0.004830293,0.002931732,0.0066280263,-0.079106726,0.0032344782,-0.0025787277,0.00032108751,-0.0049868757,-1.2052636,-0.036350083,0.08425984,-0.0011222868,-0.004312798,-0.013593754,0.0050328034,0.0013082982,0.00067403517,0.0068665864,-0.0083754705,-0.09995023,-0.134258,-0.0063250177,-0.007162259,0.0034519117,-0.0023031747,-7.0370064e-05,-0.006899949,0.0012383936
17.027128,1.1063018,0.039011072,-0.011874483,-0.37374833,-0.03353111,-0.13882114,0.005594782,0.044028454,0.0038640182,0.0011422776,0.17762546,0.049033847,-0.0015777881,0.0037284028,0.08080121,3.8251271,-0.025069483,-0.10431592,0.0120215975,0.015970629,0.0427841,0.0034931912,-0.00013236052,-0.006132173,-0.00072378735,-0.011874444,0.34983248,0.41927403,0.005490272,-0.03965041,0.0034533672,-0.0063735005,-0.006838461,-0.022513045,-0.0011259974
-7.2900925,-0.6095555,-0.023713954,-0.0009857229,1.2013359,-0.000513373,-0.05587449,-0.0045689913,0.005163268,0.0029410676,-0.020591022,-0.07912809,-0.0064062704,-0.0023245318,-0.0015552317,-0.003677653,-1.2237705,-0.03187305,0.08559931,-0.0006251868,-0.0019957882,-0.025132777,-0.00632869,0.0014526795,-0.0012562838,0.006435049,-0.007999301,-0.07252518,-0.13236971,-0.006667454,0.007001237,0.0010731454,-0.0029696329,-0.00030417272,-0.007751449,-0.00029714685
-7.319578,-0.64891595,-0.00078068074,0.00048457502,1.2082169,-0.0007547637,-0.07952286,0.0051230467,-0.036293812,-0.0011194659,0.014077213,-0.08251288,-0.000118249576,0.005128375,-0.0010299265,-0.0034424984,-1.1540397,-0.02533942,0.0837795,0.0036349252,0.0020474477,-0.02803877,0.0028243505,0.0026573443,0.010037972,-0.010855264,0.006163289,-0.11293076,-0.13621475,-0.0058018565,-1.0042917e-05,0.00026384782,-0.0015290674,0.003578195,0.008385661,0.00026934224
17.370258,1.2322334,0.05062989,0.0019899295,1.2900144,0.020588605,0.1762526,0.02424273,0.008282564,0.0041783443,-0.041186173,0.14443754,-0.12278183,-0.0042088777,0.004934356,0.07541697,3.4390125,-0.061503693,-0.11525303,-0.00019268657,0.018585945,-0.012581197,-0.0017165412,0.00034124582,-0.001683877,0.03309075,-0.011152818,0.35014665,0.41122627,0.006783171,-0.019740352,0.0013077335,0.0019667656,-0.0012141578,-0.023094587,-0.024302661
13.427083,0.7644576,0.0575668,-0.006229008,-1.1840703,-0.025148299,0.061348643,0.01272622,-0.011678273,0.0016799271,0.017493095,0.25443113,-0.0055878325,0.013227287,-0.0033758075,0.046102297,2.8290315,-0.25724512,-0.025779566,0.0020637622,0.020751923,0.030319741,-0.01259741,-0.0028026495,-0.00047388306,-0.002951205,-0.013487399,-0.43630385,0.27009237,-0.007826213,0.0027638513,0.0037630463,-0.0021182268,-0.005716281,0.01635527,-0.03446153
-7.437899,-0.6594658,-0.006212269,0.0042060465,1.2021984,-0.0028730363,0.0338883,0.006301381,-0.029116813,-0.0014931943,0.007291383,-0.08317005,-0.0006722697,0.0043555773,-0.0010534807,-0.00149762,-1.1564981,-0.019712266,0.08420992,0.002838482,-0.00027664215,-0.02382766,-0.0048924307,0.0012471594,0.00877732,-0.0107734725,0.0043198233,-0.08973331,-0.13407637,-0.008790319,-0.00034381368,0.0015324925,-0.0031395408,0.001314687,0.0126958685,0.000194625
13.835941,1.1359708,0.033856276,0.001626223,-0.96303874,0.009039808,-0.032943897,-0.0034949735,0.0089348275,0.004106595,-0.045651194,0.18141823,-0.06526553,-0.0044445572,0.0042350315,0.07299681,3.2909975,-0.03535926,-0.10912274,0.0056025535,0.01219382,0.073225304,0.0066711004,-0.007953791,-0.013375612,0.02386777,-0.006812459,0.24922676,0.33797154,0.0077974233,-0.034315426,0.0014287974,0.0077899783,-0.0071190954,-0.024605433,0.023354908
-7.2787266,-0.59625393,-0.0331805,-0.00080895174,1.2008868,-0.0012841105,-0.06355606,-0.003716985,0.002626127,0.0025891548,-0.020585103,-0.073140934,-0.0015421349,-0.004636204,6.658997e-05,-0.0037194358,-1.2222569,-0.033199538,0.08488807,-0.0006940739,-0.008733033,-0.025435746,-0.0036404114,-0.0009368078,0.0023858154,0.0062051928,-0.007260257,-0.071059436,-0.14029194,-0.0054472075,0.0035453588,0.003053737,-0.0033938298,0.0012982066,-0.0073669227,-0.00075622974
-5.7511487,-0.50728685,-0.0025147141,0.0030027123,1.2238048,-0.00095162715,-0.007756074,0.0020889796,-0.038520355,-0.0023410872,0.016070364,-0.0870479,0.00014635101,0.008918589,-0.001209442,-0.023286926,-0.6402513,-0.02855148,0.017068855,0.0017158433,-0.00012412232,-0.018689955,0.0020395988,0.0045469073,0.0011423777,-0.006463268,0.006416704,-0.10962972,-0.13226429,-0.0044548404,0.0021032344,0.01358225,0.008777057,-0.0027818102,0.017288916,0.0026178858
-7.275226,-0.61113745,-0.030899756,-0.0013033753,0.57811254,-0.0007594953,-0.10417438,-0.005001628,0.0017200407,0.0023654322,0.013734878,-0.068626545,-0.005011524,-0.0023563302,-0.0012210557,-0.002286397,-1.2258484,-0.038692556,0.08569347,-0.0032469833,-0.008614659,-0.02464441,-0.0041339537,-0.0008596635,0.0020870606,0.0057843416,-0.006331606,-0.10407685,-0.13758951,-0.0061778645,-0.007383484,0.001938071,-0.004147942,2.1128108e-05,-0.007256131,-0.0011357456
4.6562853,1.0919949,-0.011426849,0.002264261,1.0298569,0.0022072953,0.067356534,-0.003081979,0.024055159,0.0025246544,-0.15507603,-0.10555954,-0.018685961,-0.005306516,0.0029986536,0.024948496,1.7476442,-0.035545237,-0.077736735,0.0044268277,0.034284655,0.041704245,0.011490955,0.0022402394,-0.0043685795,0.004298709,-0.013733629,-0.1434347,-0.0412743,0.004557495,-0.04577134,0.0042753,0.012087222,-0.0021051639,-0.015488343,0.0019950075
-7.344867,-0.6481667,-0.0027986038,-0.0015881765,1.2024153,-0.00048209968,-0.025619783,0.0017145143,-0.034600705,0.0031893945,0.013720191,-0.08108376,-0.00044475053,0.005101164,0.00013382254,-0.003233964,-1.1775564,-0.027031638,0.090307385,0.00073664234,0.0015408854,-0.026220394,-0.0049097664,0.0010464703,0.007970387,0.0019058383,0.009495534,-0.11279365,-0.14371388,-0.007271371,-0.001097384,0.0010588141,-0.0021375085,0.0024766752,0.0022674918,0.00019118963
16.180984,1.207232,0.033327088,0.0023774737,1.3413628,0.0146343745,0.14392285,0.0037118571,0.052085847,0.004434276,-0.21837595,-0.08429082,0.02165445,-0.004741044,-0.0012916711,0.09875571,3.1316357,-0.043636885,-0.10476412,0.0079661105,0.016339222,-0.023524562,-0.0058298167,0.006665384,0.006845791,0.03503349,0.013085439,0.4495599,0.4373741,0.019849133,-0.026151704,0.004449678,-0.0016220793,0.0007992894,-0.019389354,-0.023295397
-7.326017,-0.5865616,-0.03219324,-0.0021827256,0.24891426,-0.003832798,-0.11196191,-0.007838635,-0.0012212138,0.002779716,-0.019872727,-0.071132,-0.0010144863,-0.0055556335,0.00049728673,-0.0043460433,-1.265376,-0.042157616,0.07635803,-0.004027281,-0.008272744,0.05626933,0.0019332248,0.0033016452,0.007096302,0.005518645,-0.007066327,-0.33601224,-0.14338681,-0.0049075764,0.008286369,0.0010554838,0.010652126,-0.0011390167,-0.0073736203,0.0038667615
13.761596,-0.09454162,0.09695336,0.0037431035,0.60214466,0.00027664047,0.08431009,0.018851541,0.0047535785,0.0022332943,-0.0072509735,0.29007158,0.0001578797,0.0057153776,-0.0025890085,0.07102299,3.3954968,-0.18980029,-0.048787322,0.008830721,0.026038751,-0.060224418,0.011117491,0.002459068,0.008703459,-0.021072635,0.00872496,0.0012278995,0.31315958,0.016343793,0.004695137,0.0012277184,-0.0047325823,-0.003954115,0.068248756,0.017857572
-5.4773016,-0.95548564,-0.025583258,0.0034534498,-2.2471702,0.009508172,-0.0012455246,0.0067500463,-0.13745134,-0.020703327,0.019467805,-0.058611836,-0.00149163,0.0043487116,0.01712453,-0.035561506,0.28550968,-0.16024597,-0.04872309,-7.4848067e-06,-0.0001307674,-0.13385698,-0.01282725,0.00394478,-8.121977e-05,-0.010297146,0.011412516,-0.30153003,-0.008644427,-0.05035623,-0.019922564,0.0005633136,-0.024402056,-0.002336549,0.017738381,0.0044712704
-5.408889,0.21129537,-0.046392433,-0.00050557754,1.1980253,-0.0014709767,-0.076968834,-0.014875174,-0.0044312337,0.005889086,0.017185295,-0.12077498,0.003087623,-0.0054696924,-0.0015442459,0.020165984,-0.9344093,-0.035470553,-0.0067298845,-0.009639833,7.285404e-05,-0.028514696,-0.007278864,-0.0008797254,0.0005693994,0.005062398,-0.004740459,-0.120526865,-0.19552416,-0.0055398587,-0.00772615,0.0028831821,0.0048833927,-0.00093274243,-0.011602603,-0.00054436
3.1444798,0.85001576,-0.07211082,0.00016171578,-0.36157766,0.0012942944,-0.2613479,-0.017221775,0.049747687,0.002265143,0.032390695,0.0232602,-0.01422029,-0.007363085,-0.0015951735,-0.017494291,1.6071683,-0.036042117,-0.07529296,-0.027393147,-0.005374239,0.0491884,-0.0067908294,0.0041711186,0.004041176,0.002459876,-0.015493793,-0.50251156,0.030409593,-0.0010062298,0.009743815,-0.0033660415,0.0025250933,0.0019942585,-0.015223373,-0.0039040537
7.0849876,0.72582996,-0.2247901,-0.0040465617,-1.6718004,0.0006728749,-0.12989925,-0.023622174,0.0017876066,0.0031700095,0.06300184,0.2997088,-0.0040076026,-0.02246584,-0.0015829987,0.023048984,2.3104367,-0.08174638,-0.08489121,-0.039797544,-0.015896853,-0.022370039,-0.0011190462,-0.0005375144,0.0028870266,-0.0073831417,-0.0023100295,-0.37781236,0.21562758,-0.00711104,0.0072194184,0.007507746,-0.009302767,0.0030449831,0.050412662,-0.010910183
-7.3098836,-0.6480944,0.003709487,-0.00095603353,1.2038866,-0.0013384166,-0.05678036,0.0043873545,0.004177314,0.0034213865,0.013750414,-0.08393995,-0.0005754307,0.005331411,-0.00031820845,-0.0045684343,-1.2157269,-0.027663888,0.092020825,0.00034256,0.001164699,-0.026062084,-0.0033531047,0.0007673298,0.0015774244,0.0069490466,-0.00943066,-0.09730823,-0.13064423,-0.0072839265,-0.007703618,0.00076960603,-0.0025971564,0.0013904017,-0.0077499263,-0.0011749242
19.258266,1.1856575,0.039876908,-0.0058198655,1.1868957,0.007845314,0.132368,0.0021878565,-0.008219706,0.002666698,0.100883566,0.29326355,-0.0729714,-0.0034169941,0.0034800514,0.07984286,3.722921,-0.0077359867,-0.009284843,0.0035633352,0.015916701,-0.004052876,-0.00173726,-0.006020255,0.0025131397,0.004735665,0.019259743,0.36182702,0.502998,0.009180998,-0.016104637,0.0016561511,-0.008810607,-0.0031356825,-0.017343318,0.0100236405
18.36612,1.194543,0.060183827,-0.0008553597,0.54388136,-0.0119073065,0.11504061,0.007194023,0.02796786,0.0038682593,0.052064747,0.22373195,0.017817875,-0.0021012765,-0.0016136806,0.04475328,3.4322116,-0.032164916,-0.049607158,0.023819268,0.010115563,-0.06944734,-0.0049154363,0.00033356075,-0.008276614,0.019378424,-0.029085657,0.032079007,0.43085286,-0.005647493,0.0071410774,0.00025228978,0.002192128,-0.006938711,-0.025342,0.007206635
-7.336821,-0.6052807,-0.026598848,-0.0015268484,-0.23470868,0.0007890635,-0.14084536,-0.003616217,0.0062333117,0.0025387753,-0.0055744583,-0.07553542,-0.0025224849,-0.0052549923,-0.000100011275,-0.0032867799,-1.2759764,-0.040650234,0.07881469,-0.0007521964,-0.005205688,0.0700298,-0.004327763,-0.00086892623,0.0019063222,0.0050654737,-0.00876051,-0.40411577,-0.13544752,-0.0060932124,-0.0057626017,0.001280128,0.0116417445,-0.00060723745,-0.0076803733,0.0028578807
-7.4070725,-0.6437799,0.005155758,-1.638748e-05,1.2049786,-0.0028080242,0.025976235,0.0058713295,-0.019712633,0.002724933,0.013523192,-0.08639168,-0.00035568792,0.004664275,-0.00028650928,-0.0037396355,-1.1969028,-0.025028627,0.09123912,-0.00083623856,0.0030857942,-0.022194559,0.004005536,0.0011667634,0.001649056,0.006181865,-0.007898925,-0.091341965,-0.13710122,-0.006813277,-0.00019672795,-5.185034e-05,-0.0024490794,-0.0014156305,-0.008477792,-0.00063580176
4.735503,0.32919148,0.032583993,-0.006368289,-0.72370076,0.0013077828,0.03838019,0.005846273,0.009928391,-0.008287631,-0.17760907,0.010667458,-0.004559547,-0.0002320926,0.0005200063,0.03317598,2.1916876,-0.022241896,-0.09248018,0.009417358,0.012989275,0.049821272,-0.0028938875,-0.0034389521,-0.0022739072,0.0036822918,0.013725762,-0.16968185,0.02601447,0.021159558,-0.015326906,0.006720787,-0.017295944,-0.0010764973,-0.013510599,0.01115022
-7.2898393,-0.6108552,-0.020741323,-0.0009234771,1.2175864,-0.0014684412,-0.05881552,-0.0035955315,0.0063723805,0.0032880625,-0.023461528,-0.08312977,-0.000222334,-0.0052847364,0.00035360278,-0.0056424034,-1.2748,-0.006167349,0.08256566,0.00023876845,-0.0021653865,-0.028354054,-0.0038772253,0.0020930227,0.00022425786,0.0066555855,-0.00022120246,-0.054823354,-0.13111597,-0.0039163097,0.0011614574,0.00074992055,-0.002335915,-0.0012280247,-0.0081915315,-0.0037060238
21.262281,1.3259882,0.04117363,-0.00050763733,1.1444865,0.011917458,0.13955568,0.009422836,0.043459047,0.0045131124,-0.0014206998,0.19704254,0.09178426,-0.0029605932,0.004120248,0.08572283,4.098153,0.024125282,-0.09386753,0.007088783,0.024269203,-0.023104452,-0.00643878,0.0044427183,-0.042224236,0.021977818,0.00076848216,0.45616627,0.52541924,0.013665041,-0.030250631,0.0014134278,0.00037139325,-0.0027202945,-0.017271213,-0.038101252
20.125326,1.2994003,0.047466878,0.0005121475,1.1766285,0.012948294,-0.018808967,0.020207817,0.0020051997,0.00390709,0.0906924,0.30622423,-0.06444147,-0.0004904429,-0.0019978138,0.083220206,3.7529619,-0.0049620173,-0.048925597,-0.0033387113,0.018483713,-0.016052512,0.0010647324,-0.0027438884,-0.0002767742,0.001885198,0.014519365,0.4649891,0.50236887,0.009064624,-0.022324463,-0.0010581529,-0.003726246,-0.0008586159,-0.022134831,0.0031650309
-7.300741,-0.6261446,0.0122316955,-0.00053295307,1.213848,-0.0012283056,-0.06448664,0.0027209849,0.006764227,0.0027160358,-0.020140357,-0.08380479,-0.008156042,0.00046985113,0.00011283904,-0.004671322,-1.2367277,-0.029485455,0.092480496,-0.00040035046,0.00392633,-0.03520685,-0.0035031838,0.0021671744,3.5327546e-05,0.0069462564,-0.009755833,-0.07307886,-0.1429775,-0.0050649005,0.00336456,0.00031069588,-0.0027752304,-0.00091074815,-0.007257014,-0.0026799436
-7.289263,-0.6096548,-0.031808697,-0.00093522586,1.2072986,-0.00043035418,-0.122502506,-0.004282389,0.0016590479,0.0034112483,-0.0056228475,-0.075879246,0.0033993355,-0.0023881258,-0.00090116065,-0.0032773726,-1.1991045,-0.03432652,0.08477856,-0.0044182003,-0.0037945986,0.013147366,-0.002810942,-0.00028624194,0.004650906,0.0063067265,-0.006908384,-0.09983253,-0.1316524,-0.0068327896,-0.007947629,0.002471172,-0.0041152933,-0.00071951066,-0.0068577365,0.0006611253
-7.1463423,-0.39020753,-0.0396958,-0.0011887468,1.1995413,-0.0013768601,-0.07132241,-0.010407889,0.0044291,0.0015365127,-0.02968724,-0.08171253,-0.0011178681,-0.00585295,3.3708922e-05,-0.0010520925,-1.2752122,-0.049758367,0.06628323,-0.0059765964,-0.005636173,-0.017508741,-0.0014468337,2.9025226e-05,0.000991096,0.004270377,-0.009214155,-0.0469454,-0.146238,-0.004733343,-0.008174241,0.0030171117,0.00013066655,-0.000675066,-0.009220262,0.00023379562
11.39485,1.2607619,-0.081527606,0.009788556,0.63449615,0.0034181427,0.12741065,-0.02031183,-0.010423014,0.0021542755,0.0851164,0.37782115,-0.006140082,-0.012053496,0.004374799,0.064076334,2.5010345,-0.060999893,-0.055070072,0.018153682,0.007235671,0.063637055,0.005772227,-0.003276461,0.00221597,-0.02249234,0.007615018,0.054963257,0.22763206,0.0015884471,-0.0028389269,0.0027773213,0.0054654535,-0.0048232097,0.019298032,0.0066303164
-5.467485,0.3922542,0.022064032,-0.00023485677,-1.5661118,-7.5091724e-05,-0.035141356,-0.010214154,0.016017023,0.0050427057,-0.043155223,-0.14542565,0.002434067,-0.0087106805,0.0021793812,0.018908752,-1.2568828,0.006645176,-0.026673518,0.0016361789,0.0016835958,0.012056432,-0.008078954,-0.000944061,-0.0071491688,0.0011011439,-0.010881519,-0.0661082,-0.16465332,0.0011534814,-0.012202552,-0.00017579191,-0.019380052,-0.0021262532,-0.013069557,0.0024334097
-7.400434,-0.6504156,-0.020951554,0.0046013095,1.204313,-0.0013138503,0.014631636,0.0065049306,-0.037575137,-0.0102606835,0.01273386,-0.07738962,0.00010679559,0.005402042,-0.00011685596,-0.0023761373,-1.141657,-0.025061166,0.08469355,0.001178157,-0.00014381995,-0.021633212,-0.0051889983,0.0016570203,0.00803363,-0.009686168,0.004347889,-0.10503869,-0.14002614,-0.008054895,-9.327303e-05,0.0029205463,-0.0015187166,0.0019386011,0.012935211,0.0006469232
-7.297909,-0.62832713,-0.0033120662,-0.0025366938,1.2041165,-0.00066488766,-0.06670978,-0.0044202167,-0.031315874,0.0035101566,0.006500046,-0.08295502,-0.008037222,-0.0011016285,-0.0002639684,-0.0045705955,-1.1806092,-0.027684975,0.08828413,0.002731162,-0.000178857,-0.026422303,-0.006500879,0.0012749856,0.0023304361,-0.0026227944,-0.0016709911,-0.09994921,-0.13183722,-0.0073456434,-0.0011043281,0.0011036572,-0.00032441833,-0.000529982,0.006429283,0.0015775145
1.7445554,0.8756679,0.017029546,0.0053720344,1.3259952,0.007159845,0.08975158,-0.015134613,-0.0023243057,0.0018873335,0.029025344,-0.17485885,-0.01703628,-0.00017686146,-0.001360984,-0.018569047,0.3065606,0.006106814,-0.055721544,-0.0027511534,0.0036112627,0.036066428,0.0068374197,0.0023742393,0.0004553446,0.0071468554,-0.010374793,-0.17143686,-0.12317539,-0.0138233,0.017386382,0.0024115117,0.002108744,0.0022837245,-0.0139589,0.003344225
16.371939,0.96984845,-0.0026357828,0.006531186,-1.8996153,0.0034726856,-0.19010569,0.006235351,0.0047311853,-0.040065017,-0.010283796,0.1843083,0.04195861,-0.007111042,-0.0035297351,0.06145036,3.511538,-0.034827303,0.0753813,0.0037356417,0.01405079,0.004983509,-0.0022071628,-0.014969406,0.012291438,0.007975787,0.011307843,0.34347236,0.3760035,0.022132572,-0.019660586,0.0097950995,-0.0008490607,-0.0053617107,-0.0389176,0.0047597475
-6.044465,-0.70500994,-0.0068208966,0.00254551,-0.4446137,-0.0020047128,-0.09045605,0.0024826175,-0.0100942515,0.0061425935,0.017881978,-0.1161005,-0.0005964546,0.0039879032,-0.0016362276,-0.044341724,-0.08199737,-0.030265111,0.022997195,0.004491807,0.0021526734,-0.07327528,-0.0032128906,-0.0028304006,-0.00042003024,-0.009707438,0.011669783,-0.20358413,-0.14305425,-0.0032222867,-0.0059872596,0.0008412467,-0.004340081,-0.00032836685,0.016595833,-0.0012828833
-7.339278,-0.638459,-0.025423167,-0.00050787535,-1.8028569,0.00044956943,-0.15003048,-0.0033979325,-0.034630563,0.0031826717,0.012825303,-0.076703325,-0.0039571016,-0.0011474077,4.833175e-05,-0.0025358794,-1.3097858,-0.035410818,0.081971504,0.00043724108,-0.0005439045,0.034236275,0.0037957758,0.004883814,0.0083716065,0.001190749,0.006467625,-0.49842787,-0.16297126,-0.00581661,0.003051004,0.0011576778,-0.0042737797,0.0024009992,0.0013550544,0.0009735893
7.4308047,0.9626171,0.024254965,-0.0010053329,1.3004706,0.01909499,0.13445127,-0.02064561,0.03654202,0.0034777792,-0.15660687,-0.50620866,0.00996931,-0.0051307706,0.0026008121,0.07536849,1.9230254,-0.08888358,-0.102261566,0.007271534,0.0071964255,0.03805421,-0.011598236,0.0051233247,-0.0018581604,0.00830607,0.012788281,0.053002656,0.23564714,0.021730362,-0.035959814,0.00072052,-0.0038138446,0.0044155787,-0.015654441,0.014411384
13.472217,1.2395529,-0.015239766,0.0010099524,1.311902,0.014436389,0.14016579,0.0014918188,0.007353413,0.0048715165,0.0070977025,0.2659508,-0.097223565,-0.0075249486,-0.0023653295,0.045932557,2.7124527,-0.06616856,-0.06085475,0.00071394834,0.023308316,-0.013328813,-0.0027833749,-0.0020585281,-0.005705496,0.014601804,0.012979707,0.45530996,0.2647964,0.004345809,-0.02717479,-2.4696425e-05,-0.005288058,-0.002277382,-0.019993292,0.019028312
-7.4349155,-0.6348848,-0.020016039,0.0023973505,1.327149,-0.0013253209,0.04310695,0.0037942831,-0.035633203,0.003038193,0.014433893,-0.086054526,-0.0020291654,0.027200023,-0.00086333783,-0.0021985506,-1.1540521,-0.023438878,0.08536533,0.0025081742,-0.00019252041,0.08742191,-0.0040842546,0.0017559062,0.008157718,-0.01080364,0.0036731127,-0.298971,-0.13959323,-0.008956452,0.0006903301,0.0036025827,0.0025899224,0.0014186347,0.012584863,0.0001479319
-7.314779,-0.64947814,-0.0031657992,0.0006853855,1.1999234,-0.00035358232,-0.068158776,0.005715265,-0.020965623,0.0029973225,0.013187289,-0.08013098,-0.0002736196,0.005048343,-0.00024702438,-0.0030255502,-1.1909301,-0.02561854,0.088834055,0.00281746,0.0005775402,-0.028529845,-0.005452306,0.00062641816,0.0075666234,-3.0774958e-05,0.007010524,-0.10567433,-0.13625744,-0.0052864226,-0.0017338084,0.0011427434,-0.001695376,0.001102891,0.0052281795,0.0012644939
-7.3871207,-0.6485781,-0.013289527,-0.002641647,-2.297062,-0.000840652,-0.03751799,-0.0008516751,0.004633275,0.00267142,0.013593519,-0.08433399,0.0037917632,-0.0023732346,0.0006162671,-0.0048449263,-1.3513409,-0.024287662,0.09071624,0.0010441135,-0.0009916561,0.00046825715,0.005524596,0.0020549446,-0.0026561248,0.0069713467,-0.007676537,-0.392582,-0.15110093,-0.0070833755,-0.008227142,6.84452e-05,0.0008548895,-0.00061996933,-0.008304063,0.0003000189
0.6301842,1.0189282,-0.049452975,0.0018007584,-1.770867,0.015701775,-0.28391367,-0.0113420095,-0.0052518947,0.0023428544,-0.06345908,-0.16294698,-0.0039061608,-0.025633985,0.0001733235,0.024590172,0.2339766,-0.019345924,-0.072062284,-0.0063999835,-0.005779871,-0.008542727,0.0049128146,-0.0011537429,0.010267897,0.0034327873,-0.013491529,-0.035170916,-0.14828484,0.00066014123,-0.046634723,-0.0020030993,0.009598136,-0.010718733,-0.014664543,0.002288357
-4.995681,0.45161447,-0.051121052,0.001250751,-1.9985005,-0.0062990594,-0.2053307,-0.02257238,-0.0058719274,0.0031605775,-0.035109837,-0.1275848,-0.0011202288,-0.01634149,0.0004960084,-0.031339094,-1.1538432,-0.006056731,-0.042641364,-0.009457658,-0.0115434695,0.02545454,-0.0064846207,-0.008485908,0.00015911592,0.0015312972,-0.008802226,-0.090682745,-0.162639,-0.0146026,-0.029761035,-0.0005584239,-0.037977718,-0.0037422488,-0.01998288,-0.0063032825
7.480054,0.9381087,0.01084027,0.0026986722,1.3063767,0.007860512,0.14575331,-0.01779453,0.042658724,0.0034529562,-0.18645397,-0.58985543,0.0076713148,-0.0077754576,-0.0067953076,0.05880859,1.5658364,-0.08067534,0.10350385,0.0072437623,0.0009876492,0.02743598,-0.016806157,0.004097464,0.011838726,0.0103437705,0.014046705,0.2601943,0.10446599,0.017825661,-0.022937918,0.0010763909,-0.00493124,0.005958771,-0.014352114,0.0027569432
2.5797427,0.81710213,0.046304625,0.00022725278,1.2949573,0.016429372,0.109619655,0.00061535015,0.04029712,0.0028887358,-0.06366775,-0.31448817,0.004847253,-0.0017288434,0.009360691,0.03831467,0.12223213,-0.07879153,-0.07639048,-0.015990721,-0.00021349311,-0.020336587,-0.012949114,0.012916435,-0.03647815,0.006141463,-0.0075134365,0.037855335,0.12039563,-0.042927854,-0.049253963,-0.009653338,0.009714423,0.0014330156,-0.013579849,0.009511625
-2.785034,0.18448906,0.028695684,-0.0012562448,1.1958694,0.00024744612,0.052292872,0.030495109,-0.009722069,0.0024961494,-0.051913954,-0.22522134,-0.0008141007,0.012133146,0.0025851466,-0.0033461119,-0.43973726,-0.041535284,0.017608535,-0.0029578165,0.00035390173,0.0014243231,0.005515198,0.0027480524,-0.0007686451,0.006082743,0.005756418,-0.078639634,-0.17613824,0.004300384,0.0021133546,9.524938e-05,0.005599496,-0.0019121018,-0.020974236,-0.006483009
-7.301912,-0.6428536,0.006417833,0.00024189384,1.2036653,-0.0037580188,-0.0679202,0.0070235375,0.0074335258,0.0029630468,-0.019039368,-0.08677123,0.0031953047,0.0007970333,0.00039885353,-0.0033743747,-1.2412964,-0.025847325,0.09251237,0.0001930587,0.002867971,-0.026449356,-0.0065192915,-0.00032166456,0.00077475066,0.007919083,0.0066790376,-0.07283306,-0.13767715,-0.006326443,0.0048840283,0.0004187473,-0.0026876093,0.00091968453,-0.0009436528,-0.002174884
-7.361555,-0.6410387,-0.00370805,0.00064584974,1.2508676,-0.0009398739,0.002983957,0.0024560762,-0.03567427,-0.0015317441,0.006975338,-0.07993586,-0.0014098976,0.005540307,-0.0003719114,-0.0024755318,-1.1803101,-0.027722051,0.08707421,0.0016136694,0.0006419611,-0.0026459477,-0.0041537494,0.0022385132,0.009906628,0.0011787071,0.009863205,-0.20213184,-0.14087021,-0.00732233,-9.778814e-05,0.002227461,0.0033024743,0.0028997122,-0.008149977,0.00062633434
-7.365076,-0.628778,-0.019320322,0.00307485,0.11280159,-0.001267459,-0.13944589,0.0015500741,-0.007957252,0.002722171,0.012151353,-0.076805286,0.0026738944,0.0012369128,7.240755e-06,-0.002379304,-1.235176,-0.03521664,0.08242393,0.0001541264,-0.00066931674,0.06635555,-0.004813998,0.0010085511,0.0018741395,0.0024747693,0.0046263593,-0.32841215,-0.14223729,-0.005915048,-0.0031867626,0.002073971,0.000904782,0.0003437893,-0.0070074187,0.0025680596
5.9558163,0.9173193,0.02334036,0.0018087398,0.65054,0.00038124665,0.100270264,-0.011082016,0.01968411,0.002186318,-0.13055597,-0.20273142,-0.015205869,-0.0034638366,0.008185904,0.011570337,1.9719441,-0.044760402,-0.06711671,0.009653386,0.015437143,-0.004655153,0.013944531,0.0014670745,-0.006494875,0.0022837212,0.014726736,0.004287003,0.0017282129,0.014120737,-0.031327,0.0020411862,0.005561101,-0.0045672026,-0.018377919,0.01326748
3.2308805,0.7832887,0.011453192,0.00056791963,1.2333487,-0.0051940936,-0.2618062,-0.012449413,0.052857164,0.0038530445,0.032628465,-0.23585296,0.0070317034,0.001486741,0.0011535113,-0.04192421,0.822088,0.0017071036,-0.06151432,-0.00011187575,0.006823764,-0.007554651,-0.014495171,0.0030931942,-0.0051402166,0.006617595,-0.020677026,-0.24481335,0.154655,-0.004574455,0.022681218,0.00014639272,0.0007497143,0.00081343943,-0.017999051,-0.0049539497
-7.3176303,-0.6184329,-0.019930502,-0.0010657555,1.1971278,-0.00046267573,-0.025880711,-0.0012724817,-0.012295159,0.0031566594,0.018331187,-0.07973532,-0.008852066,-0.001073183,-0.0011930873,-0.004459227,-1.2017899,-0.033389565,0.09464333,0.0020072444,0.00066140527,-0.024152849,0.001147136,0.00016013786,0.001731175,0.0060575046,-0.007728693,-0.10139207,-0.12934472,-0.0066045932,-0.0064212997,0.0028623382,-0.0028497588,-0.001037759,-0.007043371,0.0035233058
9.721652,1.1904216,-0.011339477,-0.002813028,-1.7889583,0.0050023603,-0.27354327,-0.0068792976,-0.00094465294,0.0039121336,0.10411167,0.31419832,-0.007784647,-0.0067138392,0.0032489307,0.02652622,2.4059987,-0.043614745,-0.049317487,0.0006358581,0.0068802675,0.021601964,0.032662645,-0.0077426713,0.0004455359,0.007718748,0.01403772,-0.34565032,0.26020044,-0.018634433,0.00100939,0.00070153293,-0.009862903,-0.0078363195,-0.02750622,-0.029266465
-7.3308263,-0.5940717,-0.035490204,-0.0011431887,0.03356095,0.0014335361,-0.09311243,-0.004021773,-0.025382726,0.0028317366,0.015438283,-0.067850254,-0.004305146,-0.0026553827,0.0010997658,-0.0037854477,-1.2179216,-0.04257683,0.079623625,-0.0048966836,-0.009025472,0.032664545,-2.4230674e-05,0.0007145902,-0.00039902274,0.005059298,-0.0076512797,-0.25752372,-0.14444637,-0.0072955983,0.00037016295,0.0028460524,0.00058835244,-0.0013389908,-0.007111129,1.9239204e-05
-7.267014,-0.61285657,-0.016321551,-0.0018781456,1.2041421,0.00023349788,-0.07273445,-0.004156497,0.0075299693,0.0029829799,-0.029740743,-0.080842175,-0.00957773,-0.0027397089,0.00082233764,-0.0032216485,-1.2752092,-0.016351528,0.08401735,-9.751946e-05,0.00060485484,-0.025969021,0.0038538594,0.0011172774,0.003089341,0.006760541,-0.0057898094,-0.053569704,-0.13051955,-0.004194756,-0.00088436715,0.00071773864,-0.0031946995,0.0007009413,-0.0071761007,-0.002893251
-0.50657195,-0.5659687,-0.077677116,0.00029348972,-1.9494878,0.025228275,-0.2446567,-0.015753426,-0.2072558,0.024027323,0.03536824,0.17379552,-0.005171361,-0.012746067,-0.0022760222,-0.006276662,1.8926566,0.007415034,-0.08252974,-0.018545192,-0.0240303,0.008320362,-0.0099490555,0.022124885,-0.004929334,-0.0014471834,0.0010326055,-0.80602604,0.27008784,0.005146002,0.028727047,0.006930291,-0.0044264565,0.004202545,0.038167164,-0.014235386
-7.302,-0.6150353,-0.033604354,-0.0013401893,1.1986028,-0.0030669263,-0.041646782,-0.0058214967,0.007253285,0.0028883682,0.013307385,-0.07317778,-0.0013822282,-0.005429841,-0.00077293714,-0.003760679,-1.1975621,-0.034287315,0.08553706,-0.0028230418,-0.014060535,-0.024909738,-0.004594487,0.00016535571,0.005520083,0.006365604,0.007747514,-0.10266125,-0.13677815,-0.0078116213,-0.008900193,0.004276409,-0.0023306552,0.00091067964,-0.007267662,0.0001719761
-2.016382,-0.1296779,0.026666507,-0.0026407691,-0.78802437,0.005492299,-0.07818637,0.014310341,0.006714562,0.0038333938,-0.051509187,-0.16021477,-0.0019446707,0.0050407457,0.0012216091,0.0073592686,0.36299753,-0.016164888,-0.03531375,0.004412976,-0.014295679,-0.0075634574,0.006912888,-0.0019223753,-0.010800357,-0.006326196,-0.00026047794,-0.07594932,-0.09676559,0.00059851265,0.0050035645,-0.008121961,0.0027649289,0.0015584949,0.025543815,0.0036158394
-7.2830215,-0.6117169,-0.028006779,0.0009346074,0.5247505,0.00019868331,-0.0753589,-0.0027144677,0.008962302,0.0018213304,-0.027372299,-0.07375897,-0.0028214601,-0.005397711,0.00013734396,-0.0051072678,-1.2824699,-0.007037153,0.08392921,-0.0029896856,-0.0042691804,-0.06671496,-0.0062582707,0.00032245295,0.00055080384,-0.00579881,0.004678436,-0.053631295,-0.14290412,-0.0028985834,-0.0012828623,-0.00020820576,-0.0028800145,0.0027933733,0.007283961,-0.003762608
-7.3051114,-0.6454476,0.0018143251,-0.0008141962,1.2040684,-0.001964813,-0.057537254,0.0050034327,-0.034153104,0.0038043759,-0.020769631,-0.08149308,2.5399739e-05,0.007829124,-8.905152e-05,-0.001183,-1.1808587,-0.028855508,0.09186746,0.0019568724,0.00091914413,-0.02665386,-0.005747414,-0.0012440819,0.0022826383,0.005587747,0.009487546,-0.08463639,-0.14365226,-0.004194038,0.0021914796,0.0001158299,-0.0012977433,-0.0010642248,-0.011336055,-0.002243091
-7.3149123,-0.644673,-0.0023590494,-0.00068973633,0.33552167,-0.00079706206,-0.07298897,-0.0015120892,-0.0040912735,0.0029212509,0.013590346,-0.08057917,-0.005019364,0.0006309516,0.00025745918,-0.0022394496,-1.2260293,-0.03217394,0.08877139,0.0027327186,0.0018885604,-0.08688566,-0.004858413,0.0017133157,0.0020973878,0.006624075,0.0077431253,-0.098823495,-0.14618129,-0.005055538,-0.0053539667,0.0010923848,-0.002944138,-0.00019168145,-0.007520997,0.00054798916
18.230366,0.97186774,0.028117938,-0.00990402,1.1781293,0.010579219,0.12211546,0.017131064,0.0026154295,0.0032053022,0.09490468,0.291349,-0.08665046,-0.0040084193,0.0015031039,0.06877054,3.7055757,-0.056084625,-0.13985759,0.004925765,0.015177703,-0.0030551115,-0.006783272,-0.0040223314,-0.00010908125,-0.008256979,-0.019357894,0.3521578,0.44044587,0.0017705082,-0.033989143,0.0013065889,-0.0011572768,-0.0020414754,-0.035674326,0.0085648205
8.748573,1.1350819,-0.04296931,0.00042126438,1.3201965,-0.00045969686,0.15842949,-0.009330631,-0.0051024463,0.0042306622,-0.13435693,-0.13611178,-0.006450998,-0.010939438,0.0018345924,0.059259158,1.9866362,-0.050108213,-0.12485131,-0.010534641,-0.0045074727,0.010795448,-0.006713481,0.0021687082,0.0038781865,0.01913306,-0.0116084125,0.09409145,0.17503162,0.006664714,-0.022149323,0.00043068078,-0.010958186,-0.0005478158,-0.021275623,0.008876736
10.774087,0.5266823,0.041497726,-0.0113272965,1.3689156,-0.00013171091,0.06675374,0.013066372,0.047863852,0.00447165,-0.17647232,0.04467124,0.012390179,-0.006990887,0.006767698,0.1552987,2.6093695,-0.12278867,-0.061557133,-0.008969884,0.01937568,-0.01753993,-0.0116734095,0.0076758247,0.002612764,-0.025961082,0.0059313076,0.4580901,0.3500751,0.018418536,-0.022043597,-0.012457815,-0.0077172597,0.00068469404,-0.025250796,-0.05095476
5.935237,1.041228,0.024133135,0.0011966489,1.2416536,0.012532033,0.11890191,-0.010417793,0.01507342,0.0026105903,-0.13226901,-0.21485893,-0.030954001,-0.005522908,-2.304541e-05,0.013251049,1.9204947,-0.060828004,-0.039002456,0.007907984,0.017756397,0.008338266,0.0075749783,0.0013142934,-0.001146864,0.008599288,0.019929444,0.023671448,-0.0024480228,0.009391415,-0.044602614,0.00093513157,0.009945968,-0.003946769,-0.014359266,0.011447449
-6.2421427,0.0011297275,-0.041182406,-0.00059978536,1.0202266,-0.0011507083,-0.039788898,-0.010912595,0.006567611,0.0018020252,-0.03222239,-0.08910599,-0.00468577,-0.0037488427,0.00069526915,-0.000717603,-1.1183275,-0.050713427,0.031762436,-0.0015944693,0.0029418333,0.034712322,0.005775596,0.0012563703,-0.00042841904,-0.00022558178,-0.00900158,-0.13390273,-0.19135119,-0.0066922074,-0.011445352,0.002676806,0.007831362,-0.00072524115,-0.015519274,-0.0030639702
-7.303114,-0.65233445,0.0035819563,-0.0012522995,1.2072644,-0.0014041747,-0.059106603,0.007005645,-0.02533098,0.0035838932,0.0071949535,-0.08563096,-0.0008844257,0.0062660654,-0.00047008815,-0.0039071147,-1.1834304,-0.029399835,0.08821018,0.00072292396,0.00111076,-0.029904481,-0.0046007396,0.0012820727,0.0017411802,0.0076669576,0.005169962,-0.10295933,-0.14458984,-0.0066730855,0.0009718187,0.0011381222,-0.00039851092,-0.0010183195,-0.007452122,0.001527772
-5.6647053,0.14209682,0.0022212737,-0.0030434972,-0.8043585,-0.0025799244,-0.011982327,-0.008461424,0.00772994,0.0013901823,-0.04091569,-0.07678125,-0.0052760737,-0.0027787099,0.0014559021,-0.02456229,-1.4292496,-0.054128613,0.16719523,0.0022138963,0.005999148,0.012030942,0.0028421755,0.0020584888,0.0024677832,-0.0029993271,0.009533859,0.0054264152,-0.2060714,-0.002969902,0.0045462144,0.00031149728,0.013220097,0.0013580972,-0.014205265,-0.0062031476
-6.1567955,-0.20425068,0.021466408,-4.99593e-05,1.2560023,-0.000268292,-0.027687771,0.0049558966,0.00277205,0.004330397,0.013942949,-0.108368754,-0.00078226783,0.0051530115,-0.0015435363,-0.011427321,-0.7875551,-0.029906454,0.012101279,0.00014827153,-3.2677262e-06,-0.018959247,0.0025674698,-0.0017656648,-0.0062559457,0.003017524,-0.009707617,-0.1346486,-0.17263067,-0.006352211,-0.005710598,0.00016712888,0.003442907,0.0023275083,-0.013580869,-0.0013072353
-7.3067775,-0.60947937,-0.024227818,-0.0013267734,-0.29511285,-0.00177115,-0.11910681,-0.003999945,0.00508675,0.0029301269,-0.020425001,-0.07703718,-0.0019209774,-0.0046064868,-0.002256198,-0.0027067196,-1.2765234,-0.04012848,0.08608856,-0.000966789,-0.0030225732,-0.034931093,-0.00636379,-0.0011010619,0.0008039862,0.0053605507,-0.007345564,-0.07863199,-0.13328938,-0.004741211,0.0036320107,0.0016552408,-0.0030608326,-0.0002878476,-0.006924954,-0.0021205004
-7.377969,-0.64064884,0.008283507,-0.009877689,1.2088686,-0.0022320368,-0.009043801,-0.0024690933,0.0046061464,0.0029573636,-0.0052721472,-0.08313804,-0.008394271,0.00071691733,0.00011151928,-0.0028113457,-1.2085633,-0.026657943,0.09104384,-0.0003098343,-0.0003411837,-0.02264506,-0.005790487,0.000834511,0.0005849154,0.0066620153,-0.009528326,-0.09596697,-0.14183173,-0.007096884,-0.008508464,3.49521e-05,-0.0023989691,0.00021432163,-0.007957807,-0.0006544842
-7.3146105,-0.6110392,-0.030708909,-0.0011581279,1.2030908,0.0003633861,-0.033817653,-0.0041333474,0.0034809818,0.002995852,0.0126298005,-0.07299105,-0.0013544855,-0.0048929844,-9.494961e-05,-0.0048527233,-1.2162342,-0.03389689,0.08883208,-0.0047031157,-0.01063856,-0.02452562,0.008240944,0.0017776112,-0.0016498074,0.006446655,-0.0076340763,-0.09938965,-0.13224965,-0.007484479,-0.0091116205,0.0031424265,-0.0013748441,0.00044945418,-0.0073297876,0.00053600065
-7.406059,-0.641959,0.0042035966,0.0016453001,1.2081561,-0.0025989432,-0.007552514,0.003577564,-0.004935272,0.0027213648,-0.020648133,-0.0845469,0.00010122604,0.006406798,-0.0009791298,-0.0011944578,-1.2328377,-0.023734065,0.09416572,0.00024491717,0.00072075904,-0.024534224,-0.0052517974,0.0011633539,0.0054037957,0.0055254605,-0.011165735,-0.06233818,-0.13628858,-0.0056817536,0.003551303,0.0004475587,-0.0022509543,0.00016011472,-0.0053673573,-0.0036477675
-7.2795606,-0.6446009,0.0039200974,-0.0021085609,-0.80040973,-0.0093835145,-0.14395724,0.0014463075,0.0005168677,0.002772022,0.0071303444,-0.081356935,-0.0039210906,0.0010713127,0.00076598977,-0.0025057392,-1.3130835,-0.03683283,0.0830259,8.312806e-05,-0.00010771057,0.06270839,0.0038198994,7.480024e-05,0.0008087056,0.0055215852,-0.010237,-0.40339994,-0.15353777,-0.0048833187,-0.005766341,0.0012615407,-0.0020533148,0.001085569,-0.007693817,-0.0007281041
-7.2804236,-0.6005176,-0.034267686,-0.0013263607,1.201016,-0.0011502068,-0.08839239,-0.0041827857,-0.03228323,0.0036867172,0.015139777,-0.07211455,-0.0015751842,-0.004703959,-0.00018157817,-0.0031859134,-1.1616938,-0.031092823,0.0811829,-0.0034184721,-0.011677072,-0.025770059,-0.0030782947,0.0014613649,0.006949371,0.00039124436,-0.0073248404,-0.12017815,-0.13093877,-0.007965745,-0.001126746,0.004090324,-0.0032010123,0.0031386628,-0.008783559,0.0010182322
-7.2849956,-0.61475694,-0.021089973,-0.00084940053,1.2083414,2.0068359e-05,-0.07041439,-0.004017775,0.0013591856,0.0023033817,0.0067343316,-0.07994772,-0.007140883,-0.0022693628,0.0011865575,-0.0049991086,-1.2047999,-0.033281244,0.08610013,-0.0004289503,-0.0009884828,-0.02641854,-0.003682106,-0.0011918539,0.0022254921,0.006322067,-0.007804732,-0.09632043,-0.1308854,-0.0069391984,-0.007895159,0.00094361365,-0.0030090965,0.0005216333,-0.0072046556,0.0008981705
1.1697853,0.47910056,-0.017302433,-0.0018294018,-0.2104758,0.0037837243,-0.054510776,-0.0019239737,0.007729887,0.0031896648,-0.055894304,-0.26624158,0.0027679347,0.0021702794,0.00028177086,0.05218547,0.36140695,-0.038687684,-0.066024765,0.002015334,0.0025969571,0.08830602,-0.0043673776,0.0010206366,-0.00943561,-0.0008711712,0.011606309,-0.0050210487,-0.0042073685,0.00029774348,-0.0026431095,0.0029489482,-0.013925485,-0.0016978577,-0.010298018,0.0019491091
18.21688,1.0144908,0.02837557,0.0033317464,1.2139173,-0.017183721,0.12869519,0.016139884,-0.0052471934,-0.0011366544,0.056181606,0.3005046,-0.046313945,0.01709333,-0.0012981086,0.053277712,3.6699066,-0.0048814253,0.02782338,0.007345381,0.024249041,-0.008760959,-0.007518669,-0.0030556999,0.009033915,-0.0076628765,0.018594211,0.35371462,0.44943658,0.011000551,0.023256809,0.0021038742,-0.0068309354,-0.0035482154,0.07813462,0.013366548
-7.0401416,-0.19164309,-0.045101568,9.964828e-05,-2.0129144,0.0048496425,-0.17528264,-0.013730842,-0.004240042,0.0015886945,0.016906193,-0.07593741,-0.004515157,-0.0032093797,0.0009027938,-0.004785775,-1.3212488,-0.033374287,0.06755609,-0.0035921826,-0.009346679,0.03382956,0.0039890255,-0.0018150909,0.001321189,-3.990811e-05,-0.00874059,-0.4389021,-0.16164072,-0.0045329235,-0.0046993094,0.006439599,-0.0012684746,-0.0011307059,-0.015132815,0.0025043956
21.17843,1.2457163,0.03187699,-0.007144553,-0.48076388,0.004787216,-0.118896335,0.00036908043,0.043280296,0.004689696,0.028678551,0.28819466,0.011803609,-0.0030650976,-0.0029377346,0.076398455,3.8533287,0.009821974,-0.030244118,0.003783004,0.02501455,0.0685838,-0.0044664894,-0.00041589243,0.0035365173,0.0006093791,0.0040205587,0.3525337,0.4741267,0.008998054,-0.04043039,0.0046013966,0.013465948,-0.0042308085,-0.028490668,0.012602136
-7.3870425,-0.6513153,-0.002332043,0.004968537,1.2099851,-0.0014395971,-0.031561226,0.0065146745,-0.03305081,-0.0016204548,0.013365394,-0.08341632,-0.0010446311,0.008928024,-0.00056915963,-0.002597771,-1.1692576,-0.024789603,0.08604086,0.00075721124,-0.00045781897,-0.03447612,0.0035486175,-2.4147565e-05,0.006614522,-0.012038855,-0.0009576157,-0.11760066,-0.13804507,-0.007900646,0.00040395174,0.0005345155,-0.00087516854,0.00066073285,0.012937636,-0.00042434075
21.181969,1.1795006,0.052713826,-0.00471811,-0.39064315,-0.020259757,0.1353998,0.0024844424,0.03958195,0.0038643503,0.07765423,0.29706225,0.049377423,-0.0027915298,0.0013510876,0.0810828,4.2694097,0.014420472,-0.124403685,0.0063701,0.012717593,-0.048579555,0.0005417256,-0.0018479722,-0.0073552597,0.0072731143,-0.019328635,0.5113084,0.47856808,-0.006697635,-0.043059863,0.004225378,-0.0050285617,-0.00647877,-0.02615309,-0.050225962
7.922678,1.3208407,0.060326986,0.0013026512,-1.0165458,0.01882699,0.056446165,0.03900384,0.0090691075,0.0010157344,0.06269066,0.56771696,-0.009590679,-0.0055696964,-0.0040088883,0.19184537,1.4512651,-0.0675567,0.45630231,0.007886938,0.039409887,-0.008763613,0.006829649,-0.0016946193,0.0016204945,-0.010763941,0.011979235,0.5914259,-0.036972698,0.0027429888,-0.010013352,0.0033619974,-0.0050371895,0.0031592369,-0.016624613,0.0037545837
-7.277997,-0.62856054,0.016403597,-0.0015559453,1.21499,5.6601508e-05,-0.06289061,-0.0038115187,0.018633567,0.0039707567,-0.026173243,-0.085108794,0.003477855,-0.0014866504,-0.00045277062,-0.005056936,-1.2735817,-0.0121671865,0.09318358,-0.0021204508,-0.0010686545,-0.020923065,-0.004556953,0.00091496797,-0.0032176943,0.0055093947,-0.008930768,-0.046734236,-0.13443471,-0.004521958,0.00075626426,-0.00046140607,-0.0019492446,-0.00026172661,-0.0070179794,0.006309862
-7.286145,-0.6122776,-0.032623637,-0.0015675786,-1.0090744,-0.0065255966,-0.13524309,-0.0043999087,-0.00026235072,0.0023263851,-0.018178396,-0.069037095,-0.0009261046,-0.0053841593,0.0005956,-0.0026634797,-1.2971002,-0.042983983,0.080100685,-0.0059703086,-0.009627402,0.045409907,-0.0026091186,0.0025200776,0.0022898219,0.004966067,-0.0076367576,-0.4100568,-0.15225346,-0.006559031,-0.006048036,0.0005475602,-0.0007742692,-0.00042295124,-0.0023514964,0.00302244
-7.1518254,-0.6406533,-0.0023382597,-0.002709762,0.62681127,-0.0009383001,-0.15439518,0.0009664022,-0.032444585,0.0042443164,-0.02542572,-0.08293145,-0.0011325077,0.0062681995,-7.702541e-05,-0.014088402,-1.2026898,-0.010526793,0.09171252,0.0015174121,-0.0014617912,0.053514894,0.0014793873,-0.005335911,0.0020848298,-0.010574067,0.004485707,-0.086737506,-0.14043535,-0.002845732,0.007833071,-0.0011993138,0.0060225544,0.0007811145,0.011176344,-0.009693808
13.690621,1.2167937,-0.005830584,0.00014072203,1.315662,0.009642234,0.15210076,-0.0057918383,0.044147033,0.0047341385,0.046158526,0.3302077,-0.084294386,-0.004531679,-0.0059073446,0.06581169,3.212188,-0.03783938,-0.12680966,0.0048652575,0.0052418564,-0.021476096,-0.011191755,0.0017205646,-0.007701793,0.020904163,-0.0106744915,0.30267024,0.39677575,0.0014404709,-0.018631097,-0.0021224532,0.0014192285,0.0017285179,-0.024838751,0.0086588655
18.529749,1.044422,0.020739269,0.00076128286,1.1659561,-0.009908715,0.1626015,0.006541384,0.0039655822,0.0035601167,0.10091934,0.28496924,0.060308985,-0.005358052,0.0006784321,0.07064412,4.0672636,0.011252848,-0.11418277,0.008374474,0.017006403,-0.010279021,0.009174736,-0.0019764449,-0.006859856,0.0011264068,0.021778982,0.42262927,0.48755714,0.0017806367,-0.016852675,0.014396815,-0.0025435102,0.0017895341,0.045616593,0.012199183
19.801405,1.1716893,0.06834346,-0.005549607,-0.3119522,-0.00387598,-0.13202594,0.027982708,-0.006778142,-0.007308309,0.12953539,0.39270437,-0.0069350875,0.028340936,0.0071099703,0.2533938,3.0552998,-0.055678517,0.22985026,0.00797867,0.040869508,0.0717951,-0.0011274673,-0.0029780802,0.034709807,0.0027293076,0.010928696,0.62307835,0.2647644,-0.0029319096,-0.007637154,0.010197264,-0.0033739265,-0.0003192121,0.024664879,0.023574766
20.142956,1.2448539,-0.018526334,0.0077776983,-1.7618132,-0.020378973,-0.37360993,0.003775969,0.0013600324,0.0037040813,0.13067698,0.27709743,0.0058007105,-0.004544796,0.003223523,0.070439935,4.2057104,0.04532455,-0.08867765,-0.0009945165,0.007198199,0.021104557,-0.00871992,-0.0060398304,-0.0015748225,0.01275365,-0.011599648,0.34816736,0.5367784,-0.0001298429,-0.038377963,-0.0025842334,0.011941304,-0.004507611,-0.03245043,-0.008648972
-7.291251,-0.6067182,-0.030756544,0.0021999094,1.2964885,-0.003697909,-0.037388194,-0.0036475037,0.00027096475,0.0024735348,0.013157516,-0.07877514,-0.0013322469,-0.0050464123,0.00021716754,-0.0037691724,-1.2144891,-0.028701676,0.077459194,-0.0044119395,-0.0042120838,0.055019036,-0.0018637857,0.00055363873,6.908687e-05,-0.009210102,-0.008287688,-0.3231705,-0.13179111,-0.0061394237,-0.005936467,0.0019506464,0.00031597458,0.00041189924,0.0074735265,0.00086354883
-7.297445,-0.6202897,-0.024134586,0.0016434984,1.2092503,-0.0019259205,-0.06778586,-0.0056500547,-0.0053192354,0.0023140209,-0.0058736997,-0.07950437,-0.008074728,-0.0012825752,-0.0004561309,-0.0028687087,-1.182618,-0.026944201,0.079940766,0.00047938616,0.00059404166,-0.027917601,0.0026782274,-0.00013171625,-0.0016775948,-0.009968459,0.0063783173,-0.08952836,-0.14391795,-0.0063406,-0.008385806,0.0010927116,-0.0031888948,0.0016551202,0.013285768,0.00045092404
-6.097052,-0.17053267,-0.040747907,-0.0011013234,1.2817866,0.004971428,0.04008878,-0.0061334674,-0.008120733,0.0030527476,-0.0306759,-0.10350928,-0.000520097,-0.0076617016,-0.0017071378,-0.0103825275,-0.8627602,-0.014443736,-0.00038642378,-0.0033074098,-0.0022595443,-0.012855495,-0.006519948,-0.0017252071,-0.0011304389,-0.0064812554,-0.0067017097,-0.051939894,-0.11396058,-0.0043254327,-0.0037065588,0.0030503112,0.009507533,0.0011717504,0.0075969473,-0.0018307819
10.854784,0.06821727,0.14694518,-0.0027178794,0.39002514,-0.0022406767,0.114684634,0.0066156997,0.012756445,0.003986169,0.04843862,0.18862069,0.012678445,0.00012900609,0.0030720355,0.047469962,3.1145372,-0.099837966,-0.039809227,-0.00048047598,0.024060808,-0.11234594,-0.00849269,0.0056934245,-0.0006741518,-0.06997519,-0.00621462,-0.01839488,0.15493737,-0.00800824,-0.0004953051,-0.0010825583,-0.0068376004,0.004639357,0.019143842,-0.004894068
0.48962405,-1.9768704,0.041765884,0.002903988,1.241219,-0.011649779,0.05665255,0.0117532,0.00036880205,0.028233355,0.025160436,0.14801614,-0.0013497433,0.007924216,0.031641815,0.0009463805,2.425981,-0.70833147,-0.020546723,-0.0034759731,0.02484754,0.018125895,-0.0005965172,0.0032148382,0.0006085882,-0.02212323,0.012789116,-0.7539612,0.4584122,0.00093910884,0.031008452,0.000321716,0.009717454,0.0010578148,0.037219234,-0.0062288935
-7.3156185,-0.6330756,-0.02876276,1.5830605e-05,-2.1592822,-0.001337807,-0.16414708,-0.002917238,-8.175899e-06,0.0017104981,0.01281382,-0.07463635,-0.0036448045,-0.0035851225,0.0012437361,-0.0022886111,-1.3452191,-0.03480536,0.08312681,-0.004576067,-0.0021523803,0.018831069,-0.00096500316,0.0009566697,0.0003767945,0.0052401954,-0.007882972,-0.4809195,-0.15418455,-0.0073447935,-0.004018295,0.0002526771,0.0005923933,-0.002346874,-0.00929725,0.0044706534
2.9046752,0.9482664,-0.041116048,-1.6200755e-05,1.3439033,-0.027654244,0.113064826,-0.0065685897,0.015996704,0.002395762,-0.02964242,-0.43149233,-0.0034574748,-0.017290987,-0.004869035,-0.044910476,0.7005805,-0.070937455,-0.12636851,-0.0012915012,-0.002478409,-0.0095835095,0.017686006,0.0038646345,-0.008853972,0.0026590058,-0.015012514,0.08965681,-0.031584233,0.0038995896,-0.0581242,0.00374864,-0.016917506,-0.0006128895,-0.015496806,0.0076712254
20.307152,1.1889558,0.05800829,0.0043407055,1.1554415,-0.006654145,0.1601501,0.027354628,-0.003637424,0.005286297,0.12496735,0.31368783,0.052229803,-0.0029805407,0.003767617,0.057378896,3.8267372,0.0072998176,-0.008078777,0.007957144,0.020478232,-0.01862402,0.0015204515,0.0078056045,0.0048946324,0.015497425,-0.006149792,0.40271014,0.5070832,-0.00032436452,0.012176334,0.00073492655,-0.0031509686,0.0030891935,-0.023417449,-0.0032090684
-7.345952,-0.64071286,-0.0047775176,-0.0018963964,-0.029864317,-0.0018607227,-0.14598899,0.001346846,-0.033584457,0.0035776265,0.013029092,-0.081289366,-0.0012659006,0.00568149,-0.00035024225,-0.0022342866,-1.2298949,-0.036076892,0.083488315,0.0003982206,0.0021631971,0.077492125,-0.0030219825,0.001630907,0.0014153998,0.0060730395,0.006633755,-0.36547533,-0.14075565,-0.006296105,0.0027875474,0.0028112906,0.0082243355,0.0028909012,-0.006203011,0.001563939
-7.3139105,-0.6442018,-0.002288187,0.000604115,1.2026614,0.00060642645,-0.0717811,0.0066046757,-0.0221755,0.0031558343,0.013074791,-0.086391896,-0.001187955,0.008924288,-0.0007770692,-0.004655618,-1.1941305,-0.023455795,0.09072148,0.0023993235,0.00041486544,-0.026089357,0.008756739,7.444815e-05,0.005428623,-0.011229473,0.0057192645,-0.10148642,-0.13561447,-0.0067482344,-0.00030119735,0.0013497147,-0.0030043393,0.00017509762,0.005575346,0.00079367287
-5.9839983,-0.16308461,-0.042860437,0.0008817515,0.89490587,0.0011923203,-0.010252267,-0.010014171,-0.028122073,-0.011163884,-0.026010271,-0.097926214,-0.00021985499,-0.006522046,0.0022022596,-0.014523106,-0.8003837,0.010292059,-0.016003057,-0.007605352,-0.004759953,0.022839326,-0.0050933,0.00045365855,-0.001509959,-0.0048855357,-0.002738351,-0.13076454,-0.118298605,-0.006088873,0.0070603276,0.0050364295,-0.0220966,-0.0021337068,0.011668156,-0.0060451757
13.422127,1.2747285,0.008727773,0.0033251583,1.3254237,0.005318078,0.14516662,-0.017715948,-0.0039039725,0.0043705264,0.053964294,0.38853535,-0.028734148,-0.004291973,-0.0043173297,0.03563136,3.3087287,-0.0293935,-0.12115409,0.019047154,-0.0016003613,0.01165809,0.006079799,-0.0018595693,-0.0044766227,0.030063707,-0.013399188,-0.02337756,0.3078526,-0.0066313865,-0.008455624,0.001554043,0.008956415,0.002081108,-0.028725093,0.013400226
-2.5034454,0.090865895,0.0033649155,0.0187088,0.2782292,0.005087951,-0.034423467,0.0007699334,0.0008997764,0.003461653,0.023243336,-0.08743022,0.004031589,0.00063757785,0.0025399802,-0.0022252651,-0.85487735,0.013813582,0.05422865,0.0020002003,0.005452384,-0.008660973,-0.009543461,0.00097382197,-0.0025983488,0.0035015594,0.0081324,-0.14447723,-0.16112496,-0.0020019235,0.0012123494,0.0059645516,0.01291557,-0.0032258488,-0.01572444,0.0010849166
-7.2720013,-0.6509669,-0.004047872,-0.001292972,-1.0796235,-0.00248141,-0.13841175,-0.0021805107,-0.029785687,0.003227453,0.014298019,-0.08153495,-0.004026689,0.0013337464,0.00037365642,-0.003769893,-1.2835121,-0.03719677,0.08180782,-0.00075383444,4.60181e-05,0.038225237,0.0028500848,0.00077968853,0.005349712,0.0059024827,-0.007449249,-0.3873521,-0.1511852,-0.00668644,0.0007997011,0.001642776,0.0054198927,0.0012096895,-0.0074448106,-1.2588178e-05
20.098429,1.1160157,0.059751954,0.0059583923,-1.6814988,-0.011262894,-0.20837322,0.00085423485,0.025289528,0.003383081,0.074516974,0.33406675,-0.002838771,0.018440722,0.001484666,0.06745765,3.8362737,0.030261148,0.042609036,0.0032809833,0.015705047,0.053874213,-0.0018079174,0.0011386819,0.005032934,0.014088914,0.008675744,0.18042916,0.36683416,0.0015390151,0.018518964,0.0065345583,-0.01474729,-0.004007548,-0.028050091,-0.0028947082
12.275315,1.0408698,0.019654786,0.006872155,1.3681893,-0.0140324645,0.14299917,-0.007270822,0.036343638,0.004613127,0.10079759,0.045299433,0.018891936,-0.0026078362,-0.00338723,0.039668187,2.545808,-0.052473914,-0.06645081,0.0052803424,0.018830035,-0.027929734,-0.011075137,0.0020286036,-0.005546845,0.018065384,-0.014038219,-0.14298531,0.28559658,-0.006772389,0.008538852,0.0006672898,-0.0027704423,-0.0028500739,-0.016162522,-0.0020591107
-7.3337736,-0.66519487,0.012565714,0.0019499179,-2.2028673,-0.0031941484,-0.13527454,-0.001256394,0.0058542984,0.0015886622,-0.019347895,-0.08350034,-0.0029704028,0.0012653688,-0.0002588518,-0.0023688474,-1.3666582,-0.027301626,0.08275522,-0.000636838,0.0026220325,0.0350638,0.00060355966,-0.0019245258,0.0005234214,-0.010795089,0.009616696,-0.4107887,-0.16737907,-0.007825565,0.009305939,0.0015760175,-0.0024386512,-0.0022649607,0.009947918,0.00039765774
9.953462,0.91894776,0.024050588,-0.003861913,1.3781886,-0.00054619665,0.12261584,0.040489882,-0.0068151266,0.0025856325,0.08531111,0.010816066,-0.0039677373,0.01723259,0.0042541996,0.01471211,2.2673366,-0.068538606,-0.050906856,0.0047923285,0.029268209,0.06772493,-0.014004854,-0.0025433067,0.0031457634,0.021391593,-0.008556229,-0.2994649,0.17097647,-0.012577878,0.0048819208,-6.896336e-05,-0.0043107728,-0.0067879166,-0.022255743,-0.009939486
-4.3925223,-0.59981596,-0.035869583,-0.00060139626,-1.5650386,0.0072354316,-0.0391773,0.00037477887,-0.0893486,-2.4562942e-05,-0.066567935,-0.14937565,-0.004615715,0.0011497056,0.004676298,-0.017332906,0.78712976,0.029753352,-0.066332236,-0.0030619118,-0.007638023,-0.12716703,-0.007514128,-0.0018826486,-0.013042672,-0.008503739,-0.005525993,-0.07498847,0.15163147,0.011941003,0.0095674265,0.002742375,0.002843989,-0.0012414848,0.024804521,-0.011224152
-7.318516,-0.61310637,-0.017485593,-0.0037234945,0.38909432,-0.0023068849,-0.096951865,-0.0012040006,-0.033560447,0.0033604982,0.014864094,-0.07924466,-0.0039950134,0.0012695477,0.0006013958,-0.0037120136,-1.1951845,-0.038764905,0.080837,-6.715569e-05,-0.00046720053,0.061020203,-0.003260957,0.0044429135,0.008298193,0.0050364104,-0.008737149,-0.35283035,-0.1424425,-0.006975764,0.0018519257,0.002603499,0.001093799,0.002879289,-0.008101704,0.00037669978
24.416775,1.3584327,-0.052567795,0.022153255,1.1027716,0.008279388,0.084177926,0.025955567,0.06788775,0.0050251153,0.11875178,0.32309398,0.05591989,-0.0028785358,-0.00051185896,0.10222723,4.26288,0.04512157,-0.07450289,-0.066201255,0.016009632,-0.020400578,-0.0043147025,0.018618325,-0.04146078,0.018218493,-0.001457629,0.5194693,0.5542422,0.020631215,-0.0103180995,-0.013248522,0.004588036,-0.00050324487,-0.005638699,6.638188e-05
3.9336793,1.1014268,-0.011441401,0.00603307,-1.5480094,-0.015035522,0.003088822,-0.016058343,0.011856108,0.0027581553,-0.18038137,-0.045153886,-0.014606633,-0.006388237,0.0013933531,0.019615,1.9211246,-0.03673644,-0.0879772,0.005280836,0.036198575,0.023640236,0.00947058,0.0016295946,-0.00389005,0.0029513338,-0.007887838,-0.24333747,-0.04943306,0.0048694783,-0.05465817,0.006514132,0.007546814,-0.0021309932,-0.019845625,-0.002823742
15.730708,1.1458739,0.023267625,0.011126679,-1.644613,0.015984466,-0.1265418,0.0016845838,0.042659465,0.002930849,0.0409329,0.30939078,-0.019127771,-0.0014201972,0.0038265584,0.067783274,3.3230786,-0.032656524,-0.0563963,0.008359194,0.011920214,0.02069595,0.0030710662,-0.0055731204,-0.011720152,0.025292324,-0.008304479,0.2936622,0.3708453,0.014041332,-0.03926441,0.003974188,-0.09278166,-0.011670995,-0.023931678,0.004495305
-7.3179736,-0.61946535,-0.029491087,-0.001372966,1.2031837,-0.00039581055,-0.02288275,-0.004808035,0.005780901,0.0027191218,0.013007377,-0.07634643,-0.0070881094,-0.0024264974,-5.7268153e-05,-0.0034506847,-1.2169813,-0.031923834,0.09100181,-0.00076556765,-0.001589258,-0.025704464,0.0013372636,0.00068306044,9.6283955e-05,0.006432438,-0.008452133,-0.09878406,-0.13158396,-0.007688792,-0.009184921,0.002172819,-0.0011732439,0.0018944676,-0.0074467077,0.00071816356
-7.2883534,-0.6250241,-0.018800778,-0.0013794005,-0.4942367,-0.0029767766,-0.09785498,-0.0013909332,-0.004630389,0.003422676,0.013063257,-0.082670785,0.0024980376,0.0006623546,-0.002027908,-0.0026552787,-1.2932814,-0.03902778,0.08367305,-0.00033046602,-0.00014224651,0.06610672,-0.0043909596,0.0024938264,0.0011294757,0.0061300555,0.0035784682,-0.36985615,-0.14923744,-0.006218021,-0.0048898053,0.0024522124,0.007542693,0.0007326064,-0.007576996,-0.00014167801
-6.346907,0.007349511,-0.053434744,-0.0016927798,1.2218719,-0.0012437737,-0.0060611973,-0.010334208,-0.0005403731,0.0014771462,0.016878817,-0.083630174,-0.010294725,-0.0055744224,0.0009334432,-0.00621418,-1.0509413,-0.035543766,0.042915862,-0.005418214,0.0023823974,-0.01786497,0.002512655,-0.0023652194,0.0026594654,-0.00020375011,-0.008366817,-0.15890259,-0.18862271,-0.006378274,-0.008281513,0.0034524302,0.0010505901,-0.0012831927,-0.014341004,0.0020349948
1.7670275,1.0438656,0.051848926,-0.00091383554,1.3139094,0.0069334977,0.04596333,-0.015399512,0.017063744,0.0055401563,-0.06186176,-0.2860281,0.009347225,-0.00694159,0.006567099,0.16639662,-0.30015633,-0.08837893,0.14092794,0.0022780048,0.0066381413,0.010997585,-0.009226678,0.019847041,-0.04644588,0.012312348,0.019046301,0.17136465,-0.124855,0.026639193,-0.03304798,-0.001767166,0.0039494084,0.0028552534,-0.009793425,-0.0013055651
6.43936,1.0465425,-0.13753793,0.0053645754,-1.4627502,-0.004210605,-0.26691988,-0.033929188,0.0035536436,0.0028108875,0.101255834,0.2402099,-0.009108793,-0.011352143,0.0012713696,0.024204763,2.3399005,-0.016479366,-0.091984145,-0.05386328,0.007521676,-0.057603106,0.008870217,-0.002170891,0.0016732597,-0.0013480866,-0.017448595,-0.3231971,0.1964365,-0.013141888,-0.007120881,0.0037100355,-0.0003539105,-0.0020857356,-0.022292126,-0.007415723
8.468294,0.84226567,0.05961494,0.0048886104,-1.8058524,0.0006599359,-0.23944263,0.06381473,0.0057349703,0.0011346544,-0.12424617,-0.4396516,-0.0038439531,0.030143498,0.0010355848,0.082224555,2.299644,-0.05599706,-0.051086586,0.0050601414,0.0044668396,0.015006642,0.008587918,0.00024042395,0.003629777,-0.0127693005,-0.014073607,0.02363958,0.2629671,0.022162508,-0.0050610187,0.0001710287,-0.017671876,-0.004338894,0.03196835,0.011959746
0.989939,0.8652573,-0.005975439,0.0032310844,-1.4008273,0.008703778,-0.215008,-0.01467,0.0011243639,0.0023100732,0.018544659,-0.18218984,-0.007472054,0.0029954473,0.00086636737,-0.023609115,0.36082533,-0.015578717,-0.07381261,-0.00065473065,0.0077497214,-0.025363352,9.7617136e-05,-0.0006451325,0.0012579534,0.007873584,-0.004631825,-0.21413693,-0.14647636,-0.011067146,0.030168438,0.003732485,0.0056674057,0.0018666277,-0.013592737,-0.020196352
-7.3046117,-0.6022987,-0.029619347,0.0023477827,1.2220116,-0.00096098013,-0.12206957,-0.003540563,-0.019087702,0.0023105824,-0.022752155,-0.071038835,-0.0014528258,-0.004412067,8.558326e-05,-0.002752596,-1.1771994,-0.032152876,0.08044771,-0.0025126205,-0.009765823,0.00813706,-0.0028319769,-0.00015088046,0.0046079736,-0.010320254,0.003146191,-0.084776655,-0.13389444,-0.005264877,0.0013544706,0.0011612368,-0.0015805587,-0.001226904,0.013644659,-0.0018255893
15.073725,0.9785221,0.066069074,0.004517011,-1.7609329,0.005611208,-0.026376873,0.008427295,0.008716865,0.0030263092,0.051158685,0.2269688,0.0143829305,0.00037166593,0.0055561946,0.039558835,3.4650226,-0.025135942,-0.07818017,0.022263542,0.017429188,-0.06295378,-0.010705083,-0.0024537689,-0.0124143,0.025146425,-0.01901335,-0.03671905,0.36069202,-0.0100558605,0.013204212,-1.6315327e-05,-0.018843792,0.0001829658,-0.03228569,0.001394807
23.630625,1.3329474,0.058805037,-0.0071816538,1.0863295,-0.008951938,0.10474866,0.015659863,0.0284485,0.0041290815,0.11059339,0.31124878,0.053591542,-0.0038209835,0.0023446223,0.08511658,4.20903,0.039359704,-0.09667769,8.41639e-05,0.019944321,-0.019653428,-0.005236799,-0.0009216912,-0.006525025,0.011106254,-0.016171018,0.4990785,0.5126969,0.00044882408,-0.018884659,0.0020679652,-0.000827654,-0.00020555843,-0.022898704,0.0010847464
-7.251033,-0.4939445,0.026273366,0.00081938476,1.2236472,-0.0027760721,-0.041446954,0.0055769505,0.012449624,0.0037688275,-0.02821578,-0.09318633,0.004366559,-0.0018565141,0.0017652808,0.0016546604,-1.2149196,0.0014439895,0.07957374,-0.00410258,0.0008710268,-0.028730737,-0.0056857504,0.0011722561,-0.0039772736,0.0057126987,-0.010864581,-0.07772372,-0.14458978,-0.0023588254,0.0015681533,2.4353334e-05,0.0022214209,-0.0046351063,-0.013101435,-0.0010861587
-7.3335805,-0.59940463,-0.029120112,-0.0036097134,0.1924367,-0.0024988775,-0.08662399,-0.0016004539,0.0019888114,0.00233817,0.015197441,-0.06855926,-0.001925729,-0.004879727,-0.0001132602,-0.0030254158,-1.2365057,-0.03740809,0.0784158,-0.0030034864,-0.008517708,0.028045416,-0.0020166172,-0.0016693558,0.00011804983,-0.0019362901,-0.007600148,-0.25444135,-0.13574494,-0.0063714357,-0.0059434525,0.0022846442,0.0011185814,7.304613e-05,0.0016664088,-8.142167e-05
15.165431,1.2004983,-0.0050112475,-0.0066320156,0.18500043,-0.023310019,0.1174548,-0.0020218831,-0.0038169895,0.0042322134,0.044736955,0.38700566,-0.057382796,-0.009266492,0.004445667,0.06624154,3.286361,-0.021064213,-0.14371791,0.0005676541,0.0053663473,-0.008303943,-0.006556841,-0.0070631397,-0.011055851,0.021247422,-0.014365489,0.27782437,0.3203161,-0.00062470295,-0.029001325,0.001968719,0.0015880344,-0.005373864,-0.027804647,0.0053412854
-7.3155127,-0.6070346,-0.03531805,7.813752e-06,-1.2336311,0.0003642798,-0.152756,-0.0024831665,-0.0345445,0.0035023722,0.015079834,-0.06907164,-0.001786715,-0.0062692715,-0.0013234654,-0.0026514416,-1.2599443,-0.03607305,0.08346622,-0.0033789375,-0.010560725,0.069121495,-0.002411426,0.0040683053,0.011006727,-0.008981035,-0.008228716,-0.49168152,-0.16156732,-0.0077613094,0.0014041985,0.00030361692,0.0074629756,0.0039449767,0.014363332,0.0022237338
9.955283,0.7551255,0.01938385,-0.0009223329,1.347834,-0.009421645,0.14166148,0.00153255,-0.04332719,-0.014887527,-0.14910302,-0.046027597,-0.0253467,0.0035825446,-0.012807362,0.18282752,2.3168743,-0.11980215,-0.027201261,0.008126173,0.026525607,0.04760441,-0.014159107,-0.009989607,-0.029151643,0.0075000064,0.0020695347,0.42249614,0.19452341,0.018722702,-0.050322946,0.00024611907,-0.005450673,-0.011965966,-0.024819368,-0.015586819
-0.27510238,-1.7578474,-0.015498934,0.004005418,0.5814598,0.011197356,-0.06443191,0.00060609716,-0.013955786,-0.03070109,-0.023297053,0.17954804,-0.001814163,0.008773053,0.0008159644,-0.023866702,2.5685525,-0.18480922,-0.010958886,0.0028855407,0.023331307,0.03276816,0.012268871,-0.0013151875,-0.0027019046,-0.08610854,0.007894618,-0.06158334,0.39129373,-0.00088618457,0.0274187,-0.0008734917,-0.0067181513,0.0054859086,0.03835444,0.0053940616
5.850655,-0.36482075,0.035173655,0.002338194,0.15449741,0.010234558,-0.085663,0.0118921185,0.02605329,0.0054137297,0.034409307,0.2858738,-0.006539486,0.011128114,-0.004221898,0.023251522,2.0496595,0.087665856,0.1313755,-0.0009918469,0.013935667,0.070139945,0.008343422,0.009152299,-0.0022792432,-0.007244537,-0.004026286,-0.8251077,0.29677513,-0.00443189,-0.09155344,0.0013124078,-0.028317437,0.0013382009,0.045483243,-0.008661262
-6.214807,-0.51358426,-0.003547313,0.0020744796,1.2594649,-0.00022460232,-0.045785427,0.0029308253,-0.013627054,-0.0058397725,0.016546322,-0.09384215,0.00081285124,0.0051845154,0.00028442047,-0.009415783,-0.69890416,-0.018935863,0.04638407,0.0033387004,0.002499323,-0.023414409,-0.0033310358,-0.0013811702,9.005146e-05,-0.010763228,0.0076673706,-0.14829975,-0.13422467,-0.006274459,-0.00302084,0.0018309903,0.012290088,0.0038391377,0.017527664,0.00022574692
14.763445,1.0626463,0.032048617,-0.0024056388,1.275621,0.003123349,0.16011225,0.023066904,-0.007980834,0.0042505595,0.04371868,0.28089696,-0.009776559,0.013029194,0.002435722,0.05387201,3.0315442,-0.1886857,0.039463937,0.024197873,0.017486997,-0.02397579,0.023296168,0.008479271,0.0010726284,0.12488136,0.010527626,0.021476021,0.28886724,-0.0055932617,0.0032264828,0.009273587,0.0015936416,0.009322914,-0.051497072,-0.029201582
-7.372812,-0.6115503,-0.036805294,-0.009924749,1.2020127,0.0029984443,-0.027980855,-0.0034555194,-0.027069783,0.003458851,0.012894951,-0.069301255,-0.00079323223,-0.0054934085,-0.00081411266,-0.0029394464,-1.1857613,-0.032936756,0.08574648,-0.002329712,-0.01291107,-0.039064854,0.0026520642,0.0007388383,0.0067060026,0.0066309148,0.008339012,-0.1337216,-0.1437691,-0.007417813,-0.001526301,0.0022892235,-0.0009525933,-0.0007846954,-0.0078011816,0.0017091337
0.25481194,0.0011804921,0.0208242,-0.004448505,-1.7558845,-0.0004453491,-0.29180816,0.011319758,0.00898267,0.001799158,-0.042267587,-0.17181703,-0.0015547251,0.009822441,-0.001363477,0.01382139,0.3675729,0.017256549,-0.0062261764,0.0048729447,0.0014519979,-0.012518996,0.0017399827,-0.0021699953,-0.0073035154,-0.009267169,0.009874406,-0.08695668,-0.06929411,-0.004463096,0.023773164,-0.0014970906,-0.0034052434,-0.0011799997,0.029629638,-0.008170156
12.758042,1.1120315,0.020076567,-0.008776134,-0.7332594,0.0030499722,-0.18970808,0.004963067,-0.004821351,0.003977723,0.036356907,0.19402574,-0.019936586,-0.0005687382,0.0005495066,0.055752024,3.2456155,-0.016998194,-0.1136286,0.00138627,0.012798549,0.07581459,0.015296797,0.0025731695,0.0050868075,0.024848362,-0.023938363,-0.23264298,0.340601,-0.0071295453,-0.0011402811,0.0021877706,0.0012423262,-0.00016990086,-0.029780636,-0.027422877
-7.3140926,-0.63407886,-0.02004808,-0.0014007853,1.2041541,-0.00028573564,-0.043358114,-0.003419079,0.0117335245,0.0033590023,0.0067343535,-0.08042997,0.0029521284,-0.0024342455,-0.001316906,-0.0037203229,-1.2133024,-0.03056751,0.08980093,0.00022226013,-0.0016327734,-0.025646502,0.0015553501,0.0018270479,-0.0025229251,0.006850738,0.002812842,-0.09830376,-0.13693228,-0.008090565,-0.008637509,0.0015489144,-0.0018342197,-9.00783e-05,-0.007639299,0.00037296812
10.0976095,1.1278177,-0.032238495,0.0043233563,-1.9826134,0.008812219,-0.14084943,-0.022499794,0.01761958,0.004630065,-0.12329116,-0.106885605,-0.005082144,-0.0070259664,0.0062573175,0.06892313,2.4930773,-0.057167944,-0.10137679,0.0016807899,-0.0060318997,-0.067496,0.011235099,-0.00021348079,6.4486034e-05,0.020020425,-0.0125873005,0.10480157,0.17663231,0.009191508,-0.018804172,-0.008076976,-0.010209607,-0.0042743757,-0.02287036,0.019047137
-7.2935586,-0.6311231,-0.01914556,-0.00016966906,1.2094297,-0.0014479315,-0.07257653,-0.0022856707,-0.005746644,0.002641633,0.013202561,-0.08231059,0.0034269511,0.00014228118,0.0013031138,-0.0050135017,-1.20362,-0.026829071,0.08876063,0.00033919283,0.00024323404,-0.030945819,0.0017770228,0.0014016711,-0.00015301036,-0.003367565,-0.008445629,-0.10008631,-0.13117172,-0.00638865,-0.0078059263,0.0028461798,0.00026256684,0.0010247353,0.0025404326,0.0011204808
21.129747,1.2816727,-0.030174674,-0.001994025,1.141666,0.0167047,0.1449043,0.00024061561,-0.003527129,0.0041831303,0.08856011,0.31624684,0.05134465,-0.0048711807,-0.00025735595,0.07053056,3.5836847,-0.013298015,-0.06667101,-0.003921124,0.0019680778,-0.024774222,-0.0287419,0.0007017653,0.00025070345,0.02675994,0.0012468236,0.50242853,0.44315383,-0.00057151326,-0.027378153,-0.00299904,0.0034507213,-0.0007427833,-0.026486048,0.0037589562
-7.2504673,-0.76009697,-0.009532412,0.0016877274,-1.7935754,-0.0031444186,-0.16614151,0.0074053,-0.037296288,-0.021888198,0.015396262,-0.100032456,-0.0012798205,0.00892813,0.0033047,-0.036300324,0.020375775,-0.037073903,0.046244804,0.00080811616,-0.00055702083,0.033272814,0.004622086,0.000950387,0.0017939565,-0.012213188,0.008726635,-0.4203631,-0.20842344,-0.006928086,0.00058702833,0.0075085,0.0006737236,0.0007778943,0.0068504615,-0.0029817629
-3.213031,-0.08093301,0.021680273,-0.00458677,1.2419796,0.00073394435,0.104740016,0.020196486,-0.006572433,0.0029078403,-0.05671715,-0.16928512,-0.0011721343,0.0077980524,-0.0030178153,0.0022894472,-0.34796456,-0.023119025,0.045874745,0.0029637427,-0.002373002,0.021955911,-0.00661098,-5.819967e-05,0.003983036,-0.0038082171,0.011365351,-0.0711914,-0.20116566,-0.0008382636,-0.0022708545,-0.00066991616,0.00820134,-0.0009858612,0.0049288566,-0.0019059601
-7.344116,-0.6571332,-0.0022500162,0.0014762393,1.2008924,-0.0030088979,-0.039573763,0.007467115,-0.031961154,0.0029273485,0.013310329,-0.08359971,-0.0011800965,0.009835981,0.00027295967,-0.00272609,-1.1684813,-0.02408982,0.08642436,0.0020347359,0.00044600124,-0.025112992,0.0013176615,0.00029952335,0.007192516,-0.011680312,0.004182766,-0.10303705,-0.14410582,-0.0076408815,-0.000424918,0.00047052253,-0.0014041994,7.6250464e-05,0.0129046,0.00060911255
-7.2826385,-0.6291046,-0.0021707828,-0.0033781913,1.3153467,-0.0038032322,0.031255063,-0.0014178299,-0.0076718293,0.0029649944,0.018978639,-0.0846931,-0.006829905,0.000831368,-0.0016402858,-0.0035272888,-1.1889669,-0.027854497,0.091952346,0.0020367187,0.0035411704,0.0700321,-0.0046836394,0.00030426067,0.0035923265,0.0055893147,0.009291629,-0.26783392,-0.13332073,-0.0069886916,-0.006198687,0.0011725732,0.001302233,-0.0017795424,-0.011837609,0.0025061925
-7.28168,-0.61316806,-0.02399959,-0.0017074741,1.197387,-0.0011746212,-0.06719312,-0.005013208,-0.002111615,0.0022799675,0.0066819065,-0.07879775,-0.0075302334,-0.0009988318,0.0015836032,-0.0024377338,-1.2031891,-0.03394833,0.086479686,-0.00033192264,-0.0015172021,-0.023704197,-0.0020274222,0.0002183126,0.0016068871,0.0044707633,-0.008513355,-0.09213725,-0.13205057,-0.0057270387,-0.008185424,0.002196041,-0.0023724649,0.0006291317,-0.008588354,0.00083817844
-7.2547455,-0.6258274,-0.03113393,-0.0017584041,-0.9879198,0.0010526698,-0.12777351,-0.004839228,-0.025157986,0.0030790628,0.012315233,-0.06839326,-0.001970138,-0.005175298,-0.0003548233,-0.0014498793,-1.2808957,-0.042593382,0.07998857,-0.005530685,-0.010546663,-0.06104455,-0.002496034,0.00028486768,0.004574333,0.005198405,-0.0073770583,-0.24815582,-0.15089148,-0.008541519,7.090924e-05,0.0040233554,-0.0036600032,-0.0018321109,-0.0076775807,-0.00029783917
-7.302578,-0.6168333,-0.02051188,0.0014418437,1.2644895,-0.0009491636,-0.07827637,-0.0032769549,0.0036709043,0.0023380236,0.013153514,-0.082098484,0.0030136376,-0.002983309,-0.00033156312,-0.0024796722,-1.2135794,-0.03407545,0.081569396,-8.34029e-05,-0.001592055,0.0020936513,-0.004215857,-0.0010061649,0.00015901342,0.005507251,0.0068666767,-0.20194049,-0.14380722,-0.0070264223,-0.007684948,0.0029519484,0.00082330056,0.00030032583,-0.007480348,0.0012107678
-7.2524953,-0.6754764,0.008484274,-0.0026405964,-1.0690298,-0.0018196751,-0.08309957,0.004531512,-0.029045144,0.0034131561,-0.01928768,-0.085480064,-0.0018902003,0.009921899,0.00049378944,-0.0049410043,-1.2884579,-0.039064966,0.08949307,0.0011115056,-0.0003795063,0.047953304,-0.004576975,0.0006300154,0.0014085904,0.0037074701,0.0066549927,-0.31749257,-0.1565393,-0.005741802,0.0049630967,0.00144196,0.0075704684,0.0012415646,-0.011981093,-0.002373323
9.918049,1.248225,-0.06007706,-0.0019740919,0.33781898,-0.010007891,0.12460205,0.0017234794,-0.0017693172,0.003657439,-0.013183264,0.33030486,-0.01410517,-0.009828929,-0.0030976236,0.03147641,2.3918605,-0.036211096,-0.124709606,0.0053593745,0.013693171,0.04669419,0.012567905,-0.0034114951,-0.0005419901,0.012361666,-0.021773756,0.07129707,0.24298102,0.0016484816,-0.026321601,-0.00028314142,-0.0071275393,-0.0007436935,-0.02361084,0.000356358
21.733349,1.2064382,0.041107293,-0.0039094035,-1.5520337,-0.010347986,-0.31026945,-0.0066399337,0.045653626,0.0027678148,0.13118827,0.28720295,0.009725891,-0.0008653115,0.0007576258,0.077399485,4.145422,0.030750081,-0.087267905,0.003729767,0.010705465,0.03731065,0.011259646,-0.003019498,-0.0032933187,-0.0055571003,-0.017709928,0.3412548,0.5155739,3.0242285e-05,-0.020294497,-0.0014892378,-0.010588903,-0.0074417586,-0.032070678,-0.0068146056
-7.287966,-0.6054185,-0.035357855,-0.00055041973,1.2000403,0.0013597666,-0.0656993,-0.0037503026,-0.031713307,0.0035507472,0.015043578,-0.07174716,-0.0014331102,-0.004817549,0.00015827279,-0.0031037396,-1.1740888,-0.035602514,0.083916485,-0.0014068263,-0.012784106,-0.025408404,-0.0035427061,0.0015990973,0.0066998447,0.0065730345,0.008116742,-0.112169094,-0.14373954,-0.007916385,-0.0014824572,0.005423126,-0.0022419698,0.0016990338,-0.0064776964,0.00079916837
2.4181435,0.86325324,0.018425735,-0.0023343007,1.3243301,-0.0012685827,0.13149692,0.009567964,0.0042363964,0.0012983066,-0.061773412,-0.26227146,-0.00033096832,0.023820853,0.0040442594,0.049363937,0.09199725,-0.056100145,-0.059206847,0.0051566237,0.013469453,0.001539763,-0.0061049126,0.00031684662,0.006727083,-0.01183496,0.023164567,0.11167934,-0.11434294,0.014798632,-0.006091242,-0.0057031303,0.004418629,-0.00021313287,0.0065257237,0.013248454
-7.2857013,-0.6028959,-0.02705503,-0.0012008578,1.2190076,-0.0022770374,-0.09038788,-0.0040730895,0.009578448,0.0023646846,-0.021045003,-0.07761495,-0.0006020742,-0.0049493313,0.00021081891,-0.0045281625,-1.2210445,-0.03490835,0.08494316,-0.0009677631,-0.004379692,-0.0307628,0.0040758853,0.0003154488,0.00051648234,0.0062051713,-0.0068865614,-0.082111694,-0.1412454,-0.005950512,0.007232506,0.0020498112,-0.0010672377,0.0006482167,-0.0076856455,0.00089797424
-7.332705,-0.63659215,0.0054553817,-0.001209118,1.2071166,0.00017613315,-0.02300832,-0.0018798222,0.012138046,0.0035138454,-0.020871509,-0.08444288,0.0037325157,-0.0013313196,0.00028115895,-0.003892454,-1.2371408,-0.029937422,0.08978354,0.00011939669,-0.0005422176,-0.026933417,-0.0046467776,0.0025099763,-0.0043205013,0.00668394,-0.009389737,-0.07362877,-0.13122615,-0.0062700417,0.0020206263,0.0005188209,-0.0012525463,-0.0005212076,-0.007643466,-0.003420112
-7.3696494,-0.63795465,0.008441161,-0.010110754,1.2059271,0.0010710357,-0.04346181,-0.006294756,0.0068538436,0.0036981448,-0.00532704,-0.08560918,0.00442932,-0.0016073356,0.00055100606,-0.0025014984,-1.2270852,-0.027975313,0.0899503,0.00039372055,0.0024129099,-0.020311844,-0.003962194,0.00564874,-0.0021698058,0.006227442,-0.0093993265,-0.10199583,-0.14149986,-0.008857022,-0.009280469,0.0011364279,-0.00021085712,8.5000225e-05,-0.01241571,-0.0004461126
1.5408919,0.91312623,-0.04735084,-0.00053833466,-1.1303096,-0.0081485845,-0.28097764,-0.016698467,0.013311473,0.0028418326,0.019969417,-0.18148954,0.0036776462,-0.012247067,-0.0032834683,-0.02318733,0.35893297,-0.01055939,-0.0718285,-0.0020197204,0.0055860044,0.03051467,-0.0019553131,0.0009869991,-0.00048608612,0.0075574317,-0.030595368,-0.21364309,-0.008409995,-0.0089691635,0.027356593,-0.00038872237,0.0013039184,0.0034434458,-0.01124707,0.004601847
-5.2161846,0.07345856,-0.06033934,-0.002822928,1.2019072,-0.00079908373,-0.0011808001,-0.015805641,-0.037054796,0.003919615,0.015354889,-0.06394773,-0.00093383197,-0.010248201,-0.0006741072,0.03019211,-0.89245176,-0.0235469,0.046479534,-0.008634778,-0.016355593,-0.025113259,-0.004942412,0.003293128,0.017998088,-0.010595142,-0.0009429324,-0.11565867,-0.21203998,-0.008024781,-0.0028008602,0.0015967255,0.0027464665,0.0060821506,0.0190445,-0.00101195
-7.245802,-0.6673914,0.0063711777,0.0003266615,-0.7411142,-0.0013386126,-0.12399968,0.0046939678,-0.015614344,0.0030655628,-0.006448007,-0.08242671,-0.0023733107,0.0057433485,0.0005164972,-0.00066352583,-1.2684424,-0.034022935,0.08990044,-0.00015428249,0.0010024054,-0.06754991,-0.0063856705,0.00013366858,0.008056717,0.006496581,0.0051081013,-0.10574383,-0.14897354,-0.006282741,0.00087049865,0.001027522,-0.003314932,-0.0018960554,-0.0077222274,-0.0023082905
-7.29466,-0.59878474,-0.035026632,0.0009429042,1.2101096,-0.0012244508,-0.087681994,-0.0046013356,-0.035057355,0.0030153603,0.013214696,-0.07076462,-0.0016710274,-0.0049610445,-0.00023373748,-0.0021216641,-1.1572057,-0.033556666,0.0827213,-0.002650839,-0.013329304,-0.03147707,-0.004403229,0.0031253782,0.0077129276,0.0031897402,0.0032435711,-0.12071931,-0.14598502,-0.00756306,0.00013114949,0.0050746584,-0.0011112067,0.0051877005,-0.008188256,0.0013020483
-3.0413885,-0.14445817,0.00151828,-0.0028387706,1.2715197,0.0011230637,0.109014764,0.0028221055,-0.011899512,0.003231787,0.021253021,-0.11069222,0.0051817195,0.0017597169,-0.0005720855,-0.018525599,-0.23049228,0.011148373,0.048816077,0.0021067695,0.0011607052,0.0011518068,0.008870981,0.00060862495,0.00016468839,-0.0069695935,0.015537175,-0.25766802,-0.1527476,-0.0053267456,-0.008791206,0.009967407,0.013244256,0.0012036511,-0.010539412,0.014459273
4.0390143,0.1689171,0.0429636,-0.006055231,-1.8661566,0.009778116,-0.09404051,0.022862019,0.018125903,0.0020054043,-0.13990742,-0.3118266,0.004871453,0.00240713,9.995314e-05,0.07776814,2.195331,-0.0156501,-0.051829174,0.00036274787,-0.0008115027,-0.022013832,0.0070162704,0.01098012,-0.0036074151,-0.023290807,0.0012990874,0.021784026,0.17780055,0.0142974565,-0.001723395,-0.006950303,0.009085148,0.0059943018,-0.02070789,0.011722374
-2.2890944,0.39446142,-0.019204356,0.004227759,1.1734021,-0.0074600414,0.03269595,-0.008431544,0.020598073,0.0042945617,0.023541473,-0.25603005,0.0050715776,-0.0015355357,-0.001341288,-0.034022618,-0.3345448,0.0047366745,-0.045699496,0.0019823718,0.006414464,0.0022362275,0.015434784,0.0019002357,0.0005137023,0.005753014,-0.03870874,-0.19599351,-0.18937172,-0.009927226,0.0016121058,0.0040075267,0.006936197,-0.0011262334,-0.004696705,0.0012435659
-7.35914,-0.67025226,-0.020633962,0.0048946883,-2.3752172,-0.0008614699,-0.076566175,0.01827982,-0.027672507,-0.0031338856,0.016825281,-0.08031711,-0.006741208,-0.0010636023,-0.0003652087,-0.0039804652,-1.2401534,-0.021242542,0.09873588,0.005776227,0.008425157,-0.1289363,-0.0032758077,0.0067799003,0.015462299,-0.008250526,0.0077060983,-0.15899408,-0.14733587,-0.008502084,-0.00038563,0.0025774986,-0.0040968074,0.0075315866,0.014493379,0.00051676977
-3.1033714,-0.01835708,0.016150855,-0.011610692,0.016418004,0.0009732668,-0.05385017,0.005161302,-0.0038235555,0.0025937653,-0.054825135,-0.17106073,-0.0030303271,0.006189506,0.0020568827,-0.009026297,-0.4066279,-0.028064381,0.0006713606,0.003966954,-0.0025610304,0.079790965,-0.003563956,-0.001239654,-0.00054096465,-0.012630081,0.012546935,-0.07401609,-0.12413078,0.000905298,-0.0008225784,-0.00064323255,0.002184196,-0.00019318503,-0.0010514461,-0.0043523833
1.6893405,0.99103653,0.031304166,-0.0028635412,-0.80356985,-0.015978478,0.033327978,-0.011823275,0.008908671,0.0021466315,-0.06937237,-0.20189357,-0.009597352,-0.0007679131,0.0017101822,0.041284293,0.29308036,-0.02955969,-0.08042398,0.0037944084,0.0056247977,0.054183953,0.0054300963,0.00039652854,-0.004450867,0.002525264,-0.02580072,-0.015209082,-0.16019171,0.0074863452,-0.031128528,0.0012245997,0.004136901,-0.0027440183,-0.014429693,0.0060710823
-7.459564,-0.6349755,-0.0045679286,-0.0002786024,1.2106917,-0.0003326189,-0.036316637,-0.0012717247,0.0034569988,0.0031198626,0.012564507,-0.0847438,0.004437596,-0.0012897502,0.00083780783,-0.0033565667,-1.2250575,-0.01550716,0.0954226,0.0025034272,-0.0004022083,-0.031481918,0.00069823774,0.0029335623,-0.00058980694,-0.0017481649,-0.008918985,-0.1278858,-0.12875244,-0.007052844,-0.00991698,0.0019239201,0.0013276679,-0.00048091068,-0.0028357352,0.0009747989
-5.8234816,0.05673632,-0.040690962,-0.00012348978,-0.78168774,0.0016509284,-0.15639047,-0.012843717,-0.0003422619,0.003225375,0.020019876,-0.080758326,-0.0048639337,-0.0019664227,0.0022025122,-0.0022459088,-1.0370421,-0.038777787,0.008305106,-0.0071886675,0.0022672503,0.036229704,-0.005452428,-0.0033386224,-0.0011985825,0.0032832162,-0.0074641984,-0.36810732,-0.21057425,-0.0055274973,-0.0061323456,0.0023047938,0.0014004557,-0.0016552407,-0.013858316,0.0021678105
-7.308131,-0.6475413,0.015566196,0.0002750819,0.68852794,-0.0007574432,-0.07179141,0.0030751107,0.0033102734,0.0026129754,0.0073221773,-0.082042105,-0.0020635051,0.0054790922,0.00065760466,-0.0035615976,-1.2445593,-0.033102557,0.08813523,0.00033306575,-0.0013739625,-0.004767968,0.006292945,0.0020952811,0.0015817075,0.006125189,-0.010341889,-0.20985962,-0.14104715,-0.006068539,-0.004306774,-0.00060197426,-0.003407817,-0.0010259105,-0.007899416,-0.00039060274
10.196019,-0.4320791,0.06332951,0.0016842717,1.4244149,-0.006730054,0.16384952,0.013156587,0.013497296,0.006210575,0.013763034,0.22387786,-0.0040613855,0.008132595,-0.0017513143,0.028225323,2.547709,0.1422808,0.02084039,0.0050274497,0.014201193,-0.022741526,-0.008208663,-0.002754301,-0.0022147344,-0.018426621,0.012465947,0.029908607,0.30702326,0.00571765,0.0022937078,-0.001880594,-0.006448158,-0.0042654364,0.050208546,0.014195405
-6.7976956,-0.37656203,0.01269756,0.0020655661,-0.28727758,-0.0010431599,-0.10411512,0.0040524113,-0.0053626257,0.0016090232,-0.027801707,-0.09735457,-0.002443899,0.008433929,0.00080722664,-0.0002898789,-1.2477313,-0.002686898,0.076057255,0.0017727237,0.0008227746,0.014221773,-0.0042253695,-0.0017880601,-0.003192404,-0.0013994907,0.009454706,-0.12243415,-0.15700042,-0.0038362925,0.0036354838,-0.0007653517,-0.001968703,-0.0020501954,-0.0011440072,-0.0012873069
-7.2764635,-0.6480445,0.014919647,0.000501248,-0.5604969,-0.0017040869,-0.065913156,0.0069396542,0.009952327,0.0029565238,-0.022805572,-0.08463983,0.00261957,0.00063487486,-0.00031419063,-0.0042326273,-1.3192842,-0.03520209,0.09336823,-0.004735839,0.0013924823,-0.07535766,-0.009918128,0.00042017642,0.002193609,0.005787072,-0.008690387,-0.06977907,-0.14515722,-0.006318054,0.0049309144,0.00024476266,-0.0021351248,-0.0007191242,-0.007697107,-0.002703991
-7.329505,-0.6779377,0.02183264,-0.00023287398,-1.1913451,-0.00034104456,-0.034106676,0.00042762642,0.004807177,0.0021123113,-0.026170012,-0.08313667,-0.0026583239,0.0015664252,0.00028127886,-0.0053938394,-1.3784022,-0.006427077,0.09136761,0.0010927023,0.004055114,-0.146172,0.0067544645,0.0025613955,0.0011492764,0.0013656102,0.0063730995,-0.0772842,-0.16378975,-0.0058677164,0.0015109761,0.0041035204,-0.0053134807,-1.4613656e-06,-0.010513954,-0.0071208356
15.071807,1.074722,0.05769909,-0.009395114,-1.7992496,-0.005245827,-0.28323525,0.006191412,0.044802994,0.0030153194,-0.25780386,-0.058268607,0.011071478,-0.0023751145,0.001440976,0.20674185,2.7650392,-0.07090727,-0.035285518,0.009454903,0.0185548,0.009466057,-0.0121761765,-0.006859253,0.00080492604,0.012437504,0.021752268,0.39421642,0.26097685,0.020602927,-0.040348236,0.004917341,0.008309822,-0.012807545,-0.028390164,0.008221099
8.660552,1.182902,0.038874604,0.0055623516,-1.7782124,-0.018272052,-0.25119027,-0.024402175,0.0011775654,0.0028413376,-0.015155649,0.33505884,-0.020131573,-0.0046348264,0.0025559887,0.060145758,2.5696745,-0.045248836,-0.090366535,0.0286991,0.030392056,0.020352121,0.009300277,-0.0029203387,-0.005874256,0.0045908126,-0.026232932,0.03968952,0.28902292,-0.0014339971,-0.063674435,0.010855694,0.0024546387,-0.0059150225,-0.027613506,0.009581047
0.48190212,-0.71262664,-0.027378684,0.0031943065,-0.66315776,-0.038785867,-0.030939134,-0.011503921,0.01563552,0.00939128,-0.085085,0.030982587,0.009646088,-0.014718699,0.0068640746,0.0840418,2.386484,-0.13543946,0.026715083,-0.00034267217,-0.0034810482,-0.02409763,-0.011607046,7.960352e-05,0.004976539,-0.23382147,-0.00814542,0.47563222,0.267539,-0.015639182,-0.08014716,-0.000750864,0.0029262602,-0.0023862554,-0.059124697,-0.10069953
-7.3220716,-0.6386014,0.008647464,-0.0010909458,1.2132043,7.399435e-05,-0.044594757,0.000531837,-0.001819885,0.0025777044,0.0073466515,-0.08362094,-0.007929251,0.0006500922,-0.0011073649,-0.0051208506,-1.2113347,-0.02805939,0.08900571,-0.0010992959,-0.00089496846,-0.032058805,0.0024492706,-0.00074479677,0.0027432095,0.0066252314,-0.0072650053,-0.09683636,-0.13602683,-0.0055320812,-0.0070907436,0.00014255155,-0.0022211536,0.0019542954,-0.008164881,-0.0010459119
-7.307749,-0.6406398,0.0046491055,0.0016708635,1.2084932,-0.0014886609,-0.065257765,-0.002107008,-0.0008035064,0.002096911,0.010516216,-0.08374531,-0.010719678,0.0007042082,-0.0005453509,-0.004187761,-1.1986245,-0.025418077,0.085865,-0.0031574962,0.00058376783,-0.033311713,0.003857672,0.0009691285,0.0023074136,-0.00950794,-0.007400632,-0.097992904,-0.13915253,-0.006155439,-0.008038898,-1.8789906e-05,-0.0001771199,0.0012435815,0.013664585,-0.002111796
-4.131487,0.44031477,-0.055366177,-0.0030641719,1.251046,3.7181371e-06,0.010432566,-0.014388556,-0.019874897,0.004733017,0.015130384,-0.14391261,-0.0013198382,-0.020821916,-0.0018315715,0.008527283,-0.8922897,-0.026828993,-0.04165154,-0.0072451965,-0.019860664,-0.02437894,0.0023805653,0.0011655856,0.0023293463,0.006575718,-0.00558224,-0.11947738,-0.20940347,-0.0076420954,-0.00669117,0.005547531,0.011383504,0.0007595122,-0.011830371,-2.2103732e-05
-7.2949085,-0.636277,0.008450377,-0.0012624627,1.2063559,-0.0004705476,-0.0622415,-0.0020480442,0.006236555,0.002917948,-0.005294844,-0.08335832,-0.008499157,0.00044817384,-0.0013305518,-0.0057571502,-1.2017623,-0.030012395,0.08810961,-0.0008257646,-0.0005815918,-0.028686577,0.0039111944,4.9188916e-06,0.0021029604,0.0064380127,-0.009394413,-0.09043844,-0.13751793,-0.005704328,-0.0073591014,0.00021073857,-0.0023828389,0.00077227596,-0.008358548,-0.0008388179
1.8416567,0.1354347,0.029272942,-0.00021094039,-1.902663,-0.0017243432,-0.33168143,0.012354424,0.03062072,0.0023517532,0.029046362,-0.17639804,-0.0030826032,0.007848877,-0.005006721,-0.031802062,1.0660629,-0.037952915,-0.0128147025,0.00525197,0.009601261,0.034777936,-0.007911375,-0.0047869002,0.0034674772,-0.015822142,-0.0064967317,-0.24802795,0.017854055,0.0018977238,0.03135698,0.006578083,-0.013899618,0.0015188454,-0.0029417342,-0.0014623551
4.6623874,0.6059608,-0.007135521,-0.0022469033,1.317629,-0.0072677783,0.03572384,-0.010591423,0.05066373,0.005788538,0.04849088,-0.43868712,0.01027536,0.002893798,-0.0030149794,-0.02950115,1.8018295,-0.013240277,-0.044250846,0.0013022819,0.008100745,-0.013672926,-0.016968688,-0.0001684696,-0.006364819,0.014250908,-0.023445541,-0.48654374,0.13553753,-0.00937948,0.026686106,2.6312364e-05,0.020767534,-0.0014508019,-0.018537484,-0.007937307
-7.300615,-0.60354173,-0.03144273,-0.00091592956,1.2026054,-0.0010754575,-0.04521282,-0.0039838753,0.0011914059,0.0025768348,0.00663209,-0.072000146,-0.0015038111,-0.004760047,0.000324288,-0.0032399471,-1.2059765,-0.030553577,0.08443307,-0.0034884792,-0.011697982,-0.025168357,-0.0041655796,-0.00082726066,0.0023029936,0.0063833427,-0.007282711,-0.09707235,-0.13924226,-0.0075252224,-0.00908342,0.0030100641,-0.002032134,-0.00018759994,-0.0065575736,0.00063295325
-7.304797,-0.63036156,0.0019018044,-0.0013286498,1.2194105,-0.0035648101,-0.11998352,-0.0010320684,0.002480302,0.002456077,0.010548853,-0.079956375,-0.010558516,0.00053412083,0.0011648206,-0.0047421292,-1.2100046,-0.031543523,0.08860835,-0.0027714788,-0.00028243056,0.0060696066,-0.005929175,-0.00040333605,0.00066421274,0.0063698962,-0.008770732,-0.10626596,-0.13127837,-0.0064328597,-0.0072945245,0.0012910279,-0.0021868185,-0.00070246094,-0.006998079,-0.0009816331
7.6816683,1.111837,-0.078459,0.0022692,-0.41174364,-0.009738201,-0.0741909,-0.002922587,0.0020827772,0.0044079055,0.10567335,0.30170926,-0.010829631,-0.010239934,0.0005117521,0.027127475,2.3183227,-0.016451959,-0.09393988,-0.027254434,0.0027273204,-0.059472922,-0.009916191,0.0073748953,0.003737263,0.0015369691,-0.0134013025,-0.31258848,0.21568114,-0.011609964,-0.00049467693,0.006910129,-0.006408347,0.0069679474,-0.022962246,-0.0068116444
-7.28154,-0.6281712,-0.021085095,-0.0027842382,-2.0380673,-0.004673453,-0.14592382,-0.004369994,-0.0017084798,0.0025641327,-0.025116071,-0.08263232,-0.0022123717,-0.006175258,-0.0007880352,-0.013965357,-1.3895581,-0.013294683,0.08670544,0.00024995257,-0.0013217683,-0.01722262,-0.006136953,0.00041062236,0.0002611781,0.0047729793,0.005059048,-0.09367045,-0.16172954,-0.006296805,-0.00015467088,0.0020956,-0.00091066863,-0.0017272015,-0.007506076,-0.013852902
-7.314051,-0.62404937,-0.028900385,0.00092417607,-1.636457,0.0032040973,-0.13539866,-0.005027164,0.0014279563,0.0017015607,-0.018411262,-0.07521883,-0.0002919535,-0.0056412877,-0.0012000015,-0.001680143,-1.3045404,-0.033358313,0.08056296,-0.0012919724,-0.006432132,0.029367693,0.0009493468,-0.0008558939,0.0018530252,-0.010396467,0.0051005543,-0.41366827,-0.15624496,-0.006832558,-0.0053393906,0.00024673215,-0.00059373444,0.00069502933,0.011839193,0.0011381507
-7.373238,-0.6362751,-0.027869884,-0.0027335042,-2.274842,-0.0009850289,-0.041444395,-0.007596717,0.0017944877,0.0025182893,0.012867529,-0.07579395,0.0035058367,-0.0038571677,-0.00043428916,-0.003847087,-1.3516663,-0.026474688,0.088651024,-0.004490522,-0.011596175,-0.012212373,0.00609247,0.0011119077,-0.00079982,0.0069054035,-0.006322178,-0.4132425,-0.14638162,-0.007430371,-0.009683332,0.0008728289,0.004015882,-7.872584e-05,-0.00902426,0.00026370224
-7.338144,-0.66993773,-0.00067510805,0.00064984884,-1.6767457,-0.002024558,-0.1524944,0.005346664,-0.029964952,0.0030382203,0.006447934,-0.07960775,-0.0022408033,0.009603828,0.0011744346,-0.0013348282,-1.2924565,-0.031811357,0.081450514,0.0029453046,0.0012830816,0.050826672,-0.0011729212,0.0015945332,0.00479749,-0.01083179,0.004869698,-0.47422075,-0.15768287,-0.00669039,0.0044498006,0.0019381759,-7.731962e-05,0.0029592316,0.009973382,0.0019676147
16.332045,0.49679485,0.115672156,-0.00037747266,0.5727487,-0.007985843,0.11968631,0.012838397,-0.013358775,-0.0035523714,-0.0059943176,0.17832199,-0.027034456,0.025686862,-0.009182311,0.03967049,3.1320243,-0.29867217,-0.009997943,0.008507274,0.018329537,-0.0725112,-0.020999812,-0.003106113,0.003812085,-0.064178556,-0.0038898694,0.29290658,0.36711875,0.02340801,0.021478012,-0.0034977295,-0.0062483205,0.0021019052,0.07965842,0.027494742
-1.639738,0.58115643,-0.046319295,-0.00019137545,0.709412,-0.0029957665,0.04116554,-0.019753,-0.007478036,0.003950004,-0.048609566,-0.19716443,0.00082417997,-0.024600985,0.0031979827,0.036082223,-1.2111264,-0.038602684,0.2064895,-0.01743903,-0.0061305645,-0.003537725,-0.007929867,-0.007396576,-0.0037723328,-0.004209719,0.0051454646,-0.00029229771,-0.14063652,-0.0048064548,-0.02009328,-0.00087979826,0.004576836,-0.0025667683,-0.015648386,-0.006855455
4.102324,0.70129687,-0.017825624,-0.0008379208,1.2875676,-0.008634689,0.08195857,-0.018259631,0.01621584,0.0028107704,-0.13149142,-0.5124883,-0.003911055,-0.0275893,-0.00028407166,0.031846423,1.9142429,-0.09925065,-0.08140904,0.00091969996,0.00136331,0.030665414,-0.00896048,-0.002203396,-0.0072622187,-0.020533558,-0.0104826335,-0.004587608,0.13855085,0.009017475,-0.010994233,0.0021574567,-0.0074527347,0.0048798495,0.0126495855,0.009015614
-7.420135,-0.6442549,0.0004445031,-0.010061979,1.208641,-0.0011016516,0.008769194,0.0048234058,0.0056011975,0.0033618652,0.014722848,-0.0855977,0.0042014215,-0.0024155222,0.00096098904,-0.0035171483,-1.2105099,-0.0243922,0.09365075,0.0021991818,-0.000506317,-0.02314171,-0.006566263,0.00080000644,0.0007697672,0.007185297,-0.00909272,-0.093625836,-0.12944435,-0.007922153,-0.007386477,0.0012079081,-0.0014588914,0.0018731364,-0.008721175,-0.0007509674
8.267842,1.0374669,0.028983848,-0.0016974104,-1.042967,0.00443101,-0.0015237315,-0.011215245,0.0063248454,0.0039975108,-0.13372444,-0.1496933,-0.01769565,-0.0027448656,0.004110539,0.06563096,2.1663556,-0.030477613,-0.11257506,0.0098145595,0.015654447,0.02257169,0.0056343465,0.00013749753,-0.0065849726,0.009323717,-0.021183413,0.01451954,0.158923,-0.0006174487,-0.037274867,0.0063968473,0.0036754396,-0.006477288,-0.019239705,0.0066428613
11.783536,1.0969216,0.05125906,0.0070530563,-1.5445665,-0.0021964912,-0.22986631,-0.006733135,0.0045203455,0.0029755053,0.07605978,0.2982378,-0.019918472,-0.0019360975,0.0033041544,0.028799003,2.6104062,-0.042575818,-0.061657276,0.0171057,0.016613971,0.021596355,0.004887354,-0.0024142046,-0.0101009635,0.014630646,-0.017703058,-0.3546777,0.2768913,-0.011139389,0.0015431864,0.008313412,-0.005709576,-0.003427005,-0.028018232,-0.02916853
15.489396,1.6457678,0.0054069255,0.0025901115,-1.5849919,-0.004865933,-0.1514671,0.023696447,-0.016070513,0.00458012,0.061122138,0.6975721,-0.014336863,-0.008398798,-0.0013713308,0.23356229,0.90342945,-0.07121276,0.41044447,0.0030413505,0.015223038,0.040286474,-0.0011871308,-0.00055566174,0.008361258,0.008171138,0.011598579,0.65894705,-0.08410844,-0.0088634975,0.005641604,0.015490237,-0.0031261868,0.005262105,-0.018099297,-0.0041721715
4.073869,0.89773315,-0.030257033,0.0031143783,-1.9636168,0.009055185,0.005257389,-0.019400833,0.00613901,0.0041066688,-0.19312724,-0.49555436,-0.00649798,-0.014937436,0.0037873492,0.05228979,2.0167227,-0.07478644,-0.10117329,0.00091313897,-0.0017419204,0.043557342,-0.019004531,0.004074898,-0.0028659932,0.011357656,-0.009339981,-0.21040474,0.11597503,0.010088663,-0.031552598,-0.0036711749,0.012709421,-0.005974843,-0.019328946,0.0050008576
-7.2983756,-0.633088,0.0004133055,-0.00064788107,1.2115623,-0.00025203673,-0.06491825,-0.0026259825,-0.0072111334,0.0028170007,0.013109838,-0.0838287,-0.007593047,0.0007347241,-0.00040507264,-0.004742622,-1.2067411,-0.028260782,0.08763184,0.0027614401,0.00066539564,-0.033456575,-0.0060110744,0.0015125278,0.0025195177,0.0063421107,-0.008082195,-0.09758244,-0.13821386,-0.0065996964,-0.0068635996,0.0005565357,-0.001648488,0.0016245232,-0.006984872,-0.000106951884
-7.3777986,-0.6325761,-0.031008944,-0.0027405869,-2.2720585,3.9860104e-05,-0.03814661,-0.006767236,0.0016871388,0.0021947778,0.013089969,-0.07607504,0.0034961342,-0.003846628,-0.00046512065,-0.0042815898,-1.3511658,-0.02703507,0.08835973,-0.00434522,-0.011268929,-0.013097298,0.006543869,0.0010978555,-0.0010996233,0.0067670057,-0.0062840194,-0.41349372,-0.14664657,-0.007620157,-0.0084375115,0.0010593238,0.0043903617,-0.00013514221,-0.008014166,0.00033270437
-7.2986193,-0.63294524,0.0014011996,-0.0006343085,1.2077224,2.0858897e-05,-0.06205358,-0.002064754,-0.005584205,0.0026602705,0.012340129,-0.08381834,-0.0074576847,0.0007617087,-0.00041078834,-0.004287583,-1.2047722,-0.027683178,0.0873292,0.0015115237,-0.00048133498,-0.035407737,-0.004568926,0.00067085726,0.0022736208,0.006240332,-0.008794993,-0.09761212,-0.13810794,-0.006414476,-0.0068655126,0.0004768938,-0.0018993433,0.0015080227,-0.0073416103,-0.0006492883
-7.275276,-0.62986135,-0.00081002363,-0.0017906006,-0.45350677,0.0039489195,-0.12598029,-0.004677785,0.003674041,0.002408035,-0.023793502,-0.081456475,-0.0050937394,-0.002244664,0.00066922593,-0.0033218632,-1.3000108,-0.036192466,0.087550744,-0.00047626556,0.0012894404,-0.0431801,-0.0013183368,-0.00021469871,-0.00091113645,0.0047834106,-0.009588921,-0.08080506,-0.14192055,-0.0052438513,0.0024265707,0.00035596458,-0.003191845,-0.0013251625,-0.007758149,-0.0075447783
-7.284509,-0.6153654,-0.010332263,7.772898e-05,1.2124025,-0.00094697496,-0.07460608,-0.004425037,0.006717788,0.0031761178,-0.021128124,-0.083346106,0.002833141,-0.0025579822,0.0005113972,-0.0038575828,-1.2224284,-0.030950071,0.087766804,0.0010655136,-0.0016126388,-0.03375211,-0.006776883,0.0017216377,6.2693274e-05,0.006362464,-0.009147047,-0.075004056,-0.14005011,-0.005597404,0.0030188682,0.0013067818,-0.0025448361,-0.0021617075,-0.007653091,-0.0018122942
6.6030345,1.0174851,-0.007042998,0.0025362324,-1.7760376,-0.0019390439,-0.23477964,-0.0044152215,0.04363722,0.0027408556,0.0724604,-0.10266729,-0.012992713,-0.0022359006,-0.0012011256,-0.017737264,2.1911292,-0.043459594,-0.0757606,0.0038852822,0.014185846,0.009138562,0.0031291759,0.0009038538,-0.0008004368,0.006968187,-0.013810288,-0.5781835,0.06751281,-0.00789422,0.0073015923,-0.0047099055,0.007578624,0.005378616,-0.020298058,-0.00296039
21.94661,1.1841726,0.055025168,-0.0060759787,-1.841095,-0.010389255,-0.35152307,-0.0011438514,0.039865162,0.0025930442,0.13462183,0.28584644,0.010356585,-0.0003857687,-0.033614803,0.06826817,4.1664085,0.042949256,-0.0619634,0.0025039525,0.019839684,0.01951683,0.004075652,0.006206325,-0.080993466,0.013971717,0.0050219405,0.34124035,0.5244145,0.0009116355,-0.017926808,0.005325606,0.012507832,-0.008077226,-0.035842393,-0.010062836
-7.2345357,-0.62523633,-0.032805156,0.0014350336,-0.82874244,-0.0013843342,-0.09980582,-0.0050723786,-0.0045381067,0.0031244473,0.012923119,-0.07008827,-0.002359385,-0.0044899057,-8.018475e-06,-0.00067549676,-1.2875158,-0.036869057,0.08322146,-0.0039861235,-0.010156737,-0.06865016,0.001734209,0.00054106547,0.00079967617,-0.003350958,0.0038335482,-0.09951248,-0.16207315,-0.004264951,-0.0063064564,0.0012044142,-0.0061941845,0.00039997182,-0.001847821,-0.0011013496
22.278513,1.1929792,0.03479901,0.002814985,-1.7827004,-0.029323226,-0.33000824,-0.0017925734,0.012496842,0.0031885747,0.08580532,0.27441064,0.01106938,-0.003401773,-0.0025577727,0.08367306,4.194471,0.041373946,-0.07890736,0.00786729,0.009789322,0.033216663,-0.014852571,-0.0069795544,-0.010326003,0.003985543,-0.0100808395,0.3511028,0.5293501,0.0063081747,-0.037780978,0.004131961,0.007242137,-0.006176189,-0.031393413,0.0073799314
-6.7601557,-0.40189937,0.029634312,-0.0008157536,1.2281805,-0.0005037246,-0.0070926864,0.0007267195,0.012507001,0.0021024125,-0.026784122,-0.09726518,-0.00027163615,0.004709618,0.0003713475,-0.000829348,-1.2513846,-0.012687305,0.06613269,-0.0025523007,-0.0006817275,0.03136779,-0.0054645347,0.00233175,-0.00089573197,0.0040733092,-0.008305291,-0.056197293,-0.15083839,-0.0038296222,0.0016296371,-0.0031590872,-0.0018874096,-0.0034230936,-0.010972324,-0.0021618688
-7.295169,-0.6092611,-0.03006917,0.0015593625,1.2184534,-0.00073463493,-0.08849659,-0.0035852462,0.0072522303,0.0025571713,0.01333379,-0.07198595,-0.0018241162,-0.0047099018,0.001271199,-0.003998162,-1.2006763,-0.030876318,0.08552122,-0.0038192233,-0.009337538,-0.0305079,-0.0028193651,0.0010797054,-0.00060861494,-0.001741291,-0.007829218,-0.10890599,-0.13220629,-0.0073734685,-0.00912955,0.0027362374,-0.003156618,0.0014937384,0.003859709,0.0005411379
-4.0736246,-0.02968693,0.0051170755,0.0010207877,1.2726301,-0.0005473771,-0.03719331,0.0036479132,-0.032509018,0.0032110706,0.016273461,-0.096889526,-0.00065540674,0.0056617353,-0.0005068795,-0.015641395,-0.7785708,-0.025935503,0.039122,0.0031429606,0.0014050738,-0.024881974,-0.0059702666,0.0030671475,0.008864907,-0.0078689745,0.010734659,-0.08630139,-0.1451625,-0.006648687,0.0016055568,0.0077929697,0.0118792895,0.0058844667,0.02012988,0.0018268533
-3.3112612,0.26290458,-0.051755786,0.018177472,-0.6910014,0.000116106756,-0.10683943,-0.0034304664,-0.0014878699,0.005291868,0.025559397,-0.16694538,0.0041843704,-4.9751376e-05,0.0014867196,-0.036712557,-0.22816059,-0.03255247,-0.016931027,-0.0057377224,0.006008958,-0.029401211,-0.0020475127,-0.0006649728,-0.0073815226,0.004109767,-0.009343626,-0.20330012,-0.17820762,-0.0031975121,-0.0066390047,0.003663973,0.0031832843,0.000697177,0.013388433,-0.0005580913
-7.2646804,-0.61962306,-0.0038447846,-0.0016106195,1.2014208,-0.0019851169,-0.06188006,-0.0004440245,-0.003388186,0.0029404145,0.017693575,-0.080230825,-0.009798499,-0.00031031182,0.00041025292,-0.005143173,-1.1790463,-0.028924057,0.0966492,0.0018100032,-7.428576e-05,-0.032923177,-0.0062146885,-0.00069034775,0.002703477,0.005856157,-0.01114428,-0.10398789,-0.13000931,-0.0067070317,-0.007993878,0.003964041,-0.0015356134,-0.00056977035,-0.0069150534,-0.0003726207
-7.2855825,-0.60113704,-0.03373404,-0.002092177,1.2145574,-0.0019877553,-0.092889994,-0.0035692807,-0.034079205,0.0032877396,0.012368733,-0.07047807,-0.0007858984,-0.004651757,5.4608427e-05,-0.0040524616,-1.1591499,-0.034984898,0.08158098,-0.001972971,-0.011542892,-0.029005637,-0.0054744035,0.0020767096,0.005986814,0.0019551672,-0.0055525997,-0.12059955,-0.13259356,-0.008645794,-0.0005692129,0.004600283,-0.0011371294,0.0028764126,-0.006875869,0.0021299145
-7.271561,-0.6109348,-0.029623391,-0.0010202422,1.2002194,-0.00053843885,-0.06901109,-0.004690699,0.0029962428,0.0027656776,-0.0060074744,-0.075690046,-0.0071477257,-0.0023975852,-0.001169067,-0.0036788783,-1.2010891,-0.032764245,0.08606336,-0.00061931007,-0.0035759823,-0.025630904,-0.0034785082,0.00038180468,0.003267451,0.0064467513,-0.0075567677,-0.091335244,-0.13242394,-0.007291943,-0.008202867,0.0020228717,-0.0027441927,0.00030768057,-0.006867534,0.00054303725
-7.3714814,-0.6197301,-0.022743778,0.0043037157,1.2157512,0.00049134105,0.0025502811,-0.0036223603,0.002416756,0.0027461625,-0.024486938,-0.0811227,-0.00070415554,-0.0056693503,0.00018588478,-0.0030817783,-1.28953,-0.0010413188,0.08876388,-0.00077049545,-0.001406703,-0.020006938,0.008058093,-0.0011371552,0.0015607681,-0.0031334735,-3.5162564e-05,-0.056288082,-0.13010159,-0.006727535,0.0015567447,-0.0005310908,-0.003157084,0.0016729466,0.007846945,-0.0038837548
1.259906,1.0713925,-0.09123684,0.0014979376,1.2569242,-0.0017833582,0.02196806,-0.0032546257,-0.038092766,0.0051570823,0.025704432,0.21813354,-0.0036475481,-0.011777057,-0.0029944668,-0.012124059,0.35984212,-0.009135166,-0.060153894,-0.018555043,-0.116263084,0.023250397,0.00521169,-0.0007755873,0.0072881584,0.009875703,0.0029459402,-0.1937497,-0.14230853,-0.010522549,0.011931555,-0.0026246568,0.0057302155,0.0001739134,-0.011402986,0.008623116
-5.532789,0.066655494,0.030978283,-0.0021063522,-0.47258595,-0.0033405717,-0.014803087,0.0014785896,0.018337775,0.0027758603,-0.044079494,-0.09596917,0.0025893662,-0.0055523654,0.0020397045,-0.019038126,-1.0273716,-0.046122678,-0.0098950155,-0.00037031563,-0.0006767642,0.074349776,0.0011914559,0.001553324,-0.0059391945,0.0027030571,-0.009346403,-0.030984169,-0.18717135,0.0007307638,-0.012281103,-0.00068938365,0.004869111,-0.0020988386,-0.016411789,0.001303421
-7.291453,-0.6019034,-0.035865694,-0.00076398335,1.200316,0.0017708765,-0.05643327,-0.004390165,-0.032321163,0.00362376,0.013146011,-0.070701234,-0.0014649344,-0.0048948503,8.773374e-05,-0.003102602,-1.1784194,-0.035356354,0.08383984,-0.0022352904,-0.012381884,-0.025142167,-0.004194567,0.0022388813,0.007021286,0.0065774852,0.005829964,-0.11003082,-0.14425117,-0.008170904,-0.0018446086,0.0039849044,-0.0018876368,0.0016805084,-0.00705871,0.001243451
-6.0593705,0.05911046,-0.0062571373,0.00014621501,1.2513435,-0.004078712,0.021999791,-0.0048960946,0.0055693206,0.0054405616,-0.041421853,-0.09949559,0.0028198096,-0.0058718743,0.0017321146,-0.021584027,-1.0737903,0.0049658385,0.015941432,0.002218208,0.0011328559,-0.02196173,-0.010605431,0.004576602,-0.004643815,0.0033798516,-0.005615178,-0.019389352,-0.21093163,0.001983062,-0.010690171,0.0012048215,0.0048660445,-0.0004738536,-0.0124664465,-0.001597879
21.379503,1.7196583,0.09176064,0.0033637716,-1.8902875,0.003485773,-0.2957424,0.0752533,0.007146984,0.002698253,0.12390235,0.6770276,0.0012001953,0.028270982,0.0047124643,0.18860723,1.3422806,-0.033596773,0.5251276,0.008742097,0.05395733,0.01631555,-0.012183193,-0.0062938645,0.008623259,-0.01689769,0.020200852,0.7772483,-0.06516696,0.012497394,-0.010348128,0.009501085,0.0010606934,-0.005565891,0.0700433,-0.005088541
17.022562,1.4811306,0.08907431,-0.0037913043,-1.4418305,-0.0019415898,-0.2155839,0.029350933,0.0024719741,-0.010194003,0.0526734,0.6008138,-0.017033983,0.027670851,0.00083284214,0.1664116,1.4017859,-0.056616463,0.42239922,0.009195222,0.07751328,0.015581414,-0.0045516426,0.0078037204,0.008980713,-0.015432165,0.005112408,0.76975965,0.08907655,0.018892406,-0.017307317,0.0048452322,-0.016773028,-0.0021767116,-0.015311179,0.010949614
7.587925,-0.61520004,0.053375136,-0.0019115638,-1.7851111,0.0017798403,-0.251501,0.009257747,0.010688985,-0.007464849,-0.011315993,0.20265563,-0.0016717629,0.013419717,0.0023877053,0.044200256,2.5215802,-0.06709341,0.08096389,0.007995601,0.006669183,0.008620751,0.016883029,-0.0010886055,0.00023507663,-0.021356503,0.0003764245,0.024240328,0.39015946,-0.0005762212,-0.008082041,-0.0035950171,-0.014203097,-0.00075320754,0.050071735,0.0041957637
-7.324992,-0.6474111,-0.0062992265,0.0015162043,1.2103152,-0.0041643973,-0.06308706,0.0027008404,-0.038405716,0.0032026868,0.014587248,-0.08308686,-0.0012516864,0.009553925,-0.00054755196,-0.0033869885,-1.1562756,-0.027786626,0.08456893,0.00245561,0.00073480926,-0.02787133,0.0031249213,0.0014889706,0.0067084352,-0.010523057,0.0057577705,-0.11078937,-0.14246793,-0.006813025,0.0009161997,0.0032411453,-0.0015746166,0.0022819238,0.007392141,0.0008533738
9.274496,0.8670651,0.044668615,-0.0022921683,1.3286096,0.002600347,0.15375008,0.0052823354,0.0048156306,0.0026474418,-0.29164812,-0.50457,-0.0151443435,0.02181134,0.002481308,0.068648234,2.0558872,-0.08116223,-0.016726809,0.0044141333,0.009199239,-0.025632245,0.0012397324,-0.0016612423,0.004441201,-0.017940864,0.01762523,0.3106978,0.1263129,0.023846015,-0.0021977504,9.588257e-06,-0.005969976,0.0014727298,-0.0069280574,0.007880531
-7.2807097,-0.6097092,-0.03507202,0.0007615211,-1.3654604,3.6663747e-05,-0.13443922,-0.0015582619,-0.03029292,0.0030275297,0.014476238,-0.07362337,-0.0014140136,-0.0065604644,-0.0003105106,-0.002411137,-1.2644508,-0.038213335,0.075377546,-0.0023146835,-0.010599361,0.061453708,-0.0030322608,0.0038564946,0.008728653,-0.012301766,-0.008691659,-0.4484918,-0.15827362,-0.008099901,0.0013138177,0.0038231711,0.0052767275,0.0037611153,-0.011542978,0.0018058324
-7.2872343,-0.61353433,-0.030803883,0.0020493187,1.2054634,-0.00044479733,-0.073926255,-0.0042310185,0.004919449,0.0029674561,0.0067364383,-0.075551264,-0.0018347189,-0.0045703654,-7.842054e-06,-0.004799434,-1.2095824,-0.0291906,0.08798776,-0.00084351504,-0.006767451,-0.025399245,0.0012424929,0.0014390829,-0.0010897055,-0.0011703396,-0.007463059,-0.09733846,-0.1310922,-0.0065799356,-0.00898712,0.002600558,-0.0026545164,0.00054726057,0.0024160747,0.0005749795
-7.2878046,-0.61029154,-0.033530287,-0.0009436403,0.28354472,0.0007311896,-0.077874765,-0.0040426888,-0.02460231,0.0031192433,0.01744036,-0.06968181,-0.00065687095,-0.0041645165,0.0006286198,-0.003416488,-1.2026501,-0.040510647,0.08503537,-0.0025523517,-0.011240718,-0.08800059,-0.005661964,0.0007084913,0.0053648185,0.005380147,-0.0071917297,-0.11053432,-0.13532114,-0.0068221297,0.0008538957,0.004746608,-0.002857499,0.00040847977,-0.00713502,0.00015688354
-7.295586,-0.6475709,-0.005534661,0.00013212318,-1.3269029,-0.0011116563,-0.14069586,0.00091419916,-0.0018292215,0.0030107384,0.012953347,-0.084684476,0.0031305822,0.00064369634,-0.0016495764,-0.0041112835,-1.325309,-0.03411073,0.08546151,-0.00063716626,0.00072065415,0.052996382,0.00062520825,0.002151006,0.0006005393,0.0063286144,-0.00832502,-0.4392292,-0.15051906,-0.0062553724,-0.0038594028,0.0013246519,0.004228751,-0.001685,-0.008584125,-0.000203914
-7.1874785,-0.45709953,-0.044241957,0.0010457756,1.1996381,-0.00049680134,-0.016047394,-0.01051948,-0.0043984842,0.0033690415,0.016082192,-0.07006895,-0.00090770965,-0.005678203,0.0033192707,-0.0034125552,-1.1532135,-0.031082682,0.07225547,-0.0018441931,-0.011801999,-0.015570961,0.005811924,0.0014770473,-0.0005972125,0.0037547855,-0.008087087,-0.11464216,-0.14457196,-0.008098566,-0.008283367,0.0057165604,0.0023874259,-0.0015417918,-0.0010788455,0.0030282515
-7.3254743,-0.64245176,-0.0022235373,0.0012551346,1.2987347,-0.00043781672,-0.12087048,0.0046161762,-0.032865666,-0.001912224,-0.018037384,-0.08351367,-0.0013729471,0.009315909,-0.001557398,-0.0023635358,-1.167211,-0.027117124,0.07657523,0.003289221,0.00036236978,0.04759751,0.0005678529,0.0020338006,0.007242989,-0.010672722,0.0037175852,-0.30697232,-0.1369919,-0.0038946318,0.0013082117,0.0020899542,0.002238023,0.0027650432,0.011551882,0.0005358945
-7.284761,-0.6094684,-0.028621309,0.002520299,1.2969323,0.00035214424,-0.045385595,-0.0048322314,-0.0046248143,0.0027946988,0.014986085,-0.08203715,-0.0019827045,-0.0047230236,-0.00020205745,-0.004180598,-1.2103652,-0.028613187,0.07463675,-2.7964414e-05,-0.0052069807,0.06540828,-0.005708607,0.00023051711,0.0015685275,-0.010452364,0.0021853591,-0.3258824,-0.13665491,-0.006167531,-0.0059760734,0.0013174817,0.009380687,0.00089029386,0.007429815,0.0011108484
1.6688125,0.8639119,0.048305515,0.0013650905,1.2927915,0.005139649,0.10133093,0.002439921,0.021643713,0.0030764022,-0.067599,-0.2718111,0.0045499625,-0.0010181654,-0.053834826,0.0809222,0.15454496,-0.034686424,-0.05147008,-0.0011013176,-7.2340044e-05,0.05120947,0.010162099,0.01098322,-0.09583853,0.007259691,0.0090510715,0.009954408,-0.111804076,0.011755413,-0.011344748,-0.019000571,-0.0038411904,-0.0006123694,-0.0133803515,0.009471549
-7.3019037,-0.63405615,-0.031140603,0.0015730474,-1.6746266,0.0052283425,-0.0664455,-0.0030880645,0.0033365965,-0.0021685371,0.0059407926,-0.07997681,-0.003940255,-0.00611295,-4.6839865e-05,-0.0024699047,-1.3256885,-0.03195165,0.08615515,-0.001150899,-0.003816575,0.020998126,-0.002940379,-0.0010196485,0.00034189233,0.00044413298,-0.0073129153,-0.39751786,-0.1574476,-0.0071284687,-0.004918337,0.0013032998,-0.0049057733,-0.00051571353,0.0074583,-0.00012657727
7.3509283,-0.054570235,0.05870936,0.0016829001,0.65776175,-0.009577711,0.10911489,0.013158487,0.020843266,0.004817379,-0.17008208,0.07482351,-0.004778112,0.014400381,-0.0023038425,0.006549958,2.144175,-4.8074664e-05,-0.002734904,0.0054877824,0.0012753294,0.0145212645,0.0025550164,-0.00055262615,-0.00082043675,-0.0011612026,0.0076436438,-0.31607473,0.17424536,0.0059033316,-0.0057497597,-0.0044707214,-0.00053370994,-0.009845169,-0.019236358,0.0015237019
-7.2827163,-0.6073322,-0.03137013,-0.0016536778,1.2015269,-2.7606244e-05,-0.07867914,-0.003956259,-0.000680374,0.002982608,0.014330601,-0.07323069,-0.0015073427,-0.004757163,-0.00014420331,-0.0032112943,-1.1990753,-0.032253742,0.08395987,-0.0039010702,-0.006550772,-0.026442554,-0.0045002913,0.00022148661,0.0018925947,0.00521478,0.0077540376,-0.10036134,-0.14439847,-0.0068697473,-0.008565827,0.0048210686,-0.000992862,0.0009837887,-0.007525978,0.000917717
-7.4430594,-0.6332298,0.0002876225,-0.0026589772,1.3333529,-0.0005258891,0.02175239,0.0044580232,0.005373133,0.0031676933,0.0068363887,-0.086622246,0.0048165256,-0.003930269,1.4793331e-05,-0.0031832221,-1.2173364,-0.016688794,0.08515735,0.00041359226,0.0043423446,0.08964744,-0.0038865674,0.0017156515,-0.00464007,-0.01065053,-0.008086468,-0.27605262,-0.12775868,-0.007529826,-0.008801632,0.00024053281,-0.0032738454,-0.0006783022,0.008689125,-0.0006235201
-7.3204055,-0.62340677,-0.028943911,9.764121e-05,-0.36622822,0.0004937685,-0.029152857,-0.0027694835,-0.003333234,0.0033088564,0.012913093,-0.07258505,0.0029447535,-0.002190443,-0.00028725815,-0.0029549855,-1.2704331,-0.036600895,0.09007416,-0.003578886,-0.010079561,-0.07320227,-0.004605672,-0.00030023174,0.0014088245,0.0050237905,-0.007661555,-0.0913313,-0.13890511,-0.0065542897,-0.0064367563,0.00085339183,-0.0046404446,-0.00050797325,-0.007679304,0.0018845774
0.023194147,0.19429782,0.0018990079,0.0011166176,1.2845658,0.00045887523,0.055625036,0.013524119,-0.01573344,0.0020287891,-0.045417797,-0.23445874,-0.0006116268,0.0148085095,-0.0009806023,0.13594046,-0.19445829,-0.0234596,0.14480282,0.0030914189,0.0033227871,0.006031391,-0.0058252686,-0.0002618396,0.01100696,-0.012941265,0.0060214656,-0.016811127,-0.1674552,0.0044119987,-0.0067871003,0.0027237644,0.0016295514,0.0041207313,0.036192417,0.007820672
-6.378598,-0.027703287,-0.04928124,-0.001508022,1.2167833,-0.004263156,-0.086753294,-0.008866761,-0.0019882503,0.0006620378,0.015967298,-0.08372722,0.003477275,-0.003833238,0.00087048626,-0.011353776,-1.0317919,-0.036784116,0.045667335,-0.005385364,-0.009973761,-0.014503982,0.002134341,4.1506573e-05,0.00037819007,0.0002644884,-0.008333399,-0.13457416,-0.1790996,-0.0073942845,-0.0047193775,0.004998005,0.0060083847,-0.0010246406,-0.013844793,0.00010433652
11.685526,0.9772547,0.014966349,-0.014478227,-0.5221132,0.0014666988,-0.117528155,0.00051088235,-0.0063916007,0.0032683492,0.05015712,0.29133224,-0.01469163,-0.0011464673,-0.00082544336,0.07680551,3.755903,-0.052554958,-0.15928772,0.020711578,0.009785064,0.08004729,0.018888023,-0.0047310186,-0.0028844594,-0.024454027,-0.026442956,0.026525632,0.38373503,0.0020203926,-0.011794144,-0.001097151,-0.005474184,-0.0056886543,-0.042729616,0.0034874573
-1.0535911,0.39495963,0.010567256,-0.002080328,1.3012882,-0.0049600597,0.0635806,-0.0031886362,0.012245134,0.0028363555,-0.05251846,-0.2718089,0.0046584,-0.008185991,-0.00061773934,0.013606956,-0.28035387,-0.03804677,-0.0062758033,0.0026547832,-0.0017782646,0.02971436,0.0036256926,0.0015082164,0.0058200113,-0.0110025825,0.011995707,-0.03905042,-0.07427666,-0.0021855636,-0.006895503,-0.00096421334,0.0034075018,-0.001238899,-0.008500577,0.0074634086
-7.2606554,-0.6143331,-0.025808157,-0.00022704896,-0.5418022,-0.007749863,-0.11718173,-0.0039321072,0.0074235187,0.0026270542,-0.02863976,-0.07524532,-0.004605983,-0.002642842,0.00027107957,-0.012523781,-1.3484546,-0.019587956,0.08472425,-0.0021630223,0.0001390329,-0.049803387,0.006054991,0.00043759317,2.7656008e-05,0.0049727205,-0.0066112,-0.060521603,-0.13978493,-0.003743689,-9.500689e-06,0.0008289788,-0.0017030507,0.00014371201,-0.006760428,-0.0056081438
-7.31789,-0.6450187,-0.0026190234,0.0020000658,1.2120911,-0.0013025503,-0.08221731,-0.0013057832,-0.033152964,0.0033414308,0.013552407,-0.08223205,-0.00036894507,0.0049724127,0.0013512843,-0.004176389,-1.1622862,-0.023838699,0.08625998,0.002360575,0.0004906645,-0.03252271,-0.0044170874,0.001056952,0.0025101542,-0.010421252,0.007191402,-0.106255844,-0.136809,-0.0076222084,-0.00064667594,0.0007578872,-0.0010455732,0.0015367693,0.012806,0.0006307703
-7.437311,-0.626359,-0.023382276,0.0028410733,1.3290201,-0.0008253634,0.031564448,0.005384171,-0.0315085,-0.0006651554,0.013429338,-0.083817326,-0.00696552,-0.00044981352,-0.00080036174,-0.0037378971,-1.1554452,-0.021314641,0.08287645,0.0049064625,-0.00041333545,0.087445274,-0.004583801,0.0078639705,0.009376622,-0.009994493,0.004371897,-0.29754278,-0.13782722,-0.0090903295,0.0001884939,0.0018163105,0.0013303702,0.0053027063,0.012527879,-0.0002776957
-7.3530374,-0.6537401,-0.0009346751,0.0015061366,1.2005972,-0.0006392932,-0.028771918,0.0056838947,-0.03003372,0.0030856791,0.014065781,-0.079973996,-0.00034762823,0.0051531815,0.00034651827,-0.0033098634,-1.179702,-0.022469573,0.08734042,0.0032190199,0.00028313036,-0.025540719,0.0033563778,0.0008304248,0.009173787,-0.009570129,0.0036077502,-0.103664316,-0.14324707,-0.0068235546,-0.0014547065,0.000765049,-0.0030106904,0.0011208252,0.011053524,0.000745291
20.310291,1.2859092,0.049956013,0.00095168006,1.1474824,0.017766122,0.14501438,0.014929022,0.00022980172,0.0040586544,0.08972553,0.3021043,-0.060675144,-0.0005441021,0.0020242592,0.08323479,3.7862222,-0.007300545,-0.10342866,0.0013029063,0.017017188,-0.0127853,0.010609167,-0.00018836954,-0.0047375644,0.018519258,-0.014557383,0.46670514,0.51095223,0.0031889246,-0.020736855,0.0010260291,-0.003906934,-0.0012618443,-0.022699999,0.0071354345
-7.308705,-0.6487359,0.0042011333,-0.0009381531,1.2036428,-0.0013626169,-0.056121603,0.00428778,0.0048401104,0.0034357163,0.01339524,-0.08363371,-0.000580366,0.0052413535,2.5765687e-05,-0.0045100013,-1.2163031,-0.027904557,0.09217395,7.35659e-05,0.00085811823,-0.026720889,-0.0033378445,0.00070768956,0.0015648418,0.006916509,-0.009426766,-0.09639481,-0.13115883,-0.0073582777,-0.0077324095,0.00021736123,-0.002944225,0.0017383487,-0.007704352,-0.0007956906
-7.2675447,-0.60182565,-0.032857224,-0.00081163464,1.2031097,-0.0005231744,-0.079503685,-0.004915944,0.0010964674,0.002620476,0.01328913,-0.07081594,-0.0073009664,-0.0023762826,-0.00020413815,-0.0036344852,-1.2061843,-0.03512601,0.08262044,-0.002546874,-0.011408866,-0.026942642,0.004093749,-6.109771e-05,0.0019762325,0.0061523304,-0.0068133483,-0.10150739,-0.14099923,-0.0065003354,-0.008869695,0.002551718,-0.0031642618,0.00031771229,-0.0067569334,0.0009631652
-4.2821136,0.22622782,0.03335161,0.0013529004,-1.852384,-0.00058996526,-0.06520739,0.007266175,0.01578764,0.0031976127,-0.044315636,-0.11398087,0.0012106724,-0.0020948157,-0.0015009064,0.021615224,-1.0335453,-0.029773109,-0.031380333,-0.00065156125,-0.0018036932,0.02292657,0.011772019,0.0019577658,-0.007890833,0.00451652,-0.009136299,-0.013273379,-0.20989233,0.00038444105,0.003601482,0.0011001215,-0.004691259,-0.0031469818,-0.01621955,0.002119795
-7.285603,-0.61179143,-0.024901064,-0.00079427066,1.2050933,-0.0013950351,-0.08987268,-0.00028046628,0.00071178516,0.003307056,0.015253735,-0.08168213,0.0037366454,-0.0011428227,-3.772469e-06,-0.004097462,-1.2124387,-0.031416833,0.08547458,-0.0002949017,-0.0021713634,-0.023292173,0.004739244,-0.00037706573,0.0019126507,0.0061405157,-0.0077226507,-0.10879439,-0.13898912,-0.0064142905,-0.00777393,0.0011074386,-0.0031249449,0.00039521186,-0.0072169825,0.0007690885
-7.316276,-0.65743667,0.0104830405,-0.0016224388,-1.6123108,-0.00063993817,-0.15490833,0.005742785,-0.0038239919,0.0025845023,-0.020520141,-0.08302306,-0.00073359255,0.0071025756,0.00014643373,-0.0024573344,-1.3576758,-0.030702109,0.08781385,0.00016366513,0.001660591,0.0391076,-0.0025450587,0.0019334287,0.0021997904,0.0025250495,-0.0018186347,-0.4533851,-0.15553626,-0.004280288,0.0041387375,0.0023412562,0.008029544,-0.001276746,-0.0027349954,-0.0034519343
-7.2797003,-0.61377114,-0.02505469,-0.0009231043,1.2011036,-0.00026728906,-0.066085726,-0.0036092864,0.003116949,0.0036924807,0.013252074,-0.07985994,0.0030461194,-0.0022838672,0.00044193835,-0.0039836764,-1.2118208,-0.03442054,0.08638884,-0.00044579987,-0.00370678,-0.025912935,-0.0023085093,0.0017357218,-0.0041929893,0.006387904,-0.007908463,-0.100640915,-0.1392079,-0.006906732,-0.009310694,0.0022772346,-0.0022890605,-0.000881899,-0.00679219,0.0006483813
-7.285076,-0.6155942,-0.021320522,-0.0006287969,1.2946746,-0.0019078767,-0.044242293,-0.0022600477,0.0067691104,0.0034636795,0.014132389,-0.082387015,0.003543078,-0.001326317,-0.0006765719,-0.005122765,-1.2135465,-0.033503853,0.08126587,-0.001201959,-0.001638659,0.045127667,-0.0035543735,0.00050880236,-0.0038649645,0.0064870017,-0.00899265,-0.2888721,-0.13154799,-0.0076257423,-0.006894769,0.0016855319,-0.00038677538,-0.001139929,-0.0014684151,0.0007562395
13.717678,0.9332801,0.03322401,-0.0013668744,-0.66070276,0.0009916568,-0.06994499,0.009204603,-0.02258665,-0.012535282,0.024732128,0.22605275,-0.0076794694,0.005727507,0.001709703,0.04687099,3.0055156,-0.10180823,-0.016417732,0.009285322,0.015657727,0.004452541,0.0129344715,0.0036208632,-0.0039796717,-0.06692343,0.006882408,-0.21065105,0.30193114,-0.0072351447,0.004033906,0.0037473147,-0.00521252,0.016543448,0.053522956,-0.03662527
-3.710304,0.24424681,-0.047563046,0.0020490603,1.2172815,-0.0072563626,-0.04912457,-0.005413136,0.010661671,0.0055828732,0.021621555,-0.17429994,0.0041008014,-0.0014962581,-0.0017197224,-0.035184592,-0.3099171,-0.029951207,-0.027169887,-0.003375414,0.0049226703,-0.016933527,-0.005610179,0.0047856695,-0.0060636043,0.007646508,-0.010836251,-0.14304985,-0.19638391,-0.0071115005,-0.009908289,0.0018239703,0.0035145648,-0.00052155583,-0.013411409,-0.0020363876
-0.59766346,-0.14276044,0.0015023167,0.0014929137,-0.69869375,-0.0026632622,-0.09590705,0.0025728925,-0.01031288,0.0039015375,0.030902034,-0.04763678,-0.00023057898,0.006581871,0.0003847666,-0.014059573,0.5247312,0.0033398229,-0.059395675,0.0032412116,0.002707992,-0.02133779,0.0045039672,-0.0043592523,0.008007586,-0.009946957,-0.0005747424,-0.1532386,-0.0911621,0.0044671977,0.01177716,0.00048447875,0.016520178,0.0014317535,0.00223635,-7.243921e-05
3.0261405,0.8968231,-0.02850777,0.0022710345,0.5918695,0.003238152,-0.0127730835,-0.007451382,0.04707062,0.003440406,0.032698914,-0.216504,0.005730893,-0.000658532,-0.0021234595,-0.04539699,0.8707251,-0.0061994568,-0.071473055,-0.0040252865,0.0025880155,-0.031487677,-0.0053557726,0.0024589112,-0.0027033426,0.0066470783,-0.019006561,-0.22366108,0.15730031,-0.0022845943,0.027608616,0.008792938,0.009191931,0.0023106798,-0.011323914,-0.005500873
-7.321977,-0.69089377,-0.0044055805,0.000958649,-1.9524705,-0.00056175323,-0.092098065,0.0060953167,-0.036779583,-0.008090871,0.010112002,-0.08505835,-0.0020724235,0.00894987,0.0013406287,-0.0022835871,-1.287286,-0.030108199,0.09391919,0.0015511408,0.0002897878,-0.13793315,-0.0070483326,0.00029235092,0.0055984664,0.002877537,-0.0022185163,-0.14078535,-0.14931294,-0.007849989,0.0023723322,0.0010729698,-0.004381396,0.0018168536,-0.011330577,-0.0010841496
-7.382716,-0.65074754,0.001254471,0.0023306624,1.21044,-0.0018872223,-0.014070745,0.006317828,-0.03344156,0.0037958059,-0.005273863,-0.081971586,-0.0013544165,0.005774509,-0.00085093005,-0.0030307896,-1.1846869,-0.026704742,0.09318959,0.002222062,-0.00089192804,-0.02247115,-0.0058158985,0.0013062942,0.0013998915,0.0077149263,0.0055110855,-0.10349373,-0.14225616,-0.006957249,1.7164362e-05,0.00081374357,-0.0015002456,0.00041045377,-0.0015043406,0.000554743
-3.7008142,0.257391,-0.019261478,0.00044787925,1.2182124,-0.000100823745,-0.05236406,-0.0067384667,0.00984408,0.0053264215,0.021485195,-0.1749904,0.004072427,-0.0017887088,0.0011173282,-0.037448604,-0.33170828,-0.025432914,-0.025281552,0.00013470731,0.0048879613,-0.016790226,-0.0074656,0.0063845115,-0.0067098304,0.0068658837,-0.011656115,-0.14120896,-0.19742727,-0.0067153843,-0.010479961,0.0034550652,0.0036610481,-0.00033213006,-0.011354496,0.0025992559
-4.0603347,0.35248578,-0.011310853,-0.0015060116,1.2694438,-0.0017031085,0.004047394,-0.0043248385,-0.0037699216,0.0036020407,0.017965907,-0.15328412,-0.010548732,-0.00027081306,-0.002074358,0.009652606,-0.89648217,-0.027576517,-0.037959244,0.0054303044,0.0051428843,-0.028919637,-0.009680259,-0.0016478586,0.00010692526,0.005629844,-0.008342401,-0.08659989,-0.20052157,-0.0058931583,-0.0069989027,0.003249423,0.01112678,-0.001095547,-0.011024358,0.00028542848
-7.3153896,-0.6406542,0.0015575801,-0.00120015,1.2037504,-0.001506157,-0.042835157,0.0009075179,0.011221481,0.0034049028,0.013240045,-0.08289402,0.0038411976,-0.0015790456,0.008072041,-0.003551328,-1.2213,-0.030114964,0.0913949,0.00013627378,0.0037744136,-0.025260286,-0.0047808588,0.002188041,-0.018859712,0.006597623,-0.0048658657,-0.100386776,-0.13875405,-0.0076490412,-0.010523867,0.0016028918,3.9322305e-05,-0.00021777365,-0.00629682,8.456448e-05
-7.2995224,-0.60151255,-0.034130685,-0.00069782516,0.23892573,-0.001943902,-0.06202631,-0.0027364558,-0.0028295554,0.0026479636,0.012939347,-0.072501816,-0.0040773605,-0.002901096,-0.00041364046,-0.0039695366,-1.2438204,-0.042112496,0.07741666,-0.004609286,-0.009119137,0.06585018,0.0014490921,0.000713401,0.0023204053,0.005709688,-0.00830964,-0.26600012,-0.13657896,-0.006465042,-0.0062562623,0.0014338552,0.005781047,-0.00084081426,-0.007357213,-0.00012786381
10.263885,0.89800435,0.029801125,0.00018205287,1.376734,-0.0040587415,0.15327759,0.028057478,0.0026569935,0.0029870642,0.06510172,-0.05871503,0.00096166256,0.020989608,0.004710501,-0.037458263,2.122125,0.099651374,0.13174555,0.0048695044,0.025893811,-0.014506201,-0.010886472,-0.0013270349,0.004076201,0.0068871756,0.0076416605,-0.3923572,0.11326957,-0.016290458,0.011679268,0.00061293616,-0.0072401436,-0.005393522,-0.015273791,-0.009436798
-7.276691,-0.6035057,-0.03562683,-0.0007674652,1.2007343,0.0011625233,-0.079488434,-0.0033650491,-0.026247006,0.0034731417,0.013113933,-0.07133687,-0.0014855299,-0.0045381985,8.193252e-05,-0.002982149,-1.1844208,-0.036083624,0.08450992,-0.0019052494,-0.011554388,-0.02415584,-0.0034945488,0.00094104797,0.006488145,0.0062865755,-0.007969283,-0.106940776,-0.13852115,-0.007479704,-0.0016584002,0.0058622267,-0.0018869742,0.00052290474,-0.0068145506,0.0009681818
17.372337,1.0889807,0.10758636,-0.0023276715,-1.5789216,0.011151254,-0.057108983,0.016015032,0.0055998024,0.00086114166,-0.018275302,0.30537906,-0.054742746,0.025516622,0.0066094305,0.2369607,2.8495307,-0.057775874,0.2134129,0.012543821,0.03725809,0.026464041,-0.007546977,-0.0029966538,-0.0001405808,-0.009816283,0.0037247057,0.37752393,0.297655,0.013674221,-0.020224229,0.005586237,-0.013253274,0.0021592218,0.02292424,0.031573117
-7.283277,-0.6411423,0.010739682,0.0017391839,0.6190644,-0.001360606,-0.060755115,0.0018147726,-0.005911782,0.0026550062,-0.017517498,-0.0876425,-0.0017797948,0.009053316,-0.0022802446,-0.0022846884,-1.2730064,-0.0306938,0.0849305,-0.00029787238,-0.00035941112,0.079293355,-0.0032288027,0.0017135495,0.0028450505,0.00067394663,-0.0012269956,-0.34732762,-0.14016165,-0.0034499282,0.010349305,-7.5203076e-05,0.010787038,0.00044331123,-0.0040518916,0.0012035695
-7.305243,-0.6286971,0.0019897423,-0.0012036809,1.2186402,-0.0016855462,-0.11932825,-0.00081098184,0.0022301392,0.002397502,0.01236586,-0.080061406,-0.0070526307,0.0006970576,0.00080749055,-0.004672509,-1.2140139,-0.030105975,0.08825552,0.0017393251,-0.0004836687,0.005701574,0.0055705905,-5.8763367e-06,0.0013690883,0.006343429,-0.008326641,-0.10649862,-0.13269357,-0.0059279525,-0.006522789,7.638788e-06,-0.002272584,-0.00037592853,-0.007326207,-0.00079295575
-7.283582,-0.60232794,-0.03209094,-0.00053753046,1.2002457,0.0012949673,-0.06432348,-0.0028154894,-0.026792029,0.0034773473,0.012912439,-0.07166288,-0.001402824,-0.0044020233,0.00019123704,-0.0038695226,-1.1848178,-0.03617946,0.08524532,-0.0032686414,-0.010542336,-0.025305074,-0.004489116,0.0008669907,0.006342746,0.006277725,-0.006844894,-0.10593541,-0.1391629,-0.007814455,-0.0015260064,0.0023247239,-0.0022091565,0.0005748634,-0.006830461,0.0009072777
3.339096,-1.2969611,-0.046506844,0.0007162323,1.3690411,0.00060641393,0.12967066,0.0230745,-0.06310091,-0.020539068,-0.04934012,0.10967917,-0.0074902447,0.015062992,-0.0023536382,0.022729594,2.6723995,-0.1492755,-0.0055380617,0.0024766924,0.0062829675,0.020586392,-0.073227294,-0.006303474,0.0003194391,-0.0849161,-0.003465787,-0.005808669,0.30662832,0.005442727,-0.010647871,-0.0052354475,-0.014839794,0.0040268353,0.0461594,0.020229558
-7.2791576,-0.60561484,-0.020030225,0.00032062715,1.2070119,0.00039198634,-0.07521102,-0.004871111,-0.021660285,0.0025094487,-0.020106714,-0.079681635,-0.0075690052,-0.00091003405,-0.00013527136,-0.004530275,-1.1909952,-0.03472946,0.08451221,8.6675194e-05,-0.0016405364,-0.029235117,-0.004351703,0.0006323962,0.0073745335,0.004580292,-0.0073729986,-0.083165325,-0.1387696,-0.003726503,0.0056995684,0.0007182171,-0.0014029342,0.0016773192,-0.007077511,-0.0003518756
-7.31827,-0.61005735,-0.03506226,-0.0009780477,1.202161,0.0014865657,-0.023335056,-0.0062806015,-0.026691617,0.0034155706,0.014053304,-0.070274435,-0.0007497038,-0.0052563297,0.00027271238,-0.0027214703,-1.1853497,-0.03318246,0.08543123,-0.002109895,-0.013824768,-0.02517066,-0.0040563717,0.0007795046,0.0067670783,0.00672277,0.006507647,-0.108668126,-0.14426497,-0.008718493,-0.0025374305,0.004226234,-0.0015538067,-0.0013859009,-0.007289538,0.001193681
12.997883,0.38640568,0.07144865,-0.0015844452,-1.8478969,0.005935889,-0.22462773,0.022994168,0.002742246,-0.005022866,0.007983785,0.36554435,-0.008162643,0.0162972,0.005372887,0.10230231,2.651754,0.013107549,0.053396318,0.0070097204,0.030217716,0.023276998,-0.0023631395,0.004822918,0.005256821,-0.014639591,0.0008907042,0.059170574,0.19636343,-0.0023130325,0.0008378578,0.003487997,-0.003478807,0.0076583927,0.030194711,0.0054848087
23.866436,1.2844317,0.059705317,0.0032157665,-1.662983,-0.026690377,-0.216403,-0.00013921858,0.05232827,0.0028099588,0.06424678,0.2747289,0.0076188003,-0.003674955,-0.0013130212,0.07619281,4.2005925,0.037359916,-0.078738585,-0.00096211536,0.012011664,0.03552185,-0.0070831,-0.005488367,-0.0011279074,0.014903676,-0.01146626,0.4705811,0.5266795,-0.013778438,-0.03728686,-0.0016796186,0.0069801076,-0.0058792704,-0.023326132,0.01055501
-7.229296,-0.5804369,-0.035215206,-0.00025413514,1.195157,-0.0028132128,-0.070745304,-0.006200082,-0.01035302,0.002430551,-0.029539809,-0.07087503,-0.0018106912,-0.00518458,-0.00017659317,-0.0015684934,-1.2563022,-0.016685052,0.08886623,-0.004744262,-0.009534327,0.017621458,0.0026392248,0.0010628722,0.0013815045,0.002493063,-0.0075895144,-0.06477958,-0.13811645,-0.0046990714,0.00016901076,0.0027887397,0.0010814462,0.0005178891,-0.012184988,-0.0029329346
-7.421196,-0.64071023,0.023958975,0.0031007512,1.2160349,-0.003351972,0.025220318,0.0043428494,0.009987855,0.0029321827,-0.020340675,-0.087586075,-0.0025243165,0.004133031,0.0012470435,-0.0036841705,-1.2437252,-0.024680741,0.09526731,-0.0035924176,0.0032578246,-0.025893033,-0.0037056725,0.0026304892,0.00061678403,0.007719322,-0.010092371,-0.059567016,-0.13445029,-0.0040294765,0.0077129477,0.0013378934,-0.0024916087,0.0020394996,-0.009575958,-0.0044983774
-7.303581,-0.66980505,-0.0005309167,0.0025094585,-1.2637197,-0.002137398,-0.08120472,0.007267592,-0.031969216,0.002921137,0.012511976,-0.08655833,-0.0020130512,0.008787577,-0.00012543588,-0.0021324854,-1.2879399,-0.030071475,0.0863223,0.0018747514,0.0018291058,0.056494057,0.0011255173,0.001023174,0.0014920123,-0.00025321142,0.0054421923,-0.38757303,-0.16553046,-0.007995175,0.0038526496,0.0006170338,-0.0039857575,0.0022975854,0.002490457,0.0011675021
-7.3362336,-0.634648,-0.024526158,0.0016538353,1.2010279,-0.0004481421,-0.028052364,0.0016377683,-0.004597329,0.0036247042,0.0067196274,-0.08345434,0.0033983227,-0.00093087694,-0.00096488994,-0.0032035587,-1.199033,-0.026638543,0.0875354,-0.00034158432,0.0019098955,-0.02596301,0.0007772856,-8.842011e-05,-0.004936307,-0.010567467,-0.0077643474,-0.09317383,-0.1317348,-0.006793437,-0.0076739495,0.0019149896,-0.002345598,0.00059848814,0.013578226,-4.089019e-05
-7.388186,-0.66149044,-0.006651638,0.004833207,1.205509,-0.0017268651,-0.03455796,0.0064658443,-0.0393484,-0.0060037263,0.011774036,-0.08231595,-0.0010451116,0.00904726,-0.00046277794,-0.0030223094,-1.1558535,-0.023349322,0.08915741,0.0023231,0.00022343684,-0.021943524,0.008810463,0.0032506105,0.007536585,-0.010873313,0.00428887,-0.11603288,-0.13933966,-0.008873672,-0.00023356709,0.0036930013,-0.0019998148,0.0018174604,0.010721088,-0.00043082287
-1.1015565,0.83424366,-0.017831095,0.0016763003,-0.7900021,0.004855877,-0.024019593,-0.010749505,0.01381508,0.004473664,-0.039563414,-0.2904436,-0.0020993405,-0.021271376,-0.001793631,0.0072051017,0.12790069,-0.046070896,-0.083763205,-0.0009232872,0.003357746,0.09083556,-0.009852826,0.0009349181,-0.01380115,0.00218621,-0.04876628,-0.07287725,-0.13977566,0.0004209856,-0.011766448,0.007468179,0.01243646,-0.001268261,-0.0011309581,0.011354777
-7.2199864,-0.6291891,-0.0072720638,0.0019234129,1.2031804,-0.0016227706,-0.044477317,-0.002251991,-0.033006072,0.003899555,0.017759038,-0.08027529,-0.010038916,0.00024981922,0.00081910216,-0.0025062123,-1.1160154,-0.024174122,0.09102924,0.0021662149,0.00064814754,-0.02306267,-0.0047849095,0.0018380547,0.005073723,-0.0066715144,0.005301835,-0.114392355,-0.12989083,-0.007987469,-0.00084880344,0.0058706906,-0.0015493614,0.0033280621,0.013142221,0.00010095641
-0.5547435,0.87495166,-0.018250948,-0.0003206309,1.2499315,0.0035461506,0.041573793,-0.012098386,0.0141009325,0.0043258844,-0.058075428,-0.21350609,-0.012570109,-0.0152849145,-0.00051259843,0.025665833,0.015769169,-0.03140662,-0.06705944,0.0006063031,0.007414358,0.01201275,-0.0145285465,0.002858134,-0.006910249,0.007066556,0.042784672,0.0100102285,-0.12864353,-2.6274844e-05,-0.02733034,0.0008508358,0.0027962315,0.0039505176,-0.014964708,0.0078904545
-7.291905,-0.6412297,-0.0032031848,-0.000916159,1.2023575,-0.0022138776,-0.07627583,0.005451711,-0.0060676076,0.0031292979,0.012286605,-0.0841532,0.0035774074,0.00021012027,-0.00018056159,-0.0035474908,-1.2085042,-0.026842296,0.08931268,0.0012790133,0.0011358375,-0.028886678,-0.002549891,0.0025635436,0.0020994542,0.007848408,0.0076204343,-0.09734902,-0.1427608,-0.006388676,-0.0072907866,0.0014149606,-0.0023148444,-0.0015416924,-0.0070696366,0.0010404474
10.149118,1.1031281,-0.071457505,0.004148562,-1.786044,-0.0039048768,-0.33102474,-0.030896684,-0.016615378,0.0030039253,0.10530943,0.2999864,-0.008157328,-0.008418538,0.004049853,0.025124148,2.3897746,-0.043269046,-0.014872108,-0.05141911,0.0069343983,0.010222412,-0.0035752356,0.0005331923,0.000835673,0.0077292803,0.018101092,-0.33688384,0.22013408,-0.019415416,-0.00035331098,0.006065496,0.0035521258,0.0043035396,-0.026292583,-0.003373033
-6.317827,0.010596788,-0.04291311,-0.0021499621,1.2496083,4.840538e-05,0.0021704491,-0.0075176293,0.0057851016,0.002268632,-0.036895547,-0.089132205,-0.00020112809,-0.008370179,0.0009289166,0.00019729277,-1.1445438,-0.050628304,0.034029957,-0.0030070955,0.001050962,-0.014282368,-0.0055420604,0.0023362006,-0.00022171997,0.001964307,-0.007823195,-0.07788422,-0.19414638,-0.0053630862,-0.008776951,0.000895837,-0.0006842976,-0.00299695,-0.01505486,-0.0025535503
-7.315216,-0.6414694,-0.0020219954,-5.166108e-05,1.2092314,-0.0032908744,-0.07850113,0.005031418,-0.03135628,0.0030277069,0.006745269,-0.08265308,-0.00023723608,0.0052283676,0.0015458913,-0.0029460748,-1.1763616,-0.025060445,0.08794205,0.0018604686,0.00027381856,-0.029589592,-0.005513589,0.0013770086,0.0074395444,0.00027420718,0.0043000686,-0.10413802,-0.13699079,-0.006926131,-0.00014583328,0.00091111584,-0.0011919191,0.000914734,0.006272214,0.00064319186
18.31151,1.2132263,0.064143896,-0.007674139,1.2136056,-0.032510575,0.16419666,0.008864484,-0.00021187098,0.0035925314,0.10181021,0.29561654,-0.088101976,-0.0034695875,-0.0041207536,0.069068074,3.7146082,-0.038483627,-0.10485398,-0.0017794224,0.020890236,-0.011391616,-0.0071453457,0.0018970001,-0.0007054686,0.014047444,-0.014060859,0.35077915,0.37550128,0.0042955475,-0.01604615,0.0006358607,-0.005584967,0.0058742296,-0.027720818,0.010954781
-7.3025703,-0.66107166,0.012040652,0.00066012435,-1.2610507,0.0002945945,-0.075867385,0.0041614627,0.014926542,0.002405447,-0.022145342,-0.08698956,0.0029891746,-0.0020562783,0.00046236822,-0.0062464844,-1.3411368,-0.030554643,0.08927195,-0.00037720456,0.0037562696,0.04022182,0.0022920799,0.00072834746,-0.004673729,-0.00039405393,-0.008750528,-0.36582804,-0.15685956,-0.005929404,0.00975301,0.00013547813,-0.002402263,-0.0017372038,0.0042969543,-0.006154489
-7.2942266,-0.60384965,-0.033578884,-0.0017920376,1.2182015,-0.0004461945,-0.11604835,-0.0044521634,-0.029807402,0.0027159825,0.0126793925,-0.0703745,-0.00086938933,-0.004880934,0.0013249672,-0.0042860727,-1.1604687,-0.034754653,0.079253756,-0.00277485,-0.01137769,0.011959183,-0.0026168558,0.0004098303,0.0014262005,-0.010816947,0.0030948638,-0.11111055,-0.13628542,-0.007159396,-0.0011090594,0.0021870718,-0.0016700336,-0.0005384129,-0.0015046453,0.0013411505
17.312765,1.3480698,-0.0066157966,0.008095583,0.68578094,-0.042730622,0.1356073,0.0028546753,0.0171599,0.00515742,0.05788478,0.32292724,-0.009293715,-0.013240875,-0.00076212944,0.06662859,3.6606479,-0.0014104793,-0.10043161,0.014028392,-0.01007424,0.026082493,0.0046052206,-0.00030835954,-0.0022884319,0.01874605,-0.013743726,0.05319677,0.5405138,0.004418767,-0.016085427,0.0007909441,0.008344642,0.0010400794,-0.022076283,0.0042321975
-7.301071,-0.61467046,-0.02339081,-0.0008940175,1.2175332,0.0006667172,-0.09500905,-0.0038580776,0.0028889559,0.0032344107,-0.021128982,-0.081426986,-0.0013047309,-0.0052718497,0.0004897948,-0.0041047735,-1.2170738,-0.03172779,0.08659947,9.873236e-05,-0.002110497,-0.031436708,-0.002626927,0.001590119,-0.00012838845,0.00680647,0.008488849,-0.08068543,-0.1374338,-0.0057619624,0.0033045213,0.0005950769,-0.0009911854,-0.00093073293,-0.0074757175,-0.0043338393
-7.3792324,-0.6486537,0.0015641082,0.0010618883,1.2084349,-0.0028687294,-0.015245682,0.003885258,0.0046242,0.0034420479,0.013148813,-0.08422899,0.0045905025,-0.0023445867,0.00095212134,-0.0022132243,-1.2196343,-0.025726482,0.09221053,-0.0001363368,0.0001928539,-0.022226999,-0.0050567403,0.0014989356,7.458025e-05,0.0058176895,-0.009658663,-0.10305531,-0.13045235,-0.0073250723,-0.0069927624,0.00026757902,-0.001822195,-0.0005593631,-0.0126623325,-0.0013155902
15.998077,0.59864825,0.11488439,-0.006053267,1.3248026,0.0029762825,0.14380765,0.027571615,-0.008499766,0.0036785405,-0.014998924,0.1950355,-0.024377085,0.013145996,-0.00063321687,0.048905358,2.9387028,-0.09957285,0.001006375,0.009090118,0.02874475,-0.029000053,-0.017313054,-0.005782367,0.0020298697,0.1154069,0.011989022,0.2346482,0.39417133,0.02482012,0.012173793,0.011409201,-0.0051520728,-0.002597301,-0.05548652,0.02219772
-6.5457993,-0.41677064,0.0035216014,-0.0023766616,1.2209805,-0.0011303417,-0.05933682,0.012362812,-0.039123863,-0.001699473,0.020025961,-0.0903682,-0.0012741794,0.0095294425,0.0005421237,-0.006120271,-1.0529126,-0.023584705,0.066250004,0.0025725097,0.004109342,-0.016023383,-0.0044441326,-0.0008284807,0.02645869,0.0060461145,0.0068476377,-0.1180855,-0.15693237,-0.0074878004,0.00063370436,0.0015878183,-0.0021485365,0.0077584265,-0.015546615,0.00057447504
18.846697,1.1932704,-0.00052056985,-0.013327996,1.192883,0.016338699,0.18436562,0.0035396519,0.0066138343,0.004899473,-0.0054522553,0.18729277,0.09077059,-0.004847805,0.0011727562,0.075444765,3.3956811,-0.03990038,-0.053289026,0.007364255,0.018615246,-0.013641773,-0.0008096246,-0.0022277755,-0.002954298,0.026191229,-0.008965521,0.45840245,0.43212295,0.008369819,-0.021593064,0.0063136765,0.0020828908,-0.009113672,-0.024845868,0.001559234
-7.297416,-0.60371804,-0.03432466,-0.0022122613,1.1373171,-0.0021132957,-0.11320459,-0.0041844063,-0.03075546,0.00306701,0.01230294,-0.06895547,-0.0006663729,-0.0048322165,0.0009075052,-0.0022607464,-1.161627,-0.0334631,0.08198537,-0.00090281764,-0.011129155,0.006307744,-0.004338666,0.0012501847,0.0068979133,-0.0010085917,-0.0039656167,-0.1097016,-0.13943137,-0.0078680925,0.0002389233,0.004309557,-0.005162941,0.0029204974,0.0014874564,0.00049532024
-7.4273705,-0.644984,0.0065329773,-0.009738143,1.2111169,5.0923336e-05,0.023024956,0.0037300396,0.008173571,0.0034701168,-0.019210258,-0.08636525,0.004100951,-0.00027667035,-0.0009005007,-0.003217072,-1.2456456,-0.022278033,0.09245841,0.00031162254,0.0033410084,-0.023304135,-0.0036931916,-0.0008255831,0.0014277153,0.0075050993,0.01017036,-0.067321755,-0.13501343,-0.0061986283,0.007513068,0.00023351694,-0.0022346026,0.00027947902,-0.008152667,-0.0017749697
10.959238,0.6317352,0.06776625,-0.0026829974,1.3983634,-0.003691668,0.09902986,0.023790743,0.006605003,0.0025568644,-0.23711146,-0.033451933,-0.0049388763,0.02543611,-0.0024210184,0.06392146,2.6951902,-0.1982433,-0.048264734,0.007614965,0.011139126,-0.0145646455,-0.010706374,-0.0024271207,0.0032927475,-0.08156047,0.014025599,0.22742122,0.26949492,0.024164945,0.013284876,0.00039079765,0.00038167232,0.00031417763,0.03614816,0.02750205
20.345594,1.3137816,0.042550575,0.002007582,0.17116483,0.012569205,0.11656858,0.006700121,0.04314384,0.0042692753,0.061317015,0.34651232,0.027768828,-0.0024696733,0.001023959,0.07266103,3.7802358,0.006652459,-0.096453235,0.009714668,0.014503285,0.041327596,-0.009898284,-0.0020009635,0.00021717603,0.01068665,-0.016000021,0.18467714,0.52018476,0.002278848,-0.010576634,0.0036265685,-0.0038614776,-0.0010413603,-0.02295272,0.004433587
-7.28466,-0.6085039,-0.031096417,-0.0010770903,1.201083,-0.00039923156,-0.06535353,-0.0077520288,-0.004730275,0.0034288778,-0.020486899,-0.07417566,-0.001618624,-0.0047457037,-0.0010466457,-0.0032409546,-1.2208039,-0.033511143,0.08724465,-0.0037904028,-0.0025491226,-0.023826132,0.002037241,0.0006528135,0.0023838405,0.0066591688,0.0058481335,-0.07361338,-0.13692056,-0.0041092485,0.004228263,0.0018665153,-0.0028801586,0.0006705998,-0.006765294,-0.0004288162
15.886076,1.2924243,0.060480922,-0.008926005,1.2811025,0.007889513,0.12883425,-0.0009173452,0.004112402,0.0033770646,0.05649922,0.43358433,-0.032314956,-0.0016024443,0.002405721,0.06771304,3.22117,-0.020671371,-0.077712566,0.022094842,0.015947862,0.056478806,0.007960207,-0.0028471528,0.00201834,0.03676758,0.019863307,-0.037142508,0.27469173,-0.0006222421,-0.010191323,0.011748675,0.0034323838,0.00072499615,-0.026357656,0.016213698
-7.2899785,-0.6257349,0.022313738,0.0008494477,1.2008829,-0.0016171618,-0.028241945,-0.002919409,0.015540192,0.0046150573,-0.026994074,-0.088451214,0.0037783158,-0.0013744386,-0.00024468804,-0.004887361,-1.2708477,-0.0043198713,0.09550335,-0.0043434156,0.0026500998,0.00461537,-0.008003354,0.0020449094,0.00081753114,0.0026971223,-0.010183646,-0.059512667,-0.1424809,-0.005548084,0.0018137359,-0.0023632047,0.0009903556,-0.0004999975,-0.01330691,-0.003807738
-7.36952,-0.6510086,-0.0059781084,0.00040250857,1.2050021,-0.0008820946,-0.018314686,-0.0015152835,-0.033747893,0.0032199742,0.01199328,-0.08226148,-0.00045844252,0.0049607186,0.0012484753,-0.00240414,-1.1647388,-0.024792254,0.08559872,0.0019938578,0.0013002603,-0.022199312,-0.005063104,0.0017808905,0.009240661,-0.0047275373,0.0047852034,-0.10746986,-0.13452831,-0.0075785206,-0.0011439823,0.0027114013,-0.0021882916,0.0012855593,0.0088747535,0.00023395955
-4.0504417,-1.8404185,-0.0046302443,0.0021582937,1.1683964,0.026971858,-0.06534556,0.022515846,-0.13317159,-0.08188209,0.027437873,0.07531475,-0.0032795803,0.005098628,-0.011308681,0.010187137,1.7921321,-0.01954567,0.0012249236,0.0059817503,0.019882007,0.081469126,-0.016362108,0.019409567,0.0019034861,-0.027817834,0.001616428,-0.91539794,0.22035547,-0.0035943363,-0.017704066,-0.001916133,0.024479734,0.0019045034,0.029236237,0.0019269949
-7.315109,-0.6304055,-0.01667519,-0.0017087415,0.64673316,0.00051110174,-0.12313075,-0.0017973192,-2.3234825e-05,0.002892155,0.015465667,-0.08236594,0.0026760579,0.000106425585,0.00017428842,-0.003320798,-1.2191088,-0.03426465,0.086807534,3.488395e-05,-0.001981073,-0.024113571,-0.0034643845,0.00076338387,0.00081543945,0.0061978274,-0.0069919876,-0.11941651,-0.13580643,-0.0056714565,-0.005066824,0.003253586,-0.0031782007,-0.00070571434,-0.006302665,0.0013421901
-7.326479,-0.6808661,-0.0055974843,0.0011211528,-1.4275038,-0.0006426814,-0.1010927,0.006042764,-0.034662385,0.0036345997,0.0061808284,-0.08480785,-0.0015261815,0.005469602,0.0002881122,-0.0015691544,-1.2610599,-0.032030493,0.083345644,0.0020693003,0.0021184513,-0.09577826,-0.0042774696,0.0051795207,0.0021761467,-0.009193158,0.004813041,-0.2892579,-0.16225839,-0.008621585,0.0026752295,0.0042050565,-0.001448213,0.0032385045,0.012281068,-0.0018326497
-7.288014,-0.61643386,-0.025249,0.0010285119,1.2025815,-0.0030613227,-0.07187393,-0.0042366288,0.00617998,0.0029320167,-0.0059986464,-0.07843191,-0.0021438156,-0.004755481,0.00067333976,-0.0025308728,-1.1925772,-0.027773423,0.083597414,-0.0006399752,-0.005444092,-0.028569927,-0.0034563493,0.00073487434,-0.0007878223,0.0016536887,0.0076274658,-0.089510344,-0.13768911,-0.006943346,-0.0073043564,0.0020740824,-0.0017982232,0.00061187294,-0.007904196,0.0010607665
-7.2864313,-0.6147575,-0.025293235,-0.0006456033,1.2076862,-0.0010138769,-0.090250365,-0.0043503116,0.0023244715,0.002371385,0.015298494,-0.07959766,-0.008475072,-0.0011540025,-0.0010539116,-0.0051444336,-1.1991904,-0.036503665,0.086099304,0.00047583567,-0.0015446948,-0.027166883,0.0026927413,0.00028776753,0.005734496,0.005728715,-0.008277428,-0.104515836,-0.13233262,-0.006615233,-0.008412257,0.0021436163,-0.0023300068,0.00093999563,-0.007171246,0.0016178484
13.569994,1.1237924,0.02687157,0.0077733765,1.3032441,0.006425034,0.15078719,0.010389405,0.054141816,0.0038337277,-0.22228621,-0.11274642,0.022294493,-0.004820204,-0.0035000546,0.263955,2.6626139,-0.08687846,0.11032149,0.007671344,0.01893827,-0.02649117,-0.003830665,0.004644324,-0.009716465,-0.014779422,0.008600233,0.6751047,0.1928903,0.0012047618,-0.025968613,0.0017975933,-0.0026052326,-0.0022235224,-0.006395808,-0.04412604
15.049359,1.2074498,-0.0054610204,-0.0043962505,-1.7795641,-0.012141496,-0.29056323,-0.021471677,-0.0022801955,0.0038871039,0.052354395,0.31941512,-0.005975116,-0.006273307,-0.0024549912,0.046419475,3.2776062,-0.03954366,-0.10694779,0.02019498,-0.0039496655,0.00058492576,0.0026921497,-0.010911513,-0.0074676704,0.028836671,0.017060408,-0.16465972,0.29535073,-0.01124494,-0.019294117,-0.00034504902,-0.105045736,-0.009373184,-0.033903655,-0.03021594
17.261547,1.1224761,0.07231656,0.0060784547,-1.7942243,0.006223103,-0.3910968,0.01544748,-0.010447495,0.0017765261,0.1080411,0.52197725,-0.0053481734,0.012426917,0.00215031,0.05591437,2.6346202,0.0461976,0.16248399,0.034057863,0.043489415,-0.013732749,-0.0062597166,0.0032343403,0.0003641131,-0.017437153,0.008062702,0.06987426,0.26055008,-0.00014028966,0.022814136,0.0065062353,-0.018458266,0.0034525744,-0.01149094,0.014841565
15.110476,1.2703156,-0.033674065,0.0029256232,1.2889721,0.0048416313,0.17386845,-0.010680496,-0.009596499,0.004495529,0.06629728,0.32215548,-0.009467247,-0.0062788893,0.0029053583,0.07338629,3.1741073,-0.049240712,-0.1314479,-0.047138944,-0.013348642,-0.023647409,0.002347261,-0.0054276176,-0.012208215,0.025389811,-0.012463922,0.059850562,0.40965414,-0.0005197051,-0.01639257,0.012099952,0.0031069287,-0.0031907978,-0.027434215,0.00013156631
-7.271864,-0.60143226,-0.03518667,-0.0006925341,1.201633,-0.00017695597,-0.07406204,-0.0038258946,-0.00050271105,0.0027068192,0.012817436,-0.07247788,-0.0014706944,-0.0045257322,0.00023306065,-0.002780719,-1.2081113,-0.032729313,0.084051944,-0.0029810288,-0.01212591,-0.025627738,-0.003345759,-0.00063925167,0.0015200084,0.006230068,-0.0073675965,-0.099265344,-0.13862066,-0.007372982,-0.008316264,0.00570293,-0.003750673,-0.00022593589,-0.0066992366,0.00068907987
-4.4632497,0.06685654,0.020890998,0.0038602746,-2.396712,-0.0045350217,-0.12885237,0.00865933,0.018266257,0.0032104813,-0.03905535,-0.12541047,0.004181561,-0.0019556668,0.002797986,0.039509635,-1.0249584,-0.041727975,-0.008283308,0.0012586918,0.007062745,-0.011451202,-0.012769983,0.0068087736,-0.023717994,0.0038463082,-0.0018128213,-0.027430065,-0.20647837,-0.008017108,-0.0005026528,-0.0008720532,-0.0020959193,-0.0029708855,-0.012766433,0.0018652965
2.1896765,0.63004404,-0.08214903,-1.9778261e-05,-0.38083053,-0.0043525556,-0.22405206,-0.012980182,0.03449066,0.0029518898,0.025395552,0.08687843,-0.00062185415,-0.01286559,8.341738e-05,-0.029890465,1.0815263,-0.047039818,-0.08344369,-0.009560761,-0.047150847,0.00033421477,-0.009926081,0.0015930868,0.00024084012,-0.0057830485,-0.010024943,-0.31570143,0.105496705,-0.0029740653,0.026752276,0.0012653783,-0.015291884,-0.002277637,-0.015852997,-0.0032057588
-7.3770113,-0.63136387,0.015399791,-0.009576555,1.2224162,0.00044216088,-0.009361316,-0.002258134,0.0048127077,0.0022609383,-0.024269631,-0.083626546,-0.009080612,0.0008344361,0.0001636754,-0.005111922,-1.2921495,-0.0020008183,0.0901958,-0.00010480797,0.002428912,-0.023257067,-0.0059642545,0.0018113353,-0.00029423676,0.006446383,-0.009168566,-0.06367829,-0.13399565,-0.003797233,0.00130496,0.00050160254,-0.0016242507,-0.00066569785,-0.008093286,-0.004661713
-1.6006291,0.7974023,-0.053581826,-0.0040180143,-2.1493754,0.001968502,-0.18890828,-0.022121679,-0.01256933,0.002275983,-0.062252466,-0.17736526,-0.004548337,-0.039411064,0.001730038,0.011646805,0.09601916,0.0018610411,-0.093673855,-0.0031725378,0.0053490866,-0.1054545,-0.005020784,-0.0057271263,-0.0059738187,-0.0066946605,0.051217075,-0.08590625,-0.11120388,-0.009035398,-0.015074658,0.00044649045,-0.006988733,-0.0071793245,0.0072812615,-0.0031945566
-7.328568,-0.63952893,0.017358238,-6.9091846e-05,1.2054394,-0.0021338887,-0.028073296,-0.0021266202,0.008816483,0.00344461,-0.02256941,-0.085149005,0.0034057824,-0.00173755,-0.0011637893,-0.003750582,-1.2276207,-0.027756423,0.089143075,-0.004783087,-0.00046024195,-0.03012862,-0.0051393993,0.0027107317,0.000401239,0.0064496524,-0.009145948,-0.071736306,-0.14239687,-0.0058804187,0.003326274,0.00089552155,-0.00013148504,-0.00045267754,-0.0075219027,-0.0022297257
-7.3536854,-0.6626866,0.0022052312,0.001374345,0.36853093,-0.0011554946,-0.042299617,0.0031871398,-0.03138354,0.0031801122,0.013345834,-0.081175655,-0.0019691936,0.010237227,-7.321519e-06,-0.0012557104,-1.2048731,-0.028413221,0.09513421,0.002153711,-0.00029305572,-0.07071703,0.0030178984,-0.0031468295,0.002019492,-0.0014214307,0.004206274,-0.104686216,-0.14808197,-0.006329335,0.0017632234,-0.00047557076,-0.003131024,-0.00024795398,0.007955442,0.0007741224
-4.9288425,0.41432378,0.019520542,-0.0018321292,-2.1375556,-0.0004213947,-0.041732814,-0.015204,0.0069184634,0.003007608,-0.04313387,-0.13748707,-0.001245506,-0.0034541977,-0.0018088544,-0.02755807,-1.0869573,-0.045556415,-0.041728232,0.0001983279,-0.0012712908,0.03313238,-0.0070395083,0.00038021436,-0.005217444,0.0047070635,-0.0114861615,-0.06554589,-0.17257166,-0.007494838,-0.006894464,0.0012180731,-0.016550837,-0.0069408324,-0.016764037,-0.01103604
-7.316051,-0.6504418,-0.002867474,0.0014042814,1.2125658,0.0014993157,-0.077678844,0.006447735,-0.03478177,0.003120897,0.0073260344,-0.08436013,-0.0012354939,0.009614191,-0.0005474134,-0.003762498,-1.1602002,-0.023273882,0.086857304,0.0024849589,0.0010770098,-0.03465217,-0.004815513,-0.000268833,0.0028663254,-0.01048169,0.007846531,-0.1024727,-0.14457187,-0.007945906,0.00040346733,0.00079928467,-0.0019417473,0.0016390168,0.010261503,0.000537
-7.3463926,-0.6423287,-0.0046824864,0.002384516,-0.025526946,5.0423347e-05,-0.058705684,0.0053716754,-0.031397678,0.0031324364,0.013488077,-0.080755316,-0.0005604002,0.005287825,0.00036389095,-0.0032035979,-1.2111112,-0.029502956,0.08203093,0.0019389321,0.0010501482,0.05501416,-0.0048143654,0.0021787332,0.005173522,-0.00822575,0.0055286144,-0.3013121,-0.14727674,-0.007816184,0.0016561114,0.0020361757,-0.0013745489,0.001246715,0.0068442514,0.0005116132
-6.879851,-0.18741298,-0.041971907,-0.011652865,1.2514893,-8.501033e-05,-0.06338494,-0.011787771,0.005596732,0.0016572623,-0.03960399,-0.10208475,-0.0015912408,-0.008294954,-0.0018621064,-0.00019992389,-1.2252436,-0.065478116,0.06312399,-0.0018170364,0.0017330733,-0.008483102,0.00472712,0.0041220817,-0.00013168082,0.0032073099,-0.0074419705,-0.036681965,-0.14058767,-0.003311042,-0.007948597,0.0007879015,0.0008081939,-0.0025964282,-0.01655532,0.001232129
10.005165,-0.22069909,0.003058235,0.010120357,1.2656403,0.008013098,-0.0464512,0.026013693,-0.0015206736,0.005718606,0.026177743,0.2888527,0.0016533516,0.00356815,0.0041193296,0.04098481,3.0513697,-0.29647294,-0.058626596,-0.002910064,0.020462688,-0.009117041,-0.0023904245,0.01629245,0.0038181597,0.0021374484,0.012939096,-0.4848965,0.4450648,-0.007282351,0.013372332,0.0077538514,0.008010221,0.012607163,0.056225196,-0.031871337
-3.2552636,0.38954753,-0.057682615,0.0044525694,1.20181,-0.0010146641,0.02225233,-0.026272718,-0.006016459,0.004387259,0.023476733,-0.14543983,-0.010793958,-0.008332201,0.001232079,-0.032408796,-0.35315558,0.014601686,-0.03713466,-0.00924691,-0.019122005,-0.0064301025,-0.008312932,-0.0021722377,0.0013622467,0.008487266,-0.029024685,-0.237207,-0.19237153,-0.009657145,-0.029904846,0.0013588689,0.0019770807,-0.00018848997,-0.009118596,-0.0002489223
14.719244,0.84953266,0.13267441,0.002843731,-1.7611006,0.0026725647,-0.22967975,0.028611561,-0.0094048735,-0.0008809417,-0.056520794,0.26928642,-0.005162732,0.019407067,-0.0035237672,0.06636547,3.360812,-0.16420831,-0.02488451,0.029829005,0.02833665,0.008518381,-0.008081945,0.0016126027,-0.008524537,0.027135896,0.00965516,0.07515763,0.3725362,0.012484834,0.009849179,0.0044521047,-0.01009338,0.006986607,0.037559636,0.002847448
-1.2370337,0.027022643,0.022179728,-0.0020106467,-0.028155416,-0.0068012546,0.058913082,-0.0006872403,0.005740163,-0.01829443,-0.045556646,-0.16244252,-0.0020715857,0.00022517686,0.0022320515,0.014744941,-0.07776217,-0.01762087,0.08995331,0.007098548,0.00051647844,-0.00806961,0.0063682613,0.002051145,-0.0008844499,-0.009081454,0.008797697,-0.0661252,-0.11109368,-0.0039618732,-0.024174586,-8.627891e-05,-0.0007127529,-0.0027353466,-0.015800327,-0.00084228895
-7.3527994,-0.67935264,-0.003924241,0.0005557461,-2.147291,-0.0016203042,-0.16047086,0.002884678,-0.033497885,0.0018666856,0.011864071,-0.080518596,-0.0022939066,0.01323745,-0.0020669529,-0.0013455561,-1.2998196,-0.030199911,0.08077499,0.0016275033,0.0009467746,0.034009792,-0.00070931285,0.0031818855,0.0068266066,-0.010788963,0.0060424963,-0.48532894,-0.1565269,-0.0076691043,0.0037357735,0.0018183449,0.00089105236,0.0012176245,0.011059832,0.006216085
-4.0492744,0.064817995,0.0057479725,-0.0005521874,-2.1057856,0.004115355,-0.17973031,0.01586083,-0.03858888,0.0015991919,0.018004574,-0.08626763,-0.0025767593,0.0034360955,0.0031972534,-0.004316446,-0.86393917,-0.019729584,0.008159562,0.0041866605,0.0017440598,0.042560313,-0.0033194495,0.001965575,-0.0049171955,-0.005147958,0.010441644,-0.42085102,-0.16283257,-0.0083086435,0.0050399792,0.009364272,-0.033765715,0.007980764,0.0192056,0.0021037143
15.082013,0.44880253,0.055173583,-0.0041700765,1.2811044,-0.008370725,0.14027904,0.005573663,0.0029544558,0.0047489223,-0.013793159,0.19582364,0.028048277,-0.010103006,0.0012582898,0.051403493,3.4388392,-0.051152032,-0.034911785,0.0013911179,0.02950898,-0.021709856,-0.0076130503,-0.00037891322,-0.00079681026,-0.017179511,-0.008631991,0.23515508,0.38988632,0.0164629,-0.0068738637,-0.00044321024,-0.004912126,-0.0022286063,-0.022825506,0.014463967
-7.3616757,-0.6511607,-0.0060060066,-0.0019403059,0.06827761,-0.00075891474,-0.12867217,0.007856428,-0.031698197,0.0036224357,0.013970745,-0.07868809,-0.001194898,0.004831158,0.0010584012,-0.0030888817,-1.2120236,-0.032425206,0.088907264,0.0016313718,0.0022713437,-0.04523169,-0.004936005,0.0012784633,0.0086487075,0.0018262682,0.005353711,-0.1627826,-0.1409342,-0.007076403,0.0023229544,0.0025106259,-0.0030286105,0.0040170206,0.00022655397,0.0004122249
-7.2946377,-0.63190794,-0.01803989,-0.0014359743,1.2027484,-0.00031951998,-0.064357415,-0.0036447663,0.011576691,0.0033679064,-0.005342369,-0.081988335,0.003188599,-0.0025119255,-0.0014466194,-0.0043204264,-1.2079554,-0.031649124,0.088935144,-0.00021557824,-0.0013113184,-0.024776382,0.0075288727,0.0018343033,-0.0026557944,0.006700841,0.0031288555,-0.09263043,-0.13703918,-0.0077478276,-0.00847386,0.0033144765,-0.0021397355,0.00012060456,-0.0072348993,0.00038235154
-7.303937,-0.6124217,-0.027056642,-0.0008883602,0.6475873,-0.0013761218,-0.11652404,-0.0028987254,0.010396035,0.0024784752,-0.018426158,-0.07464505,-0.0018939393,-0.00518386,0.00085064984,-0.002254703,-1.2387452,-0.039376244,0.083556,-0.0018369921,-0.0011809183,-0.017370816,-0.0028552047,-0.00036551716,-0.0011898067,0.0063386103,0.007669645,-0.08049279,-0.15118738,-0.005674329,0.008707972,0.0027911826,-0.0065349694,-0.0006165119,-0.007941706,-0.0008671494
17.228523,1.1389058,0.0005330437,0.0038610052,-1.5209343,0.015600188,-0.2422301,0.005329676,-0.010865307,0.002473692,0.066931196,0.32630584,-0.015260169,-0.0038162526,0.0058234166,0.06540046,3.6013348,-0.02205303,-0.04141238,0.0032544855,0.022404134,0.0145854335,-0.00064594246,-0.00438679,-0.0023352571,0.030295523,0.0070565767,0.33689392,0.37966374,0.004145833,-0.04302774,0.00664932,0.0063675055,-0.0041316426,-0.023225993,0.009819447
-7.3316374,-0.64629596,-0.020766836,0.0007095072,1.2087272,-0.0012615196,-0.062813945,0.007936685,-0.03570754,0.0027170232,0.014843295,-0.084262006,-0.00052793993,0.0050247265,-0.0005366588,-0.004336511,-1.1606349,-0.03106084,0.09038457,0.00089234905,0.002370586,-0.02542051,-0.002099141,0.003184491,0.008922975,-0.0010645562,0.0038215052,-0.1079977,-0.13747159,-0.006300442,0.0004236971,0.0047162645,-0.001557147,0.0019858908,0.007923912,0.00176766
-7.359577,-0.65865266,-0.006583776,0.0021475903,1.2046062,-0.0015121315,-0.027081355,0.005651314,-0.037886553,-0.008926898,0.007048069,-0.08326235,-0.0010867653,0.009240881,-0.00047642272,-0.002444692,-1.1386917,-0.025009584,0.08466991,0.0030388522,0.0009659627,-0.025002493,-0.005843363,0.0019115786,0.0054565077,-0.010817789,0.008123866,-0.10748568,-0.14117089,-0.00863902,-9.616907e-05,0.0035237388,-0.00093772926,0.00013721304,0.012318264,-0.00023713845
8.746236,1.2609254,0.016907994,-0.000260677,1.3178074,0.012605281,0.16491318,-0.022146283,0.010986038,0.0046415837,-0.015766382,0.33974957,-0.01319078,-0.008670307,0.00049828977,0.0328219,2.3690426,-0.032801192,-0.11023922,0.026528955,0.01841634,0.00749008,-0.01026654,-0.003017774,0.0016544339,0.012502585,-0.01589097,0.12114492,0.25244755,0.0020359152,-0.027933877,0.00066048227,-0.010328863,0.00045363925,-0.023449313,0.015909871
-7.3576293,-0.6295637,-0.019409485,-0.0029016943,1.2922616,-0.0018863061,0.044237953,-0.001976212,-0.031952668,-0.0035373284,0.0136716375,-0.08094057,-0.0062729213,-0.0013355955,-0.00039357314,-0.0017785586,-1.1962678,-0.030588785,0.084431395,0.0015325905,0.00054831395,0.054751422,0.0013070923,-3.7044665e-05,0.0028230052,0.0054123537,0.003632323,-0.32335892,-0.12929401,-0.006516512,0.00047174245,0.0032678097,-5.288668e-05,0.0016727863,-0.008686074,0.0021503884
-7.272442,-0.5989813,-0.032750446,-0.0006024809,1.2021881,-0.00032488207,-0.07293282,-0.0033710164,-0.003738366,0.0027571581,0.013668882,-0.07254449,-0.001450013,-0.0044560404,3.0374313e-06,-0.0029528074,-1.2061573,-0.03327915,0.08403085,-0.0053286343,-0.012038366,-0.025124839,-0.0039350176,-1.4057099e-05,0.0013320174,0.006198341,-0.0074055647,-0.1006586,-0.13879162,-0.006966577,-0.008274002,0.005179089,-0.0031048239,-0.0013574307,-0.0066809454,0.0010176066
-5.163286,0.22192633,-0.054312278,-0.00039608646,0.77414775,-0.0009141826,-0.124171,-0.016297724,-0.035413265,0.005096224,0.018076228,-0.073132135,-0.0016685567,-0.010413198,0.0043528704,0.009869749,-0.9120662,-0.037437856,0.0068724183,-0.0071723345,-0.013897632,0.02931475,-0.0013728363,0.0030996613,0.017830038,0.005502723,0.009940191,-0.29414827,-0.18199813,-0.006624295,0.00058786554,0.006807873,0.0008391729,0.0043265796,-0.01408563,-0.0009652361
-7.299593,-0.63626647,-0.001407742,0.0035222843,1.2197546,-0.002228324,-0.03392406,-0.0014697597,-0.010483568,-0.002439566,0.020427939,-0.08236469,-0.000273505,0.004894413,-0.00036898046,-0.003782113,-1.1290131,-0.020033045,0.097750634,0.0020257225,0.0029881336,-0.021288615,8.197408e-05,-0.00040270638,-0.0001741717,-0.010119539,0.010271096,-0.11015553,-0.136849,-0.0058701467,-0.0067769377,0.005259229,-0.0022552875,0.0021305755,-0.0009885661,0.0004764898
-6.830637,-0.18416904,-0.04979006,-0.0013738978,0.4825985,-0.0022499727,-0.121014036,-0.013649169,-0.004548524,0.001747833,0.01635989,-0.08411511,-0.0037188216,-0.0029731912,-0.00033233795,-0.0053146137,-1.1236664,-0.04003162,0.069894105,-0.005130355,-0.008232373,0.054099984,0.0035239856,0.00022529808,0.0011369422,0.0015310566,-0.008406908,-0.34528363,-0.14662454,-0.006109394,-0.0061200955,0.0026355041,0.001770814,-0.000993849,-0.0125795705,0.0015811988
-7.289524,-0.6210805,-0.02058332,0.00220801,1.2046168,-0.0003323125,-0.08343149,-0.001545047,0.0041078455,0.0025692165,0.0067592445,-0.08412496,0.0030127526,-0.002520208,-0.0002437303,-0.003481904,-1.1918815,-0.02941971,0.08153602,0.00051509327,-0.0019058656,-0.027469274,-0.0055857687,0.0011994242,0.0005044918,-0.009546126,-0.0058023916,-0.09534543,-0.13963939,-0.0069600833,-0.007540586,0.0026467196,-0.0012439749,0.0012460318,0.008219609,0.0022180562
-7.2915125,-0.6296965,0.007956995,-0.0018041959,1.1734099,-0.002873525,-0.073519096,0.000525855,0.012301468,0.0031055976,-0.020722209,-0.082953595,0.0037476805,-0.0014941333,-0.0019653998,-0.0045176097,-1.2305773,-0.031601194,0.089248635,-5.0673116e-05,-0.0005467285,-0.031969637,-0.0063568186,0.0027003284,-0.0020864236,0.006403668,-0.009328836,-0.075622596,-0.13656841,-0.006126236,0.0022567548,-0.00024555618,-0.0028969646,-0.0004995143,-0.0077970275,-0.003240146
-7.276709,-0.6075768,-0.033882495,-0.001106169,1.204541,-0.00037146383,-0.07460079,-0.004204189,-0.031568926,0.0036555598,0.0065809875,-0.07078908,-0.0017197819,-0.004972338,-0.0011230266,-0.003759101,-1.166837,-0.03677278,0.082252994,-0.0034081463,-0.014024658,-0.027826888,-0.0046250303,0.00246312,0.007475866,0.006352104,0.0064651463,-0.10957298,-0.13669498,-0.0076254904,-0.0009245036,0.0052659325,-0.0032164473,0.0019763706,-0.007745582,0.0009835794
-6.3768272,-0.2037936,-0.0054291403,-0.0025611199,1.232447,-0.004114384,-0.052527633,0.002644311,0.0068002813,0.0009199146,0.016908051,-0.111783564,0.004188695,-0.00024383419,-0.0011396718,-0.0096383765,-1.0007334,-0.030778479,0.058139216,-0.00013633593,0.0025649993,-0.012514562,0.007570644,-0.00026950001,0.00067020115,-0.0010586854,-0.011653984,-0.1547963,-0.14404507,-0.006492327,-0.006969158,0.0033966852,-0.0008755578,0.00018270344,-0.010956197,0.002310794
-4.1958833,0.29300493,0.0240828,-0.0019860943,-1.0429823,-0.0063599404,-0.045652937,-0.0022143521,0.009881918,0.0035098125,-0.043896083,-0.12367256,0.0030572042,-0.002376861,-0.04601023,0.01848162,-1.026799,-0.02938114,-0.020016147,0.0030012568,-0.0058372444,-0.09052748,0.0122545315,0.014516361,-0.08734569,0.0018449276,0.003048583,0.10369682,-0.19878513,-0.0023437215,-0.00010401247,-0.008521175,-0.01671555,-0.002086318,-0.015629593,0.0018331916
-7.3047595,-0.64685017,-0.0005740358,-0.0020884853,1.204669,-0.001291736,-0.081019,0.0072154235,-0.033750277,0.003444961,0.011962091,-0.08440808,-0.0014276849,0.004959733,0.00012370059,-0.0059348317,-1.179635,-0.029065544,0.08880901,0.001997253,0.001196176,-0.027643697,0.0025474965,-0.0002900652,0.008425307,0.0065990696,0.0051616644,-0.107136995,-0.13757667,-0.0068007116,0.0017080246,0.0009277307,-0.0010559069,0.00082607,-0.0026917313,0.0013771906
15.885367,1.2801378,-0.033229444,0.006854202,1.3403863,0.015443135,0.06709425,0.0029960168,0.012983489,0.0054037548,-0.038501356,0.14424528,-0.096881814,-0.0062682317,0.0011923743,0.06925357,3.1720138,-0.04368528,-0.11544722,0.0017460805,0.012914998,-0.017918209,0.018395834,-0.0011279321,-0.0010145773,0.031488366,0.00024429674,0.34209612,0.41784602,0.016885726,-0.010938465,0.0035181034,0.0003574419,0.0006970786,-0.0227242,0.0040893187
-7.285474,-0.6087964,-0.037171576,-0.0008689384,1.1986033,-0.00065148907,-0.063509144,-0.0036731388,-0.0044655018,0.0027623493,0.0140454415,-0.07168779,-0.0016023631,-0.0046549668,0.00029242947,-0.0031713897,-1.2060654,-0.03570612,0.08511308,-0.0030044757,-0.013059763,-0.024437305,0.0018348051,0.0013720164,0.004733227,0.006657088,0.007861939,-0.10103432,-0.13798253,-0.0066923997,-0.007973089,0.005887693,-0.0021872907,-0.00023256867,-0.0069927494,0.0010498633
4.984467,0.55285776,0.032391608,0.0017927479,-1.4103688,-0.0060753785,-0.02056933,0.0075142095,0.014198041,0.001808819,-0.05199706,-0.18330126,-0.0020365387,0.016824061,-0.0018730359,0.034553107,0.5805309,0.0037275031,0.13264473,0.0031331028,0.0065587224,0.004657996,0.0036616316,0.0025370994,-0.0050788536,-0.007969227,-0.007273197,-0.05573852,-0.06299656,0.0064934082,-0.0086258175,-0.0008360318,0.008708465,-0.002240856,0.016685145,0.0015963947
-7.372424,-0.627175,-0.028083209,-0.0015942636,-2.2736254,-0.0016146125,-0.034482643,-0.007420803,0.0001901612,0.0028692912,-0.0241294,-0.082158215,-0.0022843843,-0.007685837,-0.00095375493,-0.0025476338,-1.4051658,-0.005688627,0.08367511,-0.0011022704,-0.0012246991,0.0012903281,0.0039871354,-0.0007718725,-0.0010875742,0.0043072943,0.00023049543,-0.3615208,-0.1486487,-0.004023957,-0.0011413386,0.0022372147,-0.0062893336,0.0014297292,-0.010896926,-0.0040862453
3.8642223,0.2949524,0.04737085,0.0011025858,-1.8727757,-0.004288849,-0.1203321,0.06379198,0.008670822,0.0012187763,-0.1985307,-0.3197784,-0.001534917,0.023180488,0.002639999,-0.05234335,1.922782,-0.03702699,-0.07075478,0.005372977,0.016745238,-0.014343942,0.0039826585,0.0010368832,0.009370538,-0.011782938,0.0059271175,-0.2616861,0.18095519,0.01039579,-0.008745323,-0.0031622646,-0.016798144,-0.006393849,0.02120755,-0.0067683263
-7.2832904,-0.6384907,0.00021289331,-0.0034924569,1.3014077,-0.0030815157,-0.049862653,-0.0017349983,0.006058385,0.0027657347,0.014181451,-0.08648824,-0.0016436736,0.0050829872,-7.6823344e-05,-0.005005101,-1.219487,-0.031104788,0.08254281,0.0015299263,2.9651314e-05,0.053245787,-0.0032053129,0.0002613145,0.001729255,0.00665877,0.009213081,-0.26295626,-0.1358603,-0.007383644,-0.005685431,0.0010510326,0.007966215,0.0005281143,-0.007906678,-0.00039895115
-7.2845025,-0.60214204,-0.033120662,-0.00059765857,1.2016422,0.0011164998,-0.05695983,-0.00488567,-0.026261272,0.0034531062,0.006420142,-0.07082015,-0.0014498865,-0.004825101,0.00025101542,-0.0037493876,-1.1827731,-0.036228508,0.08411382,-0.0041916682,-0.009908408,-0.024803605,-0.0045504943,0.00010039765,0.0050217137,0.006340551,-0.00716246,-0.10312983,-0.13975732,-0.0076754526,-0.0017116091,0.0024945445,-0.0021953934,0.0006163554,-0.007363774,0.0011907564
-7.435205,-0.62986386,-0.021777187,0.0009868761,1.2052335,-0.00053347583,-0.04328901,-0.0036362705,0.0044055725,0.0032245992,-0.005583421,-0.08306475,0.004496618,-0.0036263696,0.00080285926,-0.0025465437,-1.1945996,-0.022664355,0.087729566,0.00015825013,-0.0014817418,-0.022888722,-0.0051502106,-0.0005600724,0.0004629488,-0.00013815248,-0.007812755,-0.10186233,-0.1287881,-0.0075854748,-0.008509843,0.003939181,-0.0034578224,0.0012514428,-0.0032804974,0.0020024327
10.089943,0.21973452,0.07340561,0.0011876535,-0.9217591,0.0015402719,0.05934738,0.008350873,-0.022071064,-0.006685461,0.016599696,0.28790683,-0.0036147449,0.007879145,-0.0048141037,0.028974395,2.7026272,0.120138384,0.006481285,0.008712143,0.028688103,0.08185225,0.0008844362,0.005485755,0.00081935636,-0.018632296,0.009621222,-0.08419382,0.1281836,0.0055733602,0.011921564,0.00031731089,-0.0054807602,0.00607225,0.057739653,0.0068270466
-7.4283433,-0.60800344,-0.022239149,0.0006188142,1.0024544,0.0020537355,0.008680939,-0.005620328,-0.031208241,0.0025893499,0.01304509,-0.08281617,-0.015036873,-0.0026422269,0.00047499486,-0.0016497805,-1.1927818,-0.020571094,0.08297322,0.0006226421,0.0003031831,0.020240324,-0.0062598176,0.0019073505,0.000961519,-0.00900438,-0.0090226475,-0.2887011,-0.1381978,-0.007310199,-0.0003030706,0.0018551775,-0.0040929043,-0.0003746889,-0.000775234,0.0020577568
-6.838154,-0.38470817,0.015237984,-0.0037092678,-1.3168443,-0.0018707949,-0.20118925,0.0069151777,0.00024610662,0.0022452462,-0.03024308,-0.09684498,-0.001823328,0.0058849636,0.0016940933,-0.008185028,-1.3012121,0.000893359,0.090188265,0.0013661786,0.0028774706,0.03626641,-0.0035201462,-0.0006647462,0.0011668954,0.0034020618,0.0057510342,-0.103314005,-0.16424568,-0.0047915536,-0.0016037523,0.00043923524,0.0012685433,-0.0017679256,-0.013798648,-0.009812853
0.9239397,0.9522754,0.020463655,0.0043320786,-1.1646798,-0.006521812,-0.0033657937,-0.01237095,0.013702164,0.0029141076,-0.060208954,-0.21157919,-0.006282772,0.00033768537,0.0014846115,0.030637948,0.24488845,-0.025493743,-0.09119839,0.0026546838,0.0013336902,0.09149318,0.0044616624,0.00052693853,-0.008041916,0.0048921364,-0.02783228,-0.012196874,-0.15288262,0.00026285712,-0.04964253,-0.00061689614,0.004164778,-0.0035534962,-0.012191965,-0.0023946196
1.6153905,0.9119752,-0.04363259,8.364757e-06,0.09372447,-0.0011820043,0.022252759,0.0019412984,0.016839,0.004707459,0.031202087,-0.1311388,0.0042512175,-0.011417818,0.0011251966,-0.024798898,0.27445003,-0.0049557737,-0.057462092,-0.002653052,0.0047932835,0.004905532,0.010963695,0.0010676384,-0.0021086147,0.0047856118,-0.02871343,-0.1392918,-0.13232137,-0.009591088,0.015538433,-0.00059605076,-0.0020502512,0.0007024679,-0.009436616,0.0040011606
-7.45264,-0.63505054,0.022865526,-0.009725768,1.2192425,-0.00085195404,-0.051860046,0.0041073556,0.0055096964,0.0031837076,-0.021390585,-0.08784696,0.005480361,-0.000640244,-0.0011041536,-0.0028880443,-1.2470574,-0.021234404,0.093801275,-3.2695243e-06,0.003918591,-0.023448544,-0.0062970747,0.006434506,0.00019132903,0.0075468407,-0.011483322,-0.08706621,-0.13883278,-0.005305318,0.0069207796,0.0012971417,-0.0014532908,-0.0010343092,-0.009462542,-0.0021660323
-7.272007,-0.5947252,-0.034360077,-0.0001312461,1.2586637,-0.0024826357,-0.051111177,-0.001818795,-0.003188143,0.0021408433,0.013882808,-0.071067505,-0.00594231,-0.00325484,0.00075065286,-0.0051847706,-1.2119979,-0.03704581,0.07970901,-0.0044687917,-0.009502771,0.0105342595,0.0058084363,0.00033260876,0.0013726116,0.005979332,-0.006074976,-0.23988642,-0.13215573,-0.006268019,-0.0073139374,0.0030735044,0.003435981,-0.0010238811,-0.0071791788,0.0007402664
18.915813,0.9925045,0.051398877,0.0006048028,-0.24668132,0.003933942,0.0592769,-0.006885588,-0.014823923,0.0036633683,0.065521985,0.3283978,-0.009782093,0.03335791,0.004724188,0.070805855,3.5567088,-0.029676119,0.13025846,0.010018241,0.011170399,-0.047934223,0.0048658783,-0.0019046831,0.00044168977,0.014811305,0.0032492767,0.3390921,0.3883719,0.010593001,0.008069806,0.0015876559,0.003492135,-0.0058141607,-0.014488655,0.008547636
-7.3364515,-0.6104987,-0.024815712,-0.0013025262,1.2088962,0.00038473436,-0.017652152,-0.0045751003,0.0036220427,0.0028713087,-0.027297692,-0.079937175,-0.0024136773,-0.0056910524,0.00014473412,-0.0045486987,-1.265643,-0.016727703,0.08394444,-0.0021473716,-0.0011235666,-0.01946036,-0.0027644983,-2.2030956e-05,0.001511473,0.0068475665,0.0067839483,-0.0656167,-0.14193574,-0.003759732,-0.0005486909,-0.00088869117,-0.0017594832,0.0005287154,-0.007724542,-0.004720065
14.199994,1.6937323,0.0013835479,0.0032554395,-0.89277685,0.013698385,0.059763357,0.032765273,-0.0009979499,0.0010082452,0.1115913,0.6586035,-0.011510094,-0.0036826127,-0.0025352996,0.1838945,1.4420016,-0.060678124,0.4094767,0.009277717,0.042448547,0.04340917,0.008308121,-0.010112375,0.0018665874,0.006518654,0.015307118,0.7458142,-0.09195492,0.00688,-0.009809386,0.0075193522,-0.0021576297,-0.004210982,-0.019192137,0.0036668535
-7.299281,-0.62600964,-0.021387104,0.0015015678,1.1995649,-0.0010061549,-0.06944294,-0.0010838757,-0.0016738096,0.0030789855,0.013292637,-0.08410474,0.0034668515,8.091937e-06,-0.00023931083,-0.003219392,-1.1952419,-0.02574944,0.08264557,0.00028367247,-0.0015183215,-0.025129966,0.004631015,0.0002787112,0.0020030222,-0.009414429,-0.008127324,-0.1001846,-0.13839974,-0.005648659,-0.0073596677,0.002002334,-0.0028152303,0.000107995664,0.013749218,-0.0002712073
-7.3502436,-0.60102105,-0.026625033,-0.0008385427,0.40060517,-0.006164823,-0.14584835,-0.0026347525,0.002097876,0.002433821,0.007023105,-0.07502339,-0.0020800838,-0.0041376534,0.0013800045,-0.002091326,-1.2311101,-0.038695507,0.07612765,-0.00092238304,-0.002261771,0.06733654,0.0033549801,-0.0012381581,0.0013653149,-0.008713046,-0.007814748,-0.3828749,-0.14355169,-0.0049806503,-0.0056752753,0.00048750482,-0.0014547415,0.00043531446,0.0069560856,0.001939707
-7.2675085,-0.64126545,-0.005803494,0.0013748789,1.1001041,-0.0019229795,-0.016868515,0.005519878,0.005046839,0.0030062026,0.0122248875,-0.08404367,-0.0012125544,0.004556249,-0.0012642785,-0.0036041483,-1.2130826,-0.0245094,0.08942693,0.001647027,-0.00029926462,-0.022704806,-0.0077176862,-0.0018575062,0.0017008118,0.0074880677,0.0067032087,-0.104484655,-0.14386185,-0.008446772,-0.00701876,0.0017103417,-0.0024733683,-0.0023178856,-0.008044917,-0.00018703676
-7.369788,-0.64540714,0.011604196,-0.001107365,1.2109109,-0.0011208678,-0.020691613,0.0056725675,0.0007205534,0.002980167,0.012345174,-0.085071415,-0.000600029,0.0053357463,0.0009913028,-0.0043488215,-1.2270054,-0.025545465,0.093050964,-5.8247693e-05,0.0026020862,-0.022233665,-0.004279102,-0.0008795879,0.0007003774,0.007139549,-0.008814658,-0.101831436,-0.13379459,-0.007174792,-0.006528345,0.00040818282,-0.0019877967,0.0009738803,-0.008023437,-0.0012276818
23.658623,1.319026,0.065703034,0.0020977908,1.0877444,-0.019918807,0.10563487,0.016215706,0.008502593,0.005085264,0.110556126,0.31038398,0.05664262,-0.0044119023,-0.0022964322,0.081585184,4.230938,0.026365772,-0.08072216,0.017684823,0.017785769,-0.026418475,-0.0032129365,-0.0033556283,-0.0014435237,0.017581536,-0.0010772968,0.4997937,0.51831526,0.0017689624,-0.012860069,0.0008722726,-0.0022853499,-0.005062651,-0.01973566,0.0046931785
8.746079,1.056884,0.030795483,-0.0004599697,-1.8351675,-0.0030060005,-0.15618388,-0.007032103,0.042706177,0.0023663389,0.073569626,-0.019205498,-0.017117294,0.00083954603,-0.002002112,0.028389672,2.2617898,-0.05547966,-0.0955259,0.00510075,0.014483389,0.009568826,-0.0022701502,-0.003054588,-0.0007649793,0.011294797,0.0071194055,-0.55577606,0.20423432,-0.011179819,0.007622826,0.0035997424,-0.00020776826,-0.004008841,-0.024284655,-0.002449476
-4.059255,-0.05421677,0.035132203,0.002459483,-1.5416361,0.0006807835,-0.20026624,0.015439483,0.034828655,0.0033633118,-0.055424213,-0.15847583,0.0006467756,-0.0008070053,-0.0026065274,-0.0034607006,-0.31315026,-0.031227084,-0.002169301,0.004017791,-0.0018192345,0.038544796,0.004564944,-0.0038164512,-0.008376612,0.004756433,-0.014567507,-0.056273043,-0.16001044,-0.0007413985,-0.008219694,-0.0002145065,-0.052272927,-0.002321259,-0.015609284,-0.0014252568
-7.31825,-0.6286487,-0.030926278,0.0001570839,-2.1501422,-0.00073933095,-0.16288954,-0.0039237184,-0.0022212316,0.0017923203,0.014955105,-0.07089009,-0.0031848268,-0.003685834,0.0017999762,-0.0023490898,-1.3467755,-0.035537787,0.08226716,-0.004446447,-0.008845385,0.029452918,0.0008966758,0.0015650409,0.0014241254,0.005009234,-0.0072789444,-0.48194504,-0.15202671,-0.0071733803,-0.004468103,0.0011424752,0.00084890955,-0.0018617772,-0.009945765,0.005792981
-7.3251553,-0.6338128,-0.0026691316,-0.00124445,1.2026281,-0.00017678362,-0.025230967,-0.0032990123,-0.006504208,0.0031424032,-0.0064592445,-0.080712445,-0.0077031916,-7.9984005e-05,-0.0005505643,-0.002360491,-1.2030603,-0.027692014,0.09032872,0.0020295181,0.0001418259,-0.027272714,-0.0058025736,0.0011132731,0.0026576528,0.006453156,-0.009412947,-0.08673194,-0.13641089,-0.007118257,-0.007984832,0.0012842339,-0.0012973504,0.00020290876,-0.011037105,0.00045695185
-7.30363,-0.6013095,-0.032045037,-0.0016589484,0.63204485,-0.004967222,-0.13179938,-0.0032718144,0.0006899197,0.0027339272,0.013374979,-0.06901558,-0.0020858196,-0.0048653223,0.00078147295,-0.0027692916,-1.2368629,-0.040404893,0.08130781,-0.0038999396,-0.0046409126,-0.00077308103,0.0052673314,0.00060542126,0.0019994967,0.0047705723,-0.007412349,-0.22891478,-0.14372253,-0.0050956565,-0.0057584806,0.0017024254,-0.0010444408,-0.0006333248,-0.006958377,0.0024988963
-7.293675,-0.63011634,0.013608959,0.00033704133,1.3016043,-0.002734809,-0.04856554,0.0045258324,0.005872571,0.0029686827,0.01259353,-0.0859625,-0.0012447548,0.0045424215,0.0003096956,-0.005695327,-1.2353375,-0.03184801,0.08731165,0.00014171228,0.0033177168,0.04824947,-0.004646889,0.0019287312,-0.003305366,0.007001047,-0.011211086,-0.28458595,-0.14205283,-0.0073453085,-0.00535365,-0.0012338758,0.0026381763,-0.002254905,-0.0074496237,-0.00055173633
-7.2843604,-0.61468047,-0.033771668,-0.00044142664,-1.001829,-0.0012419028,-0.13680357,-0.004331619,-0.0022731512,0.0023251541,-0.019585546,-0.0693938,-0.001048385,-0.005789992,0.00046493235,-0.003054499,-1.3221973,-0.041342594,0.07849051,-0.0044245077,-0.011144388,0.044625994,0.0033919103,0.001827565,0.002034326,0.005663474,0.0034184535,-0.39547777,-0.16536947,-0.004825762,0.009446737,0.0013630643,0.0015882172,-0.0007721695,-0.006647155,0.000292717
-6.674987,-0.3237033,0.008538772,-0.0026560475,1.2486019,-0.0022691337,-0.07190351,0.01386462,-0.0069208783,0.0017560468,-0.026611622,-0.111934565,-0.0015718988,0.010847024,0.0031208107,0.0022918358,-1.2379727,-0.010898128,0.087582506,0.0010304104,0.0029276994,-0.02450527,0.0031586532,7.719011e-05,-0.0038596494,0.0053377296,0.007269019,-0.04880142,-0.14847556,-0.003837594,0.0026566586,-0.0018701534,-0.0009772623,0.000282936,-0.011740076,-0.00016286143
9.538439,1.129734,-0.076543815,0.0033488427,-0.9814084,-0.00063747214,-0.22878711,-0.019164694,-0.0011877944,0.005138595,0.15004621,0.22824672,-0.019028349,-0.0025326223,0.004122237,0.02233283,2.5419157,-0.021806682,-0.087753974,-0.02311326,0.009643876,-0.10047352,0.013450557,-0.0023312473,-0.00022526573,0.0049320497,-0.028487664,-0.16514537,0.23338372,-0.00836926,-0.0033011131,0.0009893252,-0.0095339,-0.0012530251,-0.017862651,-0.00635163
-7.275205,-0.59982896,-0.03868951,-0.0008984131,1.1980582,-0.0020966807,-0.07474416,-0.0045277583,-0.033801552,0.0031773157,0.012972723,-0.07099274,-0.0017267218,-0.004650488,0.0015703256,-0.0031081445,-1.1693685,-0.036999214,0.082259186,-0.004068006,-0.01231129,-0.024145592,-0.0016523799,0.0029275785,0.0062206564,0.0062059476,-0.0073627275,-0.11045232,-0.13344245,-0.0068561537,-0.00094279344,0.005651958,-0.002093547,0.0021035515,-0.00716084,0.0017632024
3.5544248,0.97849417,-0.066177316,-0.0002633197,1.2689118,0.0018821917,0.063416526,-0.018279659,0.0493321,0.00420184,0.027107354,0.039790723,-0.0032410834,-0.009723102,0.0014431584,-0.0278061,0.8783623,-0.0033136168,-0.08905451,-0.012170451,-0.01854879,0.015043273,-0.005148193,-0.0024323964,0.0018626814,0.00987102,-0.005887712,-0.4053874,0.061561476,-0.00064162404,0.021909809,0.00275281,-0.07045853,0.005120046,-0.020721475,0.003947117
12.73894,0.25704896,0.08204226,0.0001329356,-1.4464372,0.011505066,-0.2390786,0.014560152,-0.016166274,0.002334451,-0.121642105,0.30488762,-0.0050665108,0.0142274955,-0.0073559214,0.040502496,2.2922113,0.16942824,0.12979248,0.008904867,0.021996839,0.074294485,-0.0003809777,0.001230066,0.005087343,-0.012058199,0.007501116,-0.42425528,0.14245933,0.008895892,0.0024923522,-0.0012938782,-0.008049907,0.0063789207,0.06727043,0.0044062333
22.16187,1.1586272,0.062436152,-0.0063218577,1.1016977,-0.008580828,0.14487246,0.011056123,0.0016783068,0.0024874017,0.09742436,0.36080557,-0.051818322,0.034775734,-0.0029822604,0.07940101,3.41074,-0.025442505,0.10130184,0.008040299,0.025563462,0.020140234,-0.001228335,0.0018871557,0.011262005,-0.1918114,0.008301732,0.39712846,0.40339223,0.01111605,-0.010958619,-0.0042856773,-0.0021434398,-0.0037270805,0.042403314,0.0027381806
-7.3312187,-0.63185996,-0.024486976,0.0013983473,0.93700963,0.0016272479,-0.046381183,-0.0038434674,-0.030988464,0.003167146,0.014251143,-0.075945094,-0.0062574726,-0.0008957656,-0.00019115403,-0.0021756585,-1.1706973,-0.030699257,0.08721897,8.284609e-06,-6.4617765e-05,-0.043600723,-0.005046108,0.0026798518,0.007799936,0.0005135002,0.007453683,-0.11213238,-0.14641422,-0.0065384745,-0.0016239067,0.00074539013,-0.0024288865,0.0023266932,-0.0076523665,0.003038372
-7.3362303,-0.60914665,-0.036074203,-0.0012685667,1.2010763,0.0016512901,-0.012863729,-0.0057611153,-0.026915913,0.003224611,0.017628202,-0.070920825,-0.0008198738,-0.0054204534,-0.00017983493,-0.002359828,-1.1844833,-0.031408794,0.08533626,-0.0011757229,-0.0134722255,-0.020007342,-0.0026932538,0.0017228817,0.0068888837,0.0066058016,0.0021542704,-0.10801164,-0.14393839,-0.008395101,-0.0010922862,0.005555732,-0.0011105583,0.00083462143,-0.007363478,0.00065817195
-7.285142,-0.6069089,-0.026432585,0.001556285,0.5924604,-0.0008470331,-0.09808707,-0.0018827053,0.0027539828,0.0031629193,0.006677369,-0.07686354,-0.0019903895,-0.0051113334,0.0007446572,-0.0014734834,-1.2458804,-0.038835093,0.07882446,-3.9855346e-05,-0.0017343871,0.07669464,-0.0014251579,-0.00056767365,0.0012308205,0.002703,-0.0076455465,-0.36211002,-0.14326346,-0.006897706,-0.0060722386,0.000932804,0.01018253,0.0019990373,-0.010397214,0.0019344221
21.83031,1.2898611,0.047903813,-0.0041786274,1.1013206,-0.010944851,0.17313696,0.017393589,-0.005702393,0.00491726,0.09675534,0.29563743,0.054655332,-0.0037098548,0.002472079,0.07026829,4.08495,0.026452059,-0.09440536,0.003665228,0.015176079,-0.023078626,-0.0046205865,0.0009062528,-0.0059380196,0.016955793,-0.018020246,0.42303926,0.49716103,0.00024297918,-0.010393193,-0.00062513066,-0.0047564385,0.0058981166,-0.023756122,-0.0044298028
-7.2750206,-0.6052209,-0.031943824,-0.00058725715,1.2012608,-0.00090438407,-0.07277284,-0.0035034474,-0.028090399,0.0034521106,0.013033901,-0.07310941,-0.0014862255,-0.0044350433,-0.0002726736,-0.0042032627,-1.1761574,-0.0332499,0.084071286,-0.0034060234,-0.010768632,-0.025279813,-0.005312846,-0.00024271109,0.003483143,0.006175283,-0.0078037456,-0.10876025,-0.13180667,-0.008014995,-0.0006538188,0.0027261516,-0.00221102,-0.0009993314,-0.007063184,0.0008058398
15.160431,1.195917,0.06059572,0.0047244164,1.2896297,-0.001037144,0.14485444,0.007091722,-0.0035950104,0.003503184,0.04201544,0.23673841,-0.046290964,0.0013942353,-0.001571397,0.043919858,3.1804252,-0.050621103,-0.11638086,0.017977707,0.011225868,-0.03419779,-0.005925594,0.0009651403,-0.0019717515,0.034104202,-0.00023185508,-0.019011924,0.41070113,-0.0047876416,0.00662925,-0.00082169886,-0.0008332646,-0.005816881,-0.02724652,-0.0013902802
14.489569,1.108349,0.032925524,0.0030148756,-1.3093766,0.009078614,-0.08992116,0.00018354786,0.008401267,0.0026991542,-0.046540584,0.17925797,-0.066659324,-0.005019542,-0.0020873507,0.07459995,3.2665863,-0.015524324,-0.0978145,0.013509694,0.010961669,0.036715943,-0.017478164,-0.009003532,-0.017444441,0.028043285,-0.011239593,0.24522865,0.3126232,0.0105494335,-0.037356988,0.0007446441,0.014803733,-0.009619915,-0.025557417,0.020953221
-7.306372,-0.6329542,-0.002547657,-0.00024022741,0.36532906,-0.0018322397,-0.073872365,-0.0023143434,-0.00013838908,0.0025431428,0.0123293465,-0.079865135,-0.0055968678,0.00016205321,0.000455568,-0.0033554165,-1.230163,-0.032031883,0.08657374,0.002003456,0.00047722872,-0.059595823,-0.0045737755,-0.00045977836,0.0024865605,0.0062831193,-0.010028906,-0.1061379,-0.14231141,-0.006035253,-0.005929363,0.001146071,-0.0023897646,0.0008776335,-0.006880461,0.0010974304
-7.314914,-0.65096563,-0.0050753523,0.0019006841,1.2016703,-0.002993663,-0.07871479,0.0063075554,-0.03596096,0.003214977,0.013225204,-0.083315015,-0.00031254423,0.005421552,-0.000982605,-0.0037873653,-1.1538736,-0.026753964,0.08318815,0.002033536,0.00074625,-0.03190046,0.0038438574,0.0016330506,0.0044781314,-0.010461207,0.0056407885,-0.11031193,-0.13574988,-0.006438799,0.00056698616,0.0062236045,-0.0010821532,0.0020535826,0.012273953,0.0007507149
2.2034757,0.64515704,0.047933027,0.0016143314,-1.1611727,0.016067093,-0.21965085,0.02649933,0.0038359982,0.0015155993,-0.07707289,-0.26039952,-0.0029407735,0.019629171,0.0041693556,0.07577999,0.41629177,-0.04136717,-0.02872947,-0.0007393592,-0.003355864,0.02589557,0.0053918716,-0.00038156545,0.0069967173,0.0033468835,0.0052611176,-0.047046073,-0.12029231,0.00083361304,0.0008261795,-0.002798318,0.014101097,-0.0037252705,-0.020793125,0.0010799118
-7.3084106,-0.6439255,0.010882032,0.0010471613,0.42222932,-0.0020365044,-0.056724194,0.003952421,-0.0031821313,0.0034145443,0.013289333,-0.083867714,-0.0026634822,0.0050301244,0.0014665623,-0.0037201117,-1.2553495,-0.033456944,0.0875105,-0.00044028688,0.0018022001,-0.0073845848,-0.0045962026,0.0021064691,-0.0011276678,0.002574046,-0.009823815,-0.2251282,-0.1460988,-0.0070057693,-0.0037465882,0.00025543442,0.009089672,-0.00033809908,-0.0042541362,-0.0021340006
18.491365,1.1482099,0.106729515,-0.0067283483,1.2052749,0.0016438502,0.1775484,0.03206722,0.010751063,0.003016479,0.11301916,0.49200383,-0.029031212,0.03192733,-0.015880438,0.061444756,2.5887308,-0.038517606,0.10054955,0.0061218925,0.03310803,-0.020024044,-0.006843192,-0.0015947475,0.004482236,-0.0060456153,0.0123241395,0.25631735,0.2670563,0.0015319956,0.00075556047,0.0011595963,0.00016316003,0.004950105,-0.0074193752,0.0052782944
10.947508,1.1298186,-0.019764217,0.005500475,1.3476197,-0.018571686,0.12108721,0.001906606,0.02612787,0.0047138915,-0.23522517,-0.07255906,-0.014927242,-0.0074468213,0.0037144558,0.052833777,2.4017844,-0.06488437,-0.09035073,0.0039732484,0.007405236,-0.007664186,-0.0013817488,0.0014518445,-0.0027815423,0.0225351,-0.012832036,0.46062228,0.17964028,0.010794527,-0.02703642,0.0029254744,-0.0027869898,-0.0069638323,-0.022586355,0.007770386
-0.54997873,0.7845852,-0.048358046,-0.0022027898,1.2397475,-0.0012658013,-0.020884262,-0.010367827,0.022415042,0.005457388,0.01867269,-0.16920179,0.004620074,-0.010098241,0.004679194,-0.0226424,0.10015333,0.009309382,-0.06747751,-0.0028521116,0.00060228695,0.029103918,-0.013804027,-0.0024929498,0.0011231583,0.002706475,-0.045012098,-0.20682962,-0.13183765,-0.0126366615,0.02634455,-0.0013757978,0.0048663737,0.0011087665,-0.012179351,0.0062538926
-7.3062186,-0.6038428,-0.028493918,-0.00014527146,0.30841687,-0.00043183888,-0.101023935,-0.0035215202,-0.02390788,0.003316655,0.014034414,-0.06848154,-0.00179878,-0.0043823137,0.00058093376,-0.0026748308,-1.1990577,-0.04026874,0.08250782,-0.0029775675,-0.008214793,-0.030254355,-0.0064580534,-0.00045715994,0.00074657483,0.004237077,-0.007974657,-0.12195641,-0.1416688,-0.006363892,0.00087685673,0.0019717717,-0.0035693266,0.00029118443,-0.008199174,0.002446574
20.628424,1.1786687,0.024804203,0.00021572137,-0.54166615,-0.019165043,0.09980361,-0.0021782916,0.038900867,0.0039636,0.0070793596,0.1783969,0.08601899,-0.0050337636,0.0023299535,0.08865506,3.6573715,-0.045302052,-0.06374419,0.0060244114,0.018938268,0.037556317,0.008792099,-0.00068536,-0.0006824939,0.028678326,-0.004867896,0.45533672,0.3920747,0.008988259,-0.027612725,0.0025899701,-0.0013053375,-0.002977346,-0.021424796,-0.04646004
-7.3180184,-0.61411047,-0.023602383,-0.0009267467,1.1990688,-5.6176425e-05,-0.02604729,-0.004477416,-0.0018066394,0.0027772556,-0.019098042,-0.07848862,-0.007588794,-0.0010949494,-0.00029547128,-0.0037865075,-1.2003282,-0.031133454,0.08644802,-0.00033333985,-0.00160619,-0.025970729,0.003557601,0.0002763215,0.004296236,0.0062920707,-0.008009077,-0.08571521,-0.13160211,-0.0065817363,-0.008835314,0.0013914428,-0.0018581852,-0.00022905403,-0.008101358,0.0013005453
9.059256,0.7960837,0.034292478,0.00059145165,1.3137712,-0.0019731396,0.15000556,0.012877681,-0.00077168504,0.0034387466,0.09358177,-0.05527259,-0.0030769364,0.023456449,-0.0035864604,0.009415693,2.0609498,-0.0709443,0.050640024,0.0064446004,0.02172302,0.01558859,0.0019883362,-0.004365109,0.010355933,-0.031175641,0.004773787,-0.26141548,0.09730024,-0.00941199,0.0025195263,-0.0005371461,0.0051286737,-0.002162347,-0.009043764,-0.008638279
-7.30869,-0.6036397,-0.0361221,-0.0023367335,1.2202166,-0.00015771015,-0.13043632,-0.005809526,-0.03168084,0.002981264,0.012612259,-0.068901084,-0.001746812,-0.004891328,0.00063877704,-0.0034589206,-1.1662269,-0.036936916,0.08207693,-0.003502,-0.01284732,-0.0018888415,-0.003929822,0.0019936017,0.0062552975,0.0055614705,0.0034259525,-0.13274433,-0.13841297,-0.008017592,0.00065003365,0.0059554256,0.0021531545,0.0032387532,-0.0058619976,0.001107269
-7.335227,-0.64341146,0.018851234,-0.0022095453,1.2061586,-0.0017472929,-0.024706112,0.0041353926,0.0052271574,0.003237787,-0.005201398,-0.08348446,0.0035889659,0.00061692734,0.0005066053,-0.004084787,-1.2223544,-0.02684273,0.093563266,0.00018818269,0.00091782346,-0.02750334,-0.007233021,0.0017335463,-0.0030421147,0.0072070463,-0.0095049385,-0.09239915,-0.13525498,-0.007270852,-0.00778475,0.0006422646,-0.0026378902,-0.0009974543,-0.00874444,-0.00015864088
14.25825,1.235934,0.0067078494,0.0030141962,1.2896627,0.0045323013,0.09539789,-0.0020733157,-0.0035802945,0.0040139407,0.05628237,0.36500704,-0.024651708,-0.0069074705,-0.0027918494,0.03798067,3.2432349,-0.03799911,-0.12014357,0.018305626,0.013891637,0.06126137,0.0055847582,-0.0037917509,-0.0026575837,0.02712192,-0.015562005,-0.04563794,0.40105706,-0.0036234139,-0.0094885705,-0.0010755343,0.003645344,-0.0042500547,-0.027394736,0.0014963727
-7.287273,-0.6266046,-0.005965458,-0.0009237496,1.212528,-0.00081473804,-0.07348944,-0.0023729783,-0.0044865753,0.002480528,0.014782684,-0.080040686,-0.007032169,-5.480285e-05,-0.00014368613,-0.00548382,-1.2058886,-0.028002637,0.086920485,0.0024533884,0.00036239706,-0.034181833,-0.004701127,0.0009513867,0.0018620186,0.0063593164,-0.009221115,-0.098970175,-0.13846599,-0.0064187893,-0.008322268,0.0018224149,0.00010860548,4.394727e-05,-0.0065866606,0.0011780811
-7.31974,-0.6533028,-0.01499681,-0.00038792496,-1.8026973,-0.0017279322,-0.15265134,0.00491361,0.010418946,0.0027291786,0.0144009,-0.07980423,0.0028600108,-0.0011457868,0.00013682901,-0.002445734,-1.3468348,-0.038962845,0.08651053,0.001130184,-0.00035419269,0.047762085,-0.0038964262,0.0012071716,-0.0046505085,0.0063333274,-0.008663549,-0.48205113,-0.15138201,-0.006186545,-0.003250979,0.0015605959,-0.0014568141,-0.00048707897,-0.010110569,0.0013832358
-7.3243074,-0.6712101,-0.0035676614,0.0019008742,-1.4397846,0.00059816876,-0.07782216,0.005255112,-0.029632075,-0.0008044107,0.011677542,-0.087145865,-0.0008329168,0.0047556693,0.0017821825,-0.0036347832,-1.2794849,-0.02997831,0.08404664,0.0018918684,0.00026828225,-0.06189273,-0.0038072346,0.0020399962,0.0057159215,-0.008876476,-0.008677768,-0.32412106,-0.15001403,-0.007671442,0.002890966,0.001378016,-0.003930368,0.00198845,0.011467387,0.00012148119
-7.3692923,-0.6250503,-0.028503476,-0.002608364,-2.287777,-0.00039236972,-0.042927947,-0.0062709646,0.0044170823,0.0022426788,0.012233164,-0.07343263,-0.0023259993,-0.0067693475,0.0002543889,-0.0030553741,-1.3487809,-0.027975867,0.08580226,-0.0034925872,-0.014739025,0.0010891258,0.0024211518,-0.0010433742,-0.000702143,0.004483813,-0.006778144,-0.39272803,-0.14706217,-0.007769191,-0.0098280115,0.0040755086,0.00065277773,-0.0017480841,-0.00858753,0.0005293678
-7.299241,-0.610913,-0.03081848,-0.000963681,1.1995659,-0.0007667484,-0.040226273,-0.0036466226,-0.009943816,0.002958805,0.017985508,-0.07044694,0.003319428,-0.0023655351,-0.00030645888,-0.0050285948,-1.1961008,-0.034363132,0.08502436,-0.003584877,-0.010356971,-0.028484005,-0.0050077937,0.00064791035,0.0029488397,0.006141245,-0.0075461995,-0.10305638,-0.1385216,-0.006829232,-0.006984419,0.0031307724,-0.00095945585,-0.0005304055,-0.0073171933,0.0020019263
-7.3362346,-0.6395314,-0.015451026,0.0016496031,-2.154972,-0.0024791893,-0.18066785,-0.0017998671,0.005678691,0.0024461308,-0.028545959,-0.082337506,-0.0017507324,-0.007509799,-0.0014536114,-0.012922915,-1.4051799,-0.010380662,0.0780651,0.0013707692,-0.0005998479,0.027453238,0.003063561,-6.679643e-05,0.0031824543,-0.0094663035,-0.0015452736,-0.40060356,-0.1593789,-0.012758569,-0.001349906,0.0024578283,-0.0032187128,-0.0022106483,0.0073695295,-0.019522935
1.4526873,0.7917276,0.05861307,-0.00045768011,-0.42780954,-0.0043446403,0.040690757,0.007926948,0.024006762,0.0041812086,-0.061326046,-0.27750206,0.0026741107,-0.0040566386,0.0019086937,0.055523906,0.21580158,-0.05488347,0.040268287,0.0013369417,-0.0029806118,0.08301576,0.002630323,-0.0003855064,-0.0037233247,0.011125594,0.046075888,-0.023419859,-0.08461474,0.009253956,-0.0194449,0.00013018519,0.0038728025,-0.0037939972,-0.0153001435,0.0077179493
-7.072237,-0.6361681,0.009245747,0.005865773,1.2447248,-0.0007871679,-0.008523092,0.009126643,-0.008259038,0.005924613,-0.026713757,-0.09433856,-0.00020439073,0.0053846566,-0.00019020593,-0.0021062696,-1.1052823,-0.020727701,0.09485098,0.0006979126,-0.0025285135,-0.019240458,0.003946361,-0.00025108832,0.00014894802,-0.009261968,0.005801147,-0.0899941,-0.12976415,-0.0070555015,-0.0028687948,0.0006508987,-0.00088997476,-0.00035950693,0.014772744,-0.0032265447
-7.31874,-0.6448518,-0.0115888165,-0.003526414,-2.1570315,-0.0018280562,-0.15297322,-0.0041456274,0.0010866092,0.0023582657,0.0066065155,-0.07955097,-0.0043448787,-0.001341684,-0.00021936782,-0.0018388024,-1.347156,-0.03352243,0.08495917,0.00020180641,1.4233294e-05,0.03089892,0.0023376131,-0.0009801394,0.001095083,0.0055694547,-0.00860822,-0.4756611,-0.15789242,-0.0059594493,-0.004164909,0.0027516393,0.0002448319,-0.0035290201,-0.009505912,0.005241507
-7.340697,-0.6119786,-0.004550456,-0.0042907,0.11004905,-0.0025731307,-0.09719942,-0.003969509,0.0019371383,0.0022213755,-0.023257092,-0.07946419,-0.0041549043,-0.0011928981,-0.00018783011,-0.0023180398,-1.2691749,-0.035809424,0.081550255,0.0016929713,-0.0016838047,0.062408093,0.002990769,-0.0011360081,0.0016861939,0.0063232747,0.0063588712,-0.25990754,-0.14120314,-0.0038558699,0.0041166986,0.0009845452,0.00092220044,-0.0001473678,-0.010586824,-0.001532717
6.5927606,0.99286956,-0.056571744,0.0045807287,-0.27122137,-0.0049030352,-0.23992519,-0.004230382,0.017108515,0.0046648746,0.07321203,0.007896945,0.0077588777,-0.0014535366,-0.00037656905,-0.02572143,2.2274706,-0.004240707,-0.08357631,-0.025437905,-0.008718311,-0.030904729,-0.00997926,0.0011593639,0.001076221,0.00063311943,-0.015379063,-0.37834704,0.15685712,-0.0071404856,-0.0020839216,-0.00076579506,0.006463637,0.0020748614,-0.018800758,0.0013456062
-2.904393,-0.019959373,0.020735854,0.0010653666,-0.5994479,-0.0051620286,0.011967547,-0.0020699343,0.025447274,0.0038177688,-0.044258084,-0.17411217,0.0018431112,-0.0058146366,-0.0003839558,0.011121818,0.24494337,-0.03174762,-0.03899368,0.0042410814,-0.001579082,0.01768911,-0.005313878,0.004092196,-0.01388493,-0.008113619,0.009082184,-0.067392446,-0.11033907,0.0030843588,-0.009666148,-0.0004888473,0.014120736,-0.0017627603,0.008133706,0.0030008727
-6.756084,-0.6153962,-0.024468211,-0.00481688,1.2554432,-0.002209631,-0.018562723,0.0014728553,-0.030216107,0.008862912,0.0154519,-0.085772716,0.003911313,0.0005602643,-0.0010819148,-0.004210128,-0.92368186,-0.026123455,0.06870883,0.0019172381,-0.006173591,-0.013827156,-0.0019915039,-0.0010170985,0.0003907916,0.004948864,0.010522727,-0.14887504,-0.14712563,-0.008391546,-0.00035018995,0.0008947345,0.0006120477,0.0017070163,-0.008674252,-0.00047922257
24.371817,1.2620956,-0.028919704,-0.041070934,-0.056812145,-0.020334013,0.08140408,0.007812082,0.0476749,0.004383751,0.09443494,0.30292758,0.05250691,-0.00010595308,-0.001973257,0.07668352,4.198617,0.03840756,-0.077720396,-0.056736577,-0.0023977319,0.023956606,0.0036053185,0.011724126,-0.03682682,-0.0068912595,-0.00870136,0.4224044,0.5557556,0.012416178,-0.02325515,-0.018109925,0.017199097,0.0026363481,-0.025384815,0.0068583325
-4.981651,-0.5090429,0.018892592,0.0043394747,1.2219632,-0.0016265016,0.017847143,0.01372301,-0.0034138162,0.004641289,-0.03220701,-0.10385121,-0.0010354688,0.007250534,0.002464252,-0.01887776,-0.81160754,0.023979537,0.062195133,0.00093600486,-0.006158879,0.04389673,0.00096427195,-0.0008153418,-0.00014681139,-0.007852701,0.0061509185,-0.07253065,-0.14511241,-0.006083329,0.011071543,-0.000207302,-0.023638291,-0.006319655,0.020733584,-0.0046791118
3.0757704,0.97602266,-0.015948953,-0.0068347654,-1.8621172,-0.002969187,-0.27771112,-0.016648682,0.012896286,0.002685119,-0.17865314,0.0088425195,-0.003979469,-0.016594687,0.0027488335,0.027446184,1.9848012,-0.038463823,-0.09319522,-0.00078683975,0.0257518,-0.04016294,0.011592986,-0.00042831973,-0.0063682357,-0.020306274,-0.014592232,-0.24705568,-0.04451092,0.008153299,-0.05242311,-0.0046049696,0.0077306684,-0.011726142,-0.009261776,0.0014037313
-7.2226424,-0.6352289,-0.021175861,0.0015991874,1.2144107,-0.0009556928,-0.068094514,0.013080315,-0.039906025,-0.008713293,0.0183096,-0.076231696,-0.010115205,8.458216e-05,-0.00031463118,-0.0042241174,-1.0954009,-0.025250798,0.09520864,0.0034686618,0.0044663,-0.023863586,-0.0068771658,0.005112467,0.0122414315,-0.008859204,0.0051568947,-0.11915566,-0.13757959,-0.007843547,0.0010759538,0.002304122,-0.002415145,0.006913872,0.014008163,-0.000423497
-7.3361382,-0.62803006,-0.033078153,0.00016538324,-2.1555455,-0.00011913334,-0.15739474,-0.004439079,-0.033266645,0.0033718038,0.0154559435,-0.07179067,-0.0020898266,-0.0067563336,-0.0005777195,-0.0013370627,-1.3091501,-0.03051445,0.081082195,-0.002798888,-0.012148759,0.03406285,-0.0027708218,0.004190736,0.008744143,-3.4446093e-05,0.0024346062,-0.4973476,-0.16418132,-0.008142591,0.0034141643,0.0024601708,-0.003963064,0.010637928,-0.0006305182,0.0038613616
1.2678733,-1.2875715,0.062051088,-0.0005278131,-0.7484109,-0.0010691745,0.072939694,-0.04699367,0.03403335,0.0038400157,-0.009937404,0.100290045,-0.027079085,0.018213669,-0.011970483,0.024088282,2.431186,-0.112641506,-0.0018237553,0.004857277,-0.0015059606,0.032521084,0.009204799,-0.005035089,-0.004594848,-0.20425534,0.013607098,0.39695227,0.28429946,0.009511635,-0.02618743,-0.002795002,-0.018730382,-0.009424871,-0.014530718,0.011944012
-6.6943507,-0.056610335,0.026162669,-0.009609779,1.2258116,-0.00014316502,-0.053077616,0.009077054,0.0059381784,0.0019668292,-0.038737353,-0.10294858,-0.008977175,0.00039555843,-0.0023183227,2.8246013e-05,-1.2490026,-0.044189397,0.053332653,4.603483e-05,0.0015172572,-0.009656389,-0.0023192344,0.0034809157,-0.0011355442,0.0028531584,-0.008918846,-0.041736707,-0.1753528,-0.0019378592,-0.005996511,0.00016190181,-0.002094725,-0.003401721,-0.0151318805,-0.0023512973
-7.4356823,-0.6218819,-0.0034595737,-0.0003228107,1.3336327,0.00023181169,0.02558918,-0.0006694053,0.0037641851,0.0023688844,0.013056541,-0.0857262,0.004447906,-0.0010819132,0.0007930026,-0.0035478862,-1.2276194,-0.016904168,0.08761659,0.0033807608,-0.00014030091,0.09119572,-0.0031062767,0.0025278018,0.00034468825,-0.0014734751,-0.008650143,-0.2856466,-0.12748249,-0.0074629844,-0.009651519,0.0022681283,0.006526534,-0.0006326189,-0.007698441,0.00067136413
-7.2745676,-0.60755455,-0.032772105,-0.0010225181,1.2012086,-0.00062918104,-0.072347,-0.0036256525,0.0033991137,0.0027376951,-0.005455361,-0.074576996,-0.0071893753,-0.0023831879,-0.00113672,-0.0034533853,-1.1986166,-0.033357468,0.085158706,-0.0038466516,-0.005027902,-0.025221236,-0.0050973003,0.0008092095,0.0005367802,0.0065025305,-0.006967741,-0.09071357,-0.1334776,-0.007242289,-0.007213911,0.0018723918,-0.0018952723,0.0012249115,-0.006821326,0.00045987382
5.065511,-0.7261813,-0.032183588,-0.006576349,1.3029668,-0.006198873,0.11389187,0.004244288,-0.19625795,-0.014951193,0.104766,0.221053,-0.015433934,0.010226787,-0.006570913,0.07806117,2.5674891,-0.031697918,0.10013931,0.004154115,0.011116853,-0.014146254,-0.031360026,-0.0049393326,0.009209141,-0.020873515,-0.004400842,0.4068037,0.3033214,0.0005686296,-0.009547065,-0.0005945779,0.011817826,-0.0039976854,0.022030905,0.0042250683
-7.322633,-0.65185684,-0.0060784523,0.0017620517,1.2070129,-0.0025977762,-0.07169419,0.0050089587,-0.036514875,0.0033365402,0.0071884743,-0.08246679,-0.00059322175,0.005422145,0.0016238515,-0.003240384,-1.1522411,-0.025574137,0.081945784,0.0021452687,0.0017399739,-0.031242052,0.002800273,0.002387645,0.004976574,-0.0109352525,0.004490956,-0.107091375,-0.1371608,-0.0065415595,-6.145885e-06,0.001312336,-0.0009890359,0.001847002,0.012186651,0.0014863701
-6.4763613,-0.03148199,-0.049858965,-0.0013324504,1.2090813,-0.002324493,-0.073089026,-0.011346098,-0.0024419404,0.0015620973,0.015701175,-0.08341078,-0.009763373,-0.0039705066,-0.00037857235,-0.009414563,-1.0389113,-0.034122515,0.045364656,-0.0044430806,-0.009517908,-0.021298526,-0.0061213574,-0.0024345475,0.00033577278,0.0004762062,-0.0070457947,-0.12597616,-0.1753655,-0.005746783,-0.007495029,0.0036658582,-0.001077198,-0.0013822204,-0.014866704,0.0009159933
17.356018,1.2937882,0.0106827915,-0.004975243,1.2970619,0.016729198,0.17466907,-0.0006803507,0.042575292,0.0052746423,0.045266446,0.22698745,0.017585471,-0.0031601982,0.00096970535,0.054754544,3.343196,-0.029441895,-0.08026792,0.020050578,0.011755417,-0.012947381,3.209195e-05,0.0015637784,-0.0061440016,0.03596309,0.014097658,0.013928426,0.45491794,-0.004523762,-0.0013016402,0.0029433558,0.0016419899,-0.0032910332,-0.023330308,0.005696862
-6.876705,-0.3810006,0.018680973,-7.711771e-05,1.2460337,-0.0003212218,-0.003214423,0.0007148367,0.007540906,0.0019147097,-0.025453137,-0.09501314,-9.147658e-06,0.0055268905,0.0004956035,-0.00056832493,-1.2512863,-0.0081406655,0.07069107,0.0010013921,-0.00012449751,-0.011811099,-0.007053856,0.0022180788,0.00031075557,0.0029122685,-0.012449919,-0.054471448,-0.14806077,-0.003854267,0.0040872754,0.0004992424,-0.00011533951,-0.004007094,-0.011199195,-0.002044334
-7.3117704,-0.65013915,0.009386201,0.0002167443,1.204497,-0.0038358294,-0.060565367,0.006299854,-0.005958477,0.003105892,-0.020569533,-0.08668449,-0.0006940479,0.0060185418,2.4194338e-05,-0.0040626074,-1.2047026,-0.025551172,0.087694205,0.00062523835,0.0009295184,-0.026381966,-0.0055472497,0.0016288047,0.0051005254,-0.01421242,0.007064328,-0.07080814,-0.138069,-0.0056573446,0.0028008048,0.00069267815,-0.0034999938,4.0321902e-07,-0.0015189545,-0.0033698871
14.499581,0.4902117,0.09117196,-0.0010387587,-1.6204119,-0.001106862,-0.22229834,0.015999978,-0.0038690574,0.0020239626,0.06894427,0.2917626,-0.0064464905,0.013207626,-0.0058639864,0.07325462,3.385128,-0.2332038,-0.00613571,0.0057195965,0.0212839,0.03777607,0.008941273,0.0028095874,0.008579179,0.036027923,0.012858768,-1.3425028e-05,0.32771397,0.0018380391,0.006762364,0.012573718,0.003154152,-0.005331773,0.040545024,0.014579604
-7.305419,-0.66462874,-0.0054234727,-0.0012566,-0.9991566,-0.00030473256,-0.14558469,-0.0025623997,-0.02801149,-0.0013340099,0.013155929,-0.082085244,-0.00068036193,0.0057531167,-0.0023972376,-0.002302206,-1.290745,-0.03318168,0.08112111,0.00069605396,0.0016503896,0.07040152,0.0016960403,0.0026591506,0.0073043793,0.0012934125,0.005723662,-0.47653788,-0.15732166,-0.005705829,0.001887268,0.0042366004,0.010360875,0.0032105527,0.006296282,0.0022562002
-7.3170753,-0.65966326,-0.005912617,-0.0012738254,-1.7215711,-0.0005083736,-0.1383548,0.006368842,-0.03454643,0.0032192122,0.014921165,-0.08154254,-0.0024700754,0.010430008,0.0016150329,-0.0032281035,-1.2953545,-0.037282128,0.087536596,0.0016715399,0.0005028372,-0.066382214,0.0034566056,0.0017559034,0.008525909,0.0062949066,-0.00991768,-0.3177319,-0.15013073,-0.007275269,0.003347522,0.0019452219,0.0062095947,0.002933168,-0.0059825853,0.00028953515
-1.0610809,0.72237366,-0.062376183,-0.0018825325,1.2574664,-0.0022548242,-0.0014109988,-0.009956071,-0.012907754,0.0065537454,0.023322426,-0.14776666,0.0066235196,-0.010402152,-0.0033722562,-0.031074323,-0.055840634,0.0060539427,-0.06610661,-0.0070771235,-0.019631345,0.036921352,0.010756854,0.0010142262,0.0021850371,0.0060181487,-0.034342464,-0.20686397,-0.23423488,-0.011239236,0.025631811,0.0011095338,0.004940108,0.0002751712,-0.013360399,0.006634273
-0.7912817,0.27872062,0.014342391,-0.005114254,-1.979462,0.0037463729,-0.16684389,-0.00030432246,0.014650422,0.0032127278,0.02397248,-0.11087615,-0.002137194,-0.00070936535,-0.0012362667,-0.017899532,0.49907777,-0.005437887,-0.09704608,0.0026078443,0.0024694009,-0.03575146,-0.00028965832,-0.0049165557,-0.0056710895,-0.016161084,-0.010596872,-0.2690297,-0.10284604,-0.004959195,0.027730625,1.4401427e-05,-0.00015527855,-0.0003232307,-0.0033648775,-0.009502338
0.15694404,-0.9417516,0.049465507,0.0066353576,-1.8854234,-0.002778893,-0.08125695,0.030282347,0.008976115,0.00691899,-0.17650549,-0.3004349,0.0026046378,0.0012812986,0.002362933,-0.0644063,1.7906966,0.03190676,-0.046033237,0.0117691,0.010855239,0.023235036,-0.0066517927,-0.0050416626,-0.014344896,-0.011202309,0.008431131,-0.41029614,0.21938863,-0.0028465448,-0.026054278,-0.0042477753,-0.011912369,-0.00331501,-0.0070140357,-0.0031115569
-7.292814,-0.640402,0.011258788,-0.0037499326,0.8073672,0.0015710511,-0.06572787,-0.0012017349,0.0024147907,0.0035579226,-0.019580899,-0.08675475,0.0023807783,0.00091384165,-0.00028395004,-0.004246218,-1.2641846,-0.030793447,0.08340633,0.00014685065,0.00024611046,0.06703253,0.0016573806,-0.00044886066,0.004900641,0.0029360924,-0.009741217,-0.29193503,-0.14083274,-0.0058346405,0.0062348223,0.001718909,0.008445101,-0.0020813711,-0.00200323,-0.004989536
-7.3165994,-0.6399064,0.011012762,-0.00022324105,1.2090975,-0.0001002152,-0.04538105,0.00064004574,-0.00094134355,0.0022323818,-0.005511598,-0.082988255,-0.008063481,0.0006417843,-0.0011371044,-0.0050337585,-1.2051096,-0.026993398,0.08919287,-0.001169393,-0.0005468913,-0.033025667,0.0011983155,0.00067913247,0.0028241766,0.0066309334,-0.0075412607,-0.0905027,-0.13664989,-0.0066785677,-0.0070942775,0.00025629048,-0.0021558304,0.00080361415,-0.008267759,-0.0006889154
-1.1741449,0.78980833,-0.04441728,0.0033883718,0.85077316,-0.00012382877,0.030778972,-0.022636645,0.010780578,0.0046383543,-0.047402687,-0.26312894,-0.0026436595,-0.01978912,0.0012134037,0.08741713,-0.3973809,-0.03755748,-0.07314139,-0.00250741,0.005016091,-0.0027446046,0.0010590787,0.0023969803,-0.009498064,0.002421757,-0.025811061,-0.020310905,-0.11811074,-0.003329623,-0.050961327,0.0034238514,0.0019855131,-9.64528e-05,-0.008510474,0.0052336724
-7.426724,-0.6174404,-0.031032901,0.004272417,1.2084966,-8.380215e-06,0.040921524,-0.0036474823,0.0001146946,0.002526812,0.013448446,-0.0815588,-0.002939885,-0.0064405575,0.0005968365,-0.001875451,-1.2054489,-0.023620278,0.08540663,-7.826681e-05,-0.0027243085,-0.032399848,-0.0002156711,-0.0004705221,0.0027512931,-0.009748925,0.0028156503,-0.10129397,-0.1353812,-0.008202945,-0.0076341983,0.0032662635,-0.0014139604,7.4588193e-06,0.013367863,0.00014082072
-7.288706,-0.61433953,-0.018943748,0.0001941052,1.2882733,-0.002813394,-0.11409098,-0.003605137,-0.0064290687,0.0026227564,0.0064521325,-0.07958522,-0.0059742266,-0.0012547483,-0.0019713137,-0.0015411646,-1.2112459,-0.033272903,0.082895234,0.0016120933,0.0016858865,0.051910456,-0.0035057848,0.00031478886,0.0014171087,0.005575997,-0.008891387,-0.30935475,-0.1315803,-0.0069102193,-0.0058579366,0.0010635273,0.0050904145,0.0005680996,-0.008037945,0.0004595918
-7.3009396,-0.64940363,0.0011657163,-0.0016977269,1.2025084,-0.00026220042,-0.07336983,0.00677753,-0.03234254,0.002936512,0.0068862615,-0.08418949,-0.0012750998,0.009272487,-0.00043153722,-0.0032512567,-1.1870177,-0.02555038,0.09040232,0.002488275,0.0014731593,-0.033845596,0.0027639202,0.0016994281,0.004486782,-0.0009142401,0.003777372,-0.10300865,-0.1447963,-0.0075841984,0.00047888194,0.0004927752,-0.0016508285,0.00087424985,-0.00048454577,0.0011290049
-6.8167257,-0.6363295,0.0049391114,0.0056650764,1.2462037,-0.00065681787,-0.038523875,0.0026758453,-0.037926696,0.006319148,0.019415632,-0.084733814,-0.0010271401,0.010506484,-0.00015054554,-0.0035442784,-1.0693076,-0.02647933,0.09664828,0.0005683178,0.0013590074,-0.016037382,0.0052752094,0.005022072,0.00995716,-0.007209826,0.007059003,-0.14066507,-0.1318721,-0.007753934,-0.00019759187,0.0107869115,0.00017433187,0.00972472,0.014893862,-0.00040284437
16.73895,1.3053362,-0.06760122,0.0014603283,1.2906586,0.01656792,0.16956721,-0.017949857,-0.0035426393,0.00490356,0.10116778,0.4126034,-0.033268277,-0.0072289486,-0.0043373047,0.058651734,2.738592,-0.05338103,-0.0046769236,0.00039921975,0.0028518813,-0.014601388,-0.008662732,-0.00523208,-0.0037885942,0.013590477,0.014316843,0.2653251,0.24441454,-0.004791284,-0.02064633,0.0011639288,-0.0032470496,-0.0030614068,-0.018473165,0.0033562367
-0.25222093,0.8652011,-0.043418106,-1.727789e-05,-0.68813384,-0.0031193006,-0.26448154,-0.010732543,0.021029796,0.0046124933,0.019800138,-0.15441792,-0.008354466,0.00020442922,0.0015027446,-0.018188305,0.3592474,-0.0066573736,-0.07842403,-0.002497089,0.004129847,-0.030683264,-0.011863482,-0.0021135188,-0.0012132267,0.003465009,-0.029313473,-0.20652457,-0.15214926,-0.0039119036,0.030376423,-0.00049495837,0.011531097,0.0019984855,-0.008956278,0.0042250683
-7.0986276,-0.63030785,0.012721597,0.002535614,1.2109855,-0.0014900721,-0.07111621,0.0044372,-0.007831715,0.00447502,-0.026408136,-0.09422858,-0.0010213015,0.005048147,-0.00017827697,-0.0004439806,-1.1206075,-0.028223922,0.09510346,0.0011330536,-0.0030935213,0.037358988,0.0021375148,-0.00059600425,0.0012994615,-0.013267868,0.0051586065,-0.08397684,-0.13958481,-0.0053841756,0.0039714733,-0.00067739846,-0.0016460062,-0.0016221332,-0.009609614,-0.004362118
3.986577,0.6729138,0.02421204,0.000702832,-1.7071236,-0.0040568532,-0.21356343,-0.012027757,0.046675086,0.0026679523,0.029495133,-0.24283446,0.004593067,0.002354458,0.0014831545,-0.03171292,1.1135018,-0.011849169,-0.037795357,0.0047912137,0.0075920573,0.024076575,0.0071420963,0.0008033227,0.0012845038,0.0035845356,0.0064745108,-0.2344548,-0.10571327,-0.0066136466,0.033269342,0.001957805,-0.0012394701,-0.0019502627,-0.02047557,0.0012967174
18.8901,0.6598364,0.013970539,-0.00067292666,0.5224685,-0.007928479,0.116063684,0.013884148,-0.0048682373,-0.0023653924,0.061693557,0.3562394,-0.017956302,0.019697703,-0.0074035143,0.05527731,3.192064,-0.350904,-0.0023815474,0.003042188,0.01950318,0.037764974,-0.065509826,0.017090563,0.0028088945,-0.029931296,-0.0107108615,0.16575654,0.48372737,0.0022221457,0.0032757877,0.0018274155,-0.012318659,-0.004277901,0.04862332,-0.002439316
-7.3236704,-0.61201257,-0.028155277,0.00023975928,0.57974213,-0.00014563545,-0.14313996,-0.003055705,0.0072942297,0.0031341834,0.012804433,-0.07491445,0.0024406132,-0.0032568572,-0.00095888827,-0.003836593,-1.2451926,-0.040811114,0.08183323,-0.0024520538,-0.0057103285,0.06643115,0.0030468097,0.00022217717,-0.000795837,0.0051664594,-0.008717999,-0.3796984,-0.13674934,-0.0065258737,-0.0068639084,0.0022753133,0.012010618,0.00032043876,-0.0072073746,0.0023875842
-2.8791687,-0.22026865,-0.048926536,-0.009153437,-1.9814717,-0.007812668,-0.14207402,-0.021802107,-0.04593733,0.0040161735,0.015003003,0.04899706,-0.0028285729,-0.00860264,-0.004714344,-0.02045933,0.34742218,0.01988187,-0.02307407,-0.0027321274,-0.016711608,-0.05707914,-0.0019723235,0.0033904687,0.018291375,-0.012744886,0.0148246605,-0.36158696,-0.054909978,-0.0057991277,-0.021773802,0.006082653,0.0033534954,0.008516409,0.008762768,0.0023658974
12.390781,-0.0044889934,0.08570411,0.0011336869,1.335027,0.004907289,0.17573987,0.014405999,-0.009201167,-0.0039409734,0.15622108,0.33052957,-0.015493294,0.018434707,-0.0023195718,0.09364945,2.7478151,-0.025806114,0.06645537,0.003446658,0.03540296,-0.024603147,-0.011253961,-0.0018948358,0.007524533,-0.0194903,0.002769077,0.460337,0.16378373,0.0018984337,0.0074064583,-0.0041885236,-0.0038015188,-0.0024619992,0.06981583,0.006366183
-7.2805853,-0.61146927,-0.027565662,-0.0023340075,1.2054524,-0.0027317954,-0.07656103,-0.0043075904,0.006468908,0.0026073775,0.013008002,-0.078245245,-0.0016633226,-0.004543296,4.544725e-05,-0.0042210566,-1.2019335,-0.02880551,0.08369293,-0.0008894359,-0.0038034236,-0.025168587,0.0035582,0.0002232348,0.0032015494,-0.008909028,-0.0066796727,-0.09914121,-0.13997184,-0.00577177,-0.008166298,0.0018090038,-0.00057403767,0.0012481945,0.009209155,0.00020013172
-7.339077,-0.64316446,-0.0028645378,-0.0017719286,1.2053667,-0.001411544,-0.028427022,0.0062114922,-0.031733233,0.0033649893,0.011863396,-0.083973885,-0.0011413031,0.009035684,0.00046204097,-0.0033939157,-1.1863009,-0.029189337,0.092494145,0.0017678891,0.000292002,-0.027259128,-0.0040762136,0.00032496394,0.0062305355,0.005584758,-0.0075226217,-0.105869494,-0.13019273,-0.008063188,0.00042606518,0.0012600496,-0.0014945867,0.0010363763,-0.012089829,0.00055163587
-7.3316746,-0.6024974,-0.039344538,-0.0017188898,1.2049247,-0.0018997624,-0.014778898,-0.0038282322,-0.033944644,0.003485885,-0.0060010264,-0.07070915,-0.0013612857,-0.0049890312,-0.0010407694,-0.0022544558,-1.163701,-0.03274898,0.083961345,-0.0015264241,-0.011768744,-0.020140612,0.0038216617,0.0011963963,0.0007244426,0.0049346173,-0.0077742003,-0.1046143,-0.13919754,-0.006484839,-0.0009131342,0.006424081,-0.001952839,0.0012447354,-0.005931282,0.00178197
-7.3482,-0.6394764,-0.022115445,0.00076255854,-2.119699,0.0006110308,-0.1546656,-0.0052311476,0.00013001217,0.002368007,0.012744814,-0.07999477,-0.0019740872,-0.0060125804,0.0004693448,-0.0011731305,-1.3384806,-0.0280437,0.07848095,0.0011089061,-0.004147063,0.040087417,-0.0025148937,0.0006296342,0.0008588483,-0.010330675,0.005267421,-0.47852802,-0.15478449,-0.0074594957,-0.00423214,-0.0006984935,-0.002037404,-0.002970156,0.0061089983,0.003798099
14.507174,1.269301,-0.0062970216,0.004218308,1.2837027,0.016097805,0.1344608,-0.016099947,0.0131163355,0.004247193,0.06565312,0.35426098,-0.028597275,-0.0043057515,0.0008712503,0.07033419,3.2008588,-0.033040773,-0.1405773,0.015404709,0.0024744563,0.010636136,0.001610158,0.002624006,-0.005007194,0.026147427,-0.014519677,0.08586599,0.40589654,0.0017319137,-0.0121119125,0.0003898096,0.003243848,0.0005502614,-0.023907881,-0.0008072576
-7.3506846,-0.6512414,0.009997204,0.0021678566,1.2902254,-0.0022282305,0.02428976,0.0038847434,-0.0030463147,0.0020428032,0.013455827,-0.091903865,-0.0010964274,0.009606977,0.0010806726,-0.002977022,-1.2121795,-0.022429854,0.08002507,-0.0002306272,0.0012538861,0.054475352,-0.0012067977,0.0005650467,0.0014297408,-0.013172027,-0.009836232,-0.31481522,-0.1328067,-0.0068014497,-0.005456141,0.0005283848,0.005986161,-0.0013711704,0.0030076986,0.0004351642
-6.718036,-0.39881557,0.014205375,-0.0047498066,0.039669424,0.0006270172,-0.028816234,0.009847289,0.00070954004,0.001773533,-0.028760793,-0.09682118,-0.0016321235,0.0059316773,-0.00069393974,0.00055677723,-1.2624171,-0.0062370864,0.07619212,0.0028402512,-0.002114356,-0.060147893,-0.005398102,-0.0002842162,-0.0020045817,0.0027185585,0.007226898,-0.101688065,-0.15689957,-0.0069243195,0.0033090273,-0.0013150327,-0.0011087668,-0.0014066634,-0.018265352,-0.0007035077
-7.4028234,-0.6054235,-0.03280023,0.0018825616,1.3248892,-0.0008909655,0.023437152,-0.004582833,-0.008020249,0.002475543,-0.0061689275,-0.075899154,-0.0028741371,-0.0066019236,0.0030650455,-0.0027025035,-1.2040716,-0.018988587,0.0831947,-0.002936854,-0.0054817786,0.04403017,0.006045159,0.0026528528,0.0005873522,-0.0024928623,-0.007106271,-0.2778293,-0.12873755,-0.005931891,-0.008794838,0.00057894137,-0.0013472069,-0.00046238716,0.0032637692,0.0026890927
12.860573,1.1322055,-0.12438179,0.000999069,-1.8047415,-0.007870249,-0.29159963,-0.021909447,-0.008776005,0.0030904345,0.124699034,0.2129457,-0.0056811804,-0.0068083038,-0.0009217949,0.038819794,2.801431,-0.0828295,-0.09181058,-0.08245934,-0.027326712,0.0072670532,-0.012488679,0.0005646975,-0.0034645763,0.002782298,-0.015274841,-0.0566952,0.4193154,-0.005665153,-0.014915624,0.0077516343,-0.0029393837,0.0046006395,-0.033394717,-6.830408e-05
13.580169,1.9224899,-0.0011324377,-9.800411e-05,-0.7678513,-0.010097738,-0.04184252,0.017516436,-0.014055399,0.003607948,0.012061268,0.33514664,-0.018699784,-0.0046317405,-0.000771145,0.060659327,-1.1797383,-0.04300872,0.4345774,0.010074676,0.013300991,0.017960126,-0.05138675,-0.0029218516,0.01606223,0.0064002485,0.025402652,0.22585678,-0.13297747,-0.0019729258,-0.003741578,0.006832601,0.0047564213,-0.00082903553,-0.02636293,0.0016123629
19.017912,0.61690235,0.010874322,0.0020743466,1.1909255,-0.018509788,0.13776068,0.011554903,-0.0012075816,0.0032889796,0.11778746,0.2986603,0.03126026,-0.0007851746,-0.0032317014,0.05415107,3.2404916,-0.16672933,-0.0009066687,0.0044647893,0.026971947,-0.011976067,0.017843414,0.0015623801,0.0021652689,-0.041312575,0.0025308267,0.28604904,0.4627993,-0.00025201705,0.0034540677,0.0025089693,0.0022396976,0.0009962956,0.04917347,0.011277282
-7.2696066,-0.61095536,-0.028943148,-0.00090660306,1.2010396,-0.00067141105,-0.074671775,-0.0040411716,0.0052826125,0.0027929428,0.006714121,-0.074601874,-0.0068104058,-0.0024179048,2.0636273e-05,-0.003590869,-1.2053515,-0.03382667,0.086801544,-0.0038328215,-0.004135103,-0.024990547,-0.0032141027,0.0010029441,0.0001906265,0.006226122,-0.0076273764,-0.09616368,-0.13344754,-0.007144494,-0.008365465,0.0018751621,-0.002527668,0.002055804,-0.0068989033,0.00063910836
-5.7180505,0.13433811,-0.046229567,-0.00070145127,1.237508,-0.0032313333,-0.050818186,-0.0118809985,-0.0027093077,0.004704479,0.017042214,-0.110116564,0.0024890671,-0.0035174298,0.0012363917,-0.0045404686,-0.9780473,-0.039107498,0.012313598,-0.0073618656,-0.0006760948,0.03551039,-0.0036202571,2.26754e-05,0.0019486749,0.0051206937,-0.0054643424,-0.38873243,-0.19534536,-0.0047056973,-0.006198163,0.002644918,0.0039982204,0.00042739726,-0.013656466,0.00092714216
6.770291,0.24649858,-0.16584623,-0.00508784,-1.7328854,0.0032009203,-0.21859293,-0.023129463,-0.007883422,0.0032408843,0.04802371,0.29369885,-0.0043422803,-0.019913279,0.0010590693,0.02170511,2.5896924,-0.02944336,-0.09613681,-0.023691464,-0.031444218,-0.024244295,0.008649654,-0.005239848,0.0024234059,-0.012113386,-0.0033095283,-0.10306357,0.12304737,-0.0010940088,-0.009814112,-0.0012479422,-0.0034705077,-0.0035135366,-0.036664885,0.0010551478
15.213405,1.2201307,0.010271948,0.0023715487,1.2940972,0.010565645,0.14682744,0.000110277164,0.021265838,0.004398504,0.12570229,0.38182265,-0.083853945,-0.00499116,0.0038511686,0.036660593,2.8244433,-0.056202635,-0.020059776,0.004663607,0.014098269,-0.023733396,-0.0062551172,-0.0007048603,0.00021097888,0.014816747,-0.0015106479,0.5206874,0.32181403,0.009268285,-0.030852335,0.0004786721,-0.006458106,-0.0016735672,-0.020701865,0.018648453
8.903212,1.4391865,-0.15542255,0.005515384,-1.3533641,-0.011125967,-0.121319294,-0.060707983,0.019316634,0.0017273738,0.0124244,0.58562356,-0.0021897103,-0.019445011,-0.004426602,0.041864086,0.49406227,-0.05710079,0.4709651,-0.009359056,0.016282797,0.028678736,-0.015051487,-0.0040797736,0.0012177863,-0.029089784,0.014578713,-0.08134377,-0.0913752,-0.021103816,-0.008287932,-0.015543997,-0.006971965,-0.007194515,0.023629788,-0.003136653
-7.289313,-0.64411384,-0.004906762,0.0005429894,-0.6395083,-0.0022223236,-0.15248187,0.0038009537,-0.027635124,0.0035087345,0.012585455,-0.08219057,-0.0018535956,0.008525368,0.0005469536,-0.0019417288,-1.2741581,-0.03273723,0.07957286,0.0018295252,0.0012983863,0.07126365,-0.0023942005,0.0011237339,0.003583849,-0.009738593,-0.008563544,-0.4668119,-0.15111494,-0.0071967393,0.0025500136,0.0038898757,0.0018385386,0.0019398351,0.012020526,0.00096557714
-3.2397704,-0.15090644,-0.06271812,-0.007989982,-1.6690229,-0.0017346037,-0.12509108,-0.0214679,-0.05318757,0.0030712131,0.014447253,0.040394943,-0.0014676725,-0.010098688,-0.002226591,-0.022527903,0.083368964,-0.03506588,0.055792283,-0.0047219964,-0.012390798,-0.057732597,-0.0023691799,0.0055502383,0.027697563,-0.010387108,0.009018522,-0.40525708,-0.1415637,-0.0039686556,-0.01922137,0.0073014903,0.009042316,0.006709171,0.015318692,0.0016021797
-7.3395834,-0.6555549,0.00274742,0.0016349916,1.2066209,-0.0009717714,-0.03821179,0.005902195,-0.006129713,-0.0020789048,-0.020047793,-0.084670976,-0.0031927973,0.0063264477,0.00016408088,-0.0028709793,-1.2013419,-0.02300805,0.08823614,0.0015234688,-0.00044782952,-0.04259989,-0.0043897755,0.0017552744,0.0019737245,-0.012388993,0.005522376,-0.07473516,-0.14241971,-0.0058476212,0.009192457,-0.00017148125,-0.0002619874,0.00014831158,0.0066465493,-0.004047799
-7.2902007,-0.6052171,-0.033378918,0.00024161246,1.2184013,-0.0017767978,-0.11918475,-0.0034677072,-0.0005206744,0.0027143909,0.012638761,-0.0718807,-0.0018708182,-0.0044990266,-0.00021591704,-0.0035671017,-1.2063553,-0.0298515,0.08369068,-0.00070449826,-0.005970273,0.010048472,0.0034863353,-0.0018235041,0.0023215143,-0.0004888142,-0.004181792,-0.108545564,-0.13863604,-0.0060223136,-0.008349472,0.0017044967,-0.0036732308,-0.00010549995,-0.0017253455,0.0007860445
2.371771,0.9990446,0.027280223,-0.00062301045,-1.4919865,-0.0028314535,-0.05243098,-0.016224153,0.008837755,0.0030414434,0.03433623,-0.24910903,-0.0070684333,0.004660139,-0.0022283301,-0.020176739,0.074881166,-0.017038774,0.25651097,0.0012520893,0.012398685,0.011112555,0.008605718,0.003955249,4.2965552e-05,0.007492872,0.035654098,-0.14227168,-0.18380035,-0.05628633,0.015474842,0.008384196,-0.016327731,-0.0030883884,-0.0086842505,-0.0012786497
14.275379,1.180798,0.00822819,0.001188123,1.2967265,0.0104744015,0.114581585,0.009727611,0.04708222,0.004873241,-0.17514752,-0.073107675,0.024805559,-0.004207777,0.0054169535,0.08934262,3.114613,-0.058574744,-0.11219354,0.0008623736,0.017222568,-0.021825714,-0.0020414246,0.0029511722,-0.0024687613,0.025420105,-0.0073435153,0.41636887,0.397614,0.009484059,-0.0098833935,0.001237433,-0.0021887026,-0.001764884,-0.024694404,-0.044296443
-3.673308,-0.30299586,-0.058256365,0.001574948,1.2487382,0.0034024117,0.05497047,-0.024291506,-0.05487843,0.005571232,0.021218631,0.088965334,-0.002276866,-0.005984727,-0.00012790308,-0.017814917,0.024521226,-0.024432642,0.041682065,-0.004319387,-0.014495406,-0.012750496,0.0082719,0.007469335,0.02340728,-0.009099848,0.011883856,-0.20981127,-0.07887242,-0.0024824666,-0.02361014,0.00757201,0.0035922625,0.004959807,0.02187138,0.011801377
18.354925,0.6982885,0.05556097,-0.00035593275,-0.031831812,0.004159807,0.09346568,0.014506139,-0.011201496,0.0032550697,0.071211144,0.33558193,-0.016451063,0.025892137,-0.002188783,0.060729876,3.4701426,-0.025529113,0.105083525,0.010085177,0.024261337,-0.06601199,0.012000316,-0.0014545354,0.0077129053,-0.0075345607,0.029891638,0.2329444,0.30982646,0.01570325,0.0070432276,0.0014438381,0.004527584,-0.0033237326,-0.028097276,0.027934685
-7.279213,-0.6033793,-0.026678354,-0.0009123539,1.2034037,-0.0014152314,-0.07260606,-0.004936358,0.0065120347,0.003313776,-0.020592146,-0.07419679,-0.0015432416,-0.0047290437,0.0011047743,-0.0042773727,-1.2270393,-0.03303569,0.08765012,-0.0015931793,-0.009765495,-0.027894378,0.006299296,-6.1317034e-05,-0.00034383938,0.0062483638,-0.0071365917,-0.07471562,-0.13278542,-0.0056297802,0.0063867737,0.0016038616,-0.001040277,0.0010681559,-0.0058433837,-0.00085451524
-7.2945886,-0.62925774,-0.0056667286,-0.000941859,1.200409,-0.0013409288,-0.057255976,-0.0022856758,0.0031262573,0.002935848,0.015019434,-0.07944977,-0.0073302365,-1.633249e-05,-0.00018626657,-0.003927473,-1.2090507,-0.02782518,0.08687813,0.0022458085,0.00011119732,-0.029619643,-0.0049630124,-0.0012874472,0.0022792036,0.0064497157,-0.009036109,-0.097572766,-0.13811572,-0.0071518496,-0.008528826,0.0013741312,-0.002218701,-0.00020895503,-0.0071961097,6.797316e-05
12.569383,1.2255642,0.014187736,0.0011572762,0.4338838,0.009009235,0.14719276,-0.010819182,0.0015914623,0.0041965945,0.028355176,0.38159907,-0.013694447,-0.0024979122,-0.0026947653,0.067035146,2.6248045,-0.048233896,-0.107312426,0.018612446,0.004945204,0.05659033,0.006426728,-0.0038759976,-0.010923178,-0.004198349,-0.011828895,0.10438959,0.32516134,0.00066445046,-0.03806876,0.0041936347,0.0032161856,-0.0003008305,-0.023629453,0.009603308
-4.609648,-1.306216,-0.006130181,0.00031879594,-0.82120985,-0.014467008,-0.0680171,0.00052210165,-0.29488894,-0.06847616,0.03301059,0.00504528,-0.0030538444,0.008196381,-0.00024739973,-0.013614887,1.6237082,-0.03293838,0.0042767855,0.0033129416,-0.015814696,0.08002912,-0.008768868,0.016444966,0.00028245058,-0.011277569,0.005826157,-0.95669866,0.15397267,-0.0063852714,0.0071406127,0.0072164237,0.009445138,0.0062181107,0.025657604,-0.0066476325
-7.3322763,-0.64284533,0.0010641664,0.00086846895,1.2238714,-0.0029267215,-0.13179211,-0.0024535328,-0.034306224,0.003078298,-0.01988687,-0.08035446,-0.00036324066,0.006129306,0.0008205996,-0.00204544,-1.1640272,-0.028458713,0.08669191,0.0020365342,-0.00039921922,0.0033963493,-0.0051878667,-0.0006843598,0.004792276,-0.0024604409,0.005018615,-0.10547236,-0.13738735,-0.003370329,0.0019567905,0.00025239543,-0.0004213071,-0.00071619963,0.0029825862,-0.0010247407
13.618137,0.20838426,0.012269533,-0.0013513236,1.352226,-0.0039381376,0.13244434,0.015118915,-0.012343222,0.0033254367,0.039811578,0.3387005,-0.0011107026,0.007514708,0.0016145227,0.06648512,2.939798,0.016146312,-0.008552645,0.008422098,0.02473953,-0.032018997,-0.07102724,-0.0012544798,0.0024672833,-0.05895721,0.008755062,-0.113241844,0.2799516,-0.008527546,0.010705049,-0.0023612154,-0.004888939,-0.0030128693,0.072281554,0.0024184005
-1.7377739,-0.9555305,-0.039435625,0.0014110601,1.1084592,0.029448103,0.011609689,-0.00718184,-0.1379221,-0.046424415,-0.05149527,-0.0072672665,-0.012666704,-0.0030705591,0.0034910631,7.37491e-05,1.6746452,-0.027601724,-0.03450512,-0.010040931,-0.003959811,0.008334238,0.0012115107,0.011698328,-0.010614203,-0.030191444,-0.0069695916,-0.9044705,0.19012399,-0.00015524657,-0.013738537,0.0046291333,-0.0031674905,0.00026737218,0.02551745,-0.004442818
6.8557663,1.0317265,-0.024540497,0.004386576,0.36562738,-0.0035150035,-0.17078243,-0.0057709515,0.018537048,0.0052557974,0.07127946,-0.05099761,0.007764146,-0.0007355597,-0.0013544952,-0.023211556,2.1945133,-0.015068543,-0.0859169,-0.011135594,0.0021561135,-0.02893617,-0.0064258813,-0.0030718865,0.0017943267,0.0035989713,-0.017611621,-0.3920589,0.16469318,-0.006686771,-0.0020659382,-0.00689359,0.0050959284,0.0028103485,-0.020744905,-0.00405364
-7.103674,-0.34397015,-0.048250366,-0.0026664142,1.1935155,0.00140791,-0.12665881,-0.010947522,-0.007219562,0.00039497623,0.01612214,-0.080359265,-0.0009084014,-0.0049027265,-0.00066084316,-0.005279253,-1.1707692,-0.033445437,0.06989534,-0.0048297443,-0.007885436,0.01171134,0.002007796,0.00038420438,0.002126676,0.0026124704,0.007843662,-0.089451194,-0.15336223,-0.006388647,-0.0054128747,0.004525771,0.0035219383,0.0013182097,-0.013272352,0.0024476
10.98347,0.014108732,0.0016330354,-0.007640922,0.115835406,0.007242777,0.1057066,0.034379568,-0.0014813911,0.0037325453,0.046572924,0.28889593,-0.0060197273,0.011859025,0.00080911454,0.035129864,3.3545382,-0.34767082,-0.03062093,0.0029202034,0.028196966,0.04860246,-0.06302967,0.00053848437,0.005717121,0.0873359,0.0022328359,-0.03757162,0.24116886,8.480202e-05,0.00087735633,0.008117989,0.0034597432,-0.00031863665,-0.062397376,0.0028665569
3.533672,-0.7936662,0.030652456,0.00202524,1.3379811,0.008757409,0.09976853,0.007396335,-0.1280574,-0.0074119978,0.022733478,0.14084044,-0.004167122,0.008251397,0.0016046938,0.010306901,2.4303105,-0.5154726,-0.023376178,0.003397146,0.003344505,-0.016575508,0.009903648,0.0037343325,-0.0062803808,-0.050133467,0.00020465581,-0.7373904,0.35627204,-0.0014178148,0.037614696,-0.0012934306,0.01918258,0.002252575,0.03789906,-0.013928579
-7.0173974,-0.6348607,-0.0028575123,0.008272312,1.236814,-6.34895e-05,-0.010792652,0.004036975,-0.02918365,0.0022489424,0.020020708,-0.08295492,-0.00075341313,0.0035295554,-0.0014986983,-0.0015174046,-1.0754521,-0.019585658,0.094754286,0.0029706147,0.00323498,-0.01867159,-0.0057216007,-0.0010787614,0.006098891,-0.009375447,0.0065382626,-0.11170422,-0.13101733,-0.008487548,0.00029713087,0.0006139869,-0.0019819506,-5.3626416e-05,0.014727465,0.0009548023
11.550967,0.9835821,0.022729916,-0.014355565,-0.26849237,-0.0061030905,0.10015958,0.003886077,0.0052517783,-0.010376047,-0.013562519,0.3227817,-0.017606826,-0.00075032684,-0.00011153391,0.04849241,3.1724818,-0.23477212,-0.088219814,0.005692757,0.014734052,0.08589005,0.015770355,-0.004206247,-0.0130467955,0.119283445,0.0077566025,-0.014588746,0.32519272,0.007094107,-0.009225811,0.007756733,0.00783864,-0.004008646,-0.069172345,0.0015207914
3.1066284,0.82525575,-0.014551483,-0.0030400425,1.2961539,-0.0057741874,0.15420023,-0.0034197299,-0.05103593,-0.035782423,0.024188407,-0.18748303,-0.0007553726,0.026321324,-0.005584553,-0.014284937,-0.038849384,-0.016288219,0.25152695,0.002924412,0.010521559,0.0019595989,0.008613389,-0.0006169765,0.010676517,-0.0114703085,0.038684797,-0.1451593,-0.19418637,-0.058624014,0.008392391,0.004960505,0.010054802,0.0017675577,-0.010260023,-0.0056725363
-7.3039746,-0.60680294,-0.034112632,-0.0009359024,1.2014732,-0.000100132835,-0.04219818,-0.0031228957,0.00070464343,0.0026014089,0.013137791,-0.07120729,-0.0014280563,-0.0048232847,1.9043739e-05,-0.0036470736,-1.2080892,-0.031361222,0.08608237,-0.0018904362,-0.011738649,-0.024352513,-0.0043452103,-0.0016664207,0.0020898997,0.006411719,-0.0070471517,-0.100026846,-0.13835573,-0.0076040346,-0.008785214,0.004367804,-0.001463997,0.00024326565,-0.0071805217,0.000579228
-7.288734,-0.59220684,-0.03126049,0.0009836283,1.2127708,-0.0003372425,-0.1119265,-0.0034622876,-0.00021783914,0.0027410928,-0.019022483,-0.07106377,-0.0014521311,-0.0045588054,-6.9835964e-06,-0.0037865057,-1.1867622,-0.033510458,0.08208525,-0.0032908875,-0.0073853284,0.008917153,-0.0048237266,-0.00045707324,0.0008055048,0.0049503804,-0.006034412,-0.08775101,-0.13897668,-0.0070552444,-0.0072630993,0.0012489095,-0.001355927,0.00049652276,-0.0087130675,0.0026850158
-7.4279647,-0.6464653,0.0035109334,-0.009893385,1.2090912,-0.000588647,0.023111722,0.0051120566,0.006107138,0.00308059,0.0136343455,-0.08885284,0.00482099,-0.00056071335,0.0008913772,-0.003664763,-1.227816,-0.02310754,0.09719776,-0.0003973808,-0.0004354568,-0.023113465,-5.6554498e-05,-0.0003591235,0.0023951514,0.0077632903,-0.0100466795,-0.09361153,-0.12915878,-0.00811977,-0.007081578,0.000697091,-0.0013894233,4.9010432e-05,-0.008209359,-0.00036562874
0.6590331,0.9147255,-0.040000513,0.0020141525,-1.8016001,-0.002204169,-0.29140928,-0.017275626,0.0026287148,0.0027279297,0.022649406,-0.17570332,-0.0046790536,-0.0010857434,-0.0014481884,-0.013637661,0.40471333,-0.011382161,-0.07690536,0.00022598356,0.0050615966,-0.009814874,-0.0020531628,0.0017840439,-0.0020382318,0.0066071795,-0.02622091,-0.21476999,-0.14547092,-0.010361544,0.026953934,4.910721e-05,-0.0027326185,-0.0015588667,-0.011347076,0.0034522088
-7.331061,-0.6436385,-0.018416757,-0.002834364,1.2015605,-0.0017827896,-0.0426716,-0.0008187405,-0.0340809,0.0033851976,0.012974647,-0.08083065,-0.007301914,0.0004555564,-0.00063731056,-0.0048279874,-1.1519041,-0.026440049,0.0852966,0.0020929838,-0.0004794721,-0.026026709,-0.002726687,0.0015179219,0.00879674,-0.009505805,0.004155101,-0.10992974,-0.1352884,-0.0077050286,-0.0012675181,0.0039633475,-0.002483007,0.0017056082,0.010394553,0.00086123083
-7.2789454,-0.60482526,-0.035038356,-0.00073965086,1.2002573,-0.0013215092,-0.07103871,-0.003506773,-0.02850463,0.0034543122,0.013765662,-0.07238004,-0.0014488011,-0.0042436062,-0.00024324516,-0.003689064,-1.1773671,-0.03282023,0.084866166,-0.0021098815,-0.012025005,-0.02584714,-0.003948289,-0.0010150559,0.004474925,0.0061324416,-0.007911071,-0.11055308,-0.13222136,-0.0075586294,-0.0007519503,0.005725481,-0.0027394942,0.0011154799,-0.006989014,0.0009800118
-7.3133025,-0.62072104,-0.012650684,0.00021336309,1.2126317,-0.0019811324,-0.15612176,-0.0029838516,0.0037274198,0.0028105362,-0.026816038,-0.083385445,0.00259366,-0.0029927772,0.0004600537,-0.0064432714,-1.2743009,-0.016445352,0.083302595,0.0019140241,0.00016861223,0.03512961,0.004569294,0.00024905277,0.0015530743,0.0058719097,0.0077631907,-0.06743837,-0.13423328,-0.001730788,0.001133427,0.0008980488,0.0015521602,0.00010802735,-0.0071975808,-0.008652301
9.122338,-0.16901715,0.0327197,-0.0032474035,-1.2771847,-0.01480989,-0.114298664,0.01687941,0.016617589,0.00071207795,0.0350101,0.4379352,-0.0019335259,0.012344486,-0.0047764457,0.075788654,0.8696729,0.06111173,0.49311903,0.04354626,0.003982417,0.015165008,-0.003801058,-0.0034893963,0.011723812,-0.022617316,0.0058862586,0.09829127,-0.0218626,-0.00034073796,0.011494911,-0.0012549368,-0.008782734,-0.010338875,0.036218334,0.012171825
-7.2822967,-0.60797256,-0.031848032,-0.00086379505,1.2040869,-0.00016392727,-0.059336457,-0.0032587538,-0.0013523847,0.0032926328,-0.0250495,-0.07704777,-0.00067551504,-0.0051597063,-0.0012215648,-0.0029398531,-1.2738504,-0.00048669576,0.08336712,-0.0008704277,-0.0021057285,-0.023112958,-0.0020338558,0.0006605713,0.0019577479,0.006990502,0.0068794647,-0.05087827,-0.13659543,-0.0069452273,0.0008584133,0.0012700881,-0.0024390325,0.0012650609,-0.007766089,-0.0035291014
-7.2813106,-0.5973657,-0.037947465,0.00039269522,1.2630612,-0.0013266194,-0.057834174,-0.0044626254,-0.029988509,-0.0005617675,-0.005678635,-0.0695012,-0.002093207,-0.0049753403,-0.00038537662,-0.0023195522,-1.1716115,-0.030901466,0.075896755,-0.0025089637,-0.012892527,0.0018795124,0.00445847,0.0013848373,0.00018464921,-0.00027525227,-0.008379123,-0.2001481,-0.13867444,-0.0062879436,-0.0006106418,0.0060898373,-0.0010741723,0.0015576256,0.0018928675,0.0031426677
-5.8194513,-0.63922626,-0.03517521,0.003700358,1.1931369,-0.00039185956,0.027198836,-0.014966087,-0.049771607,-0.056499604,0.01633332,-0.07868436,0.0017596376,0.0065075587,-0.0028576148,-0.05998586,-0.31260073,-0.021799017,0.16011953,-0.0009239981,-0.004217228,-0.024166476,-0.009216444,0.0013543156,0.011973664,-0.068549275,0.0016732763,-0.24886262,-0.13187256,-0.006473542,-0.023173267,0.0030053218,-0.0036926311,-0.0056332666,0.018322531,0.0036264742
-7.4289904,-0.6414243,0.024057545,0.0030994248,1.2118433,-0.0034434202,0.009017886,0.0056912936,0.010104118,0.00290729,-0.02239929,-0.087297276,-0.00033497042,0.004404688,0.0006935688,-0.0037335204,-1.2439259,-0.026694762,0.09493696,-0.004456864,-0.0022646997,-0.024537195,-0.004722336,0.00094455114,0.001228914,0.006385112,-0.012115435,-0.07013278,-0.13182728,-0.0048687514,0.0034913304,0.00071673194,-0.0030819906,-0.00096017617,-0.012473897,-0.0037757524
9.912879,1.0302103,-0.028195461,-0.0032736228,1.369258,0.0027446526,0.17075953,-0.010044862,0.0060238726,0.004862633,-0.13574342,-0.18863706,0.02040652,-0.0051331855,0.0005304858,0.060714215,2.1065376,-0.057252828,-0.048030507,0.0025963665,0.020888032,-0.016274393,0.013004237,0.0021449092,0.0043322407,-0.032770287,0.015152585,0.22194569,0.15961018,0.014200054,-0.022481343,0.0023029987,-0.002104596,-0.0005576296,-0.018840227,0.007994755
-7.3008404,-0.6594831,0.010858946,0.00019807949,-1.6376817,-0.004381231,-0.14629309,0.004987286,0.0029820332,0.0032619084,0.013394798,-0.080884255,0.0032826753,0.00084966456,0.0002030073,-0.0039915987,-1.344493,-0.037948746,0.08967635,0.00016031771,-0.00078882754,0.05132672,0.0015569709,0.0012609018,-0.004945901,0.0065113935,-0.009712676,-0.47780457,-0.15451889,-0.0053853374,-0.004175196,0.0024252476,0.010162299,-0.0017681076,-0.008481594,0.0032211489
10.02404,0.35174164,0.029065173,-0.003639086,1.3873241,0.0011883124,0.16385736,0.033697322,0.00078369386,0.0034456556,-0.12225263,-0.007154674,-0.00018057991,0.019138131,0.0014522083,0.048337158,2.0502188,-0.044284716,0.027306203,0.009600534,0.02732431,-0.028632727,0.016243244,0.0014178527,-0.0021106838,-0.03220311,0.009612408,0.06732325,0.09211894,0.019901033,0.0038611712,0.006184755,-0.0064773196,-0.0030017656,0.02582002,0.014591437
9.040545,1.2414601,-0.23157762,0.00092966564,1.3414072,0.0007986505,0.14297578,0.08568355,-0.0180236,-0.008511392,0.013200141,0.84493124,-0.026481247,-0.0069782035,-0.0039375047,0.09848295,0.20153846,-0.048766833,0.34878913,0.004734932,0.05385238,-0.022849219,0.004590121,-0.002049085,0.00498171,0.013244746,0.019106517,0.060783453,-0.11842287,-0.00033273778,-0.0032672419,-0.002273402,-0.0061753923,0.0022774967,-0.007993416,-0.0039615054
-7.2829185,-0.6079409,-0.025796084,0.0008813149,1.211894,-0.0016152682,-0.08852936,-0.003766396,-0.008786674,0.002202186,0.00627657,-0.07830646,-0.006545052,-0.002431623,-0.00039961963,-0.002949618,-1.1978459,-0.03215629,0.084373094,0.00032758966,-0.0012123121,-0.024830617,-0.001741128,0.0010368143,-0.00039628337,0.0052422266,-0.008780919,-0.097787365,-0.13876806,-0.0063450746,-0.006829291,0.00205161,-0.0030157717,0.0028715522,-0.008256016,0.0016418291
-7.3076363,-0.6353045,-0.0032488569,0.000592993,1.2031054,-0.0034284696,-0.06706119,0.0029309273,-0.032756176,0.0037141177,0.012534309,-0.08090052,-0.00020390663,0.0047737006,-4.3612097e-05,-0.004003898,-1.1835997,-0.025686232,0.08995857,0.0029940782,0.00058689417,-0.027682554,-0.0060582566,0.0020919007,0.0077406284,-0.00059639144,0.0042571696,-0.10467253,-0.14245895,-0.007280459,-0.0011155906,0.0010949404,-0.001976636,0.0010012414,-0.0045144027,8.748258e-05
-6.457233,0.09188031,-0.042693075,2.2311562e-05,-1.7899615,-0.0006725899,-0.08007399,-0.013043046,0.009259534,0.0018716599,-0.0361549,-0.08361366,0.0018312269,-0.008418627,-0.0012992072,-0.0023706015,-1.2108635,-0.052952126,0.032616053,-0.0032026775,0.0024136917,0.016854236,-0.0035333016,0.0011929459,-0.0027881993,0.00046246222,0.0055961893,-0.14411972,-0.21249695,-0.009558899,-0.019128336,-0.00013152685,-0.002301086,-0.0039466647,-0.019581577,0.0007036673
-7.3064647,-0.6321839,-0.021174246,0.0012507068,1.2167076,-0.003374605,-0.09708958,3.8141938e-05,0.006518974,0.0024934215,0.013112104,-0.08206933,0.0032898078,-0.0027132973,-9.0942034e-05,-0.0033258542,-1.1881686,-0.0316899,0.08435605,0.00048751634,-0.0007656294,-0.026218807,-0.0055141193,0.0007377629,0.0007497326,-0.009674042,0.004283686,-0.10487973,-0.13695769,-0.006630502,-0.008092195,0.0034121335,0.00022390344,0.001261388,0.007906175,0.0008733027
-4.874212,0.321525,0.013351507,-0.0012210619,1.1926827,0.0006633217,0.044305544,-0.010539296,0.011211663,0.0043387385,-0.035495628,-0.15490991,-0.011614604,-0.0042400076,0.0009301953,0.012732245,-1.184266,0.004394768,-0.006648548,0.00037282842,0.0006751044,-0.030535558,-0.00967723,0.0051083146,-0.0049737105,0.0053301523,-0.003920158,0.016422203,-0.18739954,0.0033893215,-0.005763856,-0.00085549307,0.007602999,-0.0014119798,-0.010021941,0.0017774252
-7.287107,-0.6205854,-0.024436837,-0.0006450102,1.2032057,-0.0004587239,-0.065256886,-0.0034896627,0.0049682865,0.0036884882,0.0126767075,-0.07965093,0.0031068777,-0.0025148164,0.0005928499,-0.0038159748,-1.2171266,-0.033584476,0.088990845,-0.00061868853,-0.0015426057,-0.025632815,0.0015962893,0.0014661902,-0.004377607,0.006666265,0.008050838,-0.10080714,-0.14371128,-0.006984887,-0.009259565,0.0011498786,-0.002368643,8.9505025e-05,-0.0070190895,0.00084796426
12.970141,1.2813541,0.0247218,-0.0015181791,-0.60292137,-0.022085248,0.09581773,-0.0062154448,0.058256358,0.005332345,-0.023651248,0.36063945,-0.009758394,-0.0057516387,0.004413715,0.047155987,2.758544,-0.048186857,-0.121517174,0.021766527,0.01620798,0.038294736,0.015876995,0.0011892711,0.0011051717,0.00646274,-0.01328251,0.15316918,0.28789353,0.0064231153,-0.024819829,0.001621223,0.00880575,0.0030273139,-0.021857541,0.015743153
-6.828273,-0.61058486,-0.01929492,0.0071436423,1.3362281,1.7184955e-05,0.021312734,0.005367788,-0.03240428,-0.027701989,0.014547746,-0.08533926,-0.007160701,0.0041031227,3.992789e-05,-0.003714743,-0.8582678,-0.020920949,0.07215893,-0.0023572827,-0.0032933608,0.07230847,0.004531072,0.002411256,0.00055908266,0.0075100455,0.011869119,-0.23850794,-0.13130717,-0.007211271,-0.0017660527,0.0012023773,-0.0025395993,0.00090562453,-0.0073230825,0.0016771567
-7.3240085,-0.63072693,-0.018454827,0.0018792357,1.2017385,-0.00049770006,-0.04980217,-0.00068697863,-0.0010061071,0.0029825405,0.013224049,-0.08454481,0.0032579773,-7.371126e-05,-4.6167967e-05,-0.0028124892,-1.1926242,-0.026011812,0.084047526,0.0007234435,-0.0011339864,-0.02524247,-0.003319479,-0.0009409351,0.0018049958,-0.009587911,0.0046338756,-0.09820974,-0.14228378,-0.0065248567,-0.0083579505,0.003540421,-0.0020589004,0.0005250507,0.0108910315,0.00039648448
-0.5386012,0.8095257,-0.059403013,0.0007008335,1.2133785,-0.00236068,-0.07507843,-0.0067386855,0.025148785,0.0060536265,0.018156053,-0.15579864,0.004284879,-0.011376409,0.0027917055,-0.024176788,0.09978871,0.0039914832,-0.068104185,-0.007927552,-0.02240115,0.066469185,-0.009845811,-0.0003616445,-0.0026636757,0.005936135,-0.0372398,-0.21010217,-0.1324173,-0.013872025,0.026490243,0.0015300988,0.019337405,0.0020352737,-0.012491002,0.0033579387
17.063534,1.15306,0.06327996,-0.0075077116,1.293485,0.016274258,0.1831948,0.012695497,0.0020972488,0.0047333664,0.043171763,0.32644227,-0.08439293,-0.003594259,0.0026431768,0.06211812,3.3689618,-0.046841566,-0.01854368,0.0034862668,0.016736442,-0.01930466,-0.0069311815,3.690411e-05,0.0017429674,0.006242742,0.01943751,0.36452895,0.38387564,0.003435409,-0.017648168,0.001068657,0.007007295,-0.0022995358,-0.017581549,0.00815075
-5.4970775,-0.03426708,-0.044943,0.00038008086,1.2188497,0.0020433732,-0.030280786,-0.0038183029,-0.037977565,-0.004407076,0.014271829,-0.08904495,-0.009555471,-0.0017244071,-0.0044976943,0.01988366,-0.7987389,-0.030414518,-0.013297254,0.0011654156,0.0036034998,-0.025537312,-0.0050035836,0.009502775,-0.0032675902,-0.0083778445,0.009084947,-0.07879741,-0.17835157,-0.0063363463,0.00024127563,0.002279834,0.0070175515,0.0043012793,0.004751466,0.0066914014
-1.7294445,0.17805482,0.021276848,0.002047661,1.2833608,0.0042808224,0.10173149,0.00646233,0.0077408394,0.0051560695,0.0257462,-0.19151415,0.0051447446,0.0013185819,0.0012849532,-0.03135476,-0.14851128,0.0072053145,-0.004627201,0.004842763,-0.000100114725,0.025042562,0.007714529,0.00093719264,-0.009270247,0.006202281,-0.013761735,-0.1826865,-0.18344663,-0.0029213973,0.006736484,0.0003030628,-0.0008072058,0.00021545253,-0.007349892,0.009780151
-7.4105196,-0.6188614,-0.025401307,0.0029804332,1.211996,-6.149941e-05,-9.090523e-05,-0.0029607646,0.0031868047,-0.0021494122,0.012634191,-0.079877324,-0.0008576277,-0.0033907222,0.0016522595,-0.0020652139,-1.209489,-0.025019133,0.08910274,0.00021214619,-0.0033611946,-0.012680833,-0.0041798265,-0.00085406646,0.0019027694,-0.0011665081,-0.0030293919,-0.105770946,-0.12997301,-0.007978397,-0.008110303,0.0019677577,-0.0025625725,0.0010275282,-0.008298577,0.00047647292
11.781201,1.1675544,-0.016595246,0.0067156167,-1.1998606,-0.012699561,-0.25964034,-0.022558684,-0.009399559,0.004373011,0.11806133,0.3511234,-0.012981145,-0.004625797,-0.0040074266,0.03716374,2.7542152,-0.048076686,-0.07345819,0.00928948,0.0047975243,0.035240263,0.010003287,-0.0036806676,-0.0052126176,0.017824639,-0.0015240456,-0.22557965,0.24808411,-0.007083879,-0.004990313,0.0011331729,0.0036270805,-0.0054758736,-0.024426186,-0.025347652
-7.267814,-0.60291886,-0.031711534,-0.0009635774,1.2014333,-0.000573176,-0.074077204,-0.0063970448,0.0013284225,0.0026756977,0.0065884683,-0.07072199,-0.0005467252,-0.004542749,0.00033067362,-0.003792884,-1.2073519,-0.033992667,0.08505462,-0.0047577587,-0.011640825,-0.025378212,-0.004608021,0.00011376908,0.00039257226,0.0061689853,-0.0069344062,-0.097078405,-0.1327455,-0.0073425877,-0.008321384,0.0021585678,-0.0037752215,0.00032484668,-0.0068317265,0.00033560328
21.320835,1.1761172,0.0392102,-0.005781068,-1.8086348,0.010049462,0.121706195,0.02411747,0.011440805,0.0023399175,0.031814266,0.2915026,0.04710317,-0.002679625,0.0045505324,0.07846109,4.2085886,0.03728793,-0.03714572,0.007947624,0.015506385,0.020831479,-0.0013660148,-0.008401309,-0.00611848,0.008901046,-0.0077873403,0.42103815,0.5096001,0.008546182,-0.009008807,-0.00084944826,0.023406392,-0.006874114,-0.033401366,0.018549988
-7.3165193,-0.62747055,0.0050400654,-0.0021572658,1.3001181,-0.001921232,0.0034209143,0.0010570317,-0.00039224635,0.0025125614,-0.005544925,-0.084237,-0.0071094627,0.0010045919,0.0008781607,-0.003966341,-1.2222534,-0.027480615,0.08281445,0.0013041832,0.0025611208,0.047741342,-0.00068926055,-0.0010534335,0.0034582382,0.0056575686,-0.0006095549,-0.2702282,-0.13834125,-0.0054819267,-0.007136756,0.0026184034,0.006385604,0.002393811,-0.008025748,7.611717e-05
8.367676,1.1392943,-0.104186036,0.001847879,1.2870588,-0.0023692427,0.010330732,-0.028781466,0.008665397,0.0043553654,0.10932698,0.23171617,-0.009891532,-0.010499401,-0.002916338,0.027478281,2.1923141,-0.024742045,-0.115901515,-0.027986372,-0.0547907,0.0010776478,-0.008891503,-0.0046529225,-0.0012548759,0.0058766915,-0.015724078,-0.29046908,0.24329947,-0.029337447,-0.004512136,0.00283004,-0.011567586,-0.002947144,-0.022924257,-0.011620232
-7.2945433,-0.629185,-0.0047985483,-0.003975931,0.73396516,-0.0021217351,-0.06097363,0.00019097589,-0.003794567,0.0023194768,0.015075437,-0.08038552,-0.004056619,0.00070412253,0.00055404776,-0.003641814,-1.245836,-0.030422324,0.08377119,0.0010774444,-0.0005518747,0.056016903,-0.0026309364,0.00088881474,0.00059727265,0.0006025927,-0.007945389,-0.32064864,-0.13554572,-0.0053109033,-0.005407416,0.0018155716,-0.00035708875,-0.0010306764,-0.00707741,0.0013121957
-5.932299,0.15444317,-0.033311747,-3.963974e-05,1.187308,-1.0982936e-05,0.00032626832,-0.013313121,0.0021319014,0.004680599,-0.03416404,-0.12195394,-0.008016031,-0.005524537,-0.0035360479,-0.02261756,-1.0175576,-0.051560156,0.0031531367,-0.002732026,0.0014671365,-0.016499212,-0.008353642,0.0028310667,-0.0049254303,0.005832248,-0.0064811427,-0.03814201,-0.18904969,-0.0037054382,-0.0073468066,0.003208085,0.0071521923,-0.0022150066,-0.014733507,0.0007102703
-7.2966933,-0.6397505,-2.9720386e-06,6.453425e-05,1.2036548,-0.0012088175,-0.068504155,-0.0026487042,0.003384219,0.0034277698,0.013203216,-0.08312934,0.004389769,-0.002349138,-0.0005365862,-0.0047518653,-1.2133079,-0.027069677,0.08948336,0.00010762572,0.00013151439,-0.02641972,-0.0065314136,0.00091903855,4.4539072e-05,0.0063682646,-0.008998653,-0.09835058,-0.13191567,-0.007087755,-0.0077084946,0.00048366122,-0.0028386053,-0.0013890144,-0.007066376,-0.0003586064
-7.3153586,-0.6586577,0.009940955,0.0001892013,-1.2977072,-0.0030714476,-0.16504076,0.0033564763,-0.002960886,0.0024951082,-0.021290507,-0.08478239,-0.0015259901,0.010629735,-5.1866995e-05,-0.001317072,-1.3210176,-0.03426216,0.08467013,0.00039008207,0.0016868261,0.047360957,-0.00064353616,-0.0008859892,0.0054352693,-0.011227437,0.0054341755,-0.4444387,-0.16541769,-0.009361423,0.002467896,0.00087244925,0.007378418,-0.0010002495,0.0077370945,-0.0066228244
-7.34735,-0.62002397,-0.028647948,-0.010076478,1.2036328,-0.0003186143,-0.011964352,-0.0045127044,0.0059986487,0.0036364202,0.02069421,-0.07367087,0.0036717681,-0.002456258,-0.001152018,-0.0038972336,-1.1925914,-0.030352345,0.099020675,-0.0038750835,-0.010300388,-0.017330762,0.008249605,0.0014977715,-0.0036526842,0.0065335436,0.0063021327,-0.12039066,-0.13531604,-0.007415197,-0.009038848,0.0018548355,-0.00087268715,0.0003863577,-0.00769657,5.9154416e-05
-3.9268653,-0.83941764,0.03626023,0.01785447,1.2514122,0.0052966424,-0.06080505,-0.0012983378,0.015020017,0.0069600707,-0.039556406,-0.1275518,0.0010995691,0.00038696174,-0.0064183697,0.08682431,0.12311224,-0.015507708,0.0295243,-0.0003538723,-0.003846829,0.0042858375,-0.009925072,0.00259922,-0.0076546497,-0.011035025,0.014069134,-0.002523843,-0.09325537,0.00037738407,-0.005085286,-0.0062556434,-0.006742626,0.00029621212,-0.014038555,-0.004616291
-7.297237,-0.6106204,-0.026979636,-0.0017841825,0.6547799,-0.00090792,-0.11159918,-0.0037273816,0.009291104,0.0021936665,-0.020259526,-0.07529897,-0.0043590516,-0.0024490752,-0.0024438696,-0.0026395854,-1.2423588,-0.038073495,0.08415119,-0.001360497,0.00061662775,-0.018228516,0.0007694338,-0.00050604594,-0.0004625186,0.006014853,-0.00825869,-0.09371224,-0.13961476,-0.0053076902,0.0086693885,0.0032285925,-0.0026627318,-0.0007501186,-0.0071583567,8.295889e-05
-6.1768813,-0.19876069,0.01615213,-0.0017060132,1.1745429,-0.0023754574,-0.044378284,0.004244729,-3.9216375e-05,0.003620583,0.017602464,-0.109164156,-0.0019109817,0.005120797,0.0018135755,-0.007554836,-0.8079644,-0.028829014,0.047788978,-0.0002563248,0.0010890506,-0.029864704,-0.005746204,-0.0011564284,-0.0009987315,0.0034067999,-0.00899564,-0.1344313,-0.16903389,-0.006998953,-0.004418929,-0.00022523999,0.0040557724,-0.0014872847,-0.01507739,-0.0015877193
-7.314506,-0.6172118,-0.026234597,-0.00095505593,1.1994579,-0.0005299724,-0.02640079,-0.00458796,-0.002204931,0.0027964604,-0.0061358237,-0.07832989,-0.008094272,-0.0011180999,-0.0003486579,-0.0037455177,-1.2051923,-0.03294494,0.08625288,-0.00019740796,-0.0015202655,-0.02570927,0.0027203546,0.00014590425,0.0035249288,0.006374679,-0.00775376,-0.08965978,-0.13066909,-0.006414688,-0.008521816,0.001744258,-0.0017503783,0.0001274859,-0.0076111234,0.0009299172
-7.3352976,-0.6431386,-0.025230467,0.0010139295,-2.1669292,-0.0005396998,-0.15059553,-0.0044835825,-0.008922969,0.0021785996,0.013616447,-0.07813997,-0.0034494868,-0.0010221918,-0.00045571334,-0.0012937859,-1.3266255,-0.027813831,0.07855201,-0.0011554258,-0.0013934949,0.013416082,0.0021950894,0.0004993503,0.0014798297,-0.009452538,-0.005998469,-0.4116238,-0.1596422,-0.007225539,-0.0028808028,0.00031085892,-0.0012495116,-0.0010560337,0.012850727,0.0015686037
-6.763374,-0.37817857,0.01068814,-0.0034697473,-0.96602315,-0.0010847928,-0.05909765,0.008511292,-0.008020065,0.0020322711,-0.029914917,-0.09758543,-0.0025133288,0.009772526,0.0018858552,-0.0009075059,-1.2975585,-0.00076756044,0.06636738,0.0026472812,-0.0024079168,0.041954856,0.0032130356,-0.00022848502,-0.004480485,0.0013805068,0.0096067,-0.088812724,-0.16622403,-0.006413937,0.0028583067,0.00053024694,0.0027775448,-0.0013728567,-0.016526703,-0.0035600986
10.8486,1.1072738,-0.097471036,-0.0014892835,-0.49120384,-0.011517485,0.124988884,-0.00038473238,-0.021320103,0.003678826,0.020882865,0.34778875,-0.009484578,-0.013882249,-0.003197921,0.033011105,2.7394385,-0.07627634,-0.13157526,-0.04963106,0.016859157,0.013928162,0.01146147,-0.0063548945,-0.003676352,-0.013037414,-0.01490927,0.02799017,0.20131306,0.0034632445,-0.00027957454,0.0007880905,-0.004358006,-0.0023992395,-0.031180967,0.0007855876
4.2616544,1.1097164,-0.023023812,0.007879551,-1.9390261,-0.0059662275,-0.2726038,-0.022884237,0.016097665,0.0027534517,-0.18394475,-0.044581957,-0.01378363,-0.0058998596,0.0028119865,0.025813513,1.9727281,-0.060876463,-0.0830484,0.0043592914,0.028273465,-0.00542277,0.009445639,-0.0023004229,-0.009007168,0.0024845153,-0.017038101,-0.24419884,-0.060562693,0.003869859,-0.060512632,-0.0071314154,-0.029785106,-0.011969537,-0.022534218,-0.0054486687
-7.332299,-0.59920686,-0.028722888,-0.00062626053,0.08270223,0.0009256246,-0.12195853,-0.004279267,-0.024360104,0.003141057,0.013994325,-0.068139665,-0.0019672806,-0.004372751,-0.00029811385,-0.0028248467,-1.2296484,-0.041304186,0.08751834,-0.005935391,-0.009195715,-0.037066124,-0.001479572,-0.00041338702,0.005856375,0.0042941556,-0.007106475,-0.16734116,-0.13650514,-0.0074844365,0.0004640596,0.0016895002,0.0006469709,0.00071242626,-0.007508381,0.001118813
20.33733,1.1618029,0.0481718,-0.008299588,1.15791,0.0072343783,0.12810025,0.014812455,0.035856407,0.0023422553,0.09516737,0.3072243,-0.047972973,0.017555859,-0.011217606,0.07425813,3.7721095,-0.006605133,0.008100483,-0.0026869655,0.018784892,0.03216503,-0.0025292202,-0.00061110384,-0.00055690715,0.0017567608,0.012940219,0.44863424,0.50360715,0.006148254,-0.005694018,-0.017992822,-0.012132488,-0.0034884694,-0.025055349,0.014517742
3.0347443,0.8084412,-0.045859706,0.00016079954,1.3246667,-0.0017232698,0.112503126,-0.0075489664,0.026707295,0.003656622,0.027196266,-0.19990756,0.0063981996,-0.008340381,0.0031899922,-0.021935077,0.20453423,0.0072931903,-0.091700524,-0.004510472,-0.003148495,0.04924684,-0.009924276,0.003290039,-0.0052569313,-0.025247402,-0.01996323,-0.21816725,0.16300583,-0.0065886914,0.029618822,0.0055744424,0.023159264,0.002335776,-0.008119553,-0.015819624
-7.2978287,-0.633951,-0.0037216742,0.00043592684,1.201945,-0.002807671,-0.06769431,0.006953764,0.0068914285,0.0029976529,0.013047993,-0.08435079,-0.0012094585,0.004589433,0.0005047382,-0.0036849175,-1.2161237,-0.028782628,0.08904894,0.002901801,0.00018731566,-0.02600461,-0.005631622,0.00022884026,0.0023126781,0.006827571,-0.009014154,-0.095525615,-0.1383332,-0.0066829035,-0.0066892398,0.0007415673,-0.0030809774,0.0017269414,-0.007277865,-0.0005270625
-7.3231397,-0.62963444,-0.034290053,0.002230998,-2.1652849,-0.0025728724,-0.15963323,-0.0039324965,-0.014224181,0.001308428,0.018984817,-0.06999782,-0.0013817446,-0.006769815,0.0018064335,-0.0015391852,-1.3310114,-0.03386566,0.081281535,-0.0027047074,-0.010607508,0.021713214,0.002980182,0.0010282856,0.0071798866,0.0028294616,-0.0058235233,-0.4927527,-0.15257806,-0.006321002,0.00090277905,0.0045194495,0.001708216,3.0947107e-05,-0.009403549,0.0055977637
17.295023,1.1983359,0.03488196,0.00589458,1.2916211,-0.017764503,0.15740225,0.0039253803,0.0013424564,0.0050463798,0.044600077,0.2457407,0.023312015,-0.00310476,-0.003539609,0.039738074,3.6376758,-0.00038237358,-0.046585165,0.01874463,0.022978168,-0.009898879,0.0034801944,0.0014673669,-0.007075999,0.025616255,-0.011385148,0.018452566,0.42469847,-0.0065980875,0.005910146,0.0024619836,-0.0043311566,0.0018627559,-0.029077193,0.004764513
-7.3256626,-0.60575277,-0.03533054,9.0354544e-05,1.2048752,0.0015561752,-0.017344695,-0.004127116,-0.030677082,0.0034224521,0.0064816745,-0.07106891,-0.0015032868,-0.0051624267,0.00023194018,-0.002689965,-1.1759981,-0.035025347,0.084785305,-0.0013403489,-0.012344758,-0.021318726,-0.0037551674,0.0009730554,0.0067263055,0.0057215756,-0.0071959486,-0.10726476,-0.13926238,-0.008446598,-0.0018272387,0.004358674,-0.0021895387,0.0006254481,-0.008306429,0.0011527417
-6.038987,-0.233118,0.026576776,-0.00013574025,1.3542881,-0.0019665645,0.0369704,0.004735185,0.010285187,0.0041416707,0.014702016,-0.111285366,-0.001197023,0.0037824677,-0.0018459649,-0.0029004507,-0.8385871,-0.032435365,0.040961757,0.0005147132,6.9009955e-05,0.04276562,-0.006214698,0.0010583019,-0.0042926082,0.003911843,-0.009482336,-0.28618008,-0.16927637,-0.008617001,-0.0050265826,0.0012528589,-0.0006396817,-0.0026609604,-0.013907711,0.000868179
-7.2723784,-0.59980106,-0.034152947,-0.0018528039,1.2034488,0.0020585638,-0.07789454,-0.0047348267,-0.032223653,0.0031392693,0.013102719,-0.07127039,-0.0015479123,-0.0045717983,-0.00030398552,-0.0034216878,-1.169719,-0.03636632,0.08203661,-0.0035803316,-0.0122056315,-0.027914822,-0.004454713,0.0035152351,0.007251275,0.0047691464,-0.0010281543,-0.11148728,-0.13992903,-0.007793666,-0.0017031628,0.003657867,-0.001669355,0.0015001156,-0.0077020777,0.0005071141
-7.3640685,-0.6082398,-0.03030766,-0.010178172,1.2030678,0.00016110709,-0.024296043,-0.0044242037,0.002619229,0.002618232,0.013231989,-0.07161594,-0.0004085589,-0.00543638,-0.00019702374,-0.003245323,-1.2190979,-0.030519985,0.088807896,-0.003653006,-0.012626168,-0.037779734,0.00057410984,-0.00035301843,0.00074225356,0.0064377724,-0.0061770356,-0.12585701,-0.1386582,-0.008133722,-0.008501311,0.0021372163,-0.0012894187,-0.00033695297,-0.0076597347,0.0002966954
-7.3248277,-0.66210306,0.02548371,0.0011247729,-1.8263446,-0.0034168856,-0.14442423,0.0028533686,0.005209329,0.0024682684,-0.0045222887,-0.08090129,-0.0023509946,0.005685276,-0.0011535743,-0.0035302124,-1.3604112,-0.031900108,0.08773673,-0.0020744437,0.0033233333,0.04992301,0.004385155,0.0009000054,0.004153877,0.006547705,-0.008258112,-0.47191268,-0.15578602,-0.0058720736,-0.0032871005,0.0042490186,-0.004267413,-0.001455395,-0.009163602,-0.0012023995
-7.3507442,-0.66009635,0.0005576916,-0.001413046,1.2058238,-0.00084858213,-0.025789898,0.0055085598,-0.031543497,0.003323145,0.013437027,-0.08323757,-0.0012736663,0.010302056,0.00014966835,-0.003936076,-1.1857287,-0.027249604,0.09268959,0.0020737087,0.001065891,-0.022504248,-0.005628544,-0.0009586797,0.005913064,0.0005982949,0.009510033,-0.106153056,-0.13613756,-0.007893963,5.127523e-05,0.00070797146,-0.0030703263,0.0013601654,0.00079823134,-0.0003762007
-0.92718834,0.4568135,0.0010927751,-0.0027325575,-1.8159477,-0.0026103335,-0.1341275,0.012174698,0.0076869647,-0.0011473293,-0.05050375,-0.22585098,0.002739898,0.009631084,0.002135463,0.05638993,0.39223173,-0.028616032,-0.08455099,0.003563363,0.00034389828,-0.039809257,0.005412462,0.0001281703,-0.0043853456,-0.008685081,-0.010546649,-0.0116423005,-0.11029634,0.004754096,-0.00867941,-0.003289259,-0.0013633756,-0.004246402,0.03589079,0.0036442566
-7.418363,-0.6444212,0.022623904,-0.009722264,1.2089926,-2.4126613e-05,-0.016436743,0.0063985265,0.005540187,0.002951523,0.013533686,-0.086031765,-0.0024416705,0.004325045,0.0008732064,-0.005014375,-1.2349595,-0.024969993,0.09392534,0.00040876688,0.0029910018,-0.024346683,-0.004816901,0.0023691314,0.0011052976,0.0069347243,-0.0094695045,-0.09279216,-0.13361676,-0.0073459665,-0.00648562,0.0005714339,-0.0014027371,0.0021873661,-0.008192857,-0.0018109763
-7.3155837,-0.61401457,-0.030303795,-0.0013182723,1.1938306,-0.00043308298,-0.023508482,-0.0035294376,0.0013149759,0.0027097021,-0.005956522,-0.07177863,-0.0021116552,-0.004871507,-1.9224135e-06,-0.0035876916,-1.1985508,-0.0306311,0.08833072,-0.004237506,-0.011624167,-0.023684552,0.0007035035,-0.00020415032,0.0021294898,0.0064228172,-0.006876921,-0.092298985,-0.13253176,-0.007579805,-0.00843497,0.002012354,-0.0010968144,-0.00028380493,-0.0073333033,0.00055970525
22.130621,1.2371073,-0.03463625,-0.00363038,-2.0849977,0.018739663,-0.22199689,-0.012175005,0.014006281,0.003641184,0.039676618,0.3340339,0.042656567,-0.0046996675,-0.0045727007,0.06614476,3.837218,-0.012991625,-0.067167215,-0.009340895,-0.009226494,0.011634536,-0.0009688354,-0.0035509432,0.0034538535,0.030281942,0.0013131285,0.42186853,0.40757948,0.018107383,-0.019093687,-0.022093449,0.0155012645,-0.0057039424,-0.029119994,0.024696583
2.4226522,0.8414057,0.01971056,0.0007204843,-0.8288605,-0.0027324904,0.03655583,-0.0034275728,0.01505737,0.0015646991,0.033683065,-0.17093451,-0.007700347,0.005194357,-0.002376524,-0.022125006,0.46476534,-0.0024830815,-0.07487666,0.0022223536,0.0059192847,-0.03535873,-0.011457273,0.0014315373,-0.0010010323,0.0062495596,-0.030169962,-0.15538996,0.1892744,-0.002010029,0.022898853,0.009637057,-0.014483199,-0.0025411476,-0.012724113,-0.0061190296
18.853325,1.0281779,0.05751446,0.007933764,-0.34731823,-0.0005563098,-0.032553155,0.018710285,-0.005550075,0.0017546391,0.062997825,0.32946157,-0.0034371994,0.015619777,-0.0101732025,0.07402379,3.7584665,0.010586112,0.005401387,0.019890038,0.021724073,0.08628768,-0.0033008838,-0.0015706175,0.004126652,0.0021146312,0.010375894,0.08777556,0.42977357,0.007222019,0.014890232,0.0070157503,-0.005845555,-0.00037182384,0.05003978,0.00062724354
9.008143,1.2729939,-0.002279133,0.0018853828,1.3309939,0.016712172,0.17044982,-0.023129374,0.015140465,0.0037358557,-0.014950186,0.35960636,-0.013285027,-0.010923822,-0.005633256,0.06173373,2.2685056,-0.038707234,-0.099424236,0.023162125,0.027793873,-0.021577902,-0.005608315,-0.003743639,0.0009720397,0.013703609,-0.0037017802,0.15789156,0.23868763,-0.0059707393,-0.03831379,0.0026023863,-0.007825187,0.0012346351,-0.023379028,0.018612377
-4.864183,0.06452006,-0.042946376,-0.0010724738,-1.5420655,0.0033362773,-0.16278845,-0.016602512,-0.0098564075,0.0025305925,0.015184447,-0.064655446,-0.0010647918,-0.00788587,-0.0017601618,0.0009315941,-0.91748303,-0.033729583,-0.017077705,-0.00441648,-0.0063015376,0.041245867,0.0027242235,-0.005322131,0.0007866891,-0.014404889,-0.009807997,-0.4390283,-0.2096842,-0.0031061533,-0.0028312206,0.005876304,-0.008801451,0.0016399416,0.00069637626,0.004327654
13.02839,1.1754042,-0.007122753,-0.0054145395,1.3492135,-0.013755901,0.15719126,-0.02791767,-0.00019957066,0.0057791844,0.09773963,0.2675812,0.024175541,-0.0032666468,0.002828583,0.038954686,2.6364193,-0.057193577,-0.11459713,0.018957796,0.011580492,-0.024754934,-0.0053249286,-0.0012771282,-0.0055054757,-0.0007062577,-0.018167479,-0.13578011,0.42917356,-0.0018867694,0.0013295775,0.008078567,0.0026493655,-0.0011083568,-0.027389647,-0.004542006
-7.4026318,-0.6230432,-0.026961502,0.0008009306,1.2039012,-0.0020402283,-0.0064424146,-0.0016121378,0.00065379485,0.0032997234,0.012628578,-0.079299316,0.0032787072,-0.0035881796,0.0014413906,-0.0025555529,-1.2140197,-0.028273007,0.08748074,-0.0010513318,-0.0021652326,-0.021747727,-0.00428703,-0.001172211,0.00089797407,0.007260251,0.0041059703,-0.088152915,-0.13495576,-0.007656546,-0.0070699467,0.0013181923,-0.0010769791,0.0012902189,-0.005459367,0.00046022318
-7.4262075,-0.6451397,0.0006638163,-0.009968355,1.209609,-0.0032764801,0.023077268,0.0051416536,0.0019121895,0.0030070988,0.014051731,-0.08608129,0.004418854,-0.00039552362,0.0011065432,-0.0039632823,-1.2198523,-0.022589728,0.09468083,-0.00013782002,-0.00022581476,-0.022930544,-0.0034262117,-0.00020502036,0.002682343,0.007844262,-0.009679122,-0.09445019,-0.12937172,-0.0074693244,-0.007495637,0.0005935241,-0.0011036905,-0.00054535543,-0.008156818,-0.00031765306
20.429127,1.1882976,0.074559756,-0.007869415,-0.30876607,-0.009031989,0.11413034,0.0039262017,-0.0043013315,0.003769712,0.06216151,0.34219664,0.009928068,-0.0005610266,0.00054141076,0.06678357,3.7774112,0.014025551,-0.028635802,0.020349797,0.019829417,0.08016861,-0.009307783,-0.0011329022,0.006995982,0.0016386521,0.01228623,0.058928784,0.48446134,0.002940748,0.016256364,0.0041241394,0.00537876,0.00047245377,-0.025366338,0.002829425
11.444148,1.1802032,0.013338385,0.0014817165,1.3347263,0.002729575,0.14241229,-0.000103454106,0.054652356,0.004363909,-0.011032534,0.22290586,-0.1261439,-0.0052718036,0.005593707,0.06381354,2.5855124,-0.081309825,-0.10791807,0.011674649,0.009807387,-0.019135024,-0.011470979,-0.00089849083,-0.004358329,0.013448972,-0.011120226,0.3458337,0.29664937,0.016884463,-0.025214188,0.009672194,-0.005618103,0.0005248632,-0.024974788,0.029449407
-2.7115843,0.0479902,-0.05021288,-0.00021148256,-0.9568114,-0.0040982375,0.03577949,-0.02299088,-0.03815147,0.0030103482,0.0149972625,-0.03583516,-0.006788567,-0.0037192896,0.0045742407,0.0145697845,-1.0076494,0.056378268,0.10928002,-0.009523306,0.008185809,-0.00783214,0.010688883,0.0018867827,-0.011059752,0.0015587639,0.0077953413,-0.28805685,-0.18051773,-0.0051169004,0.006002559,0.002021646,0.013646667,0.003246259,0.007015194,0.008883447
-7.3667283,-0.6460096,0.02369776,-0.0011126592,1.2106879,-0.00019313605,-0.023241825,0.0035280222,0.00421426,0.0028712347,-0.0054884288,-0.084181376,-0.00087896787,0.005590827,0.0016357356,-0.0047714524,-1.2215258,-0.025853267,0.09296266,-0.0027641614,0.0032931287,-0.02210609,-0.006478458,0.0015321483,0.001499725,0.006670515,-0.008967363,-0.09338424,-0.13530576,-0.0075536952,-0.007421775,0.0006110952,-0.0018191509,-0.000908894,-0.009699272,-0.00030604587
-7.30778,-0.61087495,-0.03771007,-0.0009282315,1.2005492,-0.00024252261,-0.042533696,-0.0038269376,-0.0042838138,0.0027857607,0.015327614,-0.07268215,-0.0016293161,-0.0051758196,0.00017454424,-0.0030494449,-1.2077372,-0.03553823,0.08563186,-0.0024631866,-0.013213808,-0.024343923,0.0041213445,0.0018524813,0.0054883403,0.006667818,0.007850819,-0.10183746,-0.13681662,-0.006298881,-0.008408057,0.00614484,-0.0019627875,-0.00087540806,-0.007357848,0.0011057137
-7.0986085,-0.37145585,-0.04565572,0.00022100311,1.1877207,-0.0024116936,-0.0050081494,-0.0102593405,-0.014128432,0.001527243,0.015458061,-0.07708745,-0.0009564295,-0.005506398,-0.0004866096,-0.0035061906,-1.1647747,-0.028335689,0.07593892,-0.0049693524,-0.009298228,-0.013931517,-0.0037737116,0.00063624483,0.0018884689,-0.0012333818,0.0048344736,-0.11390595,-0.14956711,-0.006363882,-0.006461575,0.004352235,0.00070155645,0.00048506158,-0.007824579,0.0018100005
-4.937382,-0.18712156,0.012027098,-0.0002997361,-0.8726536,-0.0017881598,-0.06644998,0.00589631,-0.0069337226,0.001884042,-0.044134658,-0.10371259,-0.00045672906,0.005893736,-0.0072868178,-0.033798344,-0.9980934,-0.023642438,0.07381932,0.0033570619,0.0039505037,-0.10820442,0.001189654,-0.0017865743,0.009304083,-0.006903553,0.0027811453,-0.0025681332,-0.14621194,0.0018767744,-0.0013346624,0.0020545821,-0.006508979,-0.00027767709,-0.013528065,0.0022119
-7.2960677,-0.63163745,-0.0061748326,-0.0007690505,1.2010806,-0.0006900825,-0.058783486,0.0014688188,0.0039845887,0.0029214232,0.013696447,-0.08020976,-0.007274621,-0.00017048632,0.0003333126,-0.0040569147,-1.2182479,-0.028296158,0.09047468,0.0029774334,0.00013165464,-0.026316445,-0.005589292,-0.00075640786,0.001673245,0.0068932394,-0.009254995,-0.09719114,-0.13824524,-0.0071583414,-0.008115065,0.0012332194,-0.0033668985,-0.00092181825,-0.006464463,1.5215192e-06
-7.2784243,-0.6046573,-0.02487568,-0.00080258574,1.2008972,-0.00012545491,-0.06305356,-0.0027360385,0.005000614,0.0030018492,-0.02345234,-0.07987999,-0.0071228263,-0.0023282089,0.0003906359,-0.0038626525,-1.2267992,-0.033738356,0.08600925,0.0004044991,-0.0018199392,-0.025361422,0.0032197216,0.0011776653,6.169601e-05,0.006100399,-0.005751197,-0.07263129,-0.13955927,-0.004999671,0.0027029887,0.0007064405,-0.0031671487,-0.000360936,-0.0072018304,-0.002432604
-5.4082985,0.30838123,-0.050289188,0.0003790449,1.1931344,-0.005388231,-0.12404213,-0.014365981,-0.038917396,0.0045200777,-0.034786925,-0.12973718,-0.001378256,-0.014470467,0.0009795327,-0.022528185,-1.0938693,-0.008929015,0.0097279195,-0.0053256876,-0.008888832,0.013878856,-0.0016849866,-0.003984798,-0.0022201338,0.0032489765,0.016599478,-0.08876275,-0.19706625,7.0097085e-05,-0.015251145,0.003804869,-0.014349408,-2.8525108e-05,-0.012670679,0.00085055927
13.409451,1.2227547,0.0018308206,0.0034508042,1.3414897,0.011968406,0.14797926,-0.011632073,0.012005321,0.0038963002,-0.0049080118,0.3545463,-0.051499,-0.0075244787,0.0020357585,0.06520766,3.2242222,-0.028651776,-0.11426897,0.0032658074,-0.0002859471,0.028452555,-0.010184284,-0.0015560408,-0.0067200665,0.023106864,-0.014498291,0.17023103,0.40689248,-0.004957649,-0.025865003,-0.0015219316,0.007823864,-0.0010495643,-0.025393063,0.0008330375
-7.3895,-0.65097266,0.00085290015,-0.009712184,1.2119905,-0.0013096693,-0.0103970375,0.0061868425,0.004021457,0.0034221613,0.006877351,-0.08400235,0.0037580929,0.0005996164,0.0003488882,-0.004253633,-1.2183142,-0.025299788,0.09335788,0.000120079094,-0.00016502224,-0.022474427,-0.003907213,-5.5008655e-05,0.0005727738,0.0071056364,-0.009033932,-0.10218681,-0.12992744,-0.0075372085,-0.0075766016,0.00065496494,-0.0016268151,-0.0014753254,-0.0080261985,-0.00051096926
-7.333752,-0.6414757,0.023023311,-0.0011079614,1.2026606,-0.0022290535,-0.02672269,0.0043194103,0.014224718,0.0031951624,-0.020668942,-0.083388686,0.0028736724,1.0218106e-05,0.00047221093,-0.0051224204,-1.2462687,-0.028513374,0.09211451,-0.0010349202,0.0022642394,-0.027204437,0.002807218,0.0020664271,-0.0019187718,0.0069164317,-0.008966134,-0.078915045,-0.13597107,-0.005802652,0.0071913395,0.0011834095,-0.0013046894,-0.0010112997,-0.008116722,-0.0048834085
-4.061836,0.31752485,0.0089444555,-0.0013257795,0.1565945,-0.006372172,-0.0792603,-0.0037852358,-0.0012422294,0.0035563342,0.02249711,-0.12955548,-0.005840001,-0.00034976634,-0.0012044692,-0.006872075,-0.9091742,-0.030695807,-0.00217504,0.0026514165,0.0029946235,-0.054866552,0.0037044776,-0.0014162892,-7.667895e-05,0.004942469,0.012230899,-0.10747604,-0.18556602,0.00067725364,-0.004212445,0.00093056477,-0.0138179185,-0.0005910956,-0.012754852,-0.0049951356
-7.2848997,-0.62317336,-0.03445667,-0.0023585774,-1.013162,0.0026899972,-0.13821551,-0.0027282315,0.0032587643,0.0026216274,0.013647588,-0.07203908,-0.0022426466,-0.006554476,-0.0019548954,-0.0032969175,-1.3060453,-0.04065921,0.07936381,-0.00535341,-0.010807538,0.049969357,0.002856345,-0.0006550635,0.0023945237,0.005789804,0.0068479064,-0.42634675,-0.15659915,-0.0061316504,-0.0062990705,0.0024329247,0.009931337,0.00063525286,-0.0072357194,0.0025505063
-7.2204485,-0.6055889,-0.031264625,0.00096757326,-1.3640994,0.00061788695,-0.16103047,-0.007092872,0.00028035135,0.0022727223,-0.032482684,-0.07294578,-0.0018508257,-0.006349195,0.0003933939,-0.017549295,-1.3463597,-0.025454864,0.09039711,-0.0037452963,-0.014046703,0.048132222,-0.004621914,0.0012839742,0.0007012522,0.0046866774,0.009414859,-0.106510304,-0.15414229,-0.011653779,0.0012280103,0.0011391562,0.012158485,-0.0027626818,-0.007176011,-0.013852192
-7.314456,-0.6252632,-0.02678131,-0.0011397476,-1.5509987,0.0014753559,-0.13663833,-0.0042729084,0.003467075,0.002895147,0.012518168,-0.08103432,0.002466817,-0.0026979735,-0.001796839,-0.003582598,-1.3213389,-0.037707873,0.08296865,-0.00040781812,-0.0012758803,0.029775755,-0.003208585,0.0015266594,-0.0009709001,0.0055931592,-0.008609092,-0.42790225,-0.15098865,-0.006142524,-0.0039878543,0.0022057565,-0.004106031,-0.00014673192,-0.008044031,0.0007681896
-7.3692546,-0.6160508,-0.02895531,0.00055978703,1.2073389,-0.0024826557,0.0009495505,-0.0033870088,-0.004582304,0.0032906637,0.0066473144,-0.076101154,-0.0016770472,-0.005449193,0.0009869143,-0.0029100862,-1.2051196,-0.03238716,0.08791989,-0.0037741729,-0.005036386,-0.01972982,-0.00482312,0.0006363736,0.001204535,-0.0033003537,-0.0072916704,-0.09690302,-0.1312731,-0.0069766976,-0.008569914,0.00051347114,-0.0023628934,-0.0002508991,0.007055448,0.0019048932
18.832554,0.9427328,0.055477973,-0.0030554058,-1.6403584,-0.0014583782,-0.1268877,0.017229542,0.0044682543,0.004046364,0.08216885,0.26972562,0.009784635,-0.004255097,0.0058643725,0.06890844,3.8450742,-0.014353474,-0.03887134,9.368755e-05,0.012808019,0.012784237,-0.003239956,-0.005056085,0.0031957442,0.008604583,-0.009292062,0.31773514,0.36023197,0.008905519,0.022010647,0.004825527,-0.010233979,-0.004271341,-0.0022702578,0.015275521
-7.309028,-0.622,-0.03168047,0.0007535347,-2.0618076,-0.00033871536,-0.13591763,-0.0041473666,-0.0023625954,0.0018727013,0.012651639,-0.07302882,-0.0037055865,-0.0035505688,-0.0007798311,-0.0019666017,-1.3416586,-0.038729392,0.08098114,-0.0042368155,-0.005882538,0.039938506,-0.002489994,0.0012583768,0.0015810333,0.005426126,-0.007454702,-0.45017546,-0.15880062,-0.0064612036,-0.0047996663,0.0003711829,0.0025185354,-0.0039209486,-0.009028853,0.002723564
18.578045,1.2540427,0.07297162,-0.00671594,-1.7292886,-0.017288063,-0.21009748,-0.0026800537,-0.0054279556,0.0018067088,0.07082002,0.33194396,-0.009761576,-1.4464789e-05,-0.0018052551,0.071098626,3.7686071,-0.026114402,-0.09674114,0.027252207,0.016897764,0.021506915,0.0016781157,-0.005295084,-7.716666e-05,-0.0058093457,-0.021433713,0.05567461,0.5155385,0.0010408688,-0.02142234,0.0033099274,0.013219726,0.0024532245,-0.037896056,0.0033841706
13.9277315,1.1877196,0.08078202,-0.0017627488,1.2843587,-0.013912113,0.14629515,2.4741119e-05,-0.007824053,0.004884624,0.048057333,0.2602636,-0.051904853,-0.00082396285,-0.005215975,0.03897649,3.1429632,-0.051865958,-0.11594777,0.017814657,0.010827882,-0.020702166,-0.003112923,-0.0012862313,-0.003471134,0.03147238,0.017669879,-0.01712749,0.28540355,-0.0048100827,0.004967215,-0.0036327885,-0.0009586489,-0.005429679,-0.028880978,-0.026610296
-7.3330545,-0.6441963,-0.006526112,0.00051089074,1.2024775,-0.0001293673,-0.025805362,-0.002185246,-0.0022473456,0.002786193,0.012707301,-0.082270265,0.0033552893,0.00039509631,0.00021900135,-0.003052225,-1.2121792,-0.027256358,0.08702425,0.002451669,6.36152e-05,-0.029028755,0.003810974,0.0016711965,0.0016599717,0.0069099865,0.0077109975,-0.0982903,-0.1433671,-0.0060108025,-0.007986926,0.00074548036,-0.0013500134,0.0012925599,-0.008614363,0.0028707976
-7.281054,-0.6331533,-0.002691949,-0.0032979718,-0.4081988,-0.0022998773,-0.0648357,0.0006263977,-0.005332858,0.0031560126,0.013712098,-0.081985466,-0.0037629465,0.00074443046,0.0011318378,-0.0026978164,-1.3147947,-0.03258731,0.083706915,0.0019708262,0.00021416582,0.09039004,0.0025404962,0.0014502932,0.0024060106,0.0015359574,-0.006780053,-0.41042265,-0.13418509,-0.006215714,-0.0053565204,0.0010471359,0.0010847283,-0.00072243897,0.0008370347,-0.0010379807
-7.3404818,-0.65315825,-0.0031400502,0.001361486,1.2027555,-0.0003203902,-0.04864107,0.0067479103,-0.0161865,0.0026166996,0.0120546315,-0.08274275,-0.0003314221,0.004784196,-0.0016335186,-0.0022900493,-1.1842834,-0.024734156,0.08660603,0.0021725367,0.00023913782,-0.025626214,-0.0044692126,0.00037142233,0.0063340794,-0.011437613,0.0076786545,-0.10096413,-0.13595562,-0.0066297892,-0.0026273192,0.0010275175,-0.0021400775,0.0008808052,0.011564422,-0.0002889221
10.972811,0.48572457,0.03362801,-0.00633653,1.3833677,0.008391445,0.11894437,0.043390527,-0.0023643677,0.0036960514,-0.1869801,0.00959469,-0.0062879203,0.015573843,0.003533644,0.07371792,2.4385588,-0.03082316,-0.024182282,0.011354672,0.018792694,-0.023684585,-0.0026640273,0.0004002916,0.0023808233,-0.02980712,0.014181594,0.3771032,0.111280024,0.0353919,0.0066548903,0.0004174565,-0.0018447102,-0.008492675,-0.025691323,0.02503884
-7.2823753,-0.6093661,-0.02287557,-0.00078887545,1.2011268,0.00034738603,-0.05877206,-0.0048546563,0.0055113463,0.0028406817,-0.022548921,-0.0806553,-0.007627181,-0.002340257,-0.0007290163,-0.0043055885,-1.2316397,-0.033435784,0.08949177,0.00047057724,-0.0004716164,-0.025380436,0.00076417497,0.0018226473,-9.232897e-05,0.0062348126,-0.007421356,-0.070993654,-0.13268462,-0.005287817,0.0020557814,0.0018600163,-0.0030181545,-9.468803e-05,-0.007727307,-0.002414378
-6.661617,-0.39724258,0.012213428,-0.0046409797,1.249423,-0.0016455825,-0.07358038,0.0070168343,-0.006038285,0.0015695981,-0.025537813,-0.10226056,-5.2141448e-05,0.0059522954,0.0010995424,-0.00035568766,-1.2540352,-0.004183005,0.08536688,0.0012180787,0.0001871964,-0.01651071,-0.0067688217,0.00024303544,0.00015577805,0.005031627,0.007199025,-0.046481743,-0.15275255,-0.003593219,0.0037240544,-0.0009428,-0.00085184985,-0.0017729118,-0.013115307,0.00025949485
1.7978852,1.0152599,-0.044604503,0.0011642484,1.2944672,-0.0011202539,0.055760857,-0.0036732168,0.0032461882,0.0021846418,-0.020127995,-0.2328739,-0.0011205407,-0.018523674,-0.0026350394,0.034369078,0.09348873,-0.034802053,-0.08427758,0.0004520857,-0.0003156934,0.013768542,-0.01238054,0.0028681553,0.020652795,0.0067605735,-0.01646489,0.0615254,-0.03975975,0.0038508447,-0.035163973,-0.0011000093,-0.013055126,0.0034100397,-0.011473331,0.0050198436
8.332436,0.98390675,0.018611122,0.0067139906,1.336614,0.009682577,0.043038093,-0.015339581,0.041431956,0.0034633558,-0.33300087,-0.5269414,0.021849578,-0.003923042,0.006026426,0.07350409,2.0825608,-0.06984063,-0.08124774,0.0033928507,0.009407211,0.010436102,-0.0023333514,0.01023428,-0.004169417,0.014152402,-0.0007675999,0.31380808,0.23759243,0.03380774,-0.022024898,0.0032931622,-0.0015785536,0.0051677837,-0.016152937,0.009491732
-4.6267557,-0.17688595,0.007540605,0.0050733024,1.2470344,-0.0010113928,-0.0034188495,0.0022205224,0.0060136053,0.0044762082,-0.0393093,-0.12434646,0.0035163236,-0.0002866415,0.0013865856,-0.017065082,-0.7949437,0.0038474656,0.027524086,0.0011561633,0.00011965234,-0.025967596,-0.008467903,0.005215518,-0.0030292931,-0.0104691535,0.002693742,-0.012085407,-0.11884745,-0.0011942285,-7.472273e-05,-4.5467626e-05,0.007798844,-0.0004554572,0.020935046,0.0006151169
3.4620261,0.7294103,0.009226917,-0.0014031128,1.2664571,0.001431232,0.09584973,-0.011532987,0.05355767,0.004299824,0.029822014,-0.27075148,0.00798913,0.002976771,0.0024733667,-0.04067695,0.8669664,0.002181108,-0.06470594,-0.00051166647,0.010084837,0.058209598,-0.01595781,0.0020363233,-0.0039960686,0.007135545,-0.018833034,-0.22613798,0.13777557,-0.0040107765,0.024377601,0.008073701,0.0077600083,-0.0011075832,-0.018030792,-0.0066968165
-7.332948,-0.6601131,0.002471345,-0.0016215411,-0.20454076,-0.0008934939,-0.1206036,0.005706802,-0.0226025,0.003741479,0.013231749,-0.083514474,-0.0011969305,0.0059762574,0.0011848172,-0.0016945703,-1.2371024,-0.03253611,0.09477822,0.0007081263,0.00014841229,-0.04000786,-0.0046546343,-0.00082105485,0.000642424,0.0031445352,0.00764664,-0.14097326,-0.13889074,-0.004831735,0.0018132556,0.00017332888,-0.00431582,-0.0004615031,-0.006978305,0.000115363095
-7.320771,-0.6310061,-0.0022449268,0.0021813863,0.22444785,-0.0023264014,-0.0596637,0.0009849719,-0.0046796817,0.002375577,0.012640637,-0.08207523,-0.0039187567,0.0010310747,0.0009767206,-0.002436982,-1.2318091,-0.034952816,0.0801658,0.0006805308,0.0011679998,0.0562379,-0.00322097,0.0013827707,-0.000107157925,-0.013466375,0.0070400126,-0.27385035,-0.13920185,-0.006654478,-0.005306524,0.0018260356,0.008068034,-0.00076824846,-0.007569136,-0.00058885186
-7.283298,-0.6186965,-0.011958954,-0.00074620993,1.2028317,-0.0019847113,-0.071746744,-0.0030528016,0.012363896,0.0034394967,-0.019433573,-0.08368705,0.0032109758,-0.0010860738,0.00065478845,-0.003931944,-1.2287213,-0.03233552,0.08720814,0.0016580967,0.0012745424,-0.026551025,-0.0031298634,0.0017722789,-0.0027873018,0.0062470385,-0.008808093,-0.077305764,-0.13856886,-0.0073642586,0.0063755973,0.0010148111,-0.002644189,-0.000108408676,-0.0068911253,-0.0011051381
12.988776,1.2492311,-0.00091036566,0.0018682628,0.63788956,0.0056707133,0.1109122,-0.041603077,-0.00960895,0.0037965314,0.11891902,0.40163326,-0.013195797,-0.0042943447,0.002624746,0.033801775,2.7784367,-0.04843135,-0.11268485,0.015528894,-0.005797954,0.06447694,0.007179372,-0.0031568718,-0.0017572973,0.009804829,-0.013821308,0.007862475,0.32625338,-0.006044721,-0.01363109,0.0015164533,-0.004769066,-0.0033578952,-0.022021968,0.011470244
-7.3273897,-0.5977283,-0.031147532,-0.0028060873,1.2945142,0.00026340838,0.033931404,-0.0039848555,0.0018048724,0.0022813363,0.0136359725,-0.073599525,-0.0016421461,-0.006801543,0.00048449636,-0.003837725,-1.2227563,-0.031453848,0.0834622,-0.0039419853,-0.014380898,0.074965425,0.006974009,-0.00059094,1.8113193e-05,0.0064592883,-0.0063700094,-0.29881415,-0.13224147,-0.008241549,-0.00870794,0.0042678663,0.003616852,-3.6293317e-05,-0.0081520025,0.0011332163
8.447418,0.6931522,-0.22033048,-0.0033550984,-1.5529252,-4.8218102e-05,-0.27492753,-0.017068999,-0.19310491,0.014665037,0.05754967,0.203271,-0.007988302,-0.021204967,-0.0047322926,0.03489659,2.1689525,0.080877766,-0.113333054,-0.040539235,-0.08929021,0.013906351,0.008267193,0.015496658,8.965901e-05,0.007199141,-0.013402911,-0.61482036,0.25306535,-0.0106369285,0.030567938,0.0043554255,-0.0074587776,0.016698679,0.048080865,-0.0059653306
0.9532951,0.5814591,0.010395154,-0.0009776509,1.2645608,0.0005610068,0.11252962,0.01539826,-9.69738e-05,0.0023646348,-0.07069316,-0.29215062,0.0009167176,0.009925067,-0.00089900795,0.05808949,0.27324435,-0.035346128,-0.07126857,0.0045790463,0.007687544,0.012057334,-0.0077476115,-0.0012527235,0.006088162,-0.010437248,0.0075092623,0.0016410439,-0.005098397,0.0054590027,-0.0017051992,0.0015949897,0.0016523448,0.00041918136,0.038339864,0.017071597
-6.500176,-0.37871978,-0.026702134,0.004611676,0.5797092,0.0011340183,-0.07533629,-1.1397254e-05,-0.006498849,0.0012335305,0.020948913,-0.09035787,0.0033284714,0.0007741441,-0.001040009,-0.0035650672,-1.136473,-0.030249704,0.06914374,0.00026633477,0.0041061034,-0.055105533,-0.0045904084,-0.00093213975,-0.0005234473,0.008387919,0.007467296,-0.110541396,-0.14775248,-0.0035384318,-0.0048684147,0.0013206326,-0.0011555429,0.00044047146,-0.014353178,0.00072122854
8.398997,1.0891278,0.05780909,-2.1154729e-05,1.2878865,0.006790164,0.17151575,-0.0031179588,0.007576085,0.004083298,-0.0031932893,0.3494125,-0.04459913,-0.005800922,-0.0029126364,0.026621053,2.340378,-0.042733077,-0.13822496,0.012808762,0.03909685,0.0027493974,-0.014167318,-0.0018983632,0.00017822698,0.008686565,-0.007572555,0.09356004,0.224248,0.00683799,-0.022636363,-0.00039899396,-0.0071677524,0.0005474064,-0.022741638,0.01988702
-7.376166,-0.62524205,-0.03204561,-0.0025048945,-2.2716372,-0.00078609574,-0.040837403,-0.00824682,0.0013402194,0.0022064077,0.011911888,-0.07718486,0.004795221,-0.0035651738,0.00023710562,-0.0036997215,-1.3526906,-0.028295023,0.087925255,-0.0033408043,-0.006726735,-0.008692418,0.003826675,9.963137e-05,0.0009639252,0.006292931,-0.005801566,-0.40983242,-0.15284899,-0.0064772717,-0.0091897445,0.0041425927,0.00049273076,0.0006859812,-0.009183987,0.0005103457
-7.3672547,-0.6229668,-0.028614655,-0.0004820592,-2.2782497,-0.0012659804,-0.040625032,-0.006228202,0.0037040685,0.0023357563,0.012146898,-0.074221656,-0.002252044,-0.0067206062,-0.00063442125,-0.0038210328,-1.349001,-0.027557276,0.08562116,-0.0037582768,-0.010129784,0.008844142,-0.005538119,0.0002732701,0.0014059249,0.0059046415,-0.006701405,-0.39533776,-0.14699362,-0.0075985477,-0.009825995,0.00022398023,0.00062006665,0.0004543837,-0.008311341,0.00065782387
-7.3274384,-0.6422499,-0.016323835,-0.0017696487,0.052768853,-0.0011850576,-0.077934414,0.0016250676,-0.031950887,0.0033726038,0.014756341,-0.079332896,-0.00068927195,0.0047783367,0.00096875796,-0.0021358815,-1.2063476,-0.03789668,0.08856946,0.0004940219,0.0010396418,-0.06282934,-0.004882657,0.0023896412,0.0064914105,0.005504534,0.005140365,-0.15607035,-0.1408679,-0.0064072954,0.0022306237,0.0030703067,-0.0021993306,0.0011148558,-0.009831432,0.00069436186
-1.381775,-1.3940333,-0.07788435,0.003157067,0.47445375,-0.008562991,-0.066534586,7.901882e-05,0.005877644,-0.023988185,-0.0020222773,0.17992666,-0.0075507076,-0.0021722345,0.005675638,0.0098205665,2.4311807,-0.61143047,-0.0357042,-0.0055717663,-0.0027676562,-0.04835227,-0.0010069879,-0.0033534255,-0.012191302,-0.04722693,0.008155286,-0.8729192,0.4154599,-0.0040207896,0.0039489865,0.002788296,-0.0029873645,-0.004244046,0.03959332,-0.0067488244
-0.08939386,0.90306205,-0.043038424,-0.00040910326,0.5992317,-0.0038422875,-0.22675712,-0.008112371,0.014764852,0.004863523,0.022036433,-0.16136917,0.004710682,-0.014057911,0.00042885248,-0.016916206,0.22918954,-0.0018751422,-0.08677182,-0.0027880182,0.0068089464,0.015144106,-0.0057426384,0.0022091474,0.0010471174,0.0023128372,0.025335602,-0.20675173,-0.140726,-0.007879387,0.028007194,-0.00024345834,0.015109684,-0.000650707,-0.0013518955,0.008185682
7.1715927,1.0375736,-0.17068717,0.0042441036,-1.4456289,-0.0044650477,-0.2703419,-0.039171,0.005387982,0.0018678695,0.10470127,0.20790163,-0.009023923,-0.011239735,0.0025833824,0.025010739,2.342009,-0.01757855,-0.058634948,-0.041048918,-0.043980755,0.004343446,-0.0071145264,-0.00086755626,0.0023352816,0.0024947275,0.01836194,-0.3708391,0.23751698,-0.014133836,-0.0025282924,0.0066784513,-0.0018320419,-0.00236316,-0.020804279,-0.0028292367
7.7525954,1.0742975,-0.096238896,0.0046364493,-1.0603634,-0.0065794885,-0.1961064,-0.009405836,0.0062630624,0.004199001,0.10687734,0.303177,-0.007855825,-0.012958058,-3.7635587e-06,0.016010726,2.3354332,-0.012967868,0.0749925,-0.051357325,-0.002103235,-0.085368566,0.006377431,0.0061123096,0.004567544,0.0006938342,-0.014533419,-0.32689393,0.18364331,-0.012396429,-0.0036220527,-0.0007122152,-0.0031985196,0.005087124,-0.02217842,-0.0046735867
2.4518495,0.8570299,0.012481501,0.0009879404,0.90936536,-0.0016651638,0.039874066,-0.003293032,0.004220257,0.0015025507,0.033998534,-0.17069958,-0.008280925,0.0038396164,0.0020391985,-0.023780482,0.27703932,0.004618814,-0.06832757,0.00071205595,0.0075222114,-0.022669785,-0.010659055,0.0017517398,-0.0007178766,0.00749588,-0.02600499,-0.17090999,0.18287602,-0.0051452513,0.018034318,0.009297687,0.001619135,-0.0050450484,-0.01347428,-0.006929924
-7.318814,-0.65158176,0.0017038858,0.0016889425,1.2123586,-0.002241173,-0.07150936,0.004494581,-0.036368668,0.0032270288,-0.021446932,-0.083827816,-0.0002942851,0.0050879014,0.0011092892,-0.002830817,-1.1605816,-0.026195522,0.08783068,0.0015390373,0.0007518991,-0.033745456,0.0029192464,0.00070661574,0.004436351,-0.011558579,0.00707583,-0.08580961,-0.13692528,-0.0031426405,0.0069744647,-0.00030301523,-0.0010381876,0.0017601358,0.010093462,-0.002909735
-7.361994,-0.6336254,0.012898224,-0.0011660176,1.2084554,-0.0020107958,-0.020844404,0.0002891822,0.0072798594,0.0035569728,-0.020485358,-0.08488696,0.004062699,-0.0023080152,0.000170397,-0.004592704,-1.2402768,-0.026986785,0.09088766,-0.0005706508,-0.00040982326,-0.021032227,0.0046347454,0.0017482794,0.00075242127,0.0064447983,-0.008989033,-0.077866346,-0.14194949,-0.006768254,0.0073480005,0.0010348996,-0.0027431292,-0.0014279005,-0.008548788,-0.0008987948
-7.338934,-0.661224,-0.0070181442,0.000955006,1.1997426,-0.0013094757,-0.04741091,0.0039398717,-0.038756732,-0.009018029,0.013597577,-0.08006435,-0.0035980113,0.0051820506,-2.987581e-05,-0.0031792924,-1.1508961,-0.021865292,0.08627662,0.0018863964,0.0009890471,-0.024809202,0.0026360347,0.0022708322,0.009083959,-0.0091306325,0.0042464347,-0.1123994,-0.13420233,-0.006906801,-0.0010682832,0.0018202867,-0.0031136,0.0018425775,0.009649406,0.0015749164
-7.322406,-0.6019353,-0.030333944,5.6153407e-05,1.2035519,3.1515367e-05,-0.02123449,-0.003591942,-0.00030653196,0.002800773,-0.019259822,-0.072903425,-0.00061643764,-0.0048694382,8.542661e-05,-0.0034384541,-1.1994337,-0.03136862,0.08627766,-0.0035459942,-0.007093906,-0.020691447,-0.004969759,0.00015572186,0.0020834748,0.00633708,-0.0068789725,-0.08517438,-0.13835749,-0.0075285127,-0.008888096,0.001283812,-0.002055539,-0.00016344721,-0.0074079433,0.0005319763
-7.3493824,-0.636854,0.0239393,-0.0006439963,1.2179794,-0.0023283365,-0.014868563,0.004834585,0.007091648,0.002922582,-0.020766059,-0.086015195,0.005087168,0.0004580837,-0.00035216508,-0.0054181623,-1.2408773,-0.026444657,0.09182559,-0.0006058615,0.0037829261,-0.02624549,-0.0069271713,0.0043116477,0.0014798782,0.007252627,-0.010002532,-0.07272572,-0.1424518,-0.0065966947,0.008358684,0.001105556,-0.0028647066,-0.001591905,-0.00942558,-0.0026092206
-5.9183826,-0.32013455,-0.057880662,0.0059575257,-0.6379185,-0.00013065763,-0.07499255,-0.008414666,-0.03576259,0.002378803,0.018079553,-0.04871719,-0.0024380286,-0.008013929,-0.0028451527,0.0028098065,-0.9268585,-0.03788661,0.04899799,-0.0018514097,-0.0057705413,0.016769532,-0.003511304,0.0062773586,0.022396246,-0.0028672176,0.0022406545,-0.41742063,-0.15380904,-0.007366535,0.00041845132,0.007486781,-0.0041889553,0.007729834,0.022010803,0.0002708375
5.6984305,-0.92513925,0.031124962,-0.00090975093,-1.827651,0.015139179,-0.23846723,0.005778552,0.0071350867,0.0025191938,-0.023215927,0.14335744,-0.007030209,0.013952064,0.002676789,0.030041242,3.0833688,-0.35749367,-0.024438754,0.006172882,0.0080625,0.006092353,0.003909636,-0.0047020437,-0.00042919058,-0.00079658057,0.010761406,-0.31736925,0.48131946,-0.0113052605,0.06452741,-0.00820909,-0.050751016,-0.0061192927,0.051297154,-0.011933238
-7.3304477,-0.6559557,-0.013691305,0.0019781466,0.7083029,-0.0013654822,-0.07401116,0.0058513503,-0.03323375,-0.0010962025,0.012992801,-0.08142017,-6.727334e-05,0.0051735537,9.8142926e-05,-0.0017798295,-1.1684526,-0.030814864,0.08549158,0.0011283042,0.0017933671,-0.05532834,-0.003478004,0.0018124095,0.009029245,-0.008438103,0.0039508697,-0.11307659,-0.14110412,-0.0065062935,0.0013739611,0.0028416114,-0.002288002,0.0022757691,0.007956084,0.0001684264
-7.354193,-0.61843044,-0.030588372,-0.0014615147,1.205364,-0.0024913324,-0.02211074,-0.004504978,-0.030553894,0.003606169,0.012745363,-0.074744895,0.0033180956,-0.0027984637,0.000853037,-0.0032543298,-1.1740323,-0.02694376,0.0854469,-0.0028877645,-0.0040630875,-0.021257123,-0.003481086,0.000762179,0.0005258593,-0.0047206883,0.0023084548,-0.11086626,-0.1347838,-0.0077430913,-0.0008416651,0.0019266068,-0.002301976,0.00049140566,-0.00090850133,0.0022651546
-2.5160935,0.99227524,-0.04948449,0.00227818,1.2795475,0.0050764284,0.07598075,-0.015840186,0.00375184,0.004784042,-0.041131113,-0.24139851,-0.0020234615,-0.018713921,-0.0045845537,0.036935933,-1.0665829,-0.02052357,-0.023660518,-0.003647931,-0.00034630674,0.0063731745,0.0020834927,0.0004818469,0.009110294,0.005175538,0.011443186,0.0055921874,-0.21106784,-0.0031691957,-0.026165463,0.0019841513,0.008959066,0.0011256229,-0.007696253,0.00065567094
-7.3410044,-0.6416455,-0.0049362946,0.0015634322,1.2027004,-0.0011696583,-0.03310365,0.007054669,-0.036047935,0.0031535728,0.014588075,-0.08224874,-0.0013845954,0.009942963,-0.00011035097,-0.0037375654,-1.1817648,-0.030532409,0.08993408,0.0036342281,-0.00019556867,-0.026247246,0.0032382333,0.0016372902,0.0076802885,0.007439473,0.006192504,-0.111295424,-0.13664807,-0.0072702174,0.00053711823,0.0012791103,-0.002858697,0.0032058205,-0.008628882,0.00077148597
-7.4572463,-0.63913095,0.022359762,-0.00981957,1.21538,-0.0016841993,-0.053802066,0.0035892222,0.008710177,0.0029450678,-0.023470517,-0.08708316,0.003924908,-0.0004877492,-0.00029738367,-0.00082198676,-1.2424848,-0.025523083,0.09551951,-0.0030902713,0.0015726909,-0.025745558,-0.0067861206,0.0020638925,-0.0029715484,0.0080540385,-0.012303122,-0.085248284,-0.13296182,-0.00486198,0.0035975166,0.0012674562,-0.002856892,-0.0026056827,-0.009273571,-0.0031905335
12.202452,1.2156092,-0.0657019,0.002372222,1.3132901,0.012657019,0.17104705,-0.0057485155,-4.5103036e-05,0.0043114983,-0.012471544,0.2392235,-0.09886674,-0.0068027303,0.0026445398,0.060927536,2.6167557,-0.06912559,-0.0812428,0.0035085748,0.0122556435,-0.01699491,-0.005579936,-0.0016103245,-0.011444783,0.012601673,-0.0036708212,0.31554395,0.23058094,0.0037832062,-0.030642493,-0.00031873092,-0.0048311376,-0.0012760746,-0.023169512,0.009881071
-7.3184886,-0.6539065,-0.012283314,0.002099987,1.2019671,-0.0010247624,-0.064475946,0.0034319758,-0.037996072,-0.009818105,0.011858131,-0.07678583,0.00013757245,0.005030728,-6.440907e-05,-0.0041604727,-1.1482188,-0.026945906,0.087163866,0.002358349,0.0010797778,-0.028760375,-0.005303984,0.0021914404,0.008571876,-0.0017800616,0.007866744,-0.11289362,-0.13467664,-0.006780195,-0.0006474998,0.0027209097,-0.0018708406,0.0017184595,0.0052899495,0.00085713516
-7.202435,-0.63502735,-0.02338488,-0.0014448175,-1.2283404,-0.0012879408,-0.0695331,-0.0020673801,-0.031623196,-0.000590413,-0.031931974,-0.0762383,-0.0072518783,0.00025262442,0.0010947093,-0.0053168773,-1.256741,-0.017841972,0.07764363,0.00026792733,-0.00019019484,-0.12323317,-0.005171045,-0.0022209347,0.012263914,-0.0012320756,0.003454641,-0.09365044,-0.15178536,-0.00461673,-0.00079618127,-0.00016918665,-0.0027416311,-0.00076066854,-0.006688308,-0.00011256157
-2.647075,-0.09884298,-9.026291e-05,-0.0065927105,0.27902904,-0.003252437,-0.046246547,0.0115572745,-0.046572585,0.005701765,0.020604292,-0.10693026,-0.0035485758,0.006129717,0.0009316412,-0.030476274,-0.12508796,-0.026127104,-0.018206358,0.00034989254,-8.4544365e-05,-0.030723274,0.007578661,0.0011737235,0.022702916,-0.018830145,0.008729022,-0.20710126,-0.12983744,-0.00048773226,-0.00012051573,0.0016229902,-0.00064408575,0.0059204693,-0.014855024,0.0017884802
-7.3117385,-0.64228034,0.011124653,0.0027244766,1.203193,-0.0032962705,-0.06892385,-0.0017873907,0.010765382,0.003416483,0.01321669,-0.08675695,0.0035796508,-0.0014983492,-0.00060066703,-0.0024429432,-1.2114136,-0.022579528,0.08651285,0.0003229902,0.0034111703,-0.025602592,-0.0033898132,0.0028484967,-0.0011151423,-0.010655579,-0.008438264,-0.10022641,-0.13470764,-0.007654978,-0.00839519,3.2888005e-05,-0.0029380475,-6.50657e-05,0.013664518,-0.0019841492
13.226017,1.2008755,-0.02156444,0.00310152,-0.041572865,-0.008464381,0.08943564,-0.021092227,-0.009691027,0.0049970974,0.10595209,0.33985338,-0.011572271,-0.0032646745,0.0029098412,0.03673146,2.8104212,-0.04523618,-0.10419653,0.01719342,0.0011559655,0.07398615,0.003231516,-0.0032899736,-0.0017029807,0.010107369,-0.014289404,-0.110712655,0.4223317,-0.007163245,-0.015681362,-0.005635207,-0.008536617,-0.0043337746,-0.021618359,0.0032127297
20.027718,1.1758504,0.06577817,0.0036172566,-1.6919963,-0.000767138,-0.2355343,-0.0021144922,0.006588918,0.0028601694,0.07343769,0.3336473,0.0022535748,-0.001391323,0.0004632261,0.07110192,3.9084122,0.020035379,-0.035299845,0.01518883,0.012955159,0.0503141,-0.0062624654,-0.003381175,-0.0063073453,0.012499733,-0.013865269,-0.07638979,0.5274417,0.0018882584,0.020014191,0.008051273,-0.013108889,-0.0022178858,-0.031090453,-0.0014295699
-7.295036,-0.6316796,-0.0048633516,-0.002322695,1.221366,-0.0007203759,-0.089368604,0.0018497853,-0.03316868,0.0035680055,-0.025392683,-0.07961403,-0.0065537384,0.0020974025,4.8639704e-06,-0.007899738,-1.2242965,-0.00846173,0.088873245,0.003253176,-5.809815e-05,-0.021244906,-0.0062256693,-0.0025833934,0.004916193,0.00071683346,0.0049870564,-0.07802637,-0.13729252,-0.0052644173,0.0038178302,0.0010379623,0.00040274652,0.0006915006,0.0031779767,-0.0029315464
-5.2969246,-0.20588101,0.005025072,-0.0034889653,1.2258897,-0.003597684,-0.023365313,0.0048874044,0.0071728323,0.0033253178,-0.03524688,-0.12176043,0.003798397,-4.414173e-05,0.0011292811,-0.017356863,-0.7992236,-0.015752153,0.009352561,0.00028354547,0.0034310892,0.021944769,0.014540667,0.0015879123,-0.0003375305,-0.007986105,0.005365901,-0.065206476,-0.14200713,0.0012309665,-0.0020955554,0.00052805006,-0.03064719,-0.00058329274,0.008378375,-0.000860134
14.18133,1.0387081,0.047850028,-0.0056127887,1.303767,-0.017759083,0.12442608,0.024612302,0.0053802934,0.0029431928,-0.03622645,0.13461724,-0.11476925,-0.0050831246,-0.00074733637,0.06975059,3.5826125,-0.05790135,-0.12733953,0.0019490335,0.020394146,0.022281224,-0.011254298,-0.0037581448,0.0042721652,-0.024813935,-0.004167957,0.31074882,0.5134855,0.011100092,-0.035713166,-0.002978137,-0.008511189,-0.00093507883,-0.009459986,0.010137159
-7.28668,-0.61855984,-0.017683974,-0.0007322042,1.2104452,-0.0010797987,-0.07325798,-0.0044364235,0.008909415,0.00233994,0.0063921,-0.07994102,-0.007487367,-0.0014418394,-0.00026192842,-0.0050289975,-1.2017564,-0.035542786,0.087083586,0.0006992399,0.00038794006,-0.027673045,0.0019804814,0.0010413472,0.0036382289,0.0066005997,0.0052473145,-0.09388078,-0.14483136,-0.006261355,-0.008603412,0.0016466944,-0.0024348905,-0.0002143576,-0.007399497,0.0014899815
-7.181111,-0.6271017,0.004652341,-0.0015616829,1.21226,-0.0009535496,-0.06476992,0.0042882175,-0.008183256,0.003029434,-0.026271837,-0.086395085,8.9371024e-05,0.007082721,0.00019802403,-0.0012555582,-1.2303302,-0.011205439,0.09730416,0.0010335458,0.000676229,-0.029381452,-0.005856762,-0.0008425359,0.0046893437,-0.00060025183,0.004125087,-0.049654845,-0.13868023,-0.0029458285,0.0004190468,0.00056159985,-0.0022538537,-0.0008095984,-0.009572914,0.00018116058
-7.335464,-0.6850146,-0.0034778551,0.0006064451,-2.1276672,-0.0034626157,-0.09176262,0.00630813,-0.03187176,0.0029229312,0.013991535,-0.0841736,-0.002244462,0.009037568,0.0019248045,-0.0039533074,-1.3007606,-0.030101709,0.09026324,0.0029980377,0.00040100486,-0.1335232,-0.005871027,0.000634028,0.0067438846,0.0007659834,-0.009163619,-0.15472806,-0.14880215,-0.0076874546,0.0031789176,0.0015384483,-0.004331219,0.0014413374,0.0032380736,0.00096164545
-7.3205676,-0.623771,-0.031776752,0.00023986454,-2.0517285,-0.0019441451,-0.15965295,-0.004833786,-0.0026709854,0.001951541,0.015279555,-0.069660075,-0.003942496,-0.0032797356,0.00059233117,-0.0031736929,-1.3457578,-0.038747724,0.08075467,-0.004557941,-0.0091187265,0.027227879,0.0010479215,0.0011986789,0.005810049,0.006123574,-0.006342539,-0.48283,-0.15193316,-0.0057688006,-0.004610817,0.0019961593,0.0033489373,-0.0021277284,-0.008779988,0.0026770672
-7.283592,-0.63020825,-0.024273615,-0.0013980791,-0.36588922,-0.0015261929,-0.06746455,-0.0028773576,-0.03299976,0.0034962285,0.01525212,-0.07548062,-0.0046357494,-0.0023549953,1.718863e-05,-0.0026639812,-1.22885,-0.037134558,0.08928997,-0.00027988132,-0.003665026,-0.07681213,-0.004798582,0.0009984403,0.0012045308,0.0055326996,0.0038295307,-0.104619,-0.14605236,-0.006071467,0.0019898268,0.00043730575,-0.0042110644,0.00092308136,-0.0085164355,0.0034916403
-7.305463,-0.6529429,0.0009947801,-0.00025272253,1.198472,-0.0016289963,-0.068759836,0.005342194,-0.006427852,0.0030174532,0.0071711363,-0.08124842,-0.00039029142,0.006286737,-0.00014049644,-0.003262205,-1.2098138,-0.025616305,0.09014027,0.0023146481,0.000686571,-0.025194863,0.00360838,0.0013092356,0.004809877,-0.0014410274,0.003665657,-0.0949245,-0.1347695,-0.005001019,-0.0077986526,0.0015686256,-0.0031351584,-0.0005451522,-0.00085187226,-0.00034482355
-7.3048053,-0.61836576,-0.027700713,-0.0009483141,0.7274794,-0.002485427,-0.11129109,-0.002832585,0.002083901,0.002853637,-0.0053390427,-0.07617601,0.0029237417,-0.00255311,2.3217854e-05,-0.0030353987,-1.2205852,-0.037569713,0.08484765,-0.0012621745,-0.0021743416,-0.01955987,0.0020740312,0.0008851455,-0.0012994147,0.005726072,-0.0074820584,-0.10490973,-0.1380111,-0.005233085,-0.006277445,0.0030098837,-0.0033889476,-0.00081686146,-0.0072844666,0.0017510306
7.384355,1.0075414,-0.047193695,-0.0039641024,1.3044994,0.0010147518,0.12473094,-0.014426749,0.021271199,0.0056448085,0.0744628,-0.09384108,0.0155182,-0.0020295396,-0.0021936838,-0.035771962,2.107164,-0.037265986,-0.11600091,-0.010430043,0.012900432,0.029354848,0.0111748455,-0.0009650367,0.0044221003,-0.009826699,-0.008997373,-0.3960427,0.031044822,-0.008231986,0.0016986476,0.0025737258,-0.002204126,-0.00023974243,-0.015812514,0.0012274248
-7.2983904,-0.62000006,-0.026830798,-0.00024562213,-1.2413684,-0.0025000111,-0.1332833,-0.0036870148,0.0039313002,0.0026895134,0.01760333,-0.0740369,0.00264436,-0.0028924064,-0.001168171,-0.0017401001,-1.3096215,-0.039737172,0.08294457,-0.0039966106,-0.0029995502,0.033782937,-0.002886767,-6.98746e-05,-3.2605098e-05,0.0053004157,-0.0075717224,-0.43126956,-0.14941132,-0.0061939233,-0.004699086,0.0023279851,0.0061647114,-2.6001268e-05,-0.008136517,0.0017921559
-7.3143578,-0.63175786,-0.025791751,0.00020268792,-2.165549,-0.0015810917,-0.16318464,-0.003502737,0.0015251462,0.0018148584,0.006230164,-0.07503307,-0.0037839308,-0.0034600971,-0.0024304003,-0.0020836303,-1.3433405,-0.034884088,0.08290342,-0.0008901553,-0.004483335,0.021091776,-0.0034751887,-0.0009490961,0.0007571492,0.0051607746,-0.0058753598,-0.47723296,-0.15932551,-0.0061788303,-0.0043544783,0.00059996004,0.0009538858,-0.0070116096,-0.010182528,0.0045950925
-7.355436,-0.69281673,-0.0017189425,0.0016928717,-1.7164309,9.4384246e-05,-0.055479426,0.0053550284,-0.029553141,0.003348695,0.009831112,-0.08791021,-0.0018931378,0.009193974,0.00095454673,-0.0026268247,-1.2776778,-0.030268809,0.09347601,0.001712058,0.0004279329,-0.124975346,-0.005768298,-0.0017588404,0.0045226673,-0.010485496,-0.008845063,-0.12845376,-0.14901753,-0.008105358,0.0022957656,0.00036136157,-0.0028774135,-0.001240623,0.013374279,-0.0012581398
11.942808,1.4344149,-0.06839492,-0.00041057833,1.3368745,-0.00517723,0.15738493,0.008882504,-0.0030795306,0.005029848,0.00392084,0.24221264,0.0028587773,-0.009688863,0.002248961,0.06174468,0.587548,-0.026479717,0.547393,0.00019054512,0.024978036,-0.025226165,-0.009167052,-0.0021390086,0.0079147,0.016066628,0.017960992,0.23153625,0.05089809,0.009665421,0.002225076,-0.008406929,0.0010031271,0.0001318027,0.010075112,0.0025800148
-6.270571,-0.49752834,-0.029692713,0.0041065263,1.2601184,-0.002763364,-0.007001193,0.01646426,-0.0384673,-0.009941323,0.016858391,-0.080411084,-0.010633755,0.0008933545,-0.000578747,0.0015639133,-0.89480305,-0.024303658,0.09129035,0.0013554983,0.007189947,-0.020568658,-0.0065078153,0.0025354791,0.024400879,-0.007613818,0.006791468,-0.18548165,-0.16042742,-0.008450029,-0.00044825487,0.0023795483,0.00064549,0.010087289,0.022301316,0.0011684455
4.1124625,0.97984856,-0.023188692,0.0010034464,1.3042569,0.0052060406,0.09175311,-0.017198803,0.013432163,0.003182936,-0.13274667,-0.24827684,-0.0029902458,-0.010990892,-0.004122296,0.013195663,1.8053653,-0.05243927,-0.09540651,0.0047586197,0.014953621,0.01145332,-0.0027355046,0.0006964434,-0.004929892,0.006175633,-0.01651515,-0.047546655,-0.006305282,0.0033870523,-0.04160947,-0.0014815785,0.017295448,-0.0003082398,-0.018422315,5.715873e-05
-7.346384,-0.64423734,-0.0015987625,0.0009501615,0.47286996,-0.00056337856,-0.09373556,0.0031421352,-0.032093383,0.0033063681,-0.004990077,-0.0810082,-0.0012966599,0.0063273315,0.0005475477,-0.0013109654,-1.2073523,-0.03192547,0.080785,0.002673984,0.00070291216,0.07009132,-0.001476969,0.0008056662,0.010927435,0.0028731108,0.008891602,-0.4078122,-0.14864121,-0.006087987,0.0018428183,0.0015016778,0.009505149,0.0038055636,-0.011895432,0.0012245583
18.702185,1.1218164,0.032796133,0.0043461476,1.1712567,-0.0057494286,0.15871555,0.0020590597,0.0018535854,0.0034115894,0.046939228,0.30002245,0.058170952,-0.007290356,-0.0012017325,0.04800835,4.0700397,0.011550941,-0.1292943,0.0001993849,0.007902168,-0.012036173,0.005510364,-0.00032606442,-0.005976102,-0.008884358,0.025882907,0.40814936,0.50492764,-0.0040341276,-0.015751136,0.0036443342,-0.005741317,-0.0026059623,0.032952897,0.010127879
20.666122,1.1916218,0.119717576,0.00195014,-1.8528782,-0.017993549,-0.24381208,-0.0001156651,0.005149756,0.0032013562,0.076011814,0.41562834,0.0061810063,0.0003435065,-0.0028095436,0.07335493,3.5143864,-0.010051658,0.12285292,0.029881844,0.016606335,0.03696855,-0.00820295,-0.0023721522,0.0074584507,0.008474691,0.014494644,0.068180285,0.32715774,0.007299166,0.031067152,0.01469372,0.0043226504,0.0006340964,0.03844622,0.007616598
-7.2852416,-0.6058587,-0.032501914,-0.0005932695,1.1996558,-0.001365265,-0.056321718,-0.003839826,-0.00792004,0.0027998793,0.015077501,-0.07124064,-0.00067425705,-0.004901865,-0.0005278703,-0.003840137,-1.2004433,-0.034120444,0.084281094,-0.0054391907,-0.011882335,-0.02560628,-0.0046256585,0.000115772644,0.006001843,0.006143205,-0.0067253774,-0.10353003,-0.13204741,-0.0069245156,-0.006980842,0.004375792,-0.0024729331,-0.0016808122,-0.007396424,0.0011270314
19.201714,1.1954143,-0.031780325,-0.0038650453,-2.0291712,0.0138558615,-0.18200971,-0.011843765,0.018957678,0.00423038,0.0007651762,0.18849301,0.08341669,-0.0057867407,-0.0049764216,0.062112976,3.682949,-0.038095612,-0.07762257,-0.0013925546,0.00018938333,-0.05960707,-0.002922966,-0.0006794498,0.0017469098,0.033927664,-0.0030357614,0.42884046,0.37083578,0.004237177,-0.015198787,-0.016171213,0.011738308,-0.0021696659,-0.025529929,0.007345148
-7.29892,-0.6075253,-0.0284285,0.0018836849,1.2133512,-0.00082514336,-0.09531508,-0.0030868656,-0.0018577348,0.00240444,-0.019897452,-0.07563122,-0.00046429876,-0.0041815313,-0.00013579782,-0.003653038,-1.2016641,-0.028679917,0.08118442,-0.0042082225,-0.0039868276,-0.031076148,-0.0037700385,0.00022493576,0.0012674157,-0.010195095,-0.0071310387,-0.07920808,-0.13412942,-0.006884483,0.00712721,0.0011084324,-0.0012723223,-0.00046945532,0.013543611,-0.0012132698
15.640862,1.2345228,-0.024190241,-0.008474865,1.3258514,0.0060204174,0.13436323,0.0020668188,0.011635467,0.005895677,-0.039103486,0.13633601,-0.096785836,-0.0058571226,0.0038016862,0.060259894,3.2113664,-0.065215036,-0.12535737,0.0017801487,0.0017956536,-0.026417432,0.008336382,0.00088235823,-0.0016749133,0.026575422,-0.011387468,0.34102675,0.38292226,0.0071047973,-0.011675586,-0.005382522,-0.0014563891,-0.0071821306,-0.026318934,0.0034908457
8.429431,0.95933753,0.062301885,0.0041145612,-1.8619018,-0.011809966,-0.14833292,0.0045536687,0.027907504,0.0034218756,-0.15893315,-0.46295536,0.0047434345,-0.005707095,-0.00024841982,0.07247679,2.148448,-0.0742973,-0.09067684,0.0074037635,0.0043510227,0.006675281,0.0011788801,0.0006017088,-0.00957018,0.009606739,0.018455269,0.05298482,0.2573162,0.0010763558,-0.043901842,0.0059203506,-0.00040315517,-0.0072888695,-0.016733026,0.013694414
-7.3163004,-0.63022465,-0.027539562,-0.0002644733,-2.1525087,0.0022465878,-0.16378906,-0.005249698,0.0014432304,0.0017790336,0.013885505,-0.07070791,-0.003928997,-0.0038149536,0.00064268,-0.0023861234,-1.3496746,-0.034370877,0.0815181,-0.0039293277,-0.0110412305,0.027115671,-0.002031513,-8.075045e-05,0.0034574962,0.006150911,-0.0058429325,-0.4858258,-0.15307733,-0.007501457,-0.004004293,0.0014405109,0.0073152105,-0.0025703728,-0.010532126,0.0050247572
-7.326449,-0.6240269,-0.022251818,0.0003341847,1.2095178,-0.002704081,-0.024541605,-0.0035331093,-0.038191125,0.002976278,0.0067141503,-0.07883945,-0.0073074107,-0.0012604356,-0.0006636958,-0.0028718887,-1.1750358,-0.028860534,0.08968668,0.0006793315,-0.00049843325,-0.027543133,0.002011947,0.0025826897,0.00062874344,0.0032479928,0.0077900086,-0.10646826,-0.14275421,-0.007149628,-0.0015169312,0.00093325874,-0.0032052547,0.0016306551,-0.0039842566,0.0015599171
3.538033,-0.042042654,0.03535705,-0.001118383,1.2626833,-0.0017592461,0.100684084,0.01475603,-0.0056393202,-0.0046037445,-0.12932731,-0.21764694,-0.0020546017,0.00902497,-0.0065876218,0.042074688,2.1407235,-0.025679372,0.0869751,0.00633696,0.008781274,0.025261194,-0.0054889424,-0.0042231353,0.007028108,-0.028735796,-0.0025190818,-0.031830043,0.17338206,0.028890131,-0.003170861,-0.005503861,-0.0065325485,-0.0042491127,0.03735569,0.012958683
-7.294791,-0.61006737,-0.029372549,-2.1627433e-05,1.210299,-0.0023138633,-0.08228899,-0.0028510196,0.004580851,0.0027173334,0.013197258,-0.07409024,-0.0016566634,-0.00474146,0.0011099462,-0.004542313,-1.1929746,-0.031480227,0.083540194,-0.0038324285,-0.009261804,-0.027054677,0.0003890191,0.0016420935,-0.0011611347,-0.012272324,-0.0079436675,-0.098921835,-0.1305566,-0.007138734,-0.00825131,0.002353955,-0.0021956626,-0.00021750256,0.0021460245,0.00079530675
-7.329709,-0.637294,-0.004069075,-0.0014749303,1.2616192,-0.0009597155,-0.027778085,-0.0020199376,0.0030571315,0.0027845963,0.013015521,-0.0860064,0.0036987548,0.00038260763,0.0011753257,-0.0027051023,-1.218565,-0.024533998,0.08357609,0.0013406915,0.0007502682,0.009992921,-0.003930449,0.00053612527,0.0015631489,0.000623916,0.005565637,-0.24732828,-0.14441489,-0.0071607474,-0.008033578,0.0012628575,0.007630612,0.00030828087,0.0066510355,-0.00027990423
-7.2826214,-0.5999822,-0.034099344,-0.0006292109,1.2082847,-0.00040628403,-0.11753293,-0.0041989605,-0.002813148,0.0024005522,0.013060325,-0.068852484,-0.0071778162,-0.002424539,-5.408621e-05,-0.0030979353,-1.2016469,-0.035895336,0.082136475,-0.0026896973,-0.0099829445,0.009970478,0.003864675,-0.00028977182,0.0015884753,0.0058748033,-0.006347226,-0.10754989,-0.13926002,-0.0062872353,-0.007967165,0.002151611,-0.004017756,-9.557706e-05,-0.00689918,0.0008426113
-7.337717,-0.67309934,0.0050627897,-0.00032648828,-1.7882502,0.0016943408,-0.16076243,0.0048938547,-0.028118687,0.003031735,-0.020295594,-0.080869876,-0.0015417378,0.01200613,-0.00017937852,-0.0024813418,-1.2954018,-0.029253537,0.082113676,0.001138635,-0.0031804545,0.048801597,0.003282448,-0.00048282096,0.0010457716,-0.011419741,0.0050052465,-0.469024,-0.16390641,-0.0018404258,0.0046610986,0.00060679764,0.004854269,-0.002021547,0.013857255,-0.0051869918
9.90645,1.2077193,-0.050115194,-0.00015907585,1.1331681,0.0020448444,0.16714834,-0.02452576,0.00025808925,0.005525737,0.12790413,0.2706746,-0.008104726,-0.00923834,-0.0066917744,0.02123936,2.3200417,-0.035809767,-0.09406228,-0.019127054,0.006749428,-0.048658397,0.0040640784,-0.0026045106,0.00024872625,0.011070217,0.01205135,-0.24288943,0.2339453,-0.032635104,-0.0014453358,0.006423164,-0.0026492495,-0.0007942942,-0.021919759,-0.008623843
-7.269969,-0.6023448,-0.030778892,-0.0022588659,1.2020091,-0.00036942214,-0.07974041,-0.0042113787,0.0024251686,0.0026949889,0.014963761,-0.0714663,-0.0071863965,-0.002393602,-0.00046407373,-0.003765986,-1.2047045,-0.034345943,0.085747615,-0.002383493,-0.011444802,-0.024295319,-0.0050766952,-0.0010201692,0.0011227932,0.006331336,-0.007320362,-0.10073406,-0.13895795,-0.007340389,-0.008921469,0.0028540639,-0.0028356968,8.2808314e-05,-0.00676271,0.0005909802
-7.2453566,-0.6526289,0.0044485233,-0.0032845614,-0.84747183,0.000956747,-0.0702151,-0.0030920452,0.0016697856,0.0024286276,-0.017742,-0.08146977,-0.0044025183,-0.0030270263,0.00049669476,-0.0025249163,-1.2970812,-0.031115577,0.08269681,0.0010339554,0.0020390248,0.0578223,-0.0037704264,-0.00017022896,0.0028993727,0.0010399856,0.00896257,-0.37291375,-0.15717214,-0.006968825,-0.0067673856,0.0027979016,0.001404223,0.0012303554,-0.0077172797,-0.0022374338
-7.3215156,-0.6105448,-0.032594018,-0.0011258845,1.2038033,0.0014446409,-0.02441628,-0.004993329,-0.026512567,0.0038110237,0.012321764,-0.07101038,-0.0015030813,-0.0049632504,0.000886155,-0.0037892032,-1.187483,-0.036576208,0.08543553,-0.0042759613,-0.009811995,-0.025540985,-0.004733432,-0.00047454512,0.006905586,0.0066887923,-0.0005021866,-0.10648381,-0.13155027,-0.008010328,-0.0019132401,0.0012639832,-0.0014983008,0.0005383707,-0.00734909,0.00059585134
-7.2810426,-0.6187058,-0.03251944,0.0011867937,-1.0532314,-0.0017849683,-0.1409082,-0.0031684071,0.0033306372,0.002230211,-0.018616242,-0.070365354,-0.0008910831,-0.0059756343,-0.00015066746,-0.0011568629,-1.2834814,-0.03767765,0.07638526,-0.005448992,-0.010241405,0.026247602,-0.0026382697,0.0004934735,0.0016487488,-0.009014549,-0.007076078,-0.3566714,-0.15161316,-0.007300922,-0.0064074392,0.0022167638,-0.0034799401,0.00043086885,0.008285145,-0.00031628442
4.166364,0.5827857,0.006545218,-0.00093848945,1.2953472,-0.0060176756,0.07391603,-0.01500054,0.046753984,0.005018955,0.049899496,-0.4179525,0.009315073,8.558408e-05,-0.006253103,-0.030782452,1.768397,-0.007130978,-0.041554593,-0.0018305117,0.0025431372,0.010882074,-0.007420496,0.0014650698,0.0015619977,0.008454728,-0.025186896,-0.48016003,0.13455671,-0.0077606956,0.02558538,0.0030004499,0.01877626,0.001110292,-0.020407407,-0.009615933
4.648752,-1.1823767,-0.010751272,-0.003810845,1.3239796,-0.0055422764,0.13874152,-0.0038940846,-0.049683403,-0.01009558,0.081088595,0.26566428,-0.022430899,-0.0012036804,-0.0062719937,0.040293235,2.2100139,-0.081787705,0.08064697,0.0028443113,0.0017076018,0.010780681,0.02394731,8.4352876e-05,-0.008214465,-0.014162468,0.0030642673,0.23680072,0.2279471,0.0051246127,-0.007061488,0.0011158319,-0.025859192,7.3614974e-05,0.03267592,0.0020800468
-7.311457,-0.6351356,-0.016858637,-0.0025650838,0.87934345,-0.0033962275,-0.043519877,-0.0023980432,-0.030938532,0.0030460414,0.0137857115,-0.0800256,-0.0054454203,0.000658531,-0.0008022935,-0.0040233103,-1.1851717,-0.034934543,0.08440443,5.708273e-05,0.0008316744,0.011124665,-0.0022039372,0.0011075694,0.0009099165,0.0049801944,-0.0076838904,-0.27609307,-0.13653809,-0.006194789,0.0014221974,0.0029386035,-0.0028128885,0.0027470253,-0.006691077,0.0025468755
2.9606192,0.6419342,0.014675893,-0.0027935177,1.247258,-0.015714725,0.049755484,-0.0013464307,-0.12552486,-0.010838161,0.027048012,-0.25256982,0.001407084,0.019170988,0.0008390577,-0.039474186,0.75429493,-0.009566125,-0.035634723,0.0012085857,0.0061098607,-0.018455489,-0.0042141965,-0.0034242433,0.0013406504,0.005007014,0.022028536,-0.3423246,0.16067807,0.001064332,0.02624369,0.0057946937,0.016631728,-0.0014226183,-0.01624819,-0.008493425
-0.064453416,0.83592135,-0.07755469,-6.893761e-05,-1.839839,9.305155e-05,-0.3089496,-0.064684674,-0.14840691,0.003800225,0.012514867,0.12639278,-0.0050820396,-0.013850326,0.0003394317,-0.010085556,0.45459098,-0.018441634,-0.093574144,-0.013949714,-0.10685149,-0.013627583,0.0027892124,0.012169532,0.00206866,0.00412329,-0.021229692,-0.2914152,-0.12835875,0.010881725,0.023109151,-0.00064085954,0.0037477145,0.0011343729,-0.015878651,-0.0033826393
17.227106,0.57485634,0.04479657,0.0026895027,1.2814077,0.006270584,0.14987086,0.016599251,-0.013088372,0.0029016596,0.073202476,0.31301567,-0.011404258,0.016888568,-0.009098139,0.06215791,3.486446,-0.015321107,0.027289255,0.005736445,0.031159593,-0.0073595685,-0.008790482,-0.003610505,0.0047127814,-0.022411402,0.008136241,0.3484299,0.49526092,0.003337493,0.012248464,-0.001471843,-0.0075243586,-0.0056279814,0.07636236,0.012451563
4.0966806,-0.5396446,-0.12311661,0.00023958183,1.3111962,0.006849175,0.085486494,-0.022931209,-0.020665841,0.003400689,0.071346946,0.18154372,-0.0057134456,-0.012081023,7.761028e-05,0.022494258,2.4041467,0.0058244765,-0.06526164,-0.015548396,-0.02033338,0.01471711,-0.0059477733,0.00026600072,0.0009429062,-0.015065758,0.004718272,-0.23129961,0.2761295,-0.001660971,0.023523228,0.016499821,0.012787558,-0.0032021187,0.035826754,-0.013499451
1.218344,0.8082569,0.05704169,-0.0016837408,1.3054748,0.010002528,0.015432955,0.010705997,0.01781147,0.0037783459,-0.047419555,-0.2972102,0.0071218647,-0.0013383994,-0.010626578,0.0691644,0.044869263,-0.018551312,-0.03510017,0.0005508752,0.0028125762,0.093579285,-0.008205797,9.6345975e-05,-0.0039718985,-0.016023163,1.0689488e-05,-0.011359664,-0.12376949,-0.004215433,-0.008514112,-0.0054933242,-0.006398807,0.0003698685,-0.0077921813,-0.00033746695
18.310194,0.6546543,0.041628983,0.0045660725,-0.1216425,-0.02479997,0.041538488,0.003851102,0.0010129639,0.004161172,0.113304116,0.3467231,0.011256833,0.0007493494,-0.00021928613,0.056441307,3.3189917,-0.032494348,0.022667864,-0.00165875,0.010260791,0.029164135,-0.0049055945,-0.0029329194,-0.0056084604,-0.1836885,0.015010995,0.2156465,0.3838219,0.0006398182,0.018029073,0.0036544895,0.0011711995,-0.0013891397,0.07133006,-0.0029010684
-7.3841386,-0.64980555,0.024992164,0.002333737,1.2107252,-0.0008161795,-0.013925356,0.0033167033,0.0042101,0.0029919595,0.013388307,-0.08486723,-0.0027130374,0.005553241,-0.00010686107,-0.0036737914,-1.2327592,-0.025480462,0.0942408,-0.0027504906,0.0034715035,-0.022429828,-0.0064177318,0.0023458514,0.003464551,0.007017041,-0.009262809,-0.10553395,-0.134419,-0.007853262,-0.0072636437,0.00085000886,-0.0014068788,-0.0009553198,-0.008987262,-0.0005202213
-7.316975,-0.6206654,-0.03212229,0.0017084016,-1.8960041,-0.0005935339,-0.14875418,-0.0053569665,-0.027789872,0.0028428365,0.013327072,-0.06977215,-0.0014636897,-0.0054889116,-0.0011723243,-0.0014088469,-1.3159033,-0.037226323,0.08086831,-0.003371502,-0.0088261,0.045658663,0.0025301105,0.0009405274,0.0019423246,-0.00019361098,-0.007691503,-0.48380852,-0.15267844,-0.0064552706,0.0030020522,0.002154922,0.0031063964,0.0012923513,0.0060701454,0.002952269
7.9642205,1.0401416,0.024029287,0.0004336806,1.2717471,0.00037142116,0.15749487,-0.016627597,0.006796637,0.0041446458,0.10766483,-0.059730735,-0.04343564,0.0004890795,-0.0010171381,0.017745314,2.0969384,-0.03283241,-0.08566021,0.007940372,0.015955623,0.009579616,0.008955502,-0.0033674333,0.0045150155,0.012507339,-0.010493397,-0.31469956,0.15327586,-0.0084555745,-0.0005516093,0.0006700621,-0.00809799,0.00078655145,-0.018882142,-0.009127253
-7.2752266,-0.6054021,-0.037841417,-0.0015818228,1.1975358,0.0016695871,-0.0790136,-0.004822318,-0.03229769,0.0030731151,0.012758143,-0.07039351,-0.0017660751,-0.005100058,-0.00028290838,-0.0016765472,-1.174586,-0.03685164,0.08433581,-0.0033375937,-0.013439944,-0.022957385,0.003789659,0.002087261,0.006354466,0.004913292,0.004732346,-0.11215201,-0.1380458,-0.006168417,-0.001266653,0.004985739,-0.0031401091,0.002051422,-0.0079441555,0.001440671
15.632201,1.0648284,0.029742703,0.0027934308,-0.8549532,-0.032526784,0.033758063,-0.00031306254,0.043905612,0.0033825063,-0.14630917,-0.05262421,0.012708881,-0.003955517,-0.005565971,0.09210478,3.320529,-0.053996477,-0.12098304,-1.3809266e-05,0.014586672,0.03283225,-0.014798814,-0.004212547,-0.008162221,0.027896943,-0.012219433,0.3906074,0.4005767,0.010888789,-0.04439767,-0.0043885643,-0.0054336037,-0.006141847,-0.020342628,-0.054832574
1.7299913,1.0302107,-0.0029663644,-0.00047267636,1.2799584,-0.0023666238,0.03448425,-0.0035326807,0.042237177,0.0032346623,-0.055023234,-0.27528536,0.0070505547,-0.00962631,0.001983135,0.053945225,0.03193374,-0.06390765,-0.09220078,0.001417203,0.005043601,0.013402889,0.007972361,0.006825308,-0.0075498293,0.013045059,-0.0014507081,0.101788245,-0.13552463,0.029793993,-0.036497876,0.0010527802,-0.0027653805,0.0061838026,-0.012516189,-0.000921088
-7.3165283,-0.62922156,-0.029504277,-0.00016653164,-2.1562583,-0.0010871909,-0.16146386,-0.0054445867,0.0008567824,0.0018680256,0.014311554,-0.071150504,-0.0038195087,-0.003682589,0.0010563186,-0.0028737092,-1.3490765,-0.03417871,0.08170293,-0.004657233,-0.009202586,0.028873144,-0.0029415663,0.00010153349,0.0004469481,0.0060179536,-0.004967921,-0.48756793,-0.15228534,-0.007248053,-0.0043132063,-5.2334686e-05,0.0074262316,-0.0011903149,-0.009749881,0.0068993648
-7.282126,-0.6169365,-0.01623476,-0.0016184836,1.204256,0.00034091712,-0.054295935,-0.004649536,0.0065636085,0.002892714,-0.028201262,-0.08085377,-0.0095701115,-0.0027223988,-0.0010794495,-0.0042130724,-1.2788814,-0.013967262,0.08667536,-0.00078962976,0.0006797889,-0.02389357,-0.006897414,0.0005310073,0.0010922413,0.007030901,-0.007232397,-0.052399796,-0.13007934,-0.004349001,-0.0051712706,0.0010976777,-0.0021953925,0.0005507122,-0.0075806263,-0.0027105748
-7.449944,-0.64092064,0.023678457,-0.009852043,1.2129023,-0.0012295089,-0.05268296,0.002925629,0.00815531,0.003495257,-0.023108225,-0.08627804,0.00411333,-0.0016865291,0.0019139333,-0.0033525866,-1.2515746,-0.024334189,0.09755766,-0.002660219,0.0020731522,-0.02035621,-0.0056630364,0.002016694,-0.0010192649,0.007005653,-0.010551286,-0.09608908,-0.12961915,-0.0058031823,0.0041778167,0.0011688679,-0.0013839089,-0.000730263,-0.008958778,-0.0026117803
-7.2804866,-0.611247,-0.030526834,-0.00070270983,1.2030518,-0.00035923166,-0.067096174,-0.0042342097,0.0055085323,0.003277964,0.01333684,-0.07736169,0.003211041,-0.0023170826,0.00024948706,-0.004143893,-1.2111255,-0.034274623,0.08683158,-0.0007771962,-0.004454363,-0.024929147,-0.005610018,-0.000493915,0.00026089625,0.006195067,-0.007757471,-0.10031056,-0.13850063,-0.0071369098,-0.00838414,0.0024718205,-0.0037769976,0.0015408794,-0.006772777,0.0006732204
-7.321133,-0.6337106,-0.016783586,-0.0022568393,1.2003022,-0.00020999332,-0.025287664,-0.0017366351,-0.005343797,0.0031463562,0.012634043,-0.07984615,-0.0074479245,0.0001054459,-0.00054008904,-0.0042573684,-1.2026141,-0.03203515,0.089367025,0.0014936995,-4.2266016e-05,-0.026447123,-0.0050271046,0.00045583717,0.0023407433,0.0060289255,-0.008728637,-0.097034514,-0.13017777,-0.00714668,-0.008041057,0.0028968104,-0.00179176,-0.0007604307,-0.006855714,0.00036014194
-7.3707714,-0.6620525,-0.01653837,0.004614085,-2.375758,-0.0001823389,-0.09228695,-0.008377105,-0.028650334,-0.013653219,0.01213544,-0.07437571,-0.011766482,-0.0012030639,0.00052977144,-0.0038332292,-1.3025643,-0.02306969,0.08946977,-0.0011563409,-0.0003747073,-0.124971576,-0.0077745877,-0.0005249327,0.00092108635,0.00027500204,-0.008276573,-0.15700436,-0.14875846,-0.009057669,-0.002677133,-0.00040639535,-0.018394876,-0.00024608755,-0.008645056,0.0004926737
-7.315133,-0.62236786,-0.02290833,0.0006056904,-1.804609,-0.0021735094,-0.15321548,-0.003590395,0.0040405905,0.0031693487,-0.019181833,-0.07897048,0.00244217,-0.0032541472,-3.9231876e-05,-0.0032686978,-1.3671972,-0.038423978,0.083923005,-0.0010605485,-0.003949218,0.04571343,0.0002044584,3.069063e-05,-0.0008092799,0.0057080607,-0.008112934,-0.45907566,-0.1516986,-0.0053586224,0.010277106,0.0007552402,0.0039146105,-0.0018960923,-0.008386222,0.0014172015
-6.41783,-0.48125845,-0.02849735,0.0008279144,-1.7867479,0.00016315703,-0.06266299,-0.0004722361,-0.03678272,-0.030256502,0.020063458,-0.07087406,-0.00066918397,0.0014061851,-0.0016108421,-0.000769695,-0.7900793,-0.027288461,0.055627145,8.596279e-05,0.002760611,-0.07485576,-0.0005892859,0.0051007383,0.031883363,-0.009865431,0.003942574,-0.13983026,-0.19648154,-0.0059588267,0.001031844,0.002501212,0.0012476294,0.009025811,0.010912752,-0.0016344647
2.5310078,0.38185325,0.061706293,-0.0018015412,-1.128452,-0.00014219579,0.021217154,0.037455443,0.010710869,0.0008854889,-0.073590554,-0.3199241,-0.0028873568,0.018513434,0.0036081849,0.06910362,0.740147,-0.014074636,-0.050567187,0.0044631395,3.92356e-09,0.024203006,-0.0049505197,-0.001271643,0.0026832626,-0.016416691,0.0062259003,-0.037761215,0.13615185,0.012979557,-0.010970998,-0.007877083,-0.0021278714,0.000744544,0.014699822,0.0017716658
-7.2536764,-0.60517645,-0.030987386,-0.010183092,1.1002514,0.0021565328,-0.018184368,-0.0041617574,-0.026913421,0.0034320664,0.01600259,-0.072369054,-0.0015944091,-0.005340507,-0.00021780314,-0.0026508598,-1.1966428,-0.031168194,0.08803838,-0.005150088,-0.01330685,-0.024370685,-0.00028686452,0.0002518274,0.0065488783,0.00656759,3.328357e-05,-0.12686619,-0.13997968,-0.008278541,-0.0018136409,0.0043811006,-0.00066847506,0.00022663656,-0.0077878768,0.00075703196
-7.3950343,-0.64026976,-0.008545899,0.0023391547,1.209728,-0.0011332714,0.027317703,0.0051148385,-0.03666183,0.0032130384,0.01263863,-0.08281665,-0.00026790705,0.0051558185,0.00025277692,-0.0023597376,-1.1822801,-0.026973339,0.08966868,0.0019313359,-0.000759243,-0.022872422,-0.0042028395,0.0021480042,0.007588148,0.0046444065,-0.008569514,-0.10194637,-0.12850806,-0.008141943,-0.0008791117,0.0016484928,-0.00276821,0.002403197,0.0017915117,-0.0002180411
-7.3150377,-0.61231023,-0.03188129,-0.001178829,1.1986418,-0.00023329098,-0.027283946,-0.0037294768,0.00084434776,0.0026116911,0.017969571,-0.07019903,-0.0072846864,-0.0024370218,0.00021688185,-0.0038342327,-1.2167653,-0.03246522,0.09024507,-0.003367691,-0.010356704,-0.02495824,0.00096663146,-0.0010495392,0.001341911,0.0064977794,-0.0067863595,-0.09958501,-0.13171181,-0.0076009855,-0.009400478,0.0040709986,-0.0016667353,0.0010957323,-0.0072755935,0.00022009123
-7.4174314,-0.62815577,-0.029669525,0.004236534,1.20305,-0.0010576476,0.02178477,-0.002588815,-0.0005229091,0.0025592288,0.014286306,-0.08137494,-0.0019347089,-0.0064012925,0.0005480127,-0.0022172327,-1.1852944,-0.022865111,0.08434242,-0.0005170526,-0.0020572715,-0.022228952,0.0015030024,-0.0018791956,0.002922166,-0.009444939,0.003419678,-0.08965994,-0.13573724,-0.0074899234,-0.0074567455,0.0027486018,-0.0024660698,0.00056339527,0.013751993,7.165114e-05
-7.282762,-0.60363823,-0.031019945,-0.0018644204,1.2022691,-0.0017245044,-0.062513694,-0.004287237,-0.033942755,0.0034402336,0.006263694,-0.072320715,-0.00079695263,-0.0045891125,0.0017012536,-0.004721398,-1.1658149,-0.035145167,0.08208418,-0.003618501,-0.01071053,-0.025900183,-0.004515593,0.0009274748,0.0047707357,0.0061447727,-0.0077735083,-0.109630845,-0.13226067,-0.0074260077,-0.00021047259,0.0012295512,-0.0031614683,0.0016359149,-0.008232944,0.0012300168
-7.3162,-0.61845094,-0.03443096,0.0011088854,-1.7268673,-0.0014371128,-0.13123308,-0.0028159756,-0.030142348,0.0029622372,0.013525039,-0.07221426,-0.0026564954,-0.0060122907,-0.00017921765,-0.00049790496,-1.2985296,-0.03553248,0.07574608,-0.0030453904,-0.011400467,0.0505526,-0.0032758247,0.0053911265,0.009773612,-0.009668716,0.0060582277,-0.45202166,-0.15869908,-0.0082123075,0.0026113787,0.002903601,0.00014775741,0.005821576,0.007055746,0.0006094511
-7.278595,-0.6032699,-0.03535817,0.0016120238,-0.38119394,0.001563823,-0.100491084,-0.0046146573,-0.029183635,0.0033272984,0.012371061,-0.0710242,-0.0019777298,-0.00577638,-0.0014042021,-0.0015485791,-1.2697064,-0.03983234,0.07776603,-0.0042246077,-0.009903265,0.08269285,-0.0019844035,0.002088125,0.009955524,0.0013258527,0.0045427606,-0.41070175,-0.13935031,-0.008095684,0.00064636,0.0042493553,0.008708314,0.0031610837,-0.008281353,0.0022875788
10.887166,0.96061,0.055284206,-0.01517644,1.3448852,-0.004102284,0.11561782,0.004811477,0.011635425,-0.0010099198,-0.237344,-0.043763872,-0.044788744,-0.0034483974,0.0056205303,0.060744546,2.440736,-0.07840263,-0.081661455,0.0019820577,0.015246547,-0.024307694,-0.01472325,0.0027263837,-0.00045917637,-0.0058989376,-0.0015031969,0.36851886,0.23554435,0.014266909,-0.025115857,0.0009909974,-0.0036012759,-0.0005501727,-0.020092819,0.0048014936
-7.164763,-0.48125586,0.024318859,-0.011330075,1.2240039,0.002550646,0.009735326,0.005059965,0.019571915,0.004074786,-0.026332553,-0.092019364,0.0035270501,6.7047906e-05,-0.0019320053,-0.002328664,-1.2159898,-0.008906674,0.07708149,-0.00055813696,-0.0030632287,-0.01735817,-0.0033119435,0.0017248885,-0.0015369433,0.005382909,-0.010164605,-0.05785744,-0.14625503,-0.0030605267,0.0011889874,-0.0059628943,0.001123321,-0.006120892,-0.012261767,0.0007881379
-7.3191338,-0.67348075,0.004455148,-0.0016919799,-1.6945311,-0.001514672,-0.13301437,0.007214689,-0.016589647,0.0022874246,-0.0055232765,-0.0794756,-0.0027089887,0.010370191,0.00027152454,-0.0004125274,-1.3153998,-0.030483989,0.08978187,0.0012698745,3.6037472e-05,-0.050023094,-0.0038958096,0.00012811199,0.0018617947,-0.00014484691,0.0049181567,-0.34564522,-0.16129047,-0.0057836976,0.0011343608,0.001617086,-0.004796476,0.00064440863,0.004346493,-0.0007645225
-7.002305,-0.3629251,0.010956447,-0.0032736252,-1.3755879,0.0044162855,-0.07396937,-0.009436444,0.005906399,0.0014630033,-0.03903207,-0.093928866,-0.00411132,-0.0016078152,0.0007890407,-0.0039322455,-1.3520458,-0.032226432,0.08047109,0.0012815293,0.00054260204,0.052666396,-0.004611183,0.00017902642,0.0020976812,-0.0022734504,0.0094212,-0.06649031,-0.1628345,-0.004124275,-0.0012998427,0.0047590965,-0.00090695085,-0.0021585636,-0.012909093,-0.0017948792
13.129574,1.2992518,-0.14469768,-0.0017232955,1.3139892,-0.0055671693,0.19532673,-0.0109766545,-0.0010019542,0.0035608711,0.0935481,0.38423756,-0.0069431127,-0.010259998,-0.0061344276,0.06604421,2.3436537,-0.069635436,0.14765178,-0.049846277,-0.06293783,-0.020011961,-0.004243844,-0.001840983,0.012224185,0.012898702,0.015809914,0.0727374,0.22389837,0.0024093043,-0.026732484,0.009662125,-0.0052591013,-0.005200999,-0.020551888,-0.0012672385
10.039563,0.24441448,0.023976399,-0.001046627,-1.5598116,0.008702123,0.071086764,-0.00039312604,-0.000934325,0.003093532,-0.14773922,-0.022796698,0.005550902,-0.0036358752,0.00057034666,0.023028977,2.5208097,0.006002194,-0.03170574,0.009227601,0.008635171,-0.03161253,-0.010006297,-0.0023236838,-0.0008118018,-0.033743218,0.010840949,0.047243863,0.09859118,0.029588979,0.00024573164,-0.0035653575,-0.01614164,-0.0043223626,-0.0044760024,0.021899888
-4.2083383,0.6744656,-0.069995224,0.00024796047,-1.0694308,0.00017245085,-0.098402515,-0.015875658,-0.009393405,0.0040809936,0.015121124,-0.12318553,-0.0011028402,-0.02915234,0.0031626942,-0.011294741,-0.9059785,0.03324036,-0.021305138,-0.0064390115,-0.015204569,0.10318254,-0.004503232,0.002009829,-0.0015161686,0.0041233497,-0.009794332,-0.4400923,-0.19604807,-0.0056486866,-0.0031996332,0.005343665,-0.000633245,0.0013658747,-0.013621585,0.002904059
6.6793747,0.98591834,-0.11758667,-0.0012480895,1.2633423,-0.002180667,0.08712551,-0.030702982,0.011810507,0.0037651432,0.0996656,0.24053507,-0.010106088,-0.011636722,2.0169597e-05,0.029970568,2.1962445,-0.044000752,-0.13787864,-0.013387285,-0.013967817,0.017370429,0.00716727,-0.0021133,0.0025340244,-0.029762287,-0.011309774,-0.3028224,0.16959843,-0.03496347,-0.014029042,0.005430124,0.0033949963,0.0020897838,-0.022490114,-0.0123195695
14.599062,1.0360428,0.060416542,-0.0007085608,-0.61590374,-0.024169734,0.061781622,-0.007918843,0.011534159,0.0053376793,-0.017520336,0.15764771,-0.05380589,-0.009412323,-0.0021297373,0.06454412,3.2337072,-0.041501552,-0.031521223,0.00972934,0.010367497,0.068238825,0.010320187,-0.009696228,-0.0077961916,-0.15697515,0.00090247823,0.28752312,0.33513665,0.010153105,-0.059466243,0.006335122,0.00076169084,-0.006920706,-0.034497455,0.0210456
-7.300562,-0.6247287,-0.02501187,-0.00084741786,-1.8963884,-0.0022152495,-0.15918949,-0.0027286832,0.002921968,0.0019818838,0.012955773,-0.075537965,-0.0038495006,-0.003158978,0.00040138396,-0.0029094666,-1.3458136,-0.036650956,0.08332386,-0.0008817173,-0.0029598172,0.034392234,-0.00048707065,-0.0009970843,0.0012710092,0.005210556,-0.0071622175,-0.48030332,-0.15714759,-0.006249769,-0.0038784575,0.0014625363,0.0035413096,-0.0004966966,-0.009794307,0.0024674123
-7.258281,-0.60400313,-0.037445683,-0.0012152969,1.2075989,0.002570348,-0.011442647,-0.0065976335,-0.026889944,0.0035005375,0.015107051,-0.06873144,-0.00066943077,-0.004963752,8.54381e-05,-0.0027646814,-1.1362699,-0.031363264,0.09501986,-0.0016874301,-0.014038769,-0.017884133,-0.0047180415,0.0011588135,0.009611954,0.006143138,0.0058640237,-0.115496516,-0.14266697,-0.008311024,-0.0014669978,0.004690473,0.000103517894,-4.425249e-05,-0.007565823,0.0011537954
13.442673,1.1427636,0.011379019,-0.0069069695,1.3471916,-0.02852825,0.12880059,0.013890598,0.008218228,0.0044760327,-0.17519337,-0.077391766,0.025452489,-0.0051619876,-0.0013654908,0.07529018,3.1153522,-0.054855254,-0.10339868,0.0033242372,0.015538633,-0.023327181,0.0016224971,0.002365375,-0.0039943187,0.02420478,-0.003367225,0.38963938,0.4043574,0.010299547,-0.034819677,0.0043958547,0.001172721,-0.009423276,-0.026288321,-0.04528726
-7.26545,-0.591625,-0.03866737,-0.0018143449,1.201573,-0.0026318068,-0.083805114,-0.005202352,-0.03407017,0.0031818333,0.0152627835,-0.06786142,-0.0016062527,-0.004574392,0.0009041566,-0.004453971,-1.1597418,-0.038051426,0.09027075,-0.005198667,-0.0134435715,-0.024153296,0.002042358,0.0027438425,0.004004117,0.004823847,-0.006587754,-0.11406721,-0.1328043,-0.007345848,-0.0009736505,0.0026904086,0.0042264094,0.0021644526,-0.008583122,0.0032552213
-6.9822674,-0.21321243,-0.048900038,-0.0017742598,-0.8995216,0.00041732242,-0.128626,-0.010541083,-0.0200173,0.0026413072,0.019067878,-0.07808102,-0.0045125657,-0.0030917882,-0.0009783133,-0.0037219522,-1.282685,-0.0389609,0.06971403,-0.000798165,-0.008864293,0.047141932,-0.0040908987,0.0012275449,-0.0012697892,0.0003694148,-0.008256492,-0.391982,-0.16865766,-0.005809965,0.0011124898,0.006538632,0.0034721366,0.0007374598,-0.011658357,0.004779058
2.9591298,1.0232323,-0.023870358,0.0016151003,0.8644546,-0.01837832,0.08265891,-0.0066103707,0.045794163,0.0024457509,-0.02864961,-0.38573396,-0.0038679237,-0.017929055,0.00074376096,-0.047500875,0.78502005,-0.06190179,-0.115096465,0.0020464526,0.00046309983,0.048981756,0.021028152,0.0039269985,0.0050021107,0.00081240863,-0.015995013,0.07540856,-0.15886053,0.006129385,-0.057370704,0.0072846236,-0.01317908,-0.0022616875,-0.016313596,0.00068358745
-7.452887,-0.6507494,-0.0071049994,0.0045883,1.2043707,-0.0026515045,-0.018438807,0.003073451,-0.03244898,0.0033603846,0.012381699,-0.08538962,-0.0019715927,0.028030846,0.0017947463,-0.0020343065,-1.1601951,-0.018596154,0.08640382,0.0029701279,-0.00038627585,-0.017765712,-0.0047825067,0.0016850004,0.0052042217,-0.0138669405,0.0034445266,-0.1266904,-0.1293942,-0.008590986,0.0009588904,0.0037916184,0.0015729832,0.00071378774,-0.001453507,0.0017227682
8.918699,1.2669746,0.0019814963,0.0016732743,1.3145151,0.0029656435,0.16799194,-0.022480497,0.011350803,0.0037484274,-0.013920203,0.33856604,-0.014862395,-0.011164966,0.0020269337,0.033756055,2.3507717,-0.04815176,-0.11052023,0.022919815,0.010576687,-0.017736018,0.0068379734,-0.0045940806,-0.005025372,-0.024791544,-0.011268378,0.1374853,0.25529188,0.0014261632,-0.025522357,0.0014328635,-0.01027934,-0.00039005416,-0.01505811,0.017146634
-7.286298,-0.6513567,0.0008746954,0.0009677134,-1.6680475,0.0016734332,-0.08661597,-0.0013838483,0.009595846,0.0030836903,-0.021942673,-0.08613477,0.0029271424,0.0010281953,0.0004973993,-0.0051729525,-1.3748368,-0.029700564,0.08852077,0.0003765741,0.003310043,0.060301907,-0.0017544781,0.0006851796,-0.003817432,0.00067387696,0.007963282,-0.42559582,-0.1568707,-0.0054397476,0.0032244045,0.0020660933,0.0060611377,-0.0014819447,-1.3455414e-05,-0.0034301432
-6.1885567,-0.1648862,0.008534529,-0.0003419019,1.2097021,0.00022285244,-0.021542108,0.0021596916,0.012587992,0.004600789,-0.038217623,-0.10712879,0.0019708138,-0.003952498,0.0013093654,-0.0024742277,-0.88546383,-0.008884259,0.009100495,0.0004740788,0.0032564413,-0.027983828,-0.008291814,0.0028917685,-0.0046016155,-0.009150384,-0.007506859,-0.06326229,-0.16027056,-0.0010161421,-0.011412764,0.0030759776,0.0064990916,-0.0025536583,-0.00043840776,0.0018656512
-0.9699915,0.1787119,-0.09185492,0.00026105274,1.2266821,-0.00448685,-0.10901245,-0.026846359,-0.16084135,0.005472031,0.021329211,0.15079196,-0.002530003,-0.0095676435,0.002518002,-0.012217714,0.2972768,0.010168149,-0.0035880322,-0.013261716,-0.05834376,0.07002619,-0.0046032355,0.0037642631,-0.0015359897,-0.00947345,0.007848755,-0.25097862,-0.12663741,0.01583482,0.02120915,0.0069875577,0.021191947,0.0016804833,0.024710882,0.0010973953
-7.3627687,-0.63322306,-0.004182753,-0.010599331,1.2146596,0.0012537239,-0.030092977,-0.0035591454,0.0175415,0.0037638166,-0.0253596,-0.083812706,0.0034790703,-0.0028392358,-0.0015410681,-0.0037235166,-1.2838671,-0.015712887,0.08836319,0.0017891432,0.00092906645,-0.020850765,-0.0028354668,0.0016702617,-0.0039099837,0.007354748,0.004489783,-0.05733504,-0.132572,-0.0038109426,0.00439443,0.0009996456,-0.0014442143,-0.00048271244,-0.0073660426,0.005232351
-7.2937016,-0.63343173,-0.016736705,-0.0011492767,1.2011693,-0.0011847462,-0.06617681,-0.0016675234,-0.006762673,0.0029932084,0.013783383,-0.080373794,-0.0077628326,-0.0012097234,-0.0008645137,-0.004634872,-1.1948994,-0.032663465,0.086749814,0.0012975737,0.0004017394,-0.027657112,-0.001631804,0.00052377244,0.0051297615,0.00652503,0.005986515,-0.097242095,-0.13660465,-0.0061503355,-0.0064984034,0.0022125547,-0.0030482968,0.0011618942,-0.007135912,0.00091217615
-3.325238,0.13083768,0.01544978,-0.009733795,-1.8855852,0.008139113,-0.23776494,0.009124593,-0.0068501886,0.0020586008,0.022297751,-0.097182184,-0.0034153364,0.009596622,-0.001885719,-0.009559654,-0.9631197,-0.022659691,0.085424595,0.0016855368,0.005676436,0.027103722,-0.0056263176,-0.0026712455,0.02935591,-0.0019031873,0.005474189,-0.33163443,-0.18726934,-0.0053848876,0.0054532364,0.0013578817,-0.0005317979,0.0006956385,-0.0033331711,0.0012030303
-7.2943573,-0.6453538,0.0041946787,-0.0011615029,1.2033517,-0.00026194914,-0.06550006,0.0029068678,0.010223226,0.00336244,0.013219031,-0.08382972,0.0037773084,-0.0016967758,0.005281734,-0.003637925,-1.2193363,-0.02899728,0.09186039,0.00022193283,0.003558947,-0.025752615,-0.005487191,0.0023191464,-0.018853186,0.007035549,-0.0038711277,-0.100507386,-0.13303255,-0.006645976,-0.009326313,0.0012936202,-0.0022193543,0.00034253023,-0.0062572868,0.00033544452
1.8268776,1.1577897,-0.022421855,0.000598094,-0.99957865,-0.0019167453,0.053834785,-0.013690631,-0.016810652,0.0035576622,-0.030622276,-0.19387355,-0.014485982,0.00013527267,-0.0035879111,0.071394555,-0.9801096,-0.026469199,0.17996071,-0.0034233644,0.0021407763,-0.06890583,5.6181772e-05,-0.006934753,0.0111138495,-0.009399632,0.024370305,0.1175822,-0.15063614,-0.0025845494,-0.009812,-0.00018271942,-0.024821403,-0.0020642316,-0.007776393,-0.00044653408
-7.286161,-0.6082272,-0.023997774,-0.0010513292,1.2007309,-0.00036875295,-0.055510394,-0.0043631312,0.005114081,0.002763841,-0.020657292,-0.077370614,-0.00639016,-0.0022918272,0.00034710515,-0.004028399,-1.225382,-0.03269507,0.085328795,-0.00059329486,-0.0027921782,-0.025512995,-0.006120697,0.00057727896,-0.00017235284,0.0062147807,-0.007819923,-0.07248661,-0.1329614,-0.0065742168,0.006913652,0.0007054792,-0.003540775,-0.00025715464,-0.007865715,-0.00033543108
-7.319159,-0.6182693,-0.031199476,0.001259498,-1.5023128,-0.0020347605,-0.13243249,-0.0023207315,0.0018920047,0.002157032,-0.006815291,-0.06893756,-0.0014386805,-0.0054907566,0.0007889979,-0.0013418249,-1.2989727,-0.034778103,0.07760076,-0.0039241705,-0.009793877,0.031309284,-0.0024431471,0.0004411448,0.0015544202,-0.008936587,-0.006782645,-0.4095772,-0.15157111,-0.0061465274,-0.005872439,0.000639193,-0.00036882985,-0.000588074,0.012727799,0.001274063
-7.4051137,-0.66005254,0.001954154,-0.0016137594,-2.3207057,0.0020028048,-0.037575893,-0.00356723,0.0054248795,0.002510466,0.0068149595,-0.08646226,0.0036832367,-0.00088297046,-0.0006942285,-0.00426709,-1.3607991,-0.02052216,0.090604536,0.00013197897,-0.0009856998,0.002493036,-0.0041905646,0.0026763598,-0.00090512383,0.0064938315,-0.009546086,-0.38704145,-0.1464161,-0.0076095243,-0.0086994665,-0.0003153675,-0.009608701,-0.0019359969,-0.0003428575,-2.3692548e-05
-7.4144373,-0.6281118,-0.023315897,0.003247159,1.2010436,-0.00030694666,-0.004489705,-0.0025049215,0.012994771,0.003082463,0.012998236,-0.08644584,0.0032593582,-0.0033884333,-0.0011097498,-0.002818376,-1.199522,-0.027616976,0.0883319,0.0040995176,-0.0018102984,-0.021865215,0.008910521,0.0019274494,-0.0027054083,-0.009731991,-0.007613738,-0.09188169,-0.12881541,-0.008688626,-0.009490681,0.001431624,0.00067816325,0.00029459922,0.008132943,0.00038410502
-7.3303685,-0.6499855,0.00013574696,-0.002178351,1.2119313,-0.003153087,-0.045042224,0.006072744,-0.035912972,0.003210821,0.013148933,-0.08432266,-0.0012351904,0.011138341,0.0009354976,-0.0049804444,-1.1849731,-0.02964012,0.093625195,0.0021103753,0.00047829107,-0.027293716,-0.006545872,0.00042394715,0.0050531365,0.006943235,0.0001526925,-0.104372226,-0.13148038,-0.007933407,0.001431098,0.0011761849,-0.0016816884,0.0026136308,-0.0052161557,-0.00061970705
-7.314726,-0.616022,-0.03489124,-0.0018280096,1.2002755,-0.0017571127,-0.028398363,-0.006953441,-0.029129459,-0.0044044117,0.006325968,-0.071755014,-0.0041772597,-0.005623175,-0.00054777507,-0.003486869,-1.1701096,-0.031840224,0.08666424,-0.005629129,-0.00556202,-0.025750658,0.0008770444,-0.00028886995,0.0020628672,0.004878889,0.0032439814,-0.10364427,-0.13655002,-0.007630918,-0.00047102707,0.0029314754,-0.002272999,0.00022397653,-0.007864439,0.003536112
-7.299855,-0.61549133,-0.03338073,-0.00024311451,-1.7067279,5.996242e-05,-0.14308786,-0.004334458,-0.024114374,0.0026255297,-0.00562767,-0.06755986,-0.0007656626,-0.005851171,-0.00061111833,-0.0014989547,-1.3135892,-0.041887928,0.08025686,-0.0036298556,-0.009310702,0.040055364,0.002139826,0.0002808674,0.0057738572,0.005628838,-0.0076220655,-0.4875609,-0.15976074,-0.0067601223,0.002282363,0.001588346,0.0042797406,0.00089620834,-0.008187451,0.0023428528
-7.316068,-0.60597444,-0.03043652,-0.0019148851,-0.28363067,4.8504873e-05,-0.12160833,-0.0030952508,0.004025694,0.0027545143,0.012095918,-0.06954059,-0.0014375341,-0.00454041,0.0005601082,-0.0022836158,-1.2565771,-0.035645336,0.082947,-0.0028115362,-0.008080703,-0.049929146,-0.006557413,-0.0007426878,0.0010815245,0.0021467558,-0.0072972095,-0.09841858,-0.14084442,-0.0060232515,-0.0056561413,0.002511418,-0.0067248605,-0.00046113264,-0.008397612,-0.0003884596
-7.325447,-0.61495954,-0.024860147,0.0017359139,1.3122886,-0.0031837753,-0.106776536,-0.0038185616,-0.0349202,0.002808548,0.0068415427,-0.07814084,-0.006047555,-0.0015249891,4.3989443e-05,-0.003099321,-1.1609359,-0.030898554,0.075084224,-0.0003414952,-0.0002687127,0.055633504,0.00304415,0.0019127841,0.00031210895,-0.009684887,0.008262725,-0.290761,-0.13786972,-0.006098337,-0.0006400223,0.0030641453,0.0022666599,0.002496256,0.008712403,0.0009408375
-7.36102,-0.645723,0.011953275,0.0015275772,1.210443,-0.00021925497,-0.017270977,0.0026596424,-0.0058136303,0.0024320667,-0.017849639,-0.088178635,-0.0011245765,0.009642309,0.00024197086,-0.001314917,-1.2177175,-0.023902804,0.08782473,0.0008039731,0.0031003165,-0.030499564,-0.0050050155,0.00033039635,0.0023978085,-0.011836848,0.005528656,-0.071889706,-0.1468942,-0.00525567,0.008223041,-0.00056331494,-0.0010285066,0.00026751566,0.008602442,-0.0007830473
21.203794,1.2815102,0.044279188,-0.01026041,1.1615024,-0.009060444,0.16160376,0.00096275844,0.0067995265,0.0036769216,0.10384166,0.2972227,0.056197163,-0.003874562,-0.0023793043,0.07184559,4.0927973,0.03362622,-0.10781971,0.0040708105,0.015546522,-0.02712621,0.009494644,0.0014950705,-0.005144971,0.016955603,-0.019565258,0.42555606,0.5049098,0.00082854705,-0.008068537,0.0031138202,-0.0065729395,-0.0027790368,-0.02617997,-0.003277238
7.081381,0.7411704,-0.18979803,-0.0020637822,-1.5471247,-0.0023473925,-0.22247222,-0.028759768,-0.025234364,-0.011628281,0.10296254,0.27040514,-0.00674875,-0.030622853,-0.0032028635,0.020666072,2.4395726,-0.052115552,-0.0007317072,-0.04038845,-0.08825442,-0.012767926,-0.007948035,0.004159295,0.006090554,-0.012945423,0.004214704,-0.23898295,0.236801,-0.010967319,-0.0070193615,-0.0064359982,0.0064749424,0.0092798425,-0.026943821,-0.013483639
12.859706,0.9008229,0.03924117,-0.0033030412,-1.8442926,-0.0061810515,-0.21974936,0.035840828,-0.0049730437,0.0010487685,-0.17150447,-0.046270393,-0.011811323,0.022035137,0.0065635997,0.057042286,2.972998,-0.05403689,-0.03924819,0.0024835956,0.015813025,0.017225401,0.008230787,-0.0018123706,-0.006580369,-0.12300036,-0.007897505,0.23941469,0.4003646,0.03136025,-0.0067639602,0.0038929556,-0.07754182,-0.005143983,0.021733634,0.020406362
8.543098,0.43882975,0.039907422,-0.0015503633,-1.5656195,-0.0032733784,0.026317181,0.017362287,0.02829758,0.0024113061,-0.16730781,-0.06825178,0.008140673,-0.003043896,-0.001874124,0.07676904,3.1038551,-0.016011707,-0.12416772,0.0023566752,0.007070053,0.019321483,-0.01789063,0.0023501397,-0.0019952145,-0.0067237606,0.008000217,0.19872412,0.17549726,-0.0066779517,-0.006513245,0.00080031523,-0.008770477,-0.008120887,-0.02426823,0.013788039
10.890172,1.0616295,0.018030187,0.00080910366,1.3582771,-0.010485657,0.115550116,-0.007135943,0.0034309635,0.004586263,0.1415353,0.04285224,0.018150909,-0.0025702694,-0.002300973,0.018760623,2.421546,-0.030388689,-0.07763641,0.004099918,0.014373573,-0.0054531144,0.008001759,0.0013629707,0.00049421145,0.022858104,-0.0155634405,-0.15612756,0.1869315,-0.018330924,0.0060395836,0.00059464766,-0.0027015405,-0.0003046405,-0.022626175,-0.00895073
-7.3020163,-0.6429239,-0.013082898,0.0016018136,1.1454545,-0.0028387508,-0.079946294,0.0042662546,-0.031708952,0.0032339506,-0.023671374,-0.08485708,8.937558e-06,0.004690086,-0.0022930908,-0.008891659,-1.1364983,-0.029050533,0.078658395,0.00064518984,0.00082813005,0.022858746,0.00033240637,0.0009379345,0.0028001699,-0.010578464,0.007862402,-0.09870283,-0.13690932,-0.003476207,0.0022637742,0.0023881437,-0.0016106773,0.00081539655,0.011513229,-0.0023955437
0.54347664,0.8844308,-0.019943902,-0.0003467569,1.2739064,0.0023601558,0.09345137,-0.012611219,0.013230937,0.0045596226,-0.05199938,-0.2901473,0.005267447,-0.010323733,0.007964185,0.03451372,0.095304355,-0.046173543,-0.08481109,-0.0021958556,0.0076733027,0.0234385,-0.01656689,0.00055948045,-0.008075054,0.004301467,-0.01609928,0.092096925,-0.15121238,0.0010005336,-0.033946183,0.00070722605,-0.00094841863,-0.00089293916,-0.010696852,0.010673398
-7.3158784,-0.6375427,-0.015649334,0.00030298764,0.8088098,-0.0019628366,-0.055592716,0.0013511479,-0.033416644,0.0032279084,0.015480842,-0.07900727,-0.0057274746,0.00020562379,-0.0002446059,-0.0026336487,-1.1673288,-0.029773232,0.088727646,8.117793e-05,0.0007939886,-0.057415336,-0.00427333,0.0007552586,0.001112529,0.000889029,-0.0088411365,-0.13374148,-0.14083292,-0.006656056,0.0007093848,0.0032844618,-0.0025594737,0.0015637219,-0.0081833,0.0028468105
24.696716,1.3828093,0.11604086,0.02260826,1.102296,0.00840575,0.10980327,0.009655855,0.047749486,0.0047392407,0.08109717,0.30049017,0.060230162,-0.002853227,0.002932775,0.08221128,4.249615,0.03440299,-0.077012785,0.040068414,0.016720643,-0.020217014,-0.00014501627,0.007712489,-0.033786267,0.018141264,0.007030459,0.5327636,0.5668216,-0.002623139,-0.025524896,0.009075088,0.04714971,-0.001216436,-0.001445664,-0.047501773
-7.250454,-0.6372293,0.007240524,0.0019881094,-0.5934974,0.002742771,-0.06852411,-0.0036859359,0.0028609696,0.0021321927,-0.019734114,-0.08543031,-0.004349995,-0.0026761547,0.00045929788,-0.0013005107,-1.3237696,-0.034155924,0.08290576,-0.00020348052,0.0019706315,0.06962587,0.0012149349,-0.0016202091,0.0026052312,0.005138022,0.007500981,-0.3247812,-0.1546645,-0.00642201,0.008499017,0.0017646988,0.010183311,0.00031813272,-0.012025216,-0.00068883155
-7.3311152,-0.6607355,-0.0028840452,-0.0009010388,-1.177024,-0.000108128814,-0.13135248,-0.0008559938,-0.03565541,0.0028318646,-0.005249469,-0.07990379,-0.0011579213,0.005717786,0.00019319805,-0.0029659746,-1.2667611,-0.03449816,0.08112316,0.0034875772,4.3608088e-05,0.07350307,-0.0032214166,0.001582559,0.0012186283,-0.002337818,0.0056681545,-0.46042284,-0.15881132,-0.004492836,0.0028161667,0.0018507524,0.00067166507,0.0028725162,0.0012119638,0.002155636
-7.3288736,-0.6043434,-0.0309291,0.0002550538,0.39620474,-0.0054060044,-0.11917288,-0.0049702977,0.0033562835,0.0016161057,-0.022812583,-0.070354566,-0.001681353,-0.0046697427,0.00035639963,-0.0011484057,-1.2385199,-0.03783102,0.08509504,-0.0033868356,-0.0077966005,-0.02279519,0.0037863217,-0.00096568826,0.0022535152,0.0012234221,0.0022376678,-0.10559012,-0.14185938,-0.004238257,0.0026039123,0.0015349903,-0.0029524625,0.0024885247,0.0057920385,-0.0016730643
0.37736428,0.43384993,0.009320308,-0.005077129,-1.7230985,0.0016964147,-0.13506311,0.0023888883,0.009559678,0.0025766552,-0.056089368,-0.20192139,0.0017319622,0.0026547979,-0.00014054214,0.046592303,0.4082039,-0.011198144,-0.05162165,0.0021827915,0.00157833,0.04497895,0.0027895058,0.0031045976,-0.004992563,-0.010362278,0.0015146816,-0.034547955,-0.0985404,0.00070649985,-0.0057738526,-0.00017562041,-0.0030079938,0.00093990983,0.009428155,-0.00023677532
8.901673,1.0023109,0.002399143,-0.001552198,1.3184757,0.022349799,0.115520105,-0.0080771325,0.0042963275,0.0023705864,0.015177641,-0.22893497,-0.032619838,-0.004195351,0.00016608945,0.048278037,1.9040666,-0.04730325,0.172693,0.005962003,0.007902502,0.024834812,0.0025041609,0.0033647928,-0.0016958476,0.008089035,-0.006126228,0.54919213,0.07799495,0.023650004,-0.024086855,0.005335628,-0.0037254826,0.0017447578,-0.01371669,0.010768719
-7.308094,-0.65407,0.0050150985,-0.0025548101,1.2155944,-0.00081491406,-0.091231346,0.0069557345,-0.010256491,0.0029491188,-0.005637729,-0.08189758,-0.0013774838,0.006332642,0.0006670427,-0.0047844946,-1.1926448,-0.024633348,0.08991428,0.0006254321,-0.0003964422,-0.03129789,-0.003966983,0.002001454,0.0025585294,-0.0004001331,0.007675202,-0.09573215,-0.13579355,-0.0069370326,-0.0072271232,0.0009846222,-0.0022958543,0.00037548563,-0.0039563198,0.00021995262
-3.1300294,-0.03877063,0.018755568,-0.00796361,-1.7544595,0.007605808,-0.20581086,0.027274307,-0.037334796,0.0039013724,0.020659745,-0.07796454,0.010156694,0.006536341,-0.0043744473,0.00957124,-1.1664081,0.03932658,0.17050028,0.0075197923,0.0147286635,0.0012764398,-0.0062932665,-0.0017411504,0.053193938,-0.0005986312,0.0142809935,-0.2712414,-0.18325375,-0.0070739663,0.0046517327,0.009016056,0.00421783,0.02189455,0.007095531,-0.0014686214
-7.3373966,-0.59147674,-0.033015985,-0.00063317775,0.2423864,-0.002208851,-0.13833302,-0.004121696,-0.003797263,0.0022318107,0.013309955,-0.067754835,-0.0037224311,-0.0026308668,0.001375581,-0.0030929437,-1.2437744,-0.042893067,0.078653745,-0.0049232547,-0.007974488,0.059439544,-0.0027390064,0.0015199365,0.0010275573,0.0049496028,-0.00818195,-0.32530954,-0.1445499,-0.0057024453,-0.0060883136,0.0015498382,-0.0010691152,0.00019063553,-0.007353569,0.0034958832
-7.3593645,-0.66312766,-0.006725608,0.0019484301,1.2039554,-0.0018308562,-0.0263018,0.0065256692,-0.038055666,-0.009932432,0.013056205,-0.077517204,-0.00078793586,0.009487475,-0.00011310844,-0.0038553006,-1.1586177,-0.02169233,0.089701734,0.0030001204,0.0012153999,-0.021606984,0.008686812,0.0012801299,0.007201327,-0.010079534,0.0052745254,-0.10918556,-0.14088885,-0.007732145,-0.001180356,0.0014765057,-0.0023409787,0.0013185185,0.0103434725,0.000929795
-7.314931,-0.6332346,-0.0034261094,-0.0010622339,1.2104409,-0.0014705538,-0.052263442,-0.0028147837,-0.0074089835,0.0027221558,0.014875149,-0.080425434,-0.007939669,5.6672867e-05,-0.00074467476,-0.004479046,-1.2046207,-0.024330841,0.08713398,0.0026187617,0.00016922478,-0.022511201,-0.0044882414,0.0006283013,0.0024512685,0.0017547031,-0.0099685155,-0.11552178,-0.13930127,-0.0067688357,-0.0071021514,0.0012409221,6.840298e-05,0.000660531,0.0030152553,0.0010064845
20.753193,1.1141063,0.061382394,-0.008459025,-0.47047544,0.010137198,0.12732068,0.006678858,-0.002504977,0.0043727723,0.13771701,0.31620982,0.04959276,-0.0016924033,-0.0039396556,0.066041335,3.9681036,0.020332847,-0.019658273,0.0065916246,0.02058657,0.033295993,0.005071284,-0.004468081,-0.004590279,0.016795337,0.011573976,0.3846408,0.36518103,-0.00491011,-0.00794412,0.0041924086,0.008986942,0.0029999807,-0.022611529,-0.0042354777
11.981482,1.2357471,0.007360573,0.0052990844,-1.8302664,-0.014242553,-0.28659633,-0.0058323513,0.014098939,0.00426433,-0.0049749003,0.39586133,-0.012258705,-0.0049965903,0.0006470709,0.06752848,2.8225167,-0.057158064,-0.08042622,0.024266297,0.0135834925,0.007717578,0.0025901496,-0.0002936831,-0.018559672,0.013107975,-0.012197902,-0.00080684136,0.2903238,0.0024845686,-0.047823973,-0.0074348687,-0.0057512904,-0.004899463,-0.03128399,0.007867028
18.861645,1.2026111,0.05308543,-0.0035696551,-1.2864904,-0.012724241,-0.065093584,0.004281513,0.037767116,0.0028018847,0.053604145,0.24454774,0.013591043,-0.000944189,0.0019992236,0.07284851,3.7720573,-0.0019039992,-0.07624088,0.020779235,0.014546088,0.020993384,0.001436357,0.002092811,-0.00039700593,0.014232014,-0.019150583,0.016651612,0.525388,-0.006385831,0.0041877604,0.0018528908,-0.008389344,-0.003236772,-0.029070932,0.0061390246
11.825992,0.5183979,0.05431982,-0.0066281236,-1.5525944,-0.002990864,-0.1879192,0.016632786,0.00035727926,0.0028960383,0.09241713,0.2869411,-0.005141787,0.015384213,-0.0019808786,0.021935208,2.62554,0.054918684,-0.007662896,0.0073829917,0.024908977,0.05856475,0.0051270253,0.0028931734,0.0037184912,-0.015589718,0.007432517,-0.124476254,0.17991495,-0.008824195,0.004816665,0.0025881035,0.0028006572,-0.0030329197,0.043509793,-0.0077935513
17.319029,1.0544208,0.18407652,-0.006670552,-1.1839786,-0.026448285,-0.21008585,0.00701505,0.007335594,0.0031893738,0.075383864,0.40799102,-0.007205672,0.015165806,0.0049807583,0.07320638,3.271057,-0.13044326,0.05220163,0.026390117,0.0035794342,0.012579413,-0.012521638,0.0032656207,0.0011306386,0.123166405,-0.004777966,0.05093824,0.27332827,0.0027373065,0.0149657335,0.014904642,-0.04528061,-0.0063351463,-0.04747756,0.012366233
-5.9843035,0.103617296,-0.0036204325,0.0002421679,-0.5605286,-0.0035369145,0.023981543,-0.0073099453,0.0059158187,0.002113184,-0.044764563,-0.09945952,0.0029878234,-0.006034166,0.00058936555,-0.013093883,-1.281557,-0.05657831,0.043052774,0.0017933093,0.0029652822,0.06793341,0.006780651,0.0030099312,-0.0020377173,0.0020640388,0.0045767203,-0.098295,-0.19063976,-0.005483013,0.00020963028,-0.0010778005,-1.4577481e-05,0.00082340563,-0.013633594,-0.0009483271
-7.307049,-0.63516957,-0.01857672,-0.00011557188,1.2114643,-0.0020393247,-0.068697535,-0.0010957017,-0.004065073,0.0028250983,0.014687149,-0.08281356,0.0032642442,0.0003493034,-0.00019276982,-0.0037853594,-1.1864593,-0.02483004,0.084087245,0.0010127713,-0.0009180296,-0.03031842,-0.004651171,0.00055921584,0.0015164211,-0.008928105,0.0035788403,-0.09970428,-0.14316745,-0.0065962276,-0.007617296,0.0034557418,-0.003010595,0.0010305028,0.007375115,0.001093251
8.7865305,-0.11747522,0.06784773,0.0011753334,1.3624984,0.008699863,0.16531672,0.0177351,-0.019032199,-0.0064621586,0.13101344,0.26732153,-0.0052074585,0.016258823,-0.004155304,0.021408249,2.4306328,0.005600593,0.015438054,0.012337249,0.013861885,-0.0048521957,-0.0029667802,-0.005053946,0.0011960596,-0.027387626,-0.000801615,-0.12492948,0.22301373,-0.008443789,0.031564005,-0.0022328645,-0.005970935,0.0050065834,0.054400407,-0.009470749
8.812325,1.1878898,0.043065865,0.006347374,-1.4468431,-0.02523632,-0.10983419,-0.020420846,0.0019064925,0.0031397354,-0.0154091325,0.32684776,-0.02047461,-0.0047855913,0.0012234927,0.059982195,2.5638337,-0.042777773,-0.0912052,0.01854595,0.031168867,0.037237927,0.011119936,-0.0010659408,-0.0039319363,0.009604356,-0.014316876,0.04626234,0.29013565,-0.0019949563,-0.046291254,0.010866466,-0.0011050855,-0.006852176,-0.025613254,0.009358942
-4.045423,0.36246017,-0.049156696,0.0015589565,-0.20822002,-0.0014496903,-0.102727614,-0.02338706,0.033754937,0.0047587734,0.021969875,-0.16319486,0.0043304563,-0.0017633688,0.0013432644,-0.030831574,-0.506178,-0.033423077,-0.032957923,-0.004013623,0.003612128,0.05464936,0.0010788526,0.021320986,-0.010099889,0.007033198,-0.010370359,-0.40282232,-0.18117648,-0.0045870296,-0.00839877,0.0048883394,-0.008391686,-0.0009730303,-0.014110256,-0.0011221219
-7.3077655,-0.6406646,-0.0177678,0.00025309797,-1.9379604,-0.0019356961,-0.15508077,-0.0045284713,0.007083807,0.002396275,0.012979848,-0.07810701,-0.004157823,-0.001706035,0.00013465894,-0.0033681593,-1.3450383,-0.04343069,0.08538748,0.00051391363,-0.00081862253,0.045627017,0.00034532274,-0.0011501666,0.002535175,0.005533411,-0.008805382,-0.46959257,-0.15151,-0.0053365785,-0.0049090087,0.0034828174,0.005359638,-0.00029966357,-0.008462849,0.0030295732
-7.096794,-0.65634245,-0.019294672,0.0083039105,-2.2984931,-0.0009002459,-0.121947646,0.009773441,-0.040016044,-0.010401758,-0.021420764,-0.08483004,-0.0062227612,0.0006053156,0.0007791184,-0.0020216438,-0.7270082,-0.021913206,0.04663304,0.0020964274,0.004123017,-0.105507836,0.002528551,0.0012093249,0.023145948,-0.0024058465,0.0024509528,-0.12832972,-0.14957315,-0.0032772508,0.0026667975,0.0010599865,-0.0047273417,-7.960609e-05,0.016876267,-0.0013390556
1.8107791,0.9014873,0.033153772,-0.00031686254,1.2727706,0.0058205333,0.10160996,-0.0052400916,0.032107968,0.0024920937,-0.06276817,-0.29381016,0.0055170874,-0.0037154423,-0.0032151504,0.061049882,0.088249125,-0.07935359,-0.08010141,0.0021579622,0.007927729,0.007714605,-0.013587733,0.011556267,-0.0064021223,0.0068878145,-0.018470777,0.07749064,-0.04832761,0.029083151,-0.03419483,0.0017615297,0.00033669948,0.003052193,-0.010767313,0.012354589
-7.2846055,-0.6132891,-0.025935408,-0.00082654174,1.2062486,-0.000681158,-0.06559436,-0.005267556,-0.0047837286,0.002378393,0.017970284,-0.077604756,-0.007678229,-0.0010634974,0.0006480338,-0.0056645577,-1.2050736,-0.034001764,0.08702781,0.0001419781,-0.0013019169,-0.026191263,-0.003838477,0.0015164155,0.0021738769,0.0062160534,-0.0080322595,-0.09805088,-0.13257486,-0.0062724114,-0.007436242,0.001888981,6.25e-05,0.00084000616,-0.006789775,0.0007424499
-7.2964835,-0.60675836,-0.032239918,-0.0010046377,1.2102901,0.0027002872,-0.12076914,-0.0043854318,-0.026117632,0.0034278298,0.01252543,-0.070882164,-0.0007786332,-0.004997192,0.0008060208,-0.003655765,-1.174109,-0.037630815,0.08262272,-0.0037210323,-0.0106335385,0.010092417,-0.003797509,-0.00029654804,0.006206266,0.0065424945,0.001999767,-0.11470132,-0.13760021,-0.0077259853,-0.000106214444,0.002458807,-0.0040611494,0.0013864462,-0.0070153764,0.0009863338
1.6717525,-0.8640241,-0.016333342,0.0016471087,1.3009179,-0.0028633517,0.11507601,0.008129282,-0.06491344,-0.0057729464,-0.14245495,-0.017245501,-0.011447381,0.0019080138,0.0008390584,0.0029771607,1.8752586,-0.02057068,0.013643573,0.0036983758,0.0017967576,0.0035284231,-0.00019862637,-0.0028784343,0.0044852467,-0.007510098,0.0009164648,-0.2385695,0.17113046,-0.0030395777,0.02558775,0.0021429895,0.008664179,0.0018627229,0.023861084,0.0003799894
-7.2793574,-0.59971833,-0.031864826,-0.0024147995,1.2099113,-0.0018929036,-0.11540849,-0.0028378249,-0.0031287984,0.0023109522,0.006361854,-0.07145452,-0.001531597,-0.0047305482,0.00027863693,-0.0018643446,-1.1955276,-0.0349682,0.08294409,-0.0035322744,-0.009013503,0.015598201,-0.003762883,0.00086164876,0.001794705,0.0046252944,-0.007096009,-0.10390461,-0.13814174,-0.0065224366,-0.008008611,0.0024692076,-0.0036459735,-0.0014868623,-0.010967574,0.0011066593
7.835959,-0.9879573,0.08288352,0.0044505456,1.390287,-0.02165201,0.15941668,0.015405469,0.021672197,0.005904129,-0.019330226,0.20459238,-0.0058496865,0.0064399145,-0.0009298155,0.030616375,2.9500065,-0.04803542,0.012249995,0.0057252473,-0.000630177,0.008389395,-0.0046360665,-0.0056328177,-0.005133077,-0.08294571,0.012227639,0.021347463,0.36285663,0.01272689,-0.0050046984,-0.0045713577,-0.0075406604,-0.012088351,0.049885385,0.006571448
6.1134067,0.94580746,-0.18457292,0.0037878924,0.10578007,-0.0011671681,-0.0032351124,-0.042744994,-0.047309496,0.0045142937,0.06979175,0.26642138,-0.012735819,-0.011622446,-0.00086238096,-0.023727117,2.263999,-0.024285026,-0.027202794,-0.027536428,-0.10166026,-0.069314465,0.0010786518,0.0065698,0.006509408,0.0036628814,0.010493211,-0.41926888,-0.038363684,-0.011554452,-0.013945169,-0.00091607403,0.007871043,-0.0028414077,-0.020731855,0.012570498
-7.2763133,-0.6111709,-0.022860534,-0.00025767792,1.262909,-0.0023268908,-0.045461174,-0.0039218036,0.0060201343,0.002256438,0.0133367255,-0.08164726,-0.0061693303,-0.0011913975,0.0010284621,-0.006127227,-1.2205837,-0.035992607,0.08131406,-0.00087187777,-0.0016173694,0.04137469,0.003847715,0.00016360013,0.0015345914,0.006136399,-0.009469476,-0.25767875,-0.13214004,-0.0061730775,-0.00655049,0.0027092895,0.0035956833,0.0019382369,-0.0074807117,0.00040133897
-7.2866015,-0.6036477,-0.03719086,0.00065154623,1.1973819,0.0008277964,-0.06918661,-0.006003611,-0.034197383,0.0027950422,0.01404318,-0.069866665,-0.00081475516,-0.004687177,-7.157753e-05,-0.0022380676,-1.1695409,-0.031234432,0.08243738,-0.0008590553,-0.013152854,-0.027521174,0.0027966816,0.0034110583,0.007813869,-0.001576872,0.0018204054,-0.112450026,-0.14301452,-0.006810466,-0.0015676992,0.005806794,-0.00013563187,0.0030340187,-0.0055405665,0.0022851918
-7.270564,-0.6041332,-0.03566026,-0.0009882282,1.2010477,-0.00020620768,-0.07418495,-0.0042259386,0.0063876472,0.0026232675,0.011401291,-0.07116814,-0.0073030824,-0.0023088097,0.00031845435,-0.0030349295,-1.2074169,-0.034683377,0.08607495,-0.002942076,-0.010025346,-0.02538951,-0.0055283173,-0.0009663431,9.569681e-05,0.006366626,-0.007041716,-0.09968018,-0.1395848,-0.0070604743,-0.008240215,0.0025401548,-0.002449918,0.0009663847,-0.00676884,0.00043379402
-7.316451,-0.62880945,-0.03415843,0.00019516432,-2.0834904,0.00029145228,-0.1610309,-0.0070327003,0.000415962,0.0016898116,0.017942065,-0.06800643,-0.0040508755,-0.003278945,0.0006879468,-0.0034432125,-1.346917,-0.037150342,0.080636375,-0.002681523,-0.009549254,0.023822794,0.0029995006,-5.876144e-05,0.0049886866,0.0056622573,-0.008423858,-0.4856714,-0.15248533,-0.0057615275,-0.004611,0.0032429423,0.0051330854,-0.0019224348,-0.00968122,0.0016532704
-7.295622,-0.63483846,0.008490359,-7.915382e-05,1.2031046,-0.0006095266,-0.059148088,-0.00284744,0.0028015503,0.0029091348,-0.005370714,-0.0830921,-0.00816568,0.0004757179,-6.0013248e-05,-0.0034596403,-1.2044328,-0.028693387,0.090098344,-5.5989105e-05,-0.00088444795,-0.027485998,-0.004301111,0.0009788169,0.0005315508,0.0064623863,-0.00991624,-0.089141905,-0.14317192,-0.006664496,-0.008382256,0.0003444738,-0.0021112387,0.00023866244,-0.008116875,-0.0008252496
11.827206,0.71162444,0.049525347,-0.0047305766,-0.6525385,-0.0025258847,0.08458017,0.0059183803,0.008789745,0.0035902897,-0.124932885,-0.07220489,-0.0014367187,0.016149456,0.002591914,0.05478222,2.5164177,-0.012975299,-0.0007659132,0.0043830946,0.027692601,0.04240909,0.003928278,-0.005743899,-0.011398516,-0.012287502,0.010273299,0.21366088,0.17121099,0.020125441,0.0068423804,-0.0024924597,-0.004816941,0.0015943294,-0.019786986,0.017832736
12.647751,1.2123388,-0.040959198,0.0026973344,-0.046868157,-0.023516078,0.10780088,-0.002982591,-0.015243291,0.0045843795,0.10621186,0.36781913,-0.006290607,-0.011614392,0.0019112673,0.043211833,2.7435284,-0.06210287,-0.124182746,0.017391441,-0.0029340112,0.052431308,-0.009342838,-0.005678132,-0.008697102,0.01527772,-0.01437762,-0.11456733,0.28643915,-0.0054706326,-0.0057730647,0.0020684989,-0.005627473,-0.0023805117,-0.022741986,-0.004131637
4.960095,-0.5304858,-0.12685438,0.0051779053,1.3067285,-0.0057350406,0.11442748,-0.013399095,0.021531768,0.006113738,0.029448863,0.19676866,-0.005211086,-0.009143713,-0.0011000164,0.012314807,2.568445,-0.5910829,-0.070807904,-0.013670094,-0.015447642,0.005410457,-0.027409019,-0.0061888015,-0.009167349,-0.048209973,0.009457775,-0.6446589,0.35801563,-0.001414105,0.022487527,0.007921189,0.012946404,0.004164509,0.042366333,-0.033546172
18.082619,1.3138543,-0.0255273,0.0039603035,1.2424225,0.017087255,-0.09122945,0.0033386974,0.056430254,0.0049663074,0.044008143,0.31693718,-0.059691772,-0.006249867,-0.0037241543,0.06349069,3.5013711,-0.039734382,-0.09955592,0.0044635497,0.016732369,-0.012278701,-0.006599114,-0.0003679423,-0.0064217085,0.025415352,-0.005511316,0.34852532,0.42281088,0.00575471,-0.013450365,0.00063436734,-0.0020336788,0.007902232,-0.02259989,0.009211677
-7.287794,-0.6225244,-0.03108812,0.00073882786,-1.9170716,-0.0019487384,-0.13962674,-0.0053218124,-0.0015672409,0.0018760122,0.0060961074,-0.07299444,-0.0033114785,-0.003396641,-0.0013753078,-0.0021786154,-1.335492,-0.038102496,0.082238406,-0.0040467368,-0.003701896,0.05112882,0.0013801268,0.0009250976,0.0012981029,0.005269082,-0.007635769,-0.431876,-0.1578919,-0.0063780257,-0.0036790685,0.0015284809,0.0033454902,-0.0014514751,-0.008957461,0.0016697947
-7.3016872,-0.6462754,-0.0027014818,0.0012941443,1.2089797,-0.0029672915,-0.079598755,0.0049057,-0.014333587,0.0022509748,0.012343724,-0.08004431,-0.00024847814,0.005246814,-1.0478832e-05,-0.0037012978,-1.1817768,-0.027121516,0.0840218,0.0017209532,0.0003715205,-0.02831005,-0.0032595494,0.00041413048,0.0065629664,-0.010822987,0.0043315026,-0.101309024,-0.14452545,-0.0053471164,-0.005773439,0.000723942,0.0003361665,0.001651728,0.0021802562,0.0016330561
-7.298984,-0.64129865,0.012115944,-0.0006957396,1.2046201,-0.0027387026,-0.070702635,0.004090952,0.012955538,0.0034414723,0.013226184,-0.08376757,0.00396175,-0.00021712483,0.0004082776,-0.005468213,-1.2247466,-0.031533413,0.09114469,0.00026501986,0.0031995506,-0.025790462,-0.003057166,0.0028227048,-0.0050773127,0.007083514,-0.009363234,-0.09840177,-0.13626777,-0.0064018634,-0.006647642,-0.00023587077,-0.0018210948,-0.0005610334,-0.0071045407,-0.00014802397
-7.3161435,-0.61072993,-0.02938395,-0.0023825695,1.2011179,-0.0026638268,-0.024538165,-0.0032165735,-0.005813135,0.0034332408,0.012669173,-0.07372259,-0.0015567322,-0.004979321,-0.00031443263,-0.0041048476,-1.2077639,-0.035465933,0.08657978,-0.004305792,-0.0067693563,-0.025522398,-0.0044202115,0.0009052497,0.0027248275,0.006883689,-0.007655589,-0.09694377,-0.13038081,-0.0070744427,-0.008470454,0.0007679736,-0.00085162517,-0.0011876887,-0.0011388193,0.0021332577
8.545121,0.56727153,0.045256574,-0.0016048445,0.9541508,4.234643e-05,0.111228466,0.051567182,-0.0045985677,0.003959269,-0.13702105,-0.31080645,-0.0045163096,0.021252446,0.0022956985,0.042712994,1.9470152,-0.03683903,-0.04507719,0.0067623057,0.0042481883,-0.02075216,-0.01017735,0.00060081726,0.0010987283,-0.025104044,0.011130728,-0.0141998045,0.26225725,0.033281412,0.005621192,-0.0023980555,-0.006524756,-0.00032209337,0.018388646,0.023066578
-7.2793107,-0.61219746,-0.031331293,-0.0013643801,1.2065126,-0.00046416506,-0.07535064,-0.003612775,0.005307208,0.0031911754,0.01312929,-0.07543104,0.0033567057,-0.0024004844,0.0010445556,-0.005497839,-1.2054315,-0.035929427,0.08512196,-0.004108615,-0.0068405075,-0.02717895,0.0035800484,0.0008150608,0.00073426735,0.006269748,-0.007789261,-0.102018595,-0.13272966,-0.0059581962,-0.00799242,0.0033999614,-0.0015004756,0.0016423697,-0.0069111045,0.0011631472
-7.2811475,-0.60938853,-0.023449013,3.2629123e-07,1.212245,-0.0009043496,-0.080393896,-0.0045281947,0.0031468908,0.002925651,-0.023533538,-0.08077104,-0.00072645175,-0.0056069037,6.913355e-05,-0.0055702915,-1.268631,-0.009440219,0.083128124,-0.00035352467,-0.001634447,-0.029819073,-0.0008490056,0.0013023395,-0.00056608935,0.0060050767,0.007977618,-0.05329491,-0.14320002,-0.0040306007,-0.00021712905,0.001955526,-0.0016399154,-0.0006875619,-0.007421468,-0.0058212727
-7.3109484,-0.6477283,-0.0032790513,6.172634e-05,1.2025008,-0.0005345914,-0.07367596,-0.0021254062,-0.034282267,0.0030365894,0.013163918,-0.08265282,-0.00022670318,0.0052739806,-0.00075033563,-0.0026747799,-1.1704051,-0.024469268,0.08790034,0.0033877133,0.0011104541,-0.02661303,-0.0040416433,0.0020477166,0.007947497,-0.00048027912,0.007105707,-0.111323304,-0.13569823,-0.006771974,-0.00093149464,0.0010413035,-0.0034364066,0.0011777111,0.0070507578,0.0007727057
-7.4002166,-0.6659833,-0.018302672,0.0023918955,-2.2725992,-0.0012269614,-0.04052006,0.006926378,-0.0338669,0.00040433113,0.01291702,-0.08379483,-0.0007823668,0.003833601,-0.00030338438,-0.0025531491,-1.2940902,-0.02177074,0.085055076,0.00076114124,-0.0012854151,0.0075434106,-0.004666637,0.006940683,0.009381157,-0.010080381,0.00419496,-0.40417895,-0.15636402,-0.008808781,-0.00031023868,0.0017352969,-0.0013016226,0.001164465,0.0145075815,0.0005727568
-7.267435,-0.6436638,0.0028195526,-0.00015023166,-0.45535055,-0.00090554915,-0.062936075,-0.0018009322,0.0035909712,0.0026446593,-0.0052416013,-0.08035496,-0.0044522155,0.0012368418,0.0013719153,-0.004291256,-1.2953862,-0.03658131,0.08405385,0.0008337233,-0.00037745046,0.050176173,0.0044953716,-0.0006158671,0.0014818885,0.005750946,-0.010268115,-0.3181632,-0.13455646,-0.0062855813,-0.006657493,0.0011652943,-0.0026580761,0.00034169012,-0.006211133,-0.0013372172
15.037092,1.096138,0.00046561047,-0.001954768,-1.5761443,-0.0171569,-0.34506375,-0.0044630393,-0.011599539,0.004065503,0.021931652,0.2426118,0.052425902,-0.006565701,0.000808494,0.17312051,2.8150923,-0.084376864,-0.05529568,-0.00044214568,0.019065447,0.031430043,-0.007715063,0.00044259094,0.004077228,-0.029821422,-0.004894838,0.40746212,0.2976809,0.0076897396,-0.011778866,-0.014446534,0.0036620698,-0.001868958,-0.00741319,0.0061051203
-7.435667,-0.6365269,-0.006494172,0.0011349341,1.197341,-6.6351568e-06,-0.042767756,-0.0018364956,0.004101723,0.003112539,0.01460855,-0.0862458,0.0038041845,-0.0011625614,0.00047218747,-0.0015278669,-1.2185653,-0.020681486,0.09324968,0.0022506793,0.000101113816,-0.02062778,0.0011466081,0.0027051105,6.840522e-05,0.006209117,-0.00975237,-0.11255831,-0.12918027,-0.0077888095,-0.008434998,0.0014590012,-0.0010535483,0.0012023239,-0.011538621,0.000600275
-7.304383,-0.6884286,0.005727782,4.5197598e-05,-1.364674,0.0036007306,-0.09412785,0.0036653476,0.0086478125,0.0030257192,-0.02195665,-0.08333283,-0.0016538906,0.0062517216,-0.00014965913,-0.0020292322,-1.3061846,-0.03541156,0.092572294,0.00018083671,-0.00080058374,-0.15288718,-0.0061975564,-0.0001286452,-0.0009261963,-0.0037939544,0.0067315656,-0.090384476,-0.1638485,-0.0076314127,0.0022018775,-0.0015335621,-0.0037490996,-0.00040877712,-0.0059862114,-0.0050738896
-6.294118,-1.3729349,-0.03149566,0.00014443052,1.2389866,-0.01034673,-0.011561619,0.012891285,-0.17362808,-0.079325534,0.033936825,-0.15394379,-0.010469929,0.0019874317,0.0021149388,-0.018698042,1.427869,-0.0412441,-0.011548822,-0.00207473,-0.018138159,0.057592493,-0.02147537,0.012099652,-0.0024682328,-0.018256217,-0.011534146,-1.0486575,0.07923019,-0.01053056,-0.02999741,0.0009032177,-0.006481342,-0.00081911753,0.010506724,0.00354102
-7.271876,-0.6065661,-0.025787657,-0.0023293237,1.2014906,0.00084695034,-0.07601258,-0.003973541,0.00180237,0.0028282148,-0.0059827794,-0.07777319,-0.001977144,-0.004541876,0.00013747082,-0.0036741553,-1.1967413,-0.032407388,0.08354665,-0.000835358,-0.0045672553,-0.03246312,-0.0038357612,-0.0006635534,0.0021167467,0.0052033346,-0.0076002013,-0.09066613,-0.13925834,-0.007200951,-0.007303806,0.0020046772,-1.9182022e-05,0.0010499988,-0.007445294,0.0012899294
-7.3469195,-0.6084077,-0.03868814,0.0024018805,1.2052599,-0.0018103402,-0.02448782,-0.0038292203,-0.03388993,0.0029412187,0.015044,-0.07063446,-0.0008383262,-0.004747418,-9.356276e-06,-0.0029536486,-1.1456956,-0.031607594,0.088755906,-0.0036205002,-0.012135327,-0.041212108,0.009575943,0.0040635234,0.0069930595,-0.009259786,0.0043617245,-0.11531275,-0.13710506,-0.00807462,0.00015193557,0.0049782037,-7.312899e-05,0.003568903,0.013134754,0.002666803
-0.67055154,0.8045947,-0.030058771,-0.001045178,1.2585384,0.0029615588,0.036777608,-0.01272993,0.013237073,0.004415643,-0.06323731,-0.2098445,-0.013136777,-0.010737567,0.0020454284,0.02520036,-0.05462872,-0.029557353,-0.0746674,0.00021822398,0.0037920147,0.018027406,-0.012522332,0.0031441886,-0.00720299,0.00547013,-0.044617023,0.011936559,-0.13017175,0.0003840442,-0.032777373,0.0021390426,0.005061915,-0.0019730146,-0.013988092,0.00722951
-3.3396578,-0.7092595,0.008943251,0.00027518478,1.2189332,0.003731396,0.09816706,0.00035353217,-0.088527605,0.007526966,0.025653804,-0.07143224,-0.0024427816,0.004753391,-0.0003755218,-0.01363695,0.19451517,-0.15384097,0.017938592,0.003298738,-0.0013484906,-0.00406445,0.007398631,0.002961029,0.008939647,-0.007969976,0.004795044,-0.2607384,-0.11722095,0.014395476,-0.024516175,0.0055036913,-0.0046174624,0.004674062,0.018904787,0.0077623283
-7.2371964,-0.6224718,0.020068072,-0.0017523112,1.2244806,0.0011446846,-0.02067344,0.0013677973,0.018964654,0.0037787813,-0.026903357,-0.085056275,0.004356604,-0.001347287,0.005970608,-0.0029120336,-1.2627269,-0.01371836,0.09832736,-0.0024865812,0.0065532355,-0.0278801,-0.0069212723,0.005825288,-0.027891478,0.006702246,-0.0029224954,-0.047343515,-0.14130722,-0.0040963534,-0.0044158557,0.0018307755,-0.0018139632,-0.002166009,-0.006585249,0.008172235
5.5094275,0.1861311,0.02456128,0.00046703767,-1.8723804,0.00089791627,-0.17374817,0.026720785,0.018510502,0.0027431995,0.06081007,0.010537915,-0.004419262,0.014700672,-0.0042749355,-0.014469654,2.1991832,-0.049680065,-0.05363203,0.00910025,0.021232847,0.0007918595,0.0008051217,-0.0035578725,0.003089073,-0.0065246257,0.007474628,-0.49237198,0.14121103,-0.01124795,0.0232612,0.00428012,-0.041106988,-0.00059137325,0.019213285,-0.0082321735
-7.319604,-0.6428547,-0.019444834,0.000401826,-2.1591845,-0.0042983294,-0.1633548,-0.0038453622,-0.0023365517,0.0019106752,0.014159438,-0.080688715,-0.004488868,-0.0016510135,-0.00031007442,-0.0019925677,-1.3514531,-0.03453534,0.0841193,0.0002351444,-0.0015254362,0.032893844,0.0019050725,0.0018012249,0.0009580358,0.006083096,-0.002235356,-0.4855397,-0.15948784,-0.0066914377,-0.0044341763,0.0016585349,0.0003490925,-0.0017316185,-0.0102263205,0.007484977
19.240534,1.2447257,0.053745914,-0.0023524777,1.1703433,-0.013104395,0.13466299,0.02160783,-0.0023551201,0.003721341,0.09063523,0.29853013,-0.07042458,-0.00088004407,-0.000854764,0.08013572,3.745741,-0.019776115,-0.04941645,-0.00027031315,0.020325942,-0.0034611293,-0.006098908,-0.0009911428,0.0035199183,0.015974611,0.015579751,0.46414334,0.51763964,0.00764026,-0.030082392,-0.0011720115,-0.0025049187,-0.0022072901,-0.023727205,0.0019454928
-7.250473,-0.6420448,0.0008256178,-0.0033023907,-0.69553196,-0.0013016522,-0.1373897,0.0001774054,0.00019395797,0.0031887174,0.013633565,-0.082729965,-0.0043737744,0.0009045795,-0.0027281628,-0.003137387,-1.3207006,-0.032009948,0.08426975,0.0014853791,0.0009843232,0.06312534,0.0026039828,-0.00053028594,0.0023151946,0.001620408,0.0060435357,-0.40336907,-0.14882195,-0.0054720757,-0.0047317985,0.0003216011,0.0082703335,-0.0005911441,0.00095145224,-0.00019232453
11.831167,1.1182464,0.051270925,-0.0011711571,1.3487871,0.01626643,0.16463096,0.016504154,0.010755391,0.0046194065,-0.197968,-0.01546327,-0.044241708,-0.0030206754,0.0045602103,0.19860393,2.6964788,-0.10539372,-0.13393533,0.0016829923,0.014044837,-0.021019533,-0.004560139,0.0014993652,-0.004896077,0.024282984,-0.0035134822,0.5087971,0.27423754,0.011599272,-0.029610045,0.0014399685,-0.003278573,-0.0005074417,-0.025727237,0.010286541
13.802039,1.282613,-0.053182147,0.0022517047,1.3093265,-0.00025465086,0.14781384,-0.008857802,-0.03014968,0.0039108302,0.031043341,0.42403877,-0.034339648,-0.007148412,-0.0015959542,0.073778465,2.635196,-0.05886303,-0.11635349,0.0026640587,-0.0031428013,-0.013804052,-0.0030198395,-0.0040940135,-0.0021953022,0.007148389,-0.00082536653,0.220128,0.21541347,0.002270974,-0.028748218,-0.00090824673,-0.004760525,-0.0037450215,-0.022952085,-0.0007561119
3.5868442,0.4802326,0.017473321,-0.0008868159,0.84235424,-0.016576236,0.0254318,0.0042177127,-0.11979506,0.0014899593,0.02532382,-0.25094995,-0.0041347495,0.017979259,0.0011864502,-0.025318496,1.2217784,-0.0024288264,-0.047524653,0.0021185558,0.00743011,0.052886654,0.0073922873,0.00060997397,-0.0009414485,-0.008191809,-0.022599997,-0.4952285,0.01563093,-6.631535e-05,0.018285682,0.0034474654,0.009790792,-0.0017927233,0.012859235,-0.007599344
-7.2898064,-0.6121308,-0.025241999,-0.00073334185,1.2027105,-0.0003988067,-0.054688964,-0.004746561,0.0058966205,0.0027675643,-0.020175885,-0.07828498,-0.006883939,-0.0022765782,-0.0006368684,-0.00479392,-1.2245442,-0.031115238,0.08608197,-0.0004551653,-0.0012621232,-0.025680158,-0.0027020336,0.0024620735,-0.00077344984,0.0062795025,-0.008225639,-0.07196271,-0.13305345,-0.0069411546,0.005988432,0.002246117,-0.0018402868,0.00096936605,-0.007478788,6.932055e-05
6.5931396,-0.31099135,0.03602932,0.004471791,1.3037761,-0.0035668975,0.11559362,0.015536279,-0.001095314,0.006032009,-0.17612414,0.04937805,-0.0021172264,0.008730097,-0.0032309424,0.018333826,2.470367,0.0051832637,0.005384609,0.012722718,0.010005999,0.021237127,0.00395136,-0.004730005,-0.0021762843,-0.025715731,0.0107826255,-0.046448395,0.29089418,-0.00068654696,0.033479106,-0.0014933498,0.007421627,-0.002886337,0.043340445,0.0039760545
-7.337118,-0.65956473,0.004920289,-0.0019880536,-2.0349724,0.00056745915,-0.15170857,-0.0020500962,-0.0026637937,0.0028699397,-0.0043935734,-0.08107542,0.0035970323,0.0014842949,0.0004491024,-0.0021974922,-1.3446625,-0.03271352,0.08437941,-1.2653298e-05,-0.0005748764,0.04565931,0.0015849504,0.0007241941,-0.0010085172,0.0030508544,-0.0068826396,-0.4660192,-0.15140721,-0.0046492117,-0.0033173854,-0.0013332193,-0.0017680805,-0.0016530888,-0.009270346,0.00038115255
-7.272148,-0.6059102,-0.024786234,-0.000471129,1.2972285,-0.0021853233,-0.044630527,-0.004538293,0.0063948007,0.0022513622,0.013469071,-0.08195427,-0.005559421,-0.0010392291,-0.0012674204,-0.0056855255,-1.219744,-0.03501138,0.08039453,-0.0015199693,-0.002187681,0.046963084,-0.0038234324,-0.0009305264,0.0012262001,0.006310552,-0.009333163,-0.28671002,-0.13163038,-0.0064912676,-0.0065620607,0.0018876734,0.0038324676,0.00088262704,-0.007373535,0.0008310771
-7.292686,-0.61605287,-0.023082998,-0.0008492941,1.2139379,-0.0007661098,-0.089187466,-0.004188547,-0.00020464357,0.0032729944,0.0131668355,-0.080580324,0.003071682,-0.0025890802,0.00087123143,-0.0052435487,-1.2102737,-0.034491632,0.08664762,1.892249e-05,-0.0019569455,-0.024430891,-0.005976849,0.0018967958,-0.0013813189,0.0065844865,-0.008229295,-0.106571354,-0.13155602,-0.007116004,-0.007705496,0.001441318,-0.0018867371,-0.0008752738,-0.0072135027,0.00035972253
2.3925836,0.75904846,0.034220826,0.0008629753,1.3036547,-0.0017423858,0.124983914,0.0096427705,0.027522182,0.0029634705,-0.061768513,-0.3120839,0.00514156,-0.0025136531,0.009135691,0.04328452,0.1452689,-0.0394642,-0.07207162,-0.014440802,0.005348336,0.006493464,-0.00833489,0.016665928,-0.029283036,0.0036833,-0.013580056,0.064408034,0.15187542,0.025980718,-0.0348601,-0.010370447,0.007243583,0.0014987873,-0.011046713,0.014961434
-7.2751923,-0.59613854,-0.034346916,-0.0010440956,1.1988872,-0.0017437346,-0.0708143,-0.0042541083,-0.036266785,0.0035121005,-0.020265874,-0.071804844,-0.001520369,-0.004637101,0.0023896003,-0.0036923084,-1.1691259,-0.03422651,0.08124745,-0.003595977,-0.0107360175,-0.024005132,0.003191977,0.0014984905,0.004492579,0.005987685,-0.0056063067,-0.09379777,-0.13359176,-0.0044163936,0.006443221,0.002722861,-0.0035469898,0.0011021539,-0.0072288876,0.0009894096
-7.3132453,-0.5985587,-0.03743032,-0.0018715541,-0.036825854,0.0011216248,-0.09691253,-0.0045697214,-0.02877811,0.0030952417,0.012581286,-0.06897206,-0.0023494842,-0.005265744,0.00045314446,-0.0017438841,-1.2199765,-0.044675674,0.07702356,-0.0026175543,-0.0102629075,0.049163587,0.003280061,0.003234082,0.00644864,0.0052842824,0.0021382219,-0.2858686,-0.13998356,-0.0054133856,0.0016448807,0.005095286,0.008550011,0.003513604,-0.0072525847,0.000793382
-7.3123846,-0.61120725,-0.0242982,-0.00063197466,1.2031689,-0.0008781259,-0.04003021,-0.00386181,0.003967736,0.0028109148,-0.019131342,-0.07780907,-0.0015150739,-0.0049553327,-0.00016967706,-0.004097117,-1.2010936,-0.031068968,0.089101985,-0.0013824785,-0.00425859,-0.024545446,0.0075248852,0.0020489714,-0.0017492839,0.000548044,-0.008029859,-0.08455132,-0.13032323,-0.007270359,-0.0085048545,0.0016543085,-0.002588066,-0.00021184827,-0.008628984,3.2486525e-05
-7.305702,-0.6511947,-0.0027728425,0.0012873857,0.5205224,-0.0017501112,-0.080179386,0.0070560547,-0.030248174,0.0034631093,0.011761767,-0.080872335,-0.0017996205,0.0045186556,0.0006632838,-0.0029412976,-1.2031244,-0.027568666,0.09146417,0.0014472622,1.655859e-05,-0.06398808,-0.0047316602,0.000565089,0.004737591,0.0009937924,0.007359755,-0.10630019,-0.14120512,-0.006667167,0.0014732311,0.00087508827,-0.0029130606,0.00060960714,0.0078080795,0.0012327647
-7.282952,-0.601995,-0.03660512,-0.0014328699,-0.29956493,-0.00021223382,-0.084622785,-0.0035957638,-0.025064602,0.003149551,0.015652312,-0.06798471,-0.0044448655,-0.0028036656,0.0003465108,-0.002233724,-1.2551386,-0.04294087,0.07914268,-0.00284896,-0.009125514,0.03734285,0.0039772145,0.0006855437,0.0005531013,0.0052728136,-0.0074762716,-0.28084728,-0.14244308,-0.006944853,4.8008544e-05,0.00488237,-0.002763323,-0.0011885738,-0.0068364814,0.0009332542
1.3859875,0.9535878,0.05407835,0.0058585424,-1.5097965,-0.0027889716,-0.2309142,0.008129651,0.026317755,0.002682237,-0.0671509,-0.2815253,0.0036178734,-0.0030934995,-0.0027380162,0.08187841,0.27827802,-0.036333025,-0.07687786,-0.0006564587,0.002420487,-0.0029309562,0.0013719585,0.0044112685,-0.0051574837,0.004399764,0.020600595,-0.02167257,-0.15256408,0.016578685,-0.027848812,-0.0013077143,0.009252813,-0.00446963,-0.015012943,0.006865541
4.2100387,0.8620882,-0.07458096,0.0014535647,0.053272035,-0.0042805425,-0.088828154,-0.025461737,0.05016899,0.0035888255,0.074552484,-0.08515378,-0.01629123,0.00074719934,0.0010395708,-0.01800581,1.925448,-0.029766668,-0.07721253,-0.027558446,-0.002530621,-0.022066372,0.010123913,0.0040408657,0.0026188346,0.0037273606,-0.017602952,-0.6087129,0.016260965,-0.008940537,0.0021147535,-0.00166826,0.009198042,0.0013830779,-0.017942468,-0.0014874877
3.4495168,0.82897633,0.035332296,0.0019852626,-0.90696895,-0.0015660394,-0.23417577,0.009438757,-0.033004455,0.0045355726,0.024352655,-0.15312268,-0.0031624546,0.023356805,-0.00666455,-0.013788563,0.18282977,-0.017996868,0.107017286,0.0031069983,0.011457089,0.07062405,-0.0054433644,0.0012427621,0.023777219,0.003351287,0.05151785,-0.13833086,-0.157468,0.00018036213,0.024378896,0.008621717,-0.0020436519,-0.005793862,-0.015427856,-0.0014841866
-7.333772,-0.6495518,-0.0021055574,0.00058101845,1.2005332,-0.0021558274,-0.035473127,0.0020960122,-0.033088468,0.0032649338,0.012992238,-0.07905506,-0.00023534398,0.005161197,-9.994276e-05,-0.0026774355,-1.1840048,-0.024340974,0.09214355,0.002842682,0.0010154125,-0.026256619,-0.005415338,0.0018348489,0.0055041006,-0.0003015869,0.004439566,-0.1068643,-0.14233036,-0.007648151,-0.0013433624,0.001808141,-0.0018794631,0.0014427206,8.460444e-05,0.0004663209
-3.8678,-0.49340978,-0.041925922,0.0015469312,-0.9912875,-0.0067223976,-0.0035070556,-0.0026001094,-0.19976471,0.0058983765,0.018281275,0.065962076,-0.0020316136,-0.0047333804,0.005245178,-0.013639528,0.30926985,-0.17180163,-0.05594313,-0.0043124333,-0.008556152,-0.07432968,-0.0077574807,0.0057513295,0.021443557,-0.006427248,-0.004349762,-0.22702287,-0.003727825,-0.050546534,-0.024665182,0.0049427906,0.004265935,0.006266345,0.023610117,0.0023737508
-7.3933244,-0.6497171,0.010356915,-0.009853612,1.2051502,-0.0015698915,0.0027454176,0.0055804495,0.005336842,0.0030363686,0.013275161,-0.085326456,0.0042841802,0.0010335486,-0.0003686308,-0.0040059234,-1.2109118,-0.025083678,0.09373625,-4.747174e-05,-0.0002307222,-0.023366686,-0.0051719523,-0.0006650913,0.0009109603,0.007303265,-0.009068898,-0.09596248,-0.14131811,-0.0077332477,-0.006240137,0.00013962036,-0.0020394158,0.00034982112,-0.008161303,-0.00050466193
1.3188134,-0.52680695,-0.10629817,-0.0017125651,-1.8230706,-0.008405777,-0.29005325,-0.0105936425,0.006370457,0.0016307731,0.002750027,0.14939082,-0.008588696,-0.0144573655,-2.4994195e-05,-0.0004727436,2.2301302,-0.11770753,-0.10276578,-0.019360228,-0.0028423495,-0.011654644,-0.0025679749,-0.0016445334,-0.0031098288,-0.0026033488,-0.0046592928,-0.24910691,0.3326545,-0.0063186428,-0.031223418,0.011711528,-0.0025767616,0.00039327628,0.036318023,-0.0068265935
-5.596737,0.030940587,-0.054835405,1.1459461e-05,0.31598377,-0.004258542,-0.18075934,-0.019673876,-0.005478373,0.002948743,-0.031258345,-0.09670994,-0.0011264202,-0.00577618,0.0013929895,-0.023973849,-0.9610769,-0.03337026,0.012019571,-0.0049636145,-0.0045020483,0.063029125,-0.004572233,-0.0031244922,0.00041027163,-0.008109236,-0.0018618229,-0.06186809,-0.15525658,-0.007425853,-0.0058970214,-0.000720092,-0.009921348,-0.0007714413,0.021560889,-0.005552212
-7.35264,-0.64893067,0.021954725,-0.0007330886,1.2113533,-0.0027877456,-0.012070643,0.0041060653,0.004997597,0.0029077881,-0.005561384,-0.083942235,-0.0032006137,0.005388553,0.0006494575,-0.0041681863,-1.2167655,-0.025886577,0.093240574,0.00017855951,0.0018464557,-0.024907814,-0.004831189,7.075558e-05,0.0011182972,0.00713265,-0.009719344,-0.09008219,-0.13524027,-0.0074182893,-0.0071449145,0.001387326,-0.0024374288,0.0016402395,-0.009423347,-0.001654586
-7.3386283,-0.6544595,-0.0060912594,0.0018752754,1.2087108,-0.0029523305,-0.047024745,0.0045097386,-0.036450002,-0.0010765115,-0.005513571,-0.0809394,-0.000705249,0.005484962,0.0014562274,-0.0031142894,-1.1515858,-0.024914531,0.08495253,0.00394596,0.0012792397,-0.025381738,0.0022913157,0.0028390686,0.0029285834,-0.011276945,0.0046181735,-0.09973645,-0.13667665,-0.006616551,7.871608e-05,0.00077190925,0.000262086,0.0029679975,0.010098854,0.0017355793
-7.275947,-0.6062563,-0.030874662,-0.0010720697,1.2064435,-0.00023286877,-0.077152774,-0.0052059735,0.0027852077,0.0023065212,0.013070249,-0.07019803,-0.007160445,-0.002492779,-0.0007328274,-0.004464134,-1.2067338,-0.0339743,0.08657752,-0.003329429,-0.0097390255,-0.024344238,-0.005793204,-0.0010646096,0.0012503192,0.0064054863,-0.0073369704,-0.099788755,-0.13240221,-0.006922255,-0.00823204,0.0017421948,-0.0027077864,0.00053596275,-0.0068833493,0.0005390632
1.5310441,-1.0975187,0.04243647,0.0021743511,1.3171271,0.0017197658,0.07788799,0.00056008075,0.0051534963,0.020222884,-0.10901664,0.04148855,-0.0019219014,0.010570938,0.00086413935,0.012775608,2.045448,-0.013690609,-0.016692676,0.0046476237,0.0033475931,-0.0007346719,-0.00031718763,-0.0038372022,-0.0008031311,-0.035631273,0.011556402,-0.3344357,0.2194179,0.008414871,0.029784862,0.00017685146,0.012881573,0.00418511,0.030388134,-0.0012556592
16.073261,1.1774739,0.039396685,-0.0008547218,1.320057,0.010480799,0.16497494,0.0008696331,0.06204772,0.0044867783,-0.2175997,-0.09492094,0.025157167,-0.0036471533,0.0061409934,0.13433866,3.1091604,-0.04296284,-0.045793984,-0.00037001763,0.0186337,-0.032505468,0.0018638384,0.007781759,-0.067422636,0.032815717,-0.005437045,0.43103528,0.30935,0.021991337,-0.029473668,0.0040995968,-0.0024266934,0.00091183896,-0.021942096,-0.024842223
17.357048,1.1991454,0.08734036,-0.0043652477,1.2539147,0.016536195,0.15157872,0.0150299305,0.0018549549,0.00331481,0.06461276,0.36135456,-0.08543996,-0.0047448464,0.0032571652,0.07302228,3.360894,-0.04566472,-0.042252857,0.0062208558,0.017093021,-0.016517255,-0.008991087,-0.0005300273,0.0036522162,0.015157589,0.0152751785,0.392757,0.31076786,-0.0018568462,-0.028759044,0.0027961966,0.006600092,-0.0008598689,-0.025587602,0.018981805
19.306087,1.1689537,0.038001925,0.006926772,1.1773754,0.002899554,0.14630874,0.034966733,-0.013452478,-0.005866,0.14586852,0.36614463,-0.046604443,0.016770914,-0.0006862406,0.056074236,3.448157,-0.005699473,-0.031630125,0.0054087383,0.019446163,-0.011333991,-0.0010919126,0.008898777,0.004261509,-0.0008665757,0.008649862,0.330868,0.37358722,-0.00019585516,0.01826399,0.0074531897,0.0031933319,0.006188621,0.025585122,-0.009193869
7.7568684,1.1340047,-0.049510982,-0.0011972719,0.5508964,-0.004159732,-0.07584364,-0.017973322,-0.08783633,-0.008091035,0.023576288,0.21589027,-0.012218742,-0.0067293225,0.0008205469,-0.023913452,0.90668905,-0.037428975,0.09939376,0.000530789,0.029351115,0.054077916,-0.0030828288,0.00486394,0.0099204825,0.009398894,0.027457995,-0.32869455,0.0120802,-0.0056318827,0.004285705,-0.0041745743,-0.0006036946,-0.00046760414,-0.018041905,0.0054013627
-7.333223,-0.6445235,-0.0038862901,0.0019962296,-0.26166558,-0.0021187263,-0.09294264,-0.0013468527,-0.02942019,0.003639092,0.01358863,-0.08043512,-0.00055386336,0.0042050243,0.00087304134,-0.0021386517,-1.2302771,-0.02814099,0.09216566,0.00086558016,0.000508281,-0.08605908,-0.001517022,2.251647e-05,0.0017325442,-0.0098298285,-0.0040448783,-0.12021571,-0.13540539,-0.0077488627,0.00096691545,0.0003066463,-0.001996527,0.000621274,0.012885421,0.0006066315
-7.315494,-0.643292,0.01152719,-0.0021056333,1.2153586,-0.0015308277,-0.058193114,0.0034539092,0.00588548,0.0028787693,0.013291025,-0.0839933,-0.00063819706,0.0051172962,-0.0011774818,-0.0060243914,-1.2203155,-0.029126909,0.09279643,-4.073503e-05,0.0047223815,-0.029070877,-0.0049967947,0.0013538888,0.0035756682,0.0067545227,-0.00951372,-0.097574234,-0.13510588,-0.007690727,-0.0066613387,0.00010998301,-0.002246061,0.0008048535,-0.008227101,-0.00032696058
21.953901,1.1313533,0.052640248,-0.011881026,-1.6646227,-0.024459306,-0.28253287,0.020115862,0.022606742,0.003088564,0.063675,0.27107334,0.002747144,-0.004010827,0.00095318584,0.074631594,4.1697845,0.049037267,-0.041796163,0.007249682,0.021507462,0.036376826,0.0023703505,-0.0044526053,-0.0040561166,0.014357768,0.0096081635,0.4418253,0.5256581,-0.015968144,-0.014506205,0.017016718,0.008824124,-0.003293348,-0.027529893,0.014211766
-7.2796884,-0.61499757,-0.025891468,-0.0010530449,1.2024306,-0.0025889296,-0.0700506,-0.004134723,0.002998849,0.0035396067,0.015396017,-0.07925484,0.0030723359,-0.0022619606,-3.2064625e-05,-0.004245749,-1.2109731,-0.034808084,0.086826414,-0.00088247325,-0.004362563,-0.02518628,-0.0052261925,0.0020131464,-0.0017263605,0.0063031064,-0.0076128338,-0.10116515,-0.13228771,-0.0067742015,-0.008167759,0.002096462,-0.0020568576,0.00014161674,-0.0067339465,0.0007090693
-7.45566,-0.6443077,0.0005853058,-0.009673081,1.2145859,-0.00364778,-0.053974204,0.0048108967,-0.0004296535,0.003578222,0.014975728,-0.08440474,0.0044775833,-0.0021464638,3.7802238e-05,-0.0029116876,-1.2208228,-0.020148505,0.093513936,0.0004306627,-0.0001913873,-0.023652332,-0.0056653842,-0.0013308896,0.00043597713,0.0070358077,-0.009852491,-0.110668845,-0.12727216,-0.0065665375,-0.007726076,0.000755921,-0.002361228,6.465595e-05,-0.008700482,0.00027197856
-7.334156,-0.636469,-0.0009094522,-0.001025675,1.2080053,-0.0012042867,-0.021839805,0.0006841959,-0.0031148202,0.0024594092,0.013003646,-0.08063684,-0.0067629754,0.00032643083,-0.00015209791,-0.0032862236,-1.2118306,-0.026155818,0.0888817,0.0024454996,-0.0007728292,-0.031587586,-0.005139412,0.00030544584,0.000502372,0.005800765,0.005964852,-0.09890507,-0.14219709,-0.0058870306,-0.006509729,0.0046574874,-0.0014250405,0.0010531404,-0.008034776,0.0003539035
12.488742,1.2825209,-0.07472883,0.005106376,-1.6422784,-0.012058197,-0.2729531,-0.009139168,-0.016721735,0.0030928794,-0.002619017,0.36457095,-0.0059706373,-0.00809892,0.0027728484,0.0667266,2.740366,-0.060044557,-0.030206522,0.02341058,0.006157612,0.02555529,0.00552617,-0.0040922742,0.0042998265,0.0152796535,0.0027756512,0.001885979,0.25632665,0.0033612621,0.0010656472,-0.0027388628,0.00625373,0.018978257,-0.030962735,0.01341906
-7.3964577,-0.6571215,0.0046118833,0.0047992333,1.2136182,3.3867578e-05,0.010832624,0.0035952432,-0.007964825,0.0023772544,-0.0058108983,-0.08636292,-0.0016037252,0.0107869115,-0.00054095295,-0.0019482477,-1.1908786,-0.020302068,0.08681673,0.0011289526,-0.00060260616,-0.023103137,-0.004694785,0.0018534197,0.0028665925,-0.0108432155,0.0049048318,-0.08868163,-0.1436617,-0.008050066,-0.0068146386,0.00030248775,-0.0013761615,0.00051048753,0.008409238,0.0018201725
-7.3281646,-0.6552917,-0.003334885,-0.0037133787,0.93335557,-0.0022861464,-0.06332221,0.006835932,-0.030434532,0.0031976558,0.013690523,-0.08669612,-0.0017373633,0.0090732165,0.0012440757,-0.0046409774,-1.1681948,-0.028195005,0.086744085,0.0012806288,-0.00022832268,-0.048532233,-0.0048683756,-0.00068869395,0.0049334397,-0.0055043674,-0.00829597,-0.10831141,-0.13650644,-0.006988691,0.001411071,0.001010982,-0.0025379262,0.00035840436,0.009498475,0.0012501427
-7.3502154,-0.6608916,-0.0032328132,0.00034347278,-2.0263364,0.00028009433,-0.15959948,0.0025406089,-0.027766332,0.002487654,0.006458101,-0.081633925,-0.0010090257,0.006204985,-0.001545842,-0.00134229,-1.3261312,-0.035405077,0.087801516,0.0014930158,0.0003156264,0.040337376,-0.0040433547,0.001585332,0.009790214,-0.0013253869,0.003036544,-0.475067,-0.15571168,-0.00604996,0.0025319397,0.001805229,0.0044052713,0.0013117511,0.0054748645,0.0015216025
-7.2394285,-0.61183405,-0.033997335,-0.0024709424,-2.0012984,0.0049960115,-0.16872479,-0.006550317,-0.0005570708,0.0026665258,-0.034636114,-0.06987578,-0.0020326655,-0.0068221716,0.0013311572,-0.0149374595,-1.3729258,-0.0368188,0.091703184,-0.004002237,-0.011699767,0.028423797,-0.0031250468,-0.0016748436,0.0026998813,0.0029957728,-0.008197466,-0.09404202,-0.15029845,-0.015007348,-0.02398462,-0.0008280779,0.005145332,-0.0026060718,-0.008223615,-0.011639257
-7.28169,-0.5969862,-0.034777902,0.0021382542,1.2143476,-0.0014537359,-0.08752803,-0.0048395856,-0.03884198,-0.0040844698,-0.019870099,-0.06859757,-0.0013100542,-0.004556202,-9.3631774e-05,-0.0034362625,-1.1609032,-0.029093266,0.081645414,-0.003311315,-0.009331457,-0.024756223,0.0020785057,0.001238756,-0.000118748554,-0.00061297824,-0.007345603,-0.0998547,-0.13748349,-0.005660243,0.0059452006,0.002626861,-0.0008231662,0.0022180139,-0.0019359615,0.0016259997
-7.3248935,-0.60156983,-0.024284182,0.00017282294,1.2988596,-0.00083000265,-0.15947682,-0.004697131,-0.007263425,0.0023132323,0.015223544,-0.077914804,-0.00619931,-0.0011706593,0.00013162798,-0.0031217264,-1.2143137,-0.03304543,0.08055768,-0.00044610203,-0.0018708288,0.052296847,-0.00076593447,0.0013934915,0.0020024881,0.005078774,-0.0086909635,-0.3218024,-0.14004982,-0.0055271317,-0.00695255,0.0027115562,0.0025909885,6.68861e-05,-0.008578585,0.0024444622
-7.3683753,-0.62489945,-0.028098935,-0.0008127446,-2.2795398,-0.0014737959,-0.040279437,-0.0071277684,0.003070203,0.0024015678,0.012705014,-0.076379016,-0.002354174,-0.0068179355,-0.00028325227,-0.0038238538,-1.3497722,-0.028635487,0.08571053,-0.003811892,-0.0073023103,0.0003469844,-0.004284942,0.00055538485,0.0019867285,0.0065036565,-0.006252627,-0.39430386,-0.14756419,-0.007597737,-0.010039439,0.0002970898,0.0017097739,0.00033225585,-0.00828321,0.00024947413
1.7271588,0.89108485,0.046146274,0.00065624894,1.2722658,0.0103289,0.039738014,0.004787257,0.033656415,0.0031583467,-0.06351285,-0.29732937,0.0052374066,-0.003548271,0.0034072085,0.05972941,0.113740034,-0.08271067,-0.08133451,0.0032449882,0.011703482,0.011669831,-0.012366856,0.0066688154,-0.010662212,0.012060083,-0.018159783,0.07815862,-0.048904408,0.027397344,-0.033211555,0.0013848967,-0.0017596402,0.0015387504,-0.010579097,0.008837176
10.869662,1.1348989,-0.056141444,0.0020468114,1.2382107,-0.0011850835,0.09896393,-0.007501033,-0.005697444,0.0043123346,0.10147122,0.23720653,-0.02510962,-0.002765803,0.0060283863,0.02957007,2.5463707,-0.050957154,-0.10662359,-0.0034666844,0.0041041467,-0.04338713,-0.0092315925,-0.00057927694,-0.001648662,0.01740027,-0.015349393,-0.18862514,0.2890617,-0.004442598,-0.0049150214,0.0014793823,-0.0034756488,-0.0018207198,-0.025816886,-0.00834317
-7.3098035,-0.64204323,9.338373e-07,-0.0016175831,-1.6140157,-0.002110937,-0.14829779,-0.0013651985,-0.004562791,0.0029769067,-0.017835623,-0.080300674,-0.0045518605,-0.0018234033,0.00026232735,-0.0013164739,-1.3270888,-0.03401359,0.084618896,0.0013936299,0.00022088143,0.054074906,0.0029347236,0.0018263439,0.00090234325,0.005270166,0.008147114,-0.46078727,-0.16271885,-0.0043270923,-0.0051967646,0.0012752519,0.008149476,-0.00097253046,-0.009651061,0.002570482
-7.3816233,-0.6498687,0.02492841,-0.0097705275,1.210025,0.00054952817,-0.033118963,0.005751871,0.00813918,0.0029392322,0.007119303,-0.08446101,-0.002872374,0.005533277,0.0007619355,-0.0050697257,-1.2282134,-0.02561583,0.09366571,-0.0031372176,0.0036662244,-0.023153532,-0.005010211,0.0023638697,0.0016546304,0.0076103765,-0.009306539,-0.10585646,-0.13554314,-0.0068675466,-0.007192056,0.0009674686,-0.0015843681,-0.00075330003,-0.008543676,-0.0014570478
-7.3358107,-0.6799221,3.5028424e-06,0.0010659306,-2.1616285,0.00010479959,-0.1680371,0.0062600486,-0.020737402,0.0022544803,-0.0049710344,-0.07945409,-0.0021339564,0.0127467895,0.0005888693,-0.0019418987,-1.3247083,-0.033152178,0.087928504,0.001380922,-0.00016706342,0.023672124,-0.003487208,7.900842e-05,0.009151214,-0.0010449967,0.0070702084,-0.47753364,-0.15631327,-0.0052403198,0.0009684093,0.0026043234,0.0017764998,0.00086404907,-0.0043077827,0.002742081
12.239528,1.2926867,0.0008589897,0.0031924127,1.2582475,0.008465891,0.15893675,-0.01619571,0.0021008358,0.0039206003,0.03297836,0.41034552,-0.028864404,-0.0044173347,-0.0044699707,0.06269749,2.6215427,-0.057101924,-0.09668524,0.018199852,0.008541909,-0.013650591,0.003737026,-0.0024157367,-0.0072592096,0.007762859,-0.010151219,0.092821576,0.25226983,0.0013146766,-0.03590605,0.002622264,-0.008837964,-0.001580956,-0.019027062,0.009557758
2.4691143,-1.2670175,-0.08197742,-0.0004152553,1.3564669,-0.0072769383,0.09719781,-0.011447421,-0.0033913327,0.0020746863,-0.019978395,0.113265574,-0.014654876,-0.00093812036,-0.0001068945,0.040982615,2.4212441,-0.22077706,-0.041387666,-0.0030152597,0.0025990491,-0.017820368,0.012379339,-0.011848767,0.0090418,-0.04409518,-0.00022383816,-0.41792652,0.34113044,0.005982054,-0.021796485,0.011810309,-0.04311583,-0.0020581495,0.03530718,0.00046797568
18.34992,1.0128821,0.12814982,0.0022637204,-1.5479839,-0.004178665,0.06628273,0.025434028,-0.009727644,0.0020691603,0.084762104,0.3259874,-0.017737307,0.020874934,8.887375e-05,0.07453705,3.6337252,-0.14507371,-0.03410804,0.018081628,0.00594386,0.013107773,0.003386149,0.0007349392,-0.0033174553,0.030987835,0.0067929723,0.097120814,0.44935375,0.007355715,0.02191139,0.0077171545,-0.018197097,-0.0014818333,0.0019046947,0.0044118064
17.446445,1.0073768,0.008076958,0.004922802,1.2797326,-0.034012266,0.17613275,0.014137881,-0.050853178,-0.035026874,0.11163407,0.28151605,-0.051845044,0.022707017,-0.018931346,0.055193085,3.759064,-0.07003434,-0.0058861068,0.0052390713,0.021921286,-0.0013615927,-0.00012919748,-0.006614544,0.012514664,-0.014507765,-0.00033627186,0.3877563,0.42525265,0.008742345,-0.009404794,0.0053628352,-0.0050843973,-0.0091713555,0.019671137,0.0074939886
-7.303449,-0.63439256,-0.0018027031,-0.0020814252,1.2128302,-0.0022171868,-0.070532985,0.0007587949,0.006778064,0.0027629524,0.0069016707,-0.08634594,0.0037130693,-0.00040042616,-0.0001500937,-0.0057950276,-1.2153035,-0.02891458,0.087401055,0.0009330864,4.134586e-05,-0.03730192,0.0037693651,-0.00081499567,0.0034149191,0.005202978,0.0040758564,-0.10134256,-0.1334677,-0.005772578,-0.007072895,0.0009745544,-0.00016284377,0.0007279753,-0.0066002402,0.0013131993
13.750519,1.1528608,0.0043885107,0.007591218,-1.6284726,-0.0119557185,-0.26681715,0.0016018767,-0.00869202,0.0031807015,0.05327813,0.3339054,-0.013272338,-0.006208951,-0.002205487,0.045241684,3.3252919,-0.028405271,-0.10480529,0.02350994,0.010612496,0.022295145,0.008115683,0.0009030069,-0.00796186,0.022695638,-0.015827103,-0.19628556,0.33835405,-0.008237777,0.008396898,0.006611841,-0.017020816,-0.0067475387,-0.03012037,0.0045493487
-7.3147173,-0.6072663,-0.029602496,0.00073386857,0.42667678,-0.0016652636,-0.13633136,-0.0039614188,0.0012411783,0.0023051596,-0.027784966,-0.071474016,-0.004145087,-0.005582272,0.0018174835,-0.01019772,-1.2870035,-0.017847,0.08098564,-0.0060241856,-0.0021754294,0.03214756,0.0034652366,-0.0006543628,0.001142025,0.00015373583,0.007601778,-0.07028562,-0.13895793,-0.0024335731,0.0015904602,0.000396289,-0.0015091143,0.0033443954,-0.001185496,-0.004431814
-7.429789,-0.6392486,0.023767954,0.0027694385,1.2090626,0.00079515536,0.012045509,0.00353448,0.012344792,0.003473175,-0.023327734,-0.08612463,0.0039171027,-0.0012227931,-0.0009263289,-0.004057517,-1.2465876,-0.027089162,0.0975039,-0.0040466837,0.002143775,-0.02333367,-0.006653371,0.0026436336,-0.0018833611,0.0067621283,-0.0123912105,-0.06663681,-0.13912004,-0.0060020587,0.0031952485,-0.00041999284,-0.0011183114,-0.0012253203,-0.009014215,-0.0021072917
3.1554854,0.9122574,-0.015987208,0.0022891592,-0.9707097,-0.0061542303,-0.001332096,-0.0077028023,0.009394399,0.0034303213,-0.1980352,-0.13794175,-0.0047771614,-0.01317381,0.0010539131,0.0165174,1.8933713,-0.03237599,-0.09105524,0.0012723376,0.0061348435,0.04559798,0.0073916954,0.00095245865,-0.0050129783,-0.0033983334,-0.024378898,-0.2680554,0.032402482,0.009260797,-0.035055745,-0.0039652437,0.006571561,-0.0034716935,-0.020557199,0.0043503577
14.37275,1.1057373,0.06345632,-0.009330433,-1.6482158,-0.00077905814,-0.21338359,0.0012386024,-0.009099362,0.002812528,0.04723896,0.18254974,-0.02149266,-6.5895605e-05,0.0014290587,0.053823046,3.2617385,-0.040182646,-0.101535276,0.022271488,0.01095257,0.0346622,-0.006519971,-0.007335359,-0.006562567,0.016473664,-0.016473666,-0.25098374,0.3786036,-0.008325017,0.013054505,-0.0014481074,0.010795568,-0.005649397,-0.033934228,-0.005241541
23.641493,1.3867463,0.048859324,-0.00960167,1.0800427,0.013695706,0.09059042,0.013210559,0.0528358,0.004279181,0.0868125,0.29926503,0.05203696,-0.0037618,0.0036161328,0.09316163,4.19385,0.030773984,-0.08688053,0.007033214,0.023680186,-0.016428297,-0.004502501,-0.0012452063,-0.0065661236,0.01565799,-0.011035284,0.54673636,0.5080406,-0.022567954,-0.020531898,0.001387806,-0.0021403362,-0.005965948,-0.027076067,-0.05455149
5.21393,0.1516063,-0.16626248,-0.0026055428,-1.6734256,-0.0016866672,-0.253191,-0.0043720067,0.037296858,0.004408646,0.06316263,0.22410592,-0.008873827,-0.0085304845,0.0007003184,0.010566952,2.0832329,0.005609425,-0.10853282,-0.0130534135,-0.040575173,-0.085762195,0.004808334,0.016419062,0.0041181864,0.005359769,-0.005775337,-0.5213952,0.13943486,-0.005931933,0.05165394,0.015280853,0.0056972587,0.007318629,0.060571037,-0.003675844
-7.3963943,-0.6436085,0.010114172,-0.009628586,1.2121555,-0.0009064682,0.016898634,0.0052957665,0.005009623,0.0034526289,0.013196215,-0.086015135,0.0038310504,0.000982068,0.00031078863,-0.003981545,-1.2225332,-0.024548788,0.09276186,-1.5580425e-05,-0.000404099,-0.024221884,-0.0036961164,0.0029409395,-0.00067930965,0.007009714,-0.009740183,-0.09390296,-0.14077996,-0.0071286666,-0.007657901,-0.00015169011,-0.001497628,0.0022317346,-0.0080856765,-0.00047400274
-7.3876495,-0.6392572,-0.001116491,-0.008872556,1.2069329,-0.002325302,-0.02698686,0.0026467082,0.0024453388,0.0033538316,0.017592676,-0.08312255,0.0038363442,0.00016193435,-0.00014149353,-0.004684219,-1.2224023,-0.026480066,0.09257791,0.0018836281,-0.0005705338,-0.03643667,0.0042058127,0.0015644628,0.0010942166,0.007007331,-0.007897766,-0.12481696,-0.1370897,-0.0071185892,-0.0073492313,0.0013203607,-0.001464034,-0.0016685824,-0.008061034,-0.0008479541
-7.2865186,-0.6035138,-0.03540178,-0.00068725937,1.2037684,-0.00014543207,-0.1204512,-0.004551776,-0.0014912883,0.0030082944,0.017834067,-0.07378618,0.0032170084,-0.0027196482,2.9487564e-05,-0.0025229785,-1.2015857,-0.032648187,0.08269634,-0.0018749011,-0.009683127,0.00946852,-0.0048539964,-0.00044021785,0.004069041,0.0065406375,-0.007150816,-0.10875879,-0.13851105,-0.0074337637,-0.0076183956,0.005605723,-0.0040091584,-0.000100587175,-0.007072038,0.0009170635
16.064924,1.2923881,0.058219735,0.0035637156,1.322937,0.00954687,0.15806173,-0.0037470334,0.008966353,0.0036152164,0.10128275,0.48085693,-0.056386832,-0.0041006454,0.0024436451,0.04932169,2.6778173,-0.029482614,0.006625377,0.0038062353,0.02865015,0.017353285,-0.00046763016,-0.0013385899,-0.0002959725,0.015118161,0.019853877,0.25309306,0.23390763,-0.0010989287,-0.011902807,0.0039469395,-0.0011197684,0.00217799,-0.016998984,0.012287619
6.8518143,0.453422,0.05607214,-0.005696641,1.3033159,-0.004674005,0.10746227,0.051949795,0.019703832,0.004847594,-0.1289178,-0.31852022,0.0063273045,0.001351346,0.000299845,0.071595654,1.8652892,-0.042912975,-0.041813083,0.0039110947,0.002050934,0.016258568,-0.00026542137,0.00019548529,0.008329504,-0.010928932,-0.011333881,-0.040279735,0.15570776,0.008285318,-0.0037806456,-0.0072887805,-0.041682836,-0.001412297,-0.017045626,0.005558403
-7.3161254,-0.60289896,-0.030594945,-0.0011427846,0.078743555,-0.002660611,-0.113102704,-0.0034619386,-0.014451896,0.002611075,0.012224996,-0.071908,-0.0016295394,-0.004520189,0.00016503317,-0.0030582584,-1.2308978,-0.03764584,0.08590975,-0.0037203298,-0.007575318,-0.035736114,-0.0065683415,-0.000862648,0.0015679026,0.0056701493,-0.006803,-0.1369782,-0.1356807,-0.0058632228,-0.00068145094,0.0023560605,-0.0040513356,-0.0009813859,-0.007547639,-0.0012920382
-7.2887716,-0.6099022,-0.02931868,-0.00038843433,1.2132012,0.00011421043,-0.08828251,-0.0058149435,0.0019244353,0.0031651973,0.0067743915,-0.076271474,-0.0015846422,-0.0046836617,-0.00091002433,-0.0035861903,-1.1986026,-0.029183943,0.0847682,-0.00086533854,-0.004461271,-0.026375439,-0.005121855,-0.0021183724,0.0011046925,0.0013968403,-0.0014249528,-0.10163961,-0.13301122,-0.007069821,-0.00694778,0.0020891426,-0.0014446119,0.00028241804,-0.011743948,0.0005738378
-7.2969255,-0.6406272,0.003995644,-0.0008325224,1.2099069,-0.0018638346,-0.07092368,0.0042358693,0.0036090007,0.0029712643,0.013249926,-0.083329946,0.003958383,0.0004416534,-0.00048497203,-0.005716264,-1.2113028,-0.028743844,0.09010867,9.355594e-05,0.00011066957,-0.034418534,-0.0073807407,0.0014687437,0.00062887836,0.0066923606,-0.010155835,-0.10013258,-0.1389276,-0.0067976406,-0.006823956,0.00038702707,-0.0027238305,-0.002163844,-0.0071345232,0.00054039527
-7.279847,-0.5969595,-0.033165727,-0.00069862575,1.202642,-0.00018466018,-0.05626343,-0.004520316,-0.002932606,0.0028913612,-0.02277939,-0.07176077,-0.0014521775,-0.005207705,0.00030732612,-0.003664165,-1.2244132,-0.036591515,0.08511443,-0.0033342866,-0.010425952,-0.02402656,0.0026332894,0.0008463469,0.0019383099,0.0060998923,-0.007262901,-0.073919244,-0.13277501,-0.005522429,0.0005010542,0.00086141645,-0.0023833592,-0.00062245165,-0.0076651243,-0.00214444
-7.2775354,-0.60319364,-0.030456802,-0.0011528457,1.205614,-2.0333166e-05,-0.09279033,-0.0043725097,0.003900507,0.0025883715,0.013194554,-0.07121817,-0.0069608698,-0.00238315,-9.84703e-05,-0.003324831,-1.2011148,-0.035562687,0.08450873,-0.0030926566,-0.009033957,-0.030939087,-0.005541516,-0.000777622,0.00050988904,0.00634143,-0.0073103067,-0.10683885,-0.13952987,-0.007488002,-0.0087995995,0.0022634848,-2.6228327e-06,0.00073338236,-0.007504106,0.0014221156
18.42152,1.2235825,-0.010409089,-0.001405119,1.1947813,0.015702557,0.13829908,0.0023912168,-0.0044530984,0.005111289,-0.011470702,0.19938982,0.092260905,-0.0055662584,-0.0017398936,0.07029303,3.3658988,-0.032637,-0.06856618,-0.0020961475,0.006087747,-0.0143830115,-0.021631079,0.0012296867,-0.0005093672,0.031666446,0.0022692077,0.45338124,0.36240447,-0.00829742,-0.023924064,0.0050181635,-0.002091889,0.0009138306,-0.026651913,-0.037735227
2.6939788,0.95453095,0.014476711,-0.0015811541,1.3384199,-0.0014315996,0.08021586,-0.010575557,0.021944433,0.0014079645,0.032475766,-0.16387202,-0.014927797,0.0041154535,0.001851059,-0.014548768,0.2883242,0.0063531166,-0.054178283,0.001367225,0.0025008302,-0.007751238,0.011810136,0.0061353,0.0059562484,0.009141677,-0.005795164,-0.16763124,-0.109842606,-0.0072122714,0.016916003,0.0057054665,-0.010261479,-0.0039378647,-0.0154597545,-0.0037304948
-7.282674,-0.6147854,-0.025166333,-0.0005209354,1.1979138,-0.00044599717,-0.060142606,-0.004775375,-0.0061585787,0.0028484527,0.012604308,-0.07916514,-0.007960072,-0.0009623439,0.00014686667,-0.0039718896,-1.2073925,-0.03576119,0.0860093,-0.00017864961,-0.0013228175,-0.02588712,-0.0041014496,0.00081355055,0.0067033954,0.0065285796,-0.0077932905,-0.097445965,-0.13079113,-0.0062598675,-0.007966977,0.0017735288,-0.002418715,-0.00092103577,-0.0072933286,0.0008597111
-7.3319063,-0.64253014,-0.000474596,0.0051207743,1.2206908,-0.00033783246,-0.00076959183,0.005858061,-0.03506946,-0.0017667072,-0.024556885,-0.084828846,-0.00025416567,0.006982743,-0.0013695488,-0.001811787,-1.1814532,-0.0049380427,0.096842736,0.0020613393,0.0003502689,-0.017790485,0.0033060117,-0.001246832,0.006437681,-0.009913033,0.0057451674,-0.08218226,-0.13170718,-0.0043331534,0.0073226606,-4.666925e-05,-0.001989654,-0.0012586514,0.010939944,-0.004787856
-7.281145,-0.6009946,-0.034316376,-0.0023775958,1.1995513,0.0011579071,-0.0574927,-0.00452111,-0.02517919,0.0034809979,-0.018565906,-0.069941245,-0.0014242175,-0.004894691,0.00022597385,-0.0032487363,-1.1720438,-0.037736755,0.08412363,-0.0022242693,-0.011788854,-0.025212687,-0.0031943382,0.00035840354,0.004644421,0.0063987477,-0.007033898,-0.09397335,-0.13239975,-0.008451603,-0.0025283014,0.0043458287,-0.002364717,-0.0011060084,-0.007457533,0.00071232085
-1.6352267,0.68654263,-0.05707632,0.00032082878,1.2642657,-0.0017495947,0.0012327661,-0.015883533,-0.0026251164,0.0053494084,0.020828867,-0.11715254,-0.011372185,-0.009167416,-0.0035020204,-0.02776776,-0.25734696,-0.0017743586,-0.05669337,-0.0028797677,-0.02020288,0.024449218,-0.008212151,-0.0020161797,-0.0043717115,0.007034516,-0.037834965,-0.20833188,-0.12646839,-0.01616219,0.025255365,-0.005794199,-0.0007931574,-0.0008374129,-0.0061288564,-0.0038007195
-7.34487,-0.63122714,-0.023822809,-0.003040304,-2.2765453,-0.0005128438,-0.066197746,-0.0071562664,0.004094918,0.0025566854,-0.019764015,-0.081661604,0.0032716906,-0.003772218,0.00045903138,-0.0034636066,-1.3708103,-0.02547976,0.08782244,-0.0019506449,-0.004893032,-0.011862489,0.005886157,0.00074381725,7.7997014e-05,0.0066373427,-0.006548573,-0.38762677,-0.1522413,-0.006999498,0.005734912,0.00028912496,0.0050954437,-0.0004512096,-0.00912673,-0.00031480065
-6.9455013,-0.50571513,0.0022494849,0.0007611321,-2.389582,-0.0014308982,-0.089101255,0.011373001,-0.0062006195,0.0033671814,-0.024511946,-0.09382501,-0.0014834938,0.03102064,0.0024009584,-4.099041e-05,-1.28624,-0.0017498747,0.09084624,0.0038247802,-0.0010999731,-0.04971653,0.0064072283,-0.0005242021,0.0043106633,-0.004669826,0.001681982,-0.13260533,-0.16083884,-0.0036716994,0.0011996444,-0.0011388331,0.003613116,-0.0068015535,-0.0048818355,-0.0027219402
-7.2892976,-0.6528075,-0.00093137036,0.002127792,0.5817372,-0.00027322848,-0.0795743,0.004347614,-0.03457641,0.002839833,-0.021026518,-0.0825149,-0.001673112,0.011345328,0.0011543164,-0.0020169443,-1.1998552,-0.030459493,0.090349756,0.0026652818,0.0010430254,0.01573805,0.0056966664,-0.0008515268,0.0009274993,-0.00023549546,0.009946903,-0.10078638,-0.14043595,-0.0039809947,0.0040300977,-0.00076992926,-0.00249613,-0.00025695385,0.0050956374,-0.0020764892
-7.288082,-0.6069655,-0.026527254,-0.0010976323,0.44006357,0.0035221204,-0.12056911,-0.004098176,0.0016038424,0.0029771256,-0.026348466,-0.07711561,-0.0045858384,-0.0031861272,6.32826e-05,-0.007546975,-1.2965739,-0.018304486,0.08242658,-6.856049e-05,0.0003234672,0.043832667,-0.0051937723,0.000601337,0.0014566261,0.0055090184,-0.0078116963,-0.065301985,-0.14290221,-0.002901833,-0.00065689144,0.0012798195,0.009238639,0.0024512995,-0.0075510847,-0.0096408725
-7.275305,-0.60976166,-0.032119516,-0.0012654769,1.1993808,0.0008594206,-0.07686451,-0.004794853,-0.013659751,0.0030868116,0.015368737,-0.07187284,-0.0015332436,-0.0047543705,-9.824126e-05,-0.0037459265,-1.1974659,-0.034890372,0.08470144,-0.003360616,-0.011785476,-0.024076544,-0.0027205884,0.0003240816,0.0060393126,0.006659901,0.007815036,-0.10714832,-0.13600993,-0.0066172653,-0.0030153503,0.0015862637,-0.0021085294,-0.0011825876,-0.006797463,0.0005274137
5.0867133,0.8445482,0.035623275,0.00095160364,1.2746394,0.009009743,0.115537144,-0.00319176,0.00658156,0.0031231858,-0.1398562,-0.5912694,-0.022091437,-0.0014991716,0.0017966222,0.041056182,1.7510685,-0.07611811,-0.048184603,0.0037766562,0.0068860687,-0.0016587095,-0.018463425,0.0061316825,-0.0023293337,0.0030906817,-0.005305034,-0.03942854,0.090505786,0.013472953,-0.008651307,0.0007216962,0.014427422,-0.0007378193,-0.012993644,0.015128626
9.153201,1.1945868,-0.08957948,0.0011417128,-0.9534305,-0.0009904795,-0.03974396,-0.022802537,-0.0032227323,0.004297591,-0.013989148,0.27801728,-0.013689097,-0.011858133,0.0023619896,0.034837853,2.5661674,-0.041746594,-0.12536223,0.0023257588,0.017213395,0.040980138,0.007965393,-0.004462165,-0.0005143813,0.0035213693,-0.022375084,0.044891477,0.23491502,0.0028311943,-0.007474941,-0.0013201284,0.0013582353,-0.006925962,-0.02477347,0.0071584443
2.3702748,0.8579214,0.025186455,-0.0014467059,-0.012217165,-0.0038574862,0.049418796,6.579472e-05,0.018375823,0.0019142487,0.030846624,-0.13672146,-0.008019413,0.0048977346,0.00041226135,-0.013341136,0.45041713,0.0058606775,-0.07377558,0.00040272874,0.0043260916,-0.008067126,0.014287575,0.0031749504,0.0020461816,0.005887564,-0.008080335,-0.1535869,-0.10967336,-0.009544195,0.015642943,0.0013740947,-0.01643224,-0.00041288882,-0.0085502425,-0.0016919655
-7.3433394,-0.6295001,-0.022205621,-0.0024827076,-2.2876453,-3.438715e-05,-0.03115715,-0.005243269,0.005142577,0.0032160813,-0.023528608,-0.08384618,0.0033556386,-0.003908895,0.00058790174,-0.004577158,-1.4034648,-0.010270773,0.08422202,-0.0008727708,-0.0030196453,0.0043065296,-0.005240623,0.000549022,0.00074729306,0.0066013956,-0.0040173107,-0.28696668,-0.15154228,-0.004728441,0.0005003105,-0.0010298284,-0.0013027742,0.001357626,-0.0063693863,-0.0053166198
-7.3168454,-0.6373479,-0.0028117683,0.0019607209,1.2148187,-0.00068233453,-0.07867285,-0.0014231625,-0.029120304,0.0031671042,-0.018248517,-0.07935411,-0.006234099,0.0004133505,-0.00077765377,-0.0038013994,-1.1501704,-0.023539366,0.08252524,0.0025580204,0.00014120227,-0.027003134,-0.0057673897,0.0015422778,0.0055278256,-0.009606421,0.0062445155,-0.09645533,-0.13737142,-0.0060224338,-0.0012435033,0.00072413933,-0.001562825,0.0014357886,0.010993728,0.0018199898
-2.6205814,0.3619808,0.018803958,0.019871574,-0.8832264,-0.007027502,-0.14551792,-0.0038469639,0.0063549485,0.0038682304,0.023360739,-0.1949296,0.0045605088,-0.0027219697,-0.0002603868,-0.026274221,-0.22882167,-0.0070009027,-0.032079693,0.0017669179,0.0056010084,-0.029260185,9.042249e-05,-0.0007731834,-0.010254718,0.0076235468,-0.014556703,-0.32194608,-0.17197156,-0.0047331857,-0.0038776777,0.0013940592,3.846503e-05,-0.0008481789,0.015513621,-0.0027069864
-7.282886,-0.613189,-0.03368732,-0.0024442966,-0.39851895,0.001114653,-0.10700002,-0.004063676,-0.029186735,0.0029574241,0.018559648,-0.069046244,-0.0010450138,-0.005566575,0.00070371164,-0.0016445905,-1.2582257,-0.042403944,0.07907968,-0.004118536,-0.01230243,0.018796172,-0.0058893273,0.0036108275,0.006954795,0.0054465486,0.004816044,-0.30836198,-0.13964017,-0.007124087,0.0019491445,0.004963842,-0.0031860552,0.0039640767,-0.007600205,6.532899e-05
-7.310054,-0.6247636,-0.028040906,-0.0005663637,1.2004716,-0.0008495962,-0.047420852,-0.0015817792,0.0003344449,0.0031927808,0.01423232,-0.07732024,0.0032231354,-0.0023033689,0.00064643763,-0.0033512416,-1.2062373,-0.030001337,0.085242294,-0.0007028788,-0.002949147,-0.027954405,0.0018533184,-0.0012269663,0.0022036235,0.006438448,0.007726272,-0.100421816,-0.13742532,-0.00645568,-0.008334753,0.002193427,-0.0021339662,0.00032757316,-0.007937505,0.0009348168
-4.2330723,0.03897844,0.033439193,-0.0047276756,-1.3978233,-0.0011264771,-0.046415143,0.0030727573,0.012532029,0.003201113,-0.040927704,-0.103254475,0.0042808894,0.00067459693,0.0022347022,-0.010504558,-0.90456474,-0.0063090934,0.03391125,0.0020700858,0.00018947283,-0.0029893452,-0.0003736499,0.0054429495,-0.008638831,-0.0038710611,0.0075428444,-0.03813636,-0.19245355,-0.0047089206,0.00279655,-0.0012770218,0.011002818,0.0010116824,0.0041898475,-0.00016429389
-1.7323192,0.57783574,-0.044660617,-0.0017386096,1.2791508,-0.001626554,0.11453723,-0.020408142,0.0044743875,0.0045458544,-0.053034816,-0.30065885,-0.0004796425,-0.017367458,0.0016537368,0.018058589,-0.5501376,-0.027893856,-0.023459261,-0.0051836553,0.007419098,0.02636618,0.0003724685,0.0041309316,-0.0068711867,0.0015315749,0.027752874,-0.014542156,-0.18194288,-0.001158215,-0.017522424,0.0025132794,0.00065283664,0.0010435984,-0.012850882,0.0014489361
19.67197,1.1800085,0.05272504,-0.009638093,-0.104897834,-0.00932458,0.12825166,0.010967011,-0.005368197,0.0027416316,0.095050104,0.30021608,-0.048288744,-0.00034030803,0.0019809932,0.068940364,4.1347823,0.035066396,-0.11240948,0.0029547305,0.015088599,0.05328518,-0.002949324,-0.0033900167,0.0032645098,-0.009438231,-0.009636917,0.3750169,0.46909717,0.0013287459,-0.035527803,0.0001806242,-0.0024373555,-0.002028343,-0.02480679,0.004927178
-7.107737,-0.19977722,-0.038362037,-0.011660624,1.2251841,1.9866204e-05,-0.054593727,-0.011616576,0.0053756502,0.0014743939,-0.035178233,-0.10077901,-0.0017630192,-0.007944095,0.0007556215,-3.349495e-05,-1.2268417,-0.06724947,0.067605406,-0.0025563638,-0.0010481088,-0.031115957,-0.006426596,0.003228073,5.5949833e-05,0.003931652,-0.006287043,-0.05760433,-0.14176467,-0.0041637104,-0.00805777,0.00092703564,0.0028602807,-0.0021727877,-0.011300759,-0.0023904117
-7.302273,-0.6438308,0.007320932,-0.002338718,1.2023877,-0.0001372653,-0.061357822,0.006384862,-0.0075584324,0.0029568938,0.013245782,-0.088644,-0.00094633445,0.0058173095,-0.00039506046,-0.0027232668,-1.2118979,-0.029214242,0.09103286,0.0002856416,0.00071948895,-0.026413308,-0.004302188,0.0012965827,0.004612789,0.005106554,-0.0101783285,-0.09563497,-0.13917941,-0.0057267174,-0.0058690296,0.000965664,-0.0023894028,0.0007019096,-0.013016756,-0.00025889714
-7.27917,-0.61312354,-0.025867622,-0.0011696266,1.1995677,-0.00062209717,-0.06466698,-0.0046995054,0.0022393977,0.0027435229,-0.006098556,-0.077907294,-0.007162218,-0.0023633759,-0.0011774813,-0.0035114666,-1.2013307,-0.032987848,0.08589666,-0.00037014237,-0.004219764,-0.025700774,-0.0062089926,0.0011366678,0.00018442866,0.006511203,-0.007416427,-0.0898552,-0.13206087,-0.007229972,-0.008092578,0.0022721796,-0.002210877,6.922427e-05,-0.006826697,0.00057868153
-7.267387,-0.5968743,-0.038242623,0.0022056568,1.2076079,0.000865172,-0.07848586,-0.0054131597,-0.03402605,0.0028039713,0.015299902,-0.06833174,-0.0005573842,-0.004611999,0.0019282703,-0.004160411,-1.1424801,-0.030986696,0.08886669,-0.0033446387,-0.013124107,-0.029007994,0.004393994,0.0041165957,0.0037486,-0.010186225,0.0036792704,-0.11867249,-0.1370251,-0.006566082,-0.0014680696,0.0046307067,-7.865211e-05,0.0039708395,0.004922858,0.0028968381
-6.5970144,-0.04868673,0.02331366,0.0035145693,1.2136037,-0.00016614195,-0.04919055,0.001152177,0.0048863157,0.0013118862,-0.039658327,-0.10128198,-0.008868764,0.0005529968,0.0016713691,-0.0003708234,-1.2401376,-0.030888028,0.05588483,0.00038829632,-0.0018056644,-0.010241826,-0.008005699,0.001569281,-0.0004716057,0.0011689245,0.008299785,-0.06810369,-0.17177692,-0.00045359271,-0.0049388288,-0.0011412115,-0.0029854223,-0.0022459957,-0.01667295,-0.0038978225
-7.310083,-0.6201902,-0.025698705,-0.0010523575,1.196519,-8.569586e-05,-0.03281259,-0.0048201485,0.004605845,0.002723591,-0.019121367,-0.07707872,-0.0068892133,-0.0023010408,-0.00087214645,-0.0038907037,-1.186351,-0.03127922,0.08730242,-0.0005869247,-0.0016450126,-0.026039142,-0.0024841935,0.0021607345,-4.9589844e-06,0.0063871685,-0.00811166,-0.08631046,-0.1325813,-0.007727807,-0.009113669,0.0022107756,-0.0016503759,0.0029149067,-0.0074388627,0.0006175725
-2.1364887,-0.4056773,0.019354653,-0.0025209365,1.221233,-0.0029264628,0.033789795,0.005324744,-0.00581449,0.0032129162,-0.04170438,-0.17431448,0.0005568502,0.008035327,0.000120270124,0.019570883,0.25002795,0.010486622,0.05076684,0.0044991593,0.0006082014,0.028575534,0.007649319,0.00035505436,-0.0006541813,-0.0071555343,0.0052923383,-0.06939306,-0.07904707,-0.0031945268,0.019445635,-0.0011947762,0.0031934453,0.0012963378,0.01947871,-0.0036213442
-6.1812263,0.08115687,-0.028765993,-0.0010806475,-0.6610043,0.0016020875,-0.015522727,-0.0048793773,0.004654086,0.0038711284,-0.043183096,-0.08895405,0.0024355892,-0.00614875,0.0014915485,-0.02284225,-1.1272811,-0.007095869,-0.01129936,-0.0038337102,0.0020079112,-0.07102046,0.012268059,0.00046006378,-0.0057051727,0.0010185132,-0.005710389,0.012535189,-0.18611503,0.0012753472,-0.016541297,0.0030293602,-1.1194027e-05,-0.0004780661,-0.012365107,-0.0066275126
12.907415,1.0976493,0.022760112,-0.010741921,-1.8706697,-0.008477605,-0.2805217,-0.0023868957,-1.9942692e-05,0.0035184624,0.106690936,0.2632099,0.013776799,-0.004270547,-0.00121696,0.030084526,2.7056234,-0.042200796,-0.0743739,0.012444269,0.007310096,0.014576742,-0.010943165,-0.0030906424,-0.0035666137,-0.00601846,-0.008274988,-0.22882873,0.37898543,-0.00987173,0.000570152,-0.0055046408,0.004372283,-0.0087495595,-0.034824632,-0.006048291
6.911773,-0.5041399,0.016807694,-0.00063377206,-1.7166607,0.022816185,-0.21666835,0.009504306,-0.0028114696,0.0025876581,0.025862971,0.22257818,-0.0028152468,0.010523102,0.0030823715,0.0009166782,3.1752307,-0.46459776,-0.01333487,0.01388017,0.0045919907,-0.057953965,-0.017773874,0.0021805118,0.0039583505,-0.023554837,0.0075702914,-0.5703437,0.4628275,-0.0035721143,0.030544648,0.0016099783,-0.012454319,0.009452834,0.039563313,-0.027239835
-0.68014884,0.6079058,-0.085272886,0.0027860608,-1.906385,-0.010479986,-0.1955361,-0.047774956,-0.032581642,0.0042085466,0.013105108,0.09091652,-0.0037093826,-0.012310346,0.0022783761,-0.016276455,0.35064656,-0.01866386,0.0029288346,-0.017429775,-0.12191287,-0.037296787,-0.010423998,0.015105195,0.023192747,-0.010650715,0.033868384,-0.2605772,-0.10523556,-0.006426184,0.025459914,0.006215754,-3.342181e-05,0.023330875,0.0069547477,-0.009822591
-7.382772,-0.65960085,-0.014685386,0.0024267312,1.29323,-0.002678438,0.03111393,0.0018380851,-0.038183417,-0.009248849,0.0071535553,-0.07933634,-0.0012748287,0.0054844324,-1.9061798e-05,-0.00073898927,-1.1593663,-0.02243722,0.07929273,0.0013831273,-0.00087238,0.051621556,-0.0029150934,0.0018097905,0.008741272,-0.010458716,0.0077608177,-0.33737764,-0.13358387,-0.007863589,-0.00044917705,0.0015138228,0.0004983108,-3.1102663e-06,0.011591707,0.00029057648
4.0505443,-0.38551584,-0.039358776,-0.00043701092,1.3453809,0.0041342727,0.09324199,-0.008866849,-0.0062337304,0.0042870427,0.14084396,0.028985495,0.0073679434,-0.0009890773,-0.002141318,0.016200814,2.3150368,-0.087141484,-0.047884136,-0.017455371,-0.0027021246,0.021092432,0.0073463107,-0.0024510708,-0.0010072538,-0.003159612,-0.005788253,-0.14162678,0.27965656,-0.008270317,6.6369794e-05,0.0064589195,-0.004884996,0.002288303,-0.0054690354,-0.009599927
-7.314711,-0.6475522,-0.003124212,0.0018260377,1.2020849,-0.0023413564,-0.069955446,0.0024454105,-0.03204196,0.0033040997,0.013133651,-0.0819654,-0.0005736538,0.004971485,-0.00029071554,-0.0022338864,-1.1703405,-0.02517502,0.08691105,0.0010111138,0.00012670647,-0.025354464,0.0032477665,0.0019531171,0.0012505809,-0.0104541145,0.0063019926,-0.105651535,-0.14375633,-0.0070861136,-0.0005445741,0.0002562829,-0.0018882235,0.0004048387,0.012266454,0.00041021255
-7.4041033,-0.6700394,-0.0059136227,0.0023876934,-2.2764294,-0.00043931077,-0.02279775,0.006486552,-0.028857838,0.00042112317,0.0069201924,-0.086854495,-0.0021221465,0.027437683,0.00047552714,-0.0027517222,-1.3044795,-0.020186491,0.085672185,0.0033422546,-0.00093201816,-0.01886363,-0.004139717,0.0015931876,0.006154715,-0.0110452315,0.004364336,-0.41281638,-0.15540211,-0.009651092,7.2762487e-07,0.002079801,0.0009948428,0.00074447354,0.013919674,-0.00038909737
-6.1700673,0.042640243,-0.039934427,-0.0014938773,1.2609401,-0.00046733816,-0.00058775884,-0.0079484545,0.00432621,0.0025705043,-0.037031814,-0.09066663,-0.00022950693,-0.008157175,-0.00074607256,-0.0015597142,-1.1591305,-0.052265216,0.027543409,-0.005956295,0.00071501115,-0.03046952,-0.0067364266,0.0025701937,-6.2232575e-05,0.0049500777,-0.0060402243,-0.11656875,-0.20475955,-0.0052340114,-0.0075834733,0.00018610133,0.0027729438,8.076551e-05,-0.014492755,-0.0013228318
-7.286259,-0.60338056,-0.033691224,0.0005019015,1.2071507,-0.0022522302,-0.067545265,-0.0042951345,-0.034470797,0.003072661,0.012577741,-0.07171477,-0.0008535792,-0.004609457,-3.5271147e-05,-0.0032646237,-1.1642205,-0.034392744,0.08149474,-0.001837839,-0.012484123,-0.027989596,-0.004317565,0.0019584887,0.005065346,0.004739315,-0.0075148013,-0.11338689,-0.13180234,-0.0073171095,-0.00048955274,0.0043221544,-0.0032833475,0.0026123563,-0.008119285,0.0012946287
-7.3231683,-0.64507204,0.012116963,-0.00089769106,1.2048997,-0.0020771618,-0.04443315,0.0044859946,0.0042717378,0.0034803068,0.0069414116,-0.08434443,0.0033331015,0.0006078484,0.0003116456,-0.004966395,-1.2269036,-0.027519532,0.09310911,0.00027130797,0.002842382,-0.026699416,-0.0027839022,0.0021691928,-0.0010359741,0.007356232,-0.0043759686,-0.09498078,-0.13521184,-0.0069615766,-0.00752115,0.00023484227,-0.002185235,-0.0011424954,-0.0078064115,-0.0008773621
-4.020371,0.11198125,-0.0025989197,-0.0020587975,-1.2672632,0.0031137129,-0.075358555,-0.004716074,-0.037988897,-0.006750829,0.021274231,-0.073810846,-0.0009037541,0.006569907,0.0018101934,-0.004139001,-1.0946178,-0.025718773,0.19772728,0.0033050433,0.007266573,-0.066706076,-0.009246567,0.0027565483,0.04388206,0.0033078315,0.008345295,-0.120061114,-0.19247548,-0.0022104073,0.003769173,0.007727795,0.003963361,0.004085271,-0.016855458,0.0049046734
-7.338357,-0.6503519,0.007079589,-0.0012211306,1.2071282,-0.0016065058,-0.024161762,0.0044347355,0.0035755266,0.00306571,0.013493732,-0.08533786,0.003899649,0.0006341938,-0.0012389129,-0.0041733324,-1.218837,-0.027081238,0.09280438,0.00021623436,-0.0006705968,-0.026660724,-0.0065101488,0.0018266444,9.8559656e-05,0.007372555,-0.0071189534,-0.098694585,-0.13044246,-0.007099779,-0.0070246747,0.00017669267,-0.0019515809,-0.0006437334,-0.00788246,-0.00071140943
-7.2701387,-0.6056668,-0.031647537,-0.0008676802,1.2045418,-0.0027694663,-0.07649084,-0.0048745316,-0.00037409653,0.002709298,0.013026134,-0.070257775,-0.0072949547,-0.0024055773,-0.00035983033,-0.0047726827,-1.205894,-0.03329572,0.08720987,-0.0034380627,-0.009687255,-0.024144795,-0.0061593535,5.8375233e-05,0.000119991455,0.006311129,-0.0051537063,-0.09953471,-0.13220218,-0.0070187924,-0.007946468,0.0016134644,-0.0032770066,8.65426e-05,-0.006275131,0.0012764977
-7.3185425,-0.62827414,-0.005538077,-0.0026678955,1.2134321,0.0021779698,-0.12542683,-0.0047879578,0.012157036,0.0030839588,0.012535836,-0.08359152,0.0029203855,-0.0013772988,-0.0002999824,-0.006004341,-1.2144573,-0.03163945,0.08536284,0.0016421962,-0.0007117879,0.014624856,0.0056687957,0.002672308,-0.0032193745,0.005460021,-0.009590111,-0.11006026,-0.13385582,-0.0063932897,-0.007338735,0.00091213075,-0.0050592544,0.00014269869,-0.0075508147,0.00031915208
9.875877,1.0571697,0.015145554,-0.0033100462,-0.9322198,0.0029550977,-0.099173546,-0.040542852,0.0086947195,0.004142372,0.06452339,0.25831914,-0.012028335,-0.008100179,-0.0072832345,0.0145102395,2.6553159,0.02994674,-0.087205306,0.00049615814,0.017328978,-0.13425022,6.130342e-05,-0.0013626642,0.011334128,-0.0065923724,0.0068156417,-0.35920194,0.2641566,-0.0107916705,0.010982521,-0.0010150155,-0.0056059207,-0.0020225735,0.031054849,-0.026656888
-7.267651,-0.60110843,-0.037547488,-0.0010174636,1.198699,-0.0017411434,-0.07472776,-0.005036366,-0.032571137,0.003086414,-0.006060098,-0.070790455,-0.0020729268,-0.0045588636,0.000789615,-0.002911166,-1.161584,-0.03555403,0.08152477,-0.0029996994,-0.011844261,-0.024453988,-0.0021589568,0.0021121257,0.0019153948,0.006194404,-0.007170694,-0.10198891,-0.13482758,-0.007047861,-0.000764156,0.0057114656,-0.0033984126,0.001502332,-0.008028023,0.0020196734
-6.3857417,0.019435259,-0.04269932,-0.0027279628,1.222156,0.00056351675,0.024024311,-0.011709863,0.0069507277,0.0022776846,-0.036326095,-0.0888479,-0.00030663118,-0.009735034,-0.00097547827,-0.00061143155,-1.1486899,-0.054586217,0.04532958,-0.003671047,0.0018448744,-0.010391642,-0.0061565386,0.0023349,0.0010708123,0.001685077,-0.006333019,-0.07807741,-0.1943644,-0.00510104,-0.0107212365,0.0008912483,-0.0019520674,-0.0019258033,-0.015874896,-0.0017379855
-4.871242,0.2925297,-0.0054109087,-0.0007720011,1.1910233,-0.0011212765,0.0013049825,-0.006969833,-0.0061970656,0.0029971472,0.016743256,-0.122517236,-0.010539391,-0.0042964164,-0.00097350817,0.022049243,-0.93562114,-0.03151837,-0.020093389,0.0003951254,0.003852928,-0.0271588,-0.001443599,-0.0010923516,0.0016431607,0.0045586107,-0.0070227957,-0.08381186,-0.19730581,-0.004255021,-0.0069164624,0.0072637512,0.008422052,0.00029013157,-0.011037324,0.0017110694
-7.362974,-0.6309436,-0.025322944,-0.013631409,-2.3827627,-0.0015773072,-0.01995373,-0.0066146352,0.0049169734,0.0031215767,-0.0061351657,-0.072417215,-0.0028575375,-0.0063666445,-0.00026578506,-0.003275107,-1.3348067,-0.026952486,0.089308485,-0.0034272731,-0.011825537,-0.13924491,-0.004175898,-0.00011774891,0.0025974147,-0.00097053224,-0.006946033,-0.1311873,-0.146667,-0.007883505,-0.010147693,0.00048565556,-0.00094771094,0.00041831704,-0.011955244,0.0006157765
-7.334505,-0.59139705,-0.03390486,-0.0010332058,-0.0570722,-0.0022684115,-0.085629135,-0.004220711,-0.0042743925,0.0023586396,0.013929604,-0.067742534,-0.004408562,-0.002761412,0.00089803635,-0.0033688354,-1.243799,-0.042969123,0.08138391,-0.0036737956,-0.008013566,0.030823376,-0.00060670526,0.00083583756,0.00032801548,0.0050838045,-0.007568834,-0.2492054,-0.14283463,-0.005517831,-0.00601991,0.0022424483,0.00044761153,-0.0006486171,-0.0070488164,-0.00065028365
-7.363807,-0.63564533,0.010283084,0.0022656638,1.208009,-3.675165e-05,-0.021497397,-0.0026640147,0.0027839425,0.0029379094,-0.018532217,-0.082781896,-0.0076741627,0.0006626407,-0.0002993339,-0.0030193746,-1.203757,-0.028387317,0.0908559,-0.00032256506,-0.00016064855,-0.022709567,-0.003992345,0.002116798,-0.00025433127,0.006403281,-0.0101144565,-0.09078647,-0.14196452,-0.0068296865,-0.00837944,0.00050701434,-0.0017508947,-0.00016940644,-0.008444132,-0.0017908971
-6.705518,-0.2737746,-0.02639782,-0.0015931317,1.2367455,-0.00049220433,-0.06745547,0.00028363144,0.022766216,0.0016596909,0.019281663,-0.09630309,0.008396537,-0.0016376883,-0.0012762076,-0.006259705,-1.1429887,-0.03304302,0.068190426,0.0006294459,0.0038665219,-0.0140534155,-0.0069235736,0.002596159,-0.0033560654,0.0020792976,-0.009019207,-0.119356684,-0.1470765,-0.0067734416,-0.008176513,0.002090215,-0.0009879046,-0.00054261653,-0.011559482,-0.00034251256
-7.276552,-0.6105417,-0.030890219,-0.0010723432,1.2000818,-0.0002918605,-0.06709059,-0.005371115,0.0057570273,0.0027824042,0.0066557815,-0.07378697,-0.00703186,-0.002422115,-0.00043007557,-0.0038319696,-1.2082274,-0.033458874,0.08652366,-0.0039793863,-0.0030059214,-0.024563534,0.0036762883,0.00036900476,0.0018759832,0.0061177285,-0.007115527,-0.09643555,-0.13474043,-0.006880722,-0.008451939,0.002122486,-0.0020477471,0.0016151143,-0.0068977075,0.0009925336
12.851363,1.1585423,-0.15362248,-0.0072939848,-1.8559928,-0.0038904184,-0.30309352,-0.019222863,-0.005496019,0.003179238,-0.0018644982,0.2604916,-0.005508381,-0.0066891816,-0.00080878905,0.06914543,2.6963773,-0.06962019,-0.09597912,-0.083323315,-0.0005611591,0.0041811396,-0.013317052,-0.006457319,-0.015789077,0.010378382,-0.014726009,-0.07492362,0.27706945,0.0042531127,-0.05047017,4.6000067e-05,-0.003625609,-0.008423807,-0.038161784,0.002981713
-6.365684,-0.17927098,-0.0034757687,-0.0047467505,0.4898607,-0.0020417585,-0.14959426,0.00026376414,-0.00635741,0.0013544892,0.019333886,-0.09792797,0.0024236243,0.0012363006,-0.0013463334,-0.0059744483,-1.0865378,-0.03754224,0.067443885,-0.00020157764,-0.00028283807,0.043472137,0.007693109,0.0019867637,0.00041274042,-0.0022804064,0.013129114,-0.2693967,-0.14877754,-0.004589556,-0.004603153,0.009476127,0.0009261022,-0.000912448,-0.013858834,-0.00047634338
12.470963,1.2031767,0.055184595,0.004838285,-1.2569604,-0.025628895,-0.083256625,0.0013953904,0.053059954,0.0035782235,-0.046151742,0.33009383,-0.022678733,-0.002105294,0.0007797206,0.04806748,2.6906154,-0.06380524,-0.07262087,0.018736102,0.026386356,0.04030509,0.0064176423,-0.0023278457,-0.01730839,0.004295229,-0.014764596,0.12161051,0.27534685,0.008048946,-0.045764845,-0.0018643951,0.002289597,-0.008185751,-0.021217687,0.0188954
20.25759,1.1838295,0.037441183,0.0025542164,1.1642063,0.010033939,0.16953062,0.028459173,0.032639317,0.0041536177,-0.0055502015,0.1955726,0.08570747,-0.006050675,0.005551362,0.08412675,3.8011582,-0.016428908,-0.023179585,-0.00906061,0.017785512,-0.017741434,-0.004616874,0.005846735,-0.014720076,0.018252198,-0.005277102,0.4717192,0.5337597,0.00064633583,-0.024333537,-0.022133963,-0.002673087,-0.001909865,-0.01722866,-0.03075001
-7.274998,-0.5958246,-0.03204243,-0.0010352153,1.2044697,-0.0004740686,-0.07965374,-0.0038926986,-0.0010920389,0.0026120034,-0.019293943,-0.0737382,-0.00045131333,-0.004632264,8.1735096e-05,-0.0039232546,-1.1911544,-0.032918703,0.08298612,-0.0042638513,-0.0074700136,-0.03166718,-0.0030787992,0.00046124274,0.00058598426,0.0062174164,-0.0057639293,-0.08772151,-0.13878545,-0.007098417,-0.008553373,0.0017423943,-0.0015252123,0.0005571229,-0.006786354,0.0017900121
-7.2728424,-0.65061146,0.009761443,-0.0012321112,-0.70802486,0.00036223663,-0.035901282,-0.001961979,0.0069355643,0.0019542587,-0.025609609,-0.08214857,-0.003184679,0.0011412688,0.00047181267,-0.0035036618,-1.3539227,-0.014584151,0.09270007,0.0004171753,-0.002318554,-0.09286598,0.0046855872,0.0015051751,0.002501591,-8.26898e-05,-0.0043687704,-0.039369028,-0.1442492,-0.006249432,0.0012355788,0.0034752707,-0.0033631886,0.0019066039,-0.008044861,-0.0037291506
-7.3942957,-0.65108913,-0.018927278,0.0042380737,1.2036897,-0.0009772556,0.017199865,0.003941522,-0.039641224,-0.010706987,0.012692888,-0.07690379,-0.0064325384,0.00063485216,-0.00010825478,-0.0019742807,-1.1416365,-0.024750024,0.08600308,0.0014968415,0.0004972324,-0.022777501,-0.005505078,0.006241331,0.006236224,-0.010039699,0.007933843,-0.10395019,-0.13951637,-0.008254744,-0.0012590906,0.003725681,-0.002573813,0.0017229443,0.013160577,0.0016779368
-7.3095837,-0.63625896,-0.0065004765,-0.0013588672,1.1995635,6.7658446e-05,-0.04145536,-0.002645875,-0.0059302626,0.0032198012,0.012516438,-0.079069726,-0.007494273,-0.00013126688,-0.00049413106,-0.0041561867,-1.2083013,-0.027247632,0.08935562,0.00248973,0.0004530594,-0.02688968,-0.0046847034,0.00042155897,0.0013088012,0.002504586,-0.0092471605,-0.09429206,-0.13015474,-0.006750161,-0.008348894,0.0017271958,-0.0019458064,-0.0008182575,-0.007237057,0.0012032734
-7.2743998,-0.6058812,-0.022952752,-0.0009568224,1.2030495,-0.0023223264,-0.080840066,-0.0032282865,-2.9436225e-05,0.0028063096,-0.02013199,-0.07939918,-0.006471983,-0.002553294,0.00048863096,-0.00425956,-1.2249472,-0.033375736,0.08602888,0.00020707623,-0.0013577853,-0.024501212,-0.0036182918,0.00065153785,-0.0009737546,0.0060813176,-0.008134648,-0.07349529,-0.14059709,-0.005861664,0.0071770474,0.00060206355,-0.0032012549,-0.00018047466,-0.0073667257,-0.002733096
6.694158,1.0245664,-0.035646163,-0.00146626,1.2894638,-0.0032570206,0.10369728,-0.01970182,0.024204977,0.0061140396,0.07397246,-0.075047605,0.015850943,-0.0020218312,0.0027679887,-0.024318174,2.144312,-0.0027408437,-0.0995742,-0.012928869,0.0023568529,0.018598607,0.011934573,-0.00060736114,0.00261816,-0.011277281,-0.00998469,-0.4060476,0.13983518,-0.008724445,-0.0039207013,0.0018296705,0.0036543547,0.0031496452,-0.018566385,-0.004759507
-7.2965574,-0.64517003,-0.0031999152,-0.0003833455,1.2016073,-0.0006849126,-0.07701206,0.00741224,-0.017283,0.002629859,0.0130225755,-0.082879685,-0.0012049712,0.008972887,-0.00028268097,-0.0035320686,-1.1975428,-0.025832498,0.08868782,0.0015414897,0.00034137853,-0.029183524,-0.0047167717,3.328956e-06,0.0047951457,0.0018667915,0.008073906,-0.10468755,-0.14363144,-0.007063789,-0.0018797903,0.0009062971,-0.0033464169,0.0003566679,0.0014535906,0.00070613524
23.885567,1.2779107,0.04622895,0.0029982578,-1.0492355,-0.024945876,0.06063836,-0.003422936,0.0478367,0.002544995,0.07536094,0.30268326,0.048200008,-0.0041986182,0.00067770114,0.08034579,4.310663,0.03088498,-0.079527974,0.008835656,0.01642898,0.01728064,-0.0049614604,-0.005107431,-0.0010188578,0.011854607,-0.012770735,0.5210179,0.49119467,-0.018754218,-0.04091755,0.0047912896,-0.011232132,-0.0035772352,-0.02002462,-0.0141988965
2.6715388,1.0309764,-0.04184398,0.0007877997,1.3439486,0.0033912733,0.11647004,-0.004250669,0.009684968,0.002117099,-0.031857964,-0.2322656,-0.0024233004,-0.01625629,0.0031450351,0.03823434,0.10273646,-0.052738883,-0.10992779,-0.001908075,0.002060496,0.003581525,-0.009163759,0.004151661,-0.0044587343,0.006135181,-0.012897218,0.07323108,-0.044558197,0.0048238486,-0.04536156,0.0035879954,0.0026106169,0.0013669394,-0.016225515,0.015039876
-7.3431935,-0.6370353,-0.002155043,-0.0009344767,1.2069275,-0.001030421,-0.02140666,-0.0025832793,0.0030993635,0.003696148,0.013352299,-0.08322746,0.004120065,-0.0010734379,9.173198e-05,-0.005199796,-1.2255064,-0.02698082,0.09292883,0.0015805282,0.00024208562,-0.021650203,0.009630066,0.002579364,-0.00093969516,0.0064205406,-0.009442848,-0.097534455,-0.13781834,-0.007076725,-0.00816731,0.0015547045,-0.0019829557,-0.0006396601,-0.0074925995,0.00034145717
-6.820392,-0.6287933,0.0032026274,0.00010189669,1.3109528,0.0007206907,0.0054015727,0.0053256047,-0.03083959,0.0052089132,0.020067554,-0.08051379,-0.0017453313,0.0080262115,-0.00027558347,-0.0022077207,-1.1290163,-0.025521878,0.10016942,0.002437678,0.0019104776,0.018368917,0.006037809,-0.00043946985,0.0031321452,-0.0018648603,0.0063949344,-0.23788355,-0.13451008,-0.0074936016,8.815137e-05,0.010769633,0.0002399559,0.0044581085,0.009656308,0.0050722524
-7.324632,-0.6502909,-0.0048535774,-0.00025430013,-2.1436296,0.004224714,-0.15592362,-0.003478571,0.009604104,0.003096245,0.006767428,-0.08088897,0.0029670165,-0.0015434948,-0.00059797213,-0.0017737267,-1.3589022,-0.03337881,0.08511759,0.001956637,-0.002131518,0.036527954,-0.0036762443,0.0007158008,-0.004814238,0.0063592233,-0.008927329,-0.47940493,-0.1586766,-0.0069899284,-0.004704456,0.0021805002,0.0015402201,-0.0022055223,-0.009312471,0.0049754297
-7.329886,-0.61244655,-0.021128595,0.0024724514,1.3317338,-0.0005755149,0.041324694,0.00044621064,-0.02877928,-0.00042842297,0.01718664,-0.08273189,-0.00084646884,0.0037154309,-0.0016318816,-0.0028012786,-1.1380831,-0.021912793,0.08874858,0.0038606452,-0.0006192138,0.056449387,-0.0022196963,0.004848818,0.011255375,-0.008613811,0.007855476,-0.31738877,-0.13029869,-0.0074912175,0.0003791119,0.0026833806,-0.0029579357,0.0039966474,0.008323149,0.00082909875
-7.28044,-0.617427,-0.023416793,-0.00101086,1.2037438,-0.00075403845,-0.07254206,-0.0012782085,0.008907352,0.003695785,0.01240525,-0.0804655,0.0034389165,-0.0010498685,0.0002193725,-0.0042061973,-1.2110815,-0.034679297,0.08740795,0.0046493937,-0.0018895342,-0.02568603,-0.0034874172,0.0017202956,-0.0033613811,0.0062928526,-0.0085451985,-0.10165766,-0.13848764,-0.0065768706,-0.008960891,0.0010235349,-0.0019237705,0.00020383448,-0.007000065,0.00019644949
-7.357203,-0.6093788,-0.034817006,-0.009895627,1.2011497,0.0017621102,-0.012899172,-0.0036539445,-0.0194406,0.0034063726,0.006395137,-0.07216247,-0.0011213655,-0.005685651,-0.00076174765,-0.0033230565,-1.1871146,-0.033980392,0.08497883,-0.0038653607,-0.009986783,-0.020773457,0.0023652224,0.00048518594,0.0038272499,0.006135405,-0.0066757603,-0.11519481,-0.13927262,-0.0066424888,-0.0017696739,0.0017153502,-0.0010973436,-0.0010571803,-0.007899303,0.00092612806
-7.2901797,-0.6066345,-0.03549777,-0.0011283451,1.2061222,0.0010087654,-0.090500526,-0.004484137,-0.031099277,0.003381222,0.014092184,-0.07176096,-0.0007370965,-0.0049957754,0.0014144636,-0.003689223,-1.1672802,-0.033892848,0.081749395,-0.0019831571,-0.012745795,-0.025560513,-0.0053928522,0.0024217074,0.0071243295,0.0068162275,0.0027108819,-0.119507514,-0.13674174,-0.008553392,-0.00017213637,0.0055735484,-0.003227651,0.0019589132,-0.0068141753,0.0011082261
-7.283714,-0.67480266,0.015886454,-0.0017979791,-1.9205265,-0.0012984837,-0.078964785,0.0056117605,-0.0022745936,0.002352707,-0.022826225,-0.08599773,-0.002101059,0.0060288855,-0.003792471,-0.010100422,-1.358437,-0.035064165,0.09933537,-0.0004369107,-0.0035233244,-0.029238654,0.0013825308,-0.00020186238,-0.0018962811,0.0036086978,-0.006722986,-0.10374374,-0.15248631,-0.0066347877,0.004913229,0.0007710466,-0.0023923116,-0.0007315231,-0.008271711,-0.0022360343
-7.434972,-0.62325686,-0.020163585,0.0025930996,1.3303689,-0.00020658481,0.030832483,-0.00041049672,-0.027429886,0.0018594875,0.012716591,-0.08240247,-0.007967152,-4.994637e-05,0.0022881883,-0.0024887575,-1.1691505,-0.021770129,0.0814653,0.0044933925,-0.00028293696,0.08412397,-0.00390201,0.0031245826,0.008517275,-0.010446008,0.008483296,-0.29293776,-0.13365985,-0.008190351,-0.0011269217,0.0019387417,-0.000681506,0.0013500865,0.011889407,0.00080970465
18.625332,1.1909618,0.06397429,-0.0046544536,-1.5504498,-0.028517295,-0.19316614,0.012067827,0.0070658973,0.0022435074,0.03566879,0.28639033,-0.014416368,-0.0019642003,0.000651309,0.07267178,3.8474483,-0.013006527,-0.08884043,0.009002709,0.0111470185,0.024021909,0.0047194655,-0.0067190793,-0.0049883714,0.017597152,-0.0161426,0.35650924,0.51400524,0.010868911,-0.048767783,0.0037613274,0.004118006,-0.003114212,-0.025579805,0.013944866
-7.2536426,-0.67266613,-0.0032511828,-0.0029127824,-0.9632445,-0.0024738659,-0.13349615,0.0027874706,-0.02871442,0.0036400508,0.014119877,-0.081128955,-0.0015585574,0.004665209,0.0005091666,-0.0009887901,-1.2685252,-0.03665324,0.09017383,0.0015232522,0.0013505134,-0.08086,-0.0054660873,0.0017550155,0.005718226,0.0068334197,0.00845932,-0.13135804,-0.16279335,-0.008030571,0.002144048,0.0010285316,-0.0036993644,0.0014065702,-0.0046568713,-8.268372e-05
-0.19568235,0.7608583,-0.050871663,-0.00017639974,1.2345862,-0.0011452734,-0.22096053,-0.009863743,0.02756974,0.004301453,0.018170884,-0.18308818,-0.014567222,0.00013446831,0.002197316,-0.015725467,0.10135114,-0.0012502291,-0.038110074,0.0004816868,0.006722878,0.04211728,0.009059331,-0.0019835075,0.007697034,0.005661599,-0.04217017,-0.21010397,-0.23197863,-0.005195673,0.024974499,0.00018553267,0.015858004,0.0059520453,-0.0103154555,0.00778132
-7.2806497,-0.61936975,-0.024006987,-0.00075573573,1.2012388,-0.0027389724,-0.07743448,-0.004181177,-0.012145593,0.0027572354,0.01290958,-0.0795002,-0.0068373233,-0.002965822,0.0014731697,-0.0044011124,-1.1938396,-0.03458441,0.08476024,0.00074042554,-0.0013005676,-0.033167414,0.0023514596,0.0014564277,0.007792483,0.0063781072,0.0034907276,-0.10316924,-0.1359777,-0.00519425,-0.0052705524,0.0013388412,-0.0022569294,-0.00071597734,-0.007296303,0.0021706899
-7.1592813,-0.62645495,0.0131283915,-0.0014574273,1.2283839,0.002548769,-0.15742616,-0.0016555131,0.009102964,0.0035966565,-0.02740536,-0.08806839,0.0034524722,0.000115344796,0.0005366224,-0.005911305,-1.2361325,-0.016158367,0.09354845,-0.0003640703,0.00460331,0.037433505,0.0052656727,0.0044398564,4.801461e-06,0.0053718444,0.01036204,-0.07082759,-0.13805544,-0.0018989177,0.0029031413,0.00039763792,0.00058950594,-0.00016515222,-0.0070751505,-0.0056515797
8.174831,1.1774101,-0.092327,0.0030906876,-1.6721282,-0.005684008,-0.29656085,-0.02908878,-0.0032072244,0.001816261,-0.005007987,0.3751286,-0.013072886,-0.013341124,0.00403536,0.033111017,2.4805703,-0.031577464,0.00062040123,0.01060294,0.018849853,0.0038706886,0.0064401845,-0.007911632,0.0024924802,0.0067879143,0.023878668,-0.036833353,0.16740546,-0.0013709887,-0.00334774,-0.0034252058,-0.0009944428,-0.007950372,-0.020357074,0.0026232228
3.5669506,0.48131472,0.01604384,-0.001997943,1.2656137,0.0005734269,0.10367817,-0.012062733,0.01970489,0.002380063,-0.020326478,-0.3404687,0.004549951,-0.010000222,0.00042578936,0.026127841,0.9710346,-0.06303079,-0.019949136,0.0019860948,0.013639128,0.080942795,-0.0060358527,0.0010055394,-0.0052436255,-0.016726581,0.017721238,0.07683653,0.1436758,-0.04658583,-0.009954469,0.0024005498,-0.0043426733,0.00038441722,0.017912798,0.010494459
-7.3270626,-0.6109527,-0.029398045,-0.0010585411,1.1956273,-0.0002440975,-0.0154486215,-0.003610084,0.0017479461,0.0027212647,0.014124166,-0.0709947,-0.0003026237,-0.0047572413,0.00015759401,-0.00377416,-1.2075541,-0.031183915,0.08868515,-0.004306262,-0.011555369,-0.018363973,0.0028704698,-0.00035976316,0.0010938195,0.0062807533,-0.00708356,-0.102011435,-0.13905609,-0.00741342,-0.008290319,0.0016325418,-0.0011744839,-0.00012332501,-0.007189588,0.00062592834
8.757034,1.5117037,0.041067507,-0.0021333126,1.4236269,-0.0029958212,0.17569362,0.003295377,4.2658703e-06,0.0017021052,0.0017805725,0.34054822,0.0068045426,0.0018161882,0.0056241066,0.16818309,-1.1404269,-0.07453653,0.25972793,0.0042358493,0.02024308,0.061836533,-0.010625918,-0.0012581745,0.03776273,-0.013253793,0.028660234,0.017096682,-0.08640527,-0.0134410905,-0.001015977,0.008357259,-0.0024043038,-0.0046507344,-0.011463761,-0.007615152
-7.2897253,-0.63267076,-0.0009997011,-0.00088723656,1.2035712,-0.0025581685,-0.07456724,-0.0017511512,0.0038598496,0.003486905,0.0072034304,-0.083597735,0.0038499401,-0.0024105725,-2.1130374e-05,-0.0040449817,-1.2169299,-0.027680807,0.08979566,0.00013264013,0.0009775845,-0.027072022,-0.0033638212,0.0008585827,0.00021351303,0.006394235,-0.009669837,-0.09432025,-0.13948475,-0.006667493,-0.0076149395,0.00044382556,-0.0012506148,-0.0004501171,-0.007731773,0.000229652
-3.9844875,-1.462671,-0.009079472,0.00055299955,-1.740797,8.933489e-05,-0.016096326,0.012843119,0.0432465,0.016693903,0.03458102,0.005760871,0.004528739,0.00042288273,0.0046488084,-0.007121094,1.9495913,-0.042822603,-0.037369866,0.0046450123,-0.020623975,0.04915488,-0.0073688775,-0.0051924256,-0.0055404366,-0.015711788,-0.005637227,-0.71420246,0.2164378,0.00095460395,0.014494515,0.005158894,-0.02684434,-0.00027383276,-0.006854108,-0.001528021
-7.315489,-0.6187493,-0.018434104,-0.00062738423,-0.22291532,-0.0023315516,-0.088599145,-0.0050682332,0.0030413372,0.0022875557,0.0065809577,-0.07725775,-0.0045045065,-0.0013770042,-0.00043681366,-0.0040401267,-1.2704315,-0.0416768,0.08388158,-0.00019820627,-0.00012651774,0.0315638,-0.00090148486,-0.001206842,0.00045202096,0.0045634937,-0.008507394,-0.26691037,-0.13460827,-0.0058691697,-0.005096808,0.0036973224,0.0017285332,0.00011489522,-0.00754664,-0.0013650438
-7.315548,-0.6094713,-0.03334891,0.0020852059,1.2015895,-0.00035012083,-0.035824787,-0.0030906585,0.001453618,0.0018933803,0.013447335,-0.07159826,-0.0006052834,-0.0046701794,0.00030910334,-0.0029105698,-1.1965914,-0.027822467,0.08219992,-0.0040572807,-0.011762968,-0.024517545,-0.0034535064,-0.0012469798,0.00050724717,-0.0105046155,-0.005255479,-0.09844711,-0.13878274,-0.007367465,-0.009205191,0.0028693771,-0.0022210425,0.0016262288,0.005234153,-0.0007252584
-7.322485,-0.64870673,-0.0027455771,0.00066071213,1.2142165,-0.0017925238,-0.08408076,0.0048143636,-0.038206924,0.0030883884,0.013039448,-0.080522425,-0.00038644415,0.005117771,0.0015767323,-0.0051602647,-1.1483009,-0.026177207,0.08257491,0.0037816844,0.00094458775,-0.037245017,0.0006198623,0.0027469704,0.008753382,-0.013484162,0.008187575,-0.10953184,-0.13603343,-0.0058928556,1.3269106e-05,0.00086646073,-0.0006420778,0.005084179,-0.007863916,0.0006785521
-7.3150644,-0.64826924,-0.006142069,0.0017081441,1.207788,-0.0004985423,-0.079163335,0.008398047,-0.030023247,0.003074249,0.013044051,-0.081819534,2.9082928e-05,0.004987864,0.0016047998,-0.00450339,-1.1837416,-0.027388243,0.08986488,0.0017941688,0.0015427528,-0.027290858,0.0035766675,0.00069707853,0.008201578,-0.0024024951,0.008344411,-0.10309081,-0.13619837,-0.0065113246,-0.00035041623,0.001486865,-0.0013552364,0.0020593528,0.005125724,0.0009517877
-7.304526,-0.6097392,-0.020078449,-0.0010274496,1.3151902,-0.0054982933,-0.11392093,-0.0032412787,0.0015961974,0.0028905587,-0.005377482,-0.0804366,0.0032210334,-0.0027427275,-9.8121964e-05,-0.0036428962,-1.2111949,-0.035722148,0.081618145,-9.257949e-05,-0.0022702464,0.04585599,-0.003978082,0.00012129461,-0.0022404199,0.005814875,-0.008621075,-0.26829642,-0.13173461,-0.0064690313,-0.0072394484,0.0036568835,-6.227273e-06,-0.0007268746,-0.0072579756,0.0017108934
1.9531822,0.5183013,0.049881652,-0.0017082333,-1.5907671,0.00025356223,-0.25785992,0.02939022,0.0112280315,0.0017229278,-0.07745723,-0.2742816,-0.0027725238,0.0147868255,-0.0013684871,0.06501965,0.48875925,-0.031065246,-0.021931505,-4.9600905e-05,0.0007827646,-0.006266867,-0.0014306484,-0.0012803747,0.0015112372,0.009290745,0.010502485,-0.050892152,0.009384267,8.154495e-05,0.004359381,0.00065156014,0.00540209,-0.002972792,-0.02556461,-0.0013478212
-6.776305,-0.517584,0.01690145,0.0048212353,-0.93831295,-0.003763303,-0.21376501,0.0069895415,0.00028983483,0.0041837376,-0.026022503,-0.090901785,-0.0027333223,0.00797653,-0.0012947598,-0.0034853148,-1.242187,-0.0052169845,0.08527491,0.00083064754,-0.0023175827,0.03548743,-0.0041358047,-0.002240453,-0.0026929264,-0.010235909,0.0029478285,-0.09202836,-0.17457518,-0.0027481583,0.0028063466,-0.00076791685,0.00010357206,-0.0039090537,0.022031846,-0.005661688
22.54772,1.2015711,0.049913183,0.000835357,-0.44814643,-0.017878912,0.1276402,0.0073438655,0.038918484,0.0043848357,0.09227037,0.295705,0.05289599,-0.0014183111,0.0033280652,0.0775336,4.277683,0.045935594,-0.08370499,0.0044634873,0.01539782,-0.020058004,0.0044293795,-0.0025299676,-0.030512355,0.014308474,-0.004769109,0.42035863,0.4688794,-0.003071257,-0.004832911,0.00042988017,-0.0129962815,-0.0063404213,-0.024819793,-0.0038389354
14.309421,1.2011726,0.08792771,-0.0042449166,1.290303,0.007761435,0.15929474,0.0036308805,-0.0006570065,0.004109121,0.079644665,0.33943266,-0.04789698,-0.000137818,0.0023582827,0.031775523,2.6702402,-0.052013807,-0.045247786,0.017911524,0.011408275,-0.028301185,-0.016633583,0.0015548664,-0.0030329917,0.0147783235,0.0114257485,0.043678116,0.3143704,-0.0042420365,0.008650157,-0.0005445826,-0.0060440134,0.00042800934,-0.019366777,0.013020749
18.642252,1.3216354,0.031538695,-0.0005401257,0.7385594,-0.018664107,0.13694267,-0.0049039638,0.0043767397,0.004100196,0.064638466,0.33384585,0.033176932,-0.0030961444,-0.004977249,0.07611689,3.7140503,-0.018919248,-0.10027902,-0.0025281645,0.0132023655,-0.03266212,-0.009006138,-0.004484229,-0.0036533072,0.011474548,-0.01819108,0.20887686,0.4994692,-0.00052577496,-0.013483253,0.0067166355,-0.0046355217,-0.0040043704,-0.026544083,0.0015409763
0.27272823,0.8173676,-0.039599095,0.00011345165,-0.45101956,-0.00062794297,-0.2722569,-0.010803713,0.005909516,0.0036786485,0.020357303,-0.15735705,-0.009199094,0.00065526785,0.001864633,-0.015719155,0.36018893,-0.006741524,-0.08110098,-0.0009549271,0.0045660227,0.008311195,0.008079518,-0.00081557763,-0.0015964598,0.0039942255,-0.02806626,-0.20296991,-0.14026873,-0.0073131635,0.030637534,0.00013630137,0.010248421,-0.0008846855,-0.008839289,0.00044980686
-7.2786565,-0.61187017,-0.026360465,-0.00088490243,1.201515,-0.0013229445,-0.0736231,-0.003431487,0.006901724,0.0033172609,0.013384872,-0.080911234,0.0033300358,-0.0022836037,0.0005604692,-0.0042918078,-1.2112349,-0.033706333,0.08567082,-0.00012860575,-0.001997957,-0.025591128,-0.0007672864,0.0011579039,-0.0014699755,0.006642047,-0.008463415,-0.09726846,-0.13955991,-0.006439761,-0.007248781,0.0015112417,-0.002966521,0.000621165,-0.0073932386,0.001547985
13.716513,0.98908836,0.041719135,0.004700626,-0.21873623,-0.04262611,0.056646917,-0.005115927,0.04482296,0.0052276785,-0.12820823,-0.028061226,0.012295252,-0.0031589507,0.0042705094,0.0863143,3.328474,-0.08212588,-0.1454104,0.003497026,0.01590598,0.06558912,-0.007343836,0.005025433,-0.03413366,-0.0054815304,-0.0003767856,0.36908647,0.35748076,0.014297231,-0.04248335,0.005626764,0.011643676,-0.00385141,-0.018132204,-0.0038299554
13.871803,0.33466393,0.06208096,-0.0058679315,0.5623245,0.0020626767,0.11893224,0.009008567,0.004874168,-0.011057524,0.103363894,0.35749876,0.0056073456,0.0046730116,0.004840988,0.05348034,2.2646663,-0.013074581,0.12954068,0.0067841397,0.022657504,-0.06753879,0.007821245,-0.0032564013,0.0040018545,0.0124288695,0.015814107,0.04235857,0.1195755,0.0033017697,0.013145954,-0.00060683454,0.0003108842,-0.004078908,-0.033093855,0.0013340308
12.660074,0.8151825,0.04145593,-0.00079391897,-1.4303433,0.0032744429,-0.18825157,0.020232068,-0.007078009,0.0026207634,-0.17288117,-0.086339325,-0.007102741,0.013891441,-0.0010291873,0.026571259,2.4944942,0.06122606,-0.0074952054,0.010348125,0.020263681,0.07343955,0.0049523204,-0.0029120087,0.00977617,-0.0051715607,0.010599158,-0.033924125,0.21497297,0.0025290644,0.0072675957,0.0014270457,-0.010222857,-0.004485245,0.022792775,0.0048966547
-7.232086,-0.47081792,-0.024424562,-0.0006109308,1.2018273,-0.0019591406,-0.01951333,-0.0063923458,0.0052779866,0.0030864992,0.019975094,-0.081994586,0.0045565683,-0.0013441378,-0.0011766161,-0.004269888,-1.1843809,-0.027790627,0.09957364,-0.00035758782,0.00045719682,-0.015303447,-0.0071832174,0.0028055115,-0.0001713834,0.0055723726,-0.009618913,-0.102560915,-0.14513953,-0.0072718286,-0.007919694,0.004014954,0.00043231877,0.00053773355,-0.0109146,0.00021227374
-7.295062,-0.6077908,-0.032351434,-0.0011193719,0.829317,-0.0007915286,-0.106256664,-0.0053023035,0.002099498,0.0023603607,0.015006516,-0.06980102,-0.00069249666,-0.004541313,0.00034093962,-0.0021405804,-1.2098167,-0.033644255,0.08319754,-0.0033617923,-0.009569112,-0.040338267,-0.003070845,-0.00023736761,0.00027307667,0.0055177226,-0.006787881,-0.09917063,-0.14499553,-0.005588648,-0.005748474,0.0026332322,-0.005168213,-0.0005043666,-0.007207026,0.00061049184
-7.3161488,-0.6276715,-0.019128742,-0.0019210927,1.2009648,-0.00039307558,-0.028263142,-0.0029586747,0.005675353,0.003333627,-0.0056695607,-0.08001297,0.0035698945,-0.0023935887,-0.00090053794,-0.0051507163,-1.2043662,-0.034113117,0.08708912,-0.00021885702,-0.0008196885,-0.025287805,-0.004210846,0.00079963845,-0.0032289843,0.006138496,-0.007542812,-0.089046195,-0.13307512,-0.0071768872,-0.008482858,0.0028940493,-0.002189348,-0.0009898547,-0.007653559,0.0018367895
-7.1555133,-0.6371431,0.009497607,-0.0102059115,0.9110421,-0.001630612,-0.0033499035,-0.001141178,0.0037385153,0.0033987283,0.015332078,-0.08454976,0.0041201725,0.0009849324,-0.0023606298,-0.0035633773,-1.1948457,-0.022875553,0.09665554,-0.00019168151,-0.0005768012,-0.02484068,-0.00719232,0.0015643447,0.0017407977,0.0020558117,0.006926657,-0.1077838,-0.13543086,-0.007737031,-0.0066692308,0.0007882661,-0.007970226,-0.0004885492,-0.0073615466,-0.00028969353
-7.2882934,-0.605618,-0.03145762,-0.0008027165,-0.53553116,-0.0022644193,-0.13464685,-0.0029592258,0.00405824,0.0023093428,0.012521929,-0.06859367,-0.00094256754,-0.005198682,0.00061731803,-0.0025484806,-1.3001913,-0.03927359,0.079474024,-0.0055491286,-0.009785748,0.04703182,-0.0047114105,-0.0005136123,0.0006426199,0.005489333,-0.007688512,-0.36829573,-0.1524643,-0.00598485,-0.0059118094,0.0015694186,0.0042634774,0.00033654322,-0.007273738,0.0016176839
-1.293755,-0.39868847,0.0016132615,0.00028703327,-2.2466245,0.00064356293,0.04362561,0.019916283,-0.08821988,0.0047320407,0.017089447,-0.05090546,-0.0022957646,0.014287231,0.0025337657,-0.011069757,0.48941633,-0.0025513154,0.06078443,0.0017908188,3.4473254e-05,0.045551196,0.0045029833,0.0078484155,0.009715882,-0.008333983,0.003295295,-0.22673286,-0.16722272,0.0154529065,0.022244865,0.007598291,0.005665819,0.0043445146,0.02031434,-0.039140295
7.377395,1.0143878,-0.011390917,0.0045585255,-1.9372952,-0.0013709768,-0.27783313,-0.011015826,0.049288187,0.003061037,0.05450504,-0.101823755,-0.016333766,-0.0018075402,-6.0906896e-05,-0.016352138,2.1516771,-0.05875785,-0.09440874,0.005608488,0.0141791245,-0.006599033,0.0038440921,-0.004620465,0.0046856604,0.0066384845,-0.016975269,-0.62316227,0.066235885,-0.01029351,0.014086224,-0.002968684,-0.00557137,0.0014955469,-0.02750634,-0.0021916304
-7.276541,-0.6081348,-0.025202118,-0.0011018127,1.2034962,-0.00031232415,-0.06483929,-0.0035996882,0.002524609,0.0033715027,-0.02073521,-0.07881624,-0.0014045428,-0.004577916,0.00055904896,-0.004013006,-1.2235785,-0.034088396,0.08545941,-0.0007092925,-0.0015564329,-0.027807822,-0.0045812023,-0.00063438504,0.002845505,0.006273617,-0.006192696,-0.07367284,-0.13225806,-0.005714722,0.00271389,0.00083796,-0.0038622336,0.000670048,-0.007056445,-0.0015058453
9.031699,0.8633426,0.047796853,-0.0017045693,-1.7626466,-0.007846551,-0.25148776,0.042048767,-0.014352042,0.00045545836,-0.15159424,-0.45446262,-0.004152119,0.026202336,0.0031045123,0.07008538,2.1586814,-0.072679,0.05067828,0.015271876,0.00818438,0.03265176,-0.007331733,-0.006954314,0.00040575248,-0.011920502,0.017824693,0.07967518,0.14368853,0.020157918,-0.0068027517,-0.00041961006,-0.0072520026,-0.0052222293,0.005001789,0.016340755
8.465077,-0.13793425,0.107165,0.0014794176,1.3506756,-0.00054989604,0.16202162,0.011584423,0.017308302,0.006264199,0.04137461,0.1894913,-0.0066592027,0.007688929,-0.004139209,0.04169703,2.9700274,-0.16520303,-0.05286772,0.004074972,0.020098861,0.0066004526,0.009913923,0.0035111494,0.0006586465,0.0090307975,-0.009238935,-0.3151892,0.29769373,-0.004816518,-0.0032869698,-0.0015339557,0.0028866688,0.004497507,-0.029859379,-0.032066975
15.917082,0.42883724,0.06538177,-0.013822907,-1.9951364,-0.007414268,-0.159684,0.024031734,0.0041937255,-0.0033722494,0.17431684,0.38572168,-0.014359543,0.028678974,0.0021315783,0.069862895,2.9278727,0.047046334,0.13551481,0.004093619,0.018649725,-0.031211305,-0.0123461215,-0.004051866,0.00086965115,-0.039270043,0.013640318,0.6142384,0.17081721,-2.6198395e-06,0.018715456,-0.004220778,-0.0061372444,-0.005281577,0.02162647,0.01402857
-7.3258743,-0.6716788,0.0049107512,0.00045741673,-1.718819,0.000598841,-0.15184195,0.00289447,-0.025598306,0.0026128418,-0.020472962,-0.08080784,-8.462339e-05,0.006525044,-0.0018120662,-0.0022457733,-1.3218187,-0.035373714,0.08842108,0.0006267809,0.00028344203,0.044869144,-0.0011597769,0.0010450699,0.007420703,0.0017736495,0.00804788,-0.41079265,-0.15507399,-0.0035086344,0.008990866,0.0010748057,-0.0012835064,-0.0014316035,0.007882698,-0.0062402776
-7.2474236,-0.6509247,-0.025079299,0.0010754324,-0.8565318,0.0011021927,-0.07493812,-0.0025872968,-0.031068673,0.0029510125,0.015861705,-0.07738315,-0.0060097394,-0.0009768822,4.6661757e-05,-0.0022084005,-1.2460468,-0.03443208,0.08155365,0.00040508457,0.0005544243,-0.09884202,-0.0055118278,0.004167215,0.008704087,-0.0090939915,0.007287526,-0.12658665,-0.16335043,-0.007079627,3.653708e-05,0.0005720758,-0.002532021,0.0030314778,0.0003038462,0.0013323165
-7.2876763,-0.6083998,-0.031656105,-0.0011890035,1.2010783,-0.0002584534,-0.060414877,-0.0030661463,0.0006344181,0.0026216367,0.012932806,-0.07268255,-0.0015029703,-0.004430407,-0.0006415925,-0.0029235375,-1.215427,-0.03230449,0.088115126,-0.0036446822,-0.012716978,-0.025200626,0.00050187926,-0.0015608907,0.003108411,0.006586316,-0.006772419,-0.09885878,-0.13190846,-0.0071583455,-0.008787415,0.0057911915,-0.0025312942,9.380292e-05,-0.0072331605,0.00056539493
-7.2720227,-0.60136896,-0.02882298,-0.00084995327,1.2045605,-9.4998664e-05,-0.07650202,-0.0038787855,0.0069512143,0.0027650269,-0.019286796,-0.0745551,-0.0004503232,-0.004874337,0.00011310217,-0.003888829,-1.2040541,-0.03399789,0.08870197,-0.0040688845,-0.0040964773,-0.024427963,0.0006906094,-0.0008328221,0.00076307834,0.0061546573,-0.007602101,-0.085350215,-0.1405358,-0.0070079654,-0.008086258,0.0015493336,-0.0033390203,0.0010224829,-0.0069418903,0.00062019035
13.363023,0.9241632,0.0066495286,-0.0021634074,0.08087369,-0.011805395,0.098097846,-0.0029619273,0.018845225,0.003727622,-0.041479614,0.15158907,-0.055540808,-0.009271676,-0.00055425405,0.053252876,3.2413588,-0.059962478,-0.1678341,0.011283512,0.009640798,0.04505479,0.010990132,-0.0059924284,-0.009431834,-0.02475654,-0.013842315,0.23080139,0.41520044,0.018344225,-0.0149168875,0.0151332505,-0.004762378,-0.0078367945,0.021753872,0.014686469
-7.273558,-0.5964653,-0.029231219,-0.0005682655,1.2118138,-0.00012848928,-0.073514424,-0.003267335,0.002754417,0.002440483,-0.02275318,-0.07541083,-0.00030688528,-0.0047327005,3.2089738e-05,-0.0043988684,-1.2190726,-0.03339018,0.08434945,-0.003864294,-0.004091779,-0.028290281,-0.0028278541,-0.00090802985,0.0028826997,0.005964632,-0.0066276975,-0.074509464,-0.14013451,-0.005736042,0.0018955206,0.0015319203,-0.0035765853,0.0004600148,-0.0068434603,-0.0013021688
-7.3276463,-0.612636,-0.035360254,2.600871e-05,-1.234658,-0.0021985627,-0.1551625,-0.0043559014,-0.029396031,0.003284601,0.01527702,-0.06926399,-0.0019053105,-0.0064194337,-0.0012672056,-0.0011396458,-1.2653654,-0.037328474,0.0824873,-0.0037843562,-0.011972743,0.07045155,-0.0026181962,0.0021715118,0.010752914,-0.008895044,0.0029908107,-0.4899193,-0.15686741,-0.007173753,0.0030130425,0.0029181766,0.007393801,0.0025964996,0.012795627,0.0032849414
7.7709084,0.7064809,0.022927431,0.0007572579,1.2861757,0.012952524,-0.0009287299,0.020326896,0.04282387,0.004266792,-0.27762127,-0.40273938,0.01247981,-0.0024909656,0.014360868,0.050474297,2.2659953,-0.10497313,-0.0972493,-0.026570715,0.0051242537,0.004039358,-0.017741855,0.012579776,-0.037512742,0.013113564,0.0073300307,0.31565663,0.24050935,-0.0051400894,-0.056423824,-0.017020201,-0.0018524156,0.0036884283,-0.014608715,-0.11124737
8.94148,1.2266923,0.026460258,0.0026375991,-0.6057006,0.010897548,-0.016531013,-0.020092933,0.008650488,0.0045996085,-0.015494099,0.31235182,-0.020937782,-0.0042525274,0.0022602591,0.06278533,2.540123,-0.024535136,-0.08400459,0.02255746,0.027396578,0.051976994,0.0016503383,-0.0018121215,-0.0063430127,0.009597524,-0.02054146,0.04033293,0.28029147,0.0006097924,-0.032347545,0.0031549477,0.013495327,-0.0011872416,-0.023643307,0.009922873
-4.9382706,-0.27029553,-0.04068058,0.0028198212,0.94858146,-0.00043174275,-0.13202456,-0.006126353,-0.0024768277,0.0051800837,0.021590052,-0.07703984,-0.003134216,-0.008175544,-0.00031633966,-0.02573652,-0.07358197,-0.025242098,-0.008014639,-0.0036751835,0.0017896986,0.06936099,-0.0027752533,-0.004219304,0.0025287208,-0.012097405,-0.012149333,-0.41597018,-0.09819606,-0.0051072775,-0.026046317,0.0023375594,0.015386091,-0.0010237851,0.019654654,-0.0005660625
9.033494,1.0931927,-0.035168376,-0.0011247046,1.3243055,0.01656149,0.1617204,-0.009527078,0.0023069805,0.005168487,-0.13533787,-0.19196165,-0.0052949945,-0.010858754,-0.0026672755,0.06359115,1.969299,-0.04954724,-0.08518098,0.0025771137,0.01996624,-0.015327339,0.0054458333,-0.0010321689,-0.00437385,0.019856324,0.011921898,0.23076941,0.14946224,0.008662657,-0.030101646,0.0005932719,-0.007922548,0.00018761447,-0.017585509,0.016105883
-6.410121,0.0013145782,-0.041649643,-0.002584971,1.2333901,0.0006218923,0.022131538,-0.010705513,0.006745918,0.0027637396,-0.036388617,-0.091374695,-0.00046663455,-0.0100301895,-0.00064019184,-0.0012619175,-1.1395602,-0.052227337,0.03369016,-0.0023987733,0.0016633737,-0.01133944,-0.0029234996,0.0029016084,-0.0014763043,0.0018427348,-0.008725789,-0.07509539,-0.1973114,-0.005058442,-0.009392812,0.0010418816,-0.0015796669,-0.0017620438,-0.015477055,0.0002581688
-7.314885,-0.6129014,-0.03428608,-0.007461109,1.1974136,-0.0021944896,-0.035365485,-0.004380966,-0.03038913,-0.0078169955,0.012841246,-0.07129064,-0.0025721425,-0.0054486953,0.000627803,-0.0020268066,-1.1672522,-0.03187334,0.08594763,-0.0037582645,-0.006830928,-0.024824476,-0.0028967357,0.00059541117,0.002412654,0.001559196,0.0035962604,-0.10400795,-0.13725755,-0.007347499,-0.0009464178,0.0038461455,-0.0020873793,0.0012678321,-0.010375411,0.002272181
-3.6560948,0.3567494,-0.036494363,-0.0028914027,-0.2173788,-0.0016101273,-0.054983605,-0.012035028,-0.012819362,0.0043284004,-0.04221716,-0.1757339,-0.007442022,0.0017675803,-0.0037445128,0.036251616,-1.1094562,-0.006731715,0.00043307382,0.00012759173,0.0069159335,0.089159384,-0.006386089,-5.7484325e-05,0.006672156,0.0023133517,0.007698385,0.038152292,-0.17367333,-0.004932783,-0.0070243436,0.000481005,0.014156918,-0.0011786359,-0.017498363,-0.0006141596
-7.067326,-0.4865758,0.006136723,0.002076107,1.2236958,-0.0016391432,-0.0093205655,-0.0018652369,-0.03209611,0.0042113606,0.02003865,-0.085081436,-0.00037834316,0.0051260395,-0.0014227638,-0.0017270003,-1.124116,-0.025372617,0.098295726,0.0029407437,0.003744512,-0.015327317,0.006000818,0.0022672713,0.011800958,0.00082905043,0.0067027053,-0.12810925,-0.14928046,-0.0072354474,-0.0010730604,-0.00031133174,-0.0011630325,0.005839519,-0.015460641,0.0023638078
-2.364196,-0.10391543,0.01851968,-0.010258223,-0.07413513,-2.0670052e-05,-0.066741824,0.004554617,0.0018673753,0.0029917993,0.024465656,-0.12921989,0.0024613964,0.0001354294,0.0011211588,-0.036421333,-0.045707643,-0.009751822,-0.0144071765,0.0023891893,-0.0032191416,0.08055081,0.0038396143,-0.000108784254,-0.0011891483,-0.016731424,-0.011644708,-0.23911273,-0.15957057,-0.006950848,-0.0010597102,0.002850103,0.00251433,-0.0007831099,-0.0047730384,0.0027060607
-7.278472,-0.67733616,-0.0054057026,0.0016110081,-0.7242448,-0.001247445,-0.03496677,0.005971591,-0.036437146,-0.011513154,0.012781293,-0.07875682,-0.0011742642,0.009117807,0.000838973,-0.0016388134,-1.2556288,-0.03215894,0.08221326,0.002628086,0.00076242985,-0.04072941,0.0046441546,0.002000356,0.006284701,-0.009574862,0.0055806222,-0.26042104,-0.15384181,-0.007023251,0.002253439,0.004076799,-0.0014242165,0.0017054693,0.011598066,-0.0011517131
-7.3334227,-0.6566575,0.010910541,0.0003778796,-1.8049132,-0.003637195,-0.16023292,-0.00015064912,0.0008580907,0.002849082,-0.018228088,-0.080673866,-0.001477755,0.006312368,0.00025544592,-0.0015350295,-1.3693973,-0.033621892,0.0849289,0.0006546527,0.0011779034,0.050056797,-0.0033757193,-5.6541223e-05,7.354877e-06,0.005695081,0.008465295,-0.44993383,-0.16020425,-0.0044770334,0.010202987,0.0013835147,-0.006794554,-0.0019361031,-0.008420666,-0.0070166797
-7.3064475,-0.6171006,-0.020584565,-0.00095065654,1.2251905,0.0017012832,-0.121398315,-0.0031303938,0.0029484057,0.0031682665,0.0066444515,-0.08246173,0.002877977,-0.002683885,0.00030451812,-0.0047173174,-1.2031144,-0.03358341,0.084204726,-0.00024800588,-0.0026114022,0.00014265784,-0.0027109755,0.00086994213,-0.0018008938,0.0062328316,-0.0076138945,-0.109481655,-0.13338357,-0.0068394174,-0.006750271,0.0018250443,-0.00032309254,-0.0006681601,-0.007289491,0.0008138462
0.30683812,0.8936729,-0.059652966,-0.0014683323,-1.0272362,-0.00541659,-0.15770398,-0.0056099147,0.0016284299,0.0023348094,-0.061157983,-0.16500464,-0.0022832416,-0.034874454,-0.0010756636,0.029912692,0.2555755,-0.034778774,-0.08100155,-0.006129591,-0.0038127603,0.025516111,0.0024821868,-0.0037314724,0.0020028977,-0.00097617385,-0.021455482,-0.021463525,-0.15079886,0.0012756136,-0.023756158,-0.00092715776,0.009491728,-0.0021354393,-0.016957322,0.0027683785
-7.4497547,-0.6502371,0.02340523,-0.010021591,1.2001595,-0.00070914155,-0.051060688,0.006471871,0.007712065,0.0028959906,-0.023291523,-0.08724821,0.0040558986,-0.0012614595,0.001687943,-0.0038734996,-1.2285323,-0.020201826,0.09558726,-0.0030368513,0.0023041728,-0.023484705,-0.0034317733,0.0019764807,0.00041288848,-0.00049498805,-0.00952175,-0.09136533,-0.13053074,-0.005933123,0.0032867722,0.00015577777,-0.002675437,-0.0006040574,-0.007459773,-0.0023119154
-7.2878785,-0.64059293,-0.0060561183,-0.0018509203,-0.53181523,-0.0012278088,-0.058899123,-0.0023696276,-0.030187987,0.0032016092,0.012498511,-0.079768844,-0.005834905,-0.0010534021,0.00075371645,-0.00262148,-1.2655581,-0.030276995,0.07946077,0.0012396034,0.0023365489,-0.01813447,-0.005453219,0.002040902,0.002354104,-0.010743491,-0.0067690234,-0.25331584,-0.13272169,-0.006031229,0.0010746144,0.0013700012,-0.0018759838,0.0015664614,-0.0017743454,0.0010272505
-4.1131177,0.30713937,0.031327244,-0.0014092152,1.2705572,0.0018114804,0.05347472,0.025504457,0.016286217,0.0042492766,-0.03817571,-0.1658816,0.0052657896,-0.0038086306,0.0029429048,0.021962855,-1.0296736,-0.04705756,-0.018330801,0.00014175326,-0.0009122869,-0.023216687,-0.011990073,0.009852704,-0.025694039,0.008491289,-0.0013735137,0.037327778,-0.19469684,-0.0005374806,-0.004052373,0.0005149613,0.011286635,-0.0015689576,-0.009261003,-0.0032050726
-7.3624105,-0.6391751,0.018490965,0.0020278548,1.2100221,-0.0015435319,-0.013437318,-0.00013714512,0.008967396,0.0029151405,-0.022363363,-0.084825665,0.0033840386,0.00012451303,0.0004189276,-0.0028585216,-1.2340063,-0.022431923,0.088909164,-0.000112467125,0.0026469934,-0.02169651,-0.0050092265,0.0026429717,-0.004626681,-0.009395928,-0.00745228,-0.06972046,-0.13474609,-0.005575252,0.003334052,0.002259667,-0.0013745936,-0.00013758348,0.009255892,-0.0031708926
-7.3452277,-0.68530023,-0.0035795576,0.0007495906,-2.146089,-0.0019282828,-0.15886787,0.0037714462,-0.034248784,4.542737e-06,0.012214623,-0.07988319,-0.0021041227,0.012324613,0.0012799867,-0.001972036,-1.2978774,-0.027818123,0.08055069,0.0026556319,0.0011711549,0.038185738,-0.0044684294,0.0019426458,0.0032787824,-0.010779647,0.005171154,-0.49235755,-0.15528755,-0.008506342,0.0035918322,0.001385923,0.002692977,0.0019445074,0.01124326,0.005715078
-7.3858385,-0.653882,-0.0016465103,0.0012919293,-0.1915241,-0.0014373838,-0.049728144,0.0063224817,-0.03378801,0.0031440856,0.015129497,-0.08132908,-0.002053966,0.007674743,0.0004414103,-0.002064294,-1.2246071,-0.03400397,0.09351265,0.00068315404,-0.0003133026,-0.0717548,0.003008811,0.0011499249,0.0036264507,-0.0027279693,0.007863848,-0.1415303,-0.14631183,-0.0061470214,0.002345347,0.0011839296,-0.0042001274,0.0016638155,0.0057289153,-6.87249e-05
-7.168991,-0.47067198,-0.040846333,-0.0012336193,-2.1441994,-0.00081537326,-0.14498423,-0.011409801,-0.004407311,0.00224054,0.017260702,-0.06561504,-0.0018130512,-0.005803814,-0.0014894663,-0.0021288423,-1.2877152,-0.029755058,0.070492856,-0.00478768,-0.0081292745,0.02809628,-0.0041250736,-0.00096796243,-0.00016079738,-0.00027919392,-0.0019585702,-0.47017103,-0.16446774,-0.0057719992,-0.0053344592,0.001170462,-0.009637346,-0.0073617795,0.0031269188,0.01023507
-0.7864234,0.9215807,-0.05778257,0.0008454044,-0.7974272,-0.0042017377,-0.118825465,-0.024231862,-0.013992757,0.004321777,-0.052660495,-0.14956862,-0.0038329074,-0.034603354,-0.010232316,0.07812424,0.08218856,-0.0325579,-0.07195461,-0.0038168714,0.0047581457,-0.02534773,0.0012969945,0.0006767513,-0.0013386765,0.00012164,0.054032665,-0.04598484,-0.13552889,0.002748286,-0.038953,-0.0028989906,0.010784716,0.0024887598,-0.015828487,0.012380644
-7.2888865,-0.6308936,0.016189469,-0.0013629231,1.205673,1.2298515e-05,-0.073027,0.0010592674,0.013981958,0.0033084925,-0.022651188,-0.08353611,0.0036457004,-0.0013651801,0.006172991,-0.00479451,-1.2396948,-0.030056778,0.09094874,-0.0024967536,0.007575176,-0.035430923,-0.0062162774,0.0045576952,-0.02518831,0.0070576197,-0.0040813424,-0.07385787,-0.14369656,-0.005662047,0.001276133,0.0014964269,-0.0030903136,-0.0016593591,-0.007183635,-0.0033855794
-7.2804055,-0.6208013,-0.02415013,-0.0014846018,1.2009054,-0.0039910274,-0.07303921,-0.0027193215,-0.0010050373,0.003285833,0.013521015,-0.07907586,0.0034000163,-0.0023927009,5.5101336e-05,-0.0032138748,-1.2085373,-0.032880854,0.08690174,4.2683387e-05,-0.0015336982,-0.025870143,-0.0042301686,0.00049875944,0.0013620097,0.006061537,0.00766702,-0.09950035,-0.14297517,-0.0062982654,-0.00800416,0.00038071157,-0.0032486753,2.2023167e-05,-0.007307107,0.0009784774
2.6528575,0.40559986,0.04334372,0.0004231882,1.3098453,-0.00032902625,0.121373005,0.0045734416,0.02840278,0.0017437479,-0.06210473,-0.33420908,0.0058618416,0.010215021,-0.0015959388,0.043513767,0.6311952,-0.066161886,-0.04575497,0.0024778363,0.017224865,-0.011000365,-0.007772412,0.00096337695,-0.0051153363,0.009203626,-0.015381791,0.07320206,0.120400935,0.023211729,-0.0025888036,-0.016961353,-0.014243335,0.00043805363,-0.020441584,0.0136183705
4.724836,0.9293042,-0.054277547,0.00032874904,-1.0585173,-0.0034928136,-0.25007692,-0.033880677,0.052521218,0.003911464,0.054639533,-0.1278085,-0.0048523084,-0.007147423,-0.003995963,-0.018057294,1.9915434,-0.019815957,-0.07639618,-0.028109139,-0.003284237,-0.07943183,0.007982884,0.0069570993,0.0032435828,0.0034671293,-0.01846157,-0.64620537,0.03886526,0.0027259402,0.0054252497,-0.0013109919,0.0050655254,0.0027991785,-0.021562498,0.00016009349
-6.9652505,-0.62836814,-0.0019114388,0.008692941,1.2521745,-0.0050621214,0.031428933,0.0066993413,-0.03679643,-0.002168617,-0.02515479,-0.08955775,-0.00087461015,0.012014036,0.00013407937,-0.0006093726,-1.1370959,0.0021983676,0.095277324,0.004316371,-0.0005073294,-0.015822649,0.004751585,-0.00038229395,0.01761201,-0.008576769,0.0046219504,-0.07207522,-0.13725641,-0.0038686006,0.0058451896,-0.00085906097,0.000117746946,-0.0023791157,0.013178333,-0.0030376916
-7.2946973,-0.6261989,-0.014455526,-0.0013627715,0.938515,1.1149321e-05,-0.0744499,-0.004334947,0.0065339906,0.00339754,-0.021024149,-0.083240144,0.002645274,-0.0023030469,0.0002858081,-0.003044515,-1.2185076,-0.034328397,0.08862537,0.0016850536,0.00021049136,-0.045491096,-0.0057069124,0.001159517,-0.003134449,0.0055179875,-0.008425225,-0.07801841,-0.13689213,-0.004666346,0.0030792905,0.0011847981,-0.0038567332,-0.00028073703,-0.007851021,-0.002766728
-7.385852,-0.6545475,0.0007104266,0.0013890652,-2.3002763,0.0011812754,-0.037680056,-0.0013862401,0.0039878273,0.0024026218,0.013278243,-0.08791877,0.0034774626,-0.0018217653,-0.00014672702,-0.0032117371,-1.362946,-0.01892803,0.09110677,0.0013346634,-0.00048784062,-0.00058054086,-0.004558561,0.0025021068,-0.00021802231,0.0044816504,-0.008399199,-0.39261636,-0.14499526,-0.00727214,-0.008411624,0.0003810064,-0.002175212,-0.0010016557,-0.0059977295,-0.0005989843
13.3270445,1.1477071,0.04636999,0.0004979138,-1.0065602,-0.0004024631,0.004207744,-0.0064658183,-0.0012086108,0.0042913947,0.10839559,0.3145067,-0.020890735,-0.00070945907,-0.0019650434,0.04129229,2.7465913,-0.02335683,-0.03604284,0.009000959,0.016203335,0.06261311,0.008618003,-0.003030024,0.0059049274,0.016335055,-0.0075284177,-0.20435852,0.25794473,-0.0067289374,0.0045176554,0.0026383533,-0.0019612042,-0.0002241846,-0.024132347,-0.024691977
18.320522,1.1230698,0.037334777,-0.004076828,1.2259915,0.0133774355,0.12609328,0.01961763,0.02954767,0.0039337515,-0.0056697316,0.19565104,0.09107602,-0.004545709,-0.0016335585,0.0801538,3.7462256,-0.050269518,-0.05851519,-0.001300053,0.016968554,-0.0049828747,-0.0030032615,0.009029314,-0.0034831832,0.013462391,0.012392911,0.447082,0.497726,0.0005750371,-0.024694799,-0.010397345,-0.0001304428,0.0074767424,-0.024252966,-0.016098015
7.887424,0.66133213,0.058800496,-0.0016910027,1.2967045,-0.0010110575,0.14641005,0.052866556,0.01238237,-0.0034592065,-0.25521782,-0.4304736,0.0060169576,-0.00067814393,0.004352334,0.06836488,2.0727973,-0.06905349,-0.0077971914,-0.004200589,0.0005687586,0.0016896104,-0.012815623,0.003695939,0.0007490838,0.0018642436,-0.013288076,0.29030168,0.24240467,0.022745237,-0.0027108067,-0.00021128658,-0.0045409948,0.00011048297,-0.020755658,0.014762193
2.545069,1.02937,-0.065114856,0.00076895766,1.3125515,-0.005462194,-0.23524432,-0.020296639,0.028034912,0.0022690934,0.026879348,0.17617439,-0.01801084,-0.0058358,8.896157e-05,-0.009634146,0.68495274,-0.008121776,-0.048804726,-0.016655842,-0.060280476,0.0140396,0.014829505,0.00042797992,0.0016421371,0.0078600515,-0.0050691124,-0.17528221,-0.123072565,0.0022324342,0.009736396,0.007445059,-0.005237468,-0.00093260343,-0.013602532,-0.0012117176
8.918348,1.1307266,-0.066241995,-0.00444475,-1.7177061,-0.0038149024,-0.30760407,-0.01341305,0.0058052824,0.0027923607,0.10560852,0.25001845,-0.008737555,-0.010108981,-0.0047697457,0.027996397,2.393528,-0.002126219,-0.10681495,-0.049415644,0.008799316,0.0033398503,0.0055384985,0.006094964,-0.00030127418,-0.024757734,0.005458033,-0.32805723,0.23475766,-0.011520836,-0.0007342331,0.0036127619,-0.0062643182,0.017678922,-0.0058745844,-0.0016761948
-7.3112,-0.642277,0.0015873231,-0.00022603007,1.2080836,-0.0018851269,-0.07570972,0.007013476,-0.03344772,0.0036837086,0.013598507,-0.08317583,-0.001044144,0.004661384,-0.00083057175,-0.004414991,-1.1857886,-0.02699001,0.09174651,0.001630849,-0.0005591966,-0.025295662,0.003502988,0.0010826709,0.00917768,0.0031981415,0.004499307,-0.10720759,-0.13724416,-0.006591774,0.0004740262,0.0006355183,-0.001818099,0.001830062,-0.008666474,0.0008468217
1.3566022,-1.0824138,0.06798659,0.004964605,-0.98843336,0.0062147337,0.050349206,0.03322908,0.015238566,0.0039299144,-0.13381633,-0.009755159,0.0025176352,-0.013657899,-0.00097100635,0.027773201,2.1787002,-0.06188965,-0.02794931,0.0081551215,0.003891761,0.048167236,-0.0030761247,-0.0050633843,-0.004139604,-0.038377885,0.006301321,-0.014302979,0.24336305,0.019361295,-0.022025077,-0.0076533863,-0.011570317,-0.011668637,-0.017212588,0.0015116547
-7.2190022,-0.6114915,-0.028257705,2.1907094e-06,-0.66184926,0.0014783723,-0.16174464,-0.004765658,0.0034678944,0.002972527,-0.028274003,-0.078752644,-0.003552063,-0.0026892254,0.0002563239,-0.012632425,-1.3772511,-0.024551334,0.078018025,-0.00018151134,-0.0012890577,0.054309607,0.0033039695,0.0018031058,0.0009260202,0.006118419,-0.01019585,-0.28298536,-0.1427723,-0.0117139425,-0.0014706176,0.0009378507,0.012317679,0.0015510996,-0.007596591,-0.0094317235
4.355111,0.6927143,-0.21834454,0.0009112993,-1.4394242,-0.010453218,-0.25931734,-0.025766805,0.012693122,0.0029905308,0.058267165,0.23729534,-0.008775602,-0.012421196,0.0008603664,0.0028828834,2.1756063,-0.034476668,-0.06863037,-0.04137938,-0.024638964,-0.09265742,0.009139809,0.019960968,-0.0023229604,-0.0029505654,0.0061426256,-0.51509017,0.17229472,-0.012761827,0.0113622835,0.0048763035,0.0054421076,0.0013801848,0.030610869,-0.002172847
-7.336721,-0.6571701,0.007741714,0.0016919877,1.0680186,-0.000901016,-0.08631287,0.001831473,-0.010038457,0.0028437686,-0.005524588,-0.085678585,-0.0020849875,0.0056664674,0.0010492646,-0.0012587545,-1.1863458,-0.02689674,0.08399783,0.00031659246,0.00021391238,-0.014014777,-0.0042121536,0.00039735046,0.00042809188,-0.012093315,0.01007159,-0.198201,-0.14154813,-0.0072393245,-0.0027229749,0.0006893987,-0.0030298363,-0.00041642107,0.012657989,0.0006028819
-7.332776,-0.65836996,0.007939997,-0.0024921098,-2.0692937,-0.0022374124,-0.1370655,0.0007264905,0.0060952087,0.0022764695,-0.017786512,-0.08111465,-0.0020052737,0.0019089138,-0.0015409831,-0.0019374223,-1.3708495,-0.03309442,0.08527907,-0.0027134756,-0.0035316746,0.04160093,-0.002000786,-0.0020299342,0.0017446737,0.006697315,0.007326292,-0.409572,-0.15941769,-0.006211934,0.010783271,0.002319363,-0.0010091336,1.9172257e-05,-0.0018401239,-0.00015033346
24.56865,1.2977198,0.11055047,0.019234182,1.088676,0.00654637,0.08653934,0.0017525853,0.055275142,0.0034907125,0.08405968,0.3058228,0.05799734,-0.0031469583,0.005573462,0.086187884,3.8368244,0.0056004017,-0.049997468,0.0006786722,0.021452451,0.031013604,-0.008520073,0.018769367,-0.067564,0.016412534,-0.0027034949,0.53738,0.38308856,-0.0023112001,-0.026365535,-0.017068867,0.041576322,-0.0011317779,-0.009587871,-0.007443102
11.504566,1.1346717,-0.02547221,0.0055956757,-1.4110545,-0.0037056874,-0.20995496,-0.036606934,-0.0051890803,0.0032341008,0.073320694,0.25986758,-0.008353271,-0.0066925,-0.0028890043,0.024154693,2.659538,-0.03999999,-0.085775696,0.0014809849,0.0063130693,0.055711526,0.0066785445,-0.0020176661,-0.0051741744,0.010922785,-0.016376112,-0.360402,0.2771235,-0.006376404,-0.00068239425,0.0021996475,-0.0073908507,-0.000484731,-0.027417004,-0.027166763
-4.9692516,-1.4803394,-0.004331868,0.0033792257,-1.0113405,-0.008084439,-0.10899659,0.016888134,-0.16647524,-0.05962809,0.027890969,-0.0068093175,-0.0005374579,0.005785391,-0.00087639806,-0.005314661,1.6907365,-0.035774205,-0.009326583,0.0057897163,-0.022204984,0.08176296,-0.017882394,-0.008676667,0.0022108147,-0.013359954,0.003049242,-1.183755,0.19135574,0.0014119316,-0.026021684,0.00075940666,0.006617267,-0.00034347584,0.024554137,-0.0004151769
-7.2869644,-0.6187304,-0.0020425348,-0.00043076093,1.2009428,-0.00051874504,-0.067717984,-0.00471739,0.0097252,0.0032717965,-0.019051533,-0.08263902,0.003321444,-0.0024190347,0.00061734073,-0.0042717424,-1.2353925,-0.030322175,0.08563765,0.00092027144,0.00013878095,-0.01832212,0.002897476,0.0008601151,-0.00269732,0.007107548,-0.009954861,-0.09140026,-0.14007537,-0.006020076,0.006924602,0.00077509356,-0.0004980676,-0.00087674207,-0.006945926,0.0006268007
-7.2910976,-0.60382694,-0.033869106,0.0004986549,1.2188631,0.0015010022,-0.11246629,-0.0044588833,-0.027249016,0.0029003895,0.013293577,-0.06838849,-0.00064417615,-0.0042799953,7.0569886e-06,-0.0033331153,-1.1733224,-0.035136715,0.082206115,-0.0015600342,-0.009767249,0.010020271,-0.0040276167,0.0006278716,0.0048474562,0.00031862163,-0.0069662286,-0.11488168,-0.13068539,-0.007674158,-0.0020178645,0.0032904404,-0.0028202876,0.0017613773,-0.011432247,0.00086961524
-6.393686,-0.016649216,-0.048853114,-0.0011032411,1.2186499,-0.0012266842,-0.103465416,-0.012649127,0.008023026,0.0018485362,0.017012011,-0.08172481,-0.009772698,-0.0030531795,0.00088389317,-0.009852966,-1.0445012,-0.035596173,0.040861055,-0.0053748367,-0.011596314,-0.017372154,-0.003621873,-0.003168112,0.0001937912,0.0004987132,-0.0056480677,-0.1510729,-0.18566015,-0.0072653964,-0.0077791796,0.0031817623,-0.0034997775,0.004160544,-0.013579146,0.00094660744
2.7925456,-0.2186399,-0.17945442,-0.00016623401,1.3838482,-0.0012517731,0.098320656,-0.056945413,-0.01908231,0.00769658,0.029684449,0.49121895,0.01114005,-0.009502461,0.0036696563,0.05475063,0.21028635,-0.032848693,0.2716556,-0.029664958,-0.011870638,0.00042624195,-0.0028631585,-0.005880417,0.00018363692,-0.034618318,-0.002104024,-0.03444824,-0.059849832,-0.0037861252,0.0013121719,0.010792664,0.0053619817,-0.00223086,0.023572093,-0.0058210003
8.34809,0.8859356,0.042028315,0.0014364126,-1.1460861,0.009508987,-0.082427524,-0.0016367026,0.028120266,0.0026515424,-0.15751173,-0.45640278,0.005799904,-0.0009670344,-0.061537676,0.06867305,2.140014,-0.07266161,0.057382584,-0.009456569,0.0090478305,0.039343283,-0.00066980073,0.011730695,-0.09724535,0.009285995,0.007088835,0.011177232,0.2720349,0.020438265,-0.0399729,-0.0017887909,0.010450631,0.0041169384,-0.0212196,0.012509281
7.247483,-0.9235958,0.069122225,0.0039073327,1.365253,-0.00035812377,0.05728642,0.0030981232,0.016575504,0.0033193592,-0.042439733,0.139164,-0.002429613,0.008489546,-0.0012601507,0.029516127,3.1824563,-0.20383951,-0.06858678,0.0041313386,0.0024818399,0.04287217,-0.0060064457,-0.0031957047,-0.0017567177,-0.04310712,0.0057138796,-0.004985411,0.49058858,0.0036799298,0.0016811414,-0.005293437,0.00059520255,0.0013747934,0.055929556,9.7964774e-05
10.780646,0.91849464,0.020521913,0.005133456,-0.99050415,0.0012211972,-0.18871017,-0.00089757267,0.005256979,0.005311033,0.09112964,0.033930544,0.0088010775,0.0009546404,-0.0013043825,0.015281939,2.526985,-0.02813153,-0.017008534,0.0057516927,0.018634083,0.075643025,0.00591574,-0.001322398,-0.0057787625,0.021183465,-0.013877021,-0.29914147,0.19748211,-0.007344088,0.00068921404,0.005344188,-0.0008920673,-0.005464115,-0.024730839,-0.011477626
4.702724,0.40572476,0.028522681,-0.00036526052,0.49713212,-0.0017625929,0.08703845,0.0005992318,0.038349394,0.003253647,0.040004097,-0.24477851,0.0056024273,0.004874069,-0.0013297172,-0.036048975,1.3511288,-0.008424332,-0.051447358,0.0013273999,0.0058949515,-0.055343468,-0.010012926,0.0009895347,0.0026958783,0.0040074294,-0.017123228,-0.24755937,0.145167,-0.0062575196,0.028622601,-0.00039748577,0.017847255,0.00067945017,-0.017141895,-0.0077580055
2.9558973,0.5019316,0.047661394,0.00011794779,1.309431,0.0027280494,0.1414191,0.009938346,0.03225634,0.002332341,-0.057089835,-0.33488464,0.0043355175,0.011041765,0.00025551554,0.04132965,0.46680447,-0.034837857,-0.03781909,0.0015331212,0.0157191,0.0013106152,-0.0037912375,0.0029986291,-0.0063393023,0.0048797857,-0.0146742305,0.06649296,0.12355709,0.023290621,-0.004072569,-0.011559076,0.010090576,-0.0013289129,-0.017961144,0.015480903
22.099535,1.3205061,0.036587276,-0.0064682732,1.1360488,0.01163021,0.16971485,0.012130629,0.055102482,0.004146263,-0.002155708,0.19512914,0.09328536,-0.0029347055,0.0048366766,0.084541425,4.1092887,0.032860015,-0.091163404,-0.014202128,0.017379312,-0.034382135,0.0038134889,0.012345107,-0.048792105,0.022496594,-0.0044576284,0.45150897,0.533659,-0.007449665,-0.030717492,-0.029264087,-0.007824359,-0.0018963135,-0.015271529,-0.036139473
0.69309556,0.82981145,-0.02091986,-0.0003829777,-1.8800067,0.006145507,-0.32334772,-0.003989376,0.0002486626,0.0025390226,0.025486367,-0.16671053,-0.009203534,0.0027663722,-0.0046382863,-0.014074743,0.3787573,-0.02089357,0.030773344,0.0045130583,0.009224458,-0.035094563,0.007897479,0.00014806155,0.0011595293,0.004172248,0.055530746,-0.22619335,-0.2070861,-0.0090386225,0.030448804,0.0017073299,9.081223e-05,0.008557494,-0.008126889,0.0024566883
0.979692,0.9299468,-0.00999474,0.00020856141,1.2721021,0.0011470674,0.09839487,-0.005140538,0.015499115,0.0042171096,-0.04968511,-0.28373662,0.0051900214,-0.012095815,0.0016752344,0.04056022,0.03855411,-0.053959556,-0.08195451,0.0033108916,0.0060019786,0.024136288,-0.01480427,0.0048132674,-0.008843207,0.007375829,-0.017253602,0.09743161,-0.16149274,0.009016551,-0.03997507,0.0007029064,0.0017779039,0.0016339482,-0.01174446,0.008954007
-6.654282,-0.14525053,0.028317062,0.00086860935,1.2226882,0.0031589326,-0.038700014,0.0047875186,0.006120656,0.002118728,-0.03521202,-0.10722606,-0.008050545,-0.0010222202,-0.0004958948,-3.7691072e-05,-1.1939412,-0.04181497,0.05113834,0.0011218799,0.00105538,-0.008363046,0.00033576347,0.0026650014,0.003786585,0.0026855725,-0.008364242,-0.046715252,-0.14442733,-0.0016264244,-0.004102002,-2.6671836e-05,0.0018666796,-0.0030266524,-0.013867471,-0.0042898986
-7.289665,-0.6204362,-0.031702496,-0.001266702,-1.3362638,-0.0019011922,-0.10963374,-0.003868379,0.0007091995,0.0029260658,0.01270362,-0.069395706,-0.0021212914,-0.0054194215,-0.00058532576,-0.001291401,-1.2931632,-0.042094905,0.08443977,-0.0045008687,-0.008792336,-0.09772113,0.0019482353,0.0009976147,0.0015629069,0.0050386433,-0.007524913,-0.14494395,-0.15698153,-0.0049962727,-0.0058161877,0.0011821089,-0.0028029273,-0.0016183542,-0.007926422,0.001341152
2.8547466,0.45170328,-0.055559568,-0.0031406593,1.3473643,-0.0038776956,0.12834667,-0.0094641615,0.013285591,0.0018763482,-0.19234134,0.0017300782,-0.021787006,-0.009889365,-0.0033544991,0.01653638,1.5679927,-0.06850744,-0.10913278,-0.03084152,0.008943991,-0.0053712646,-0.010872917,0.0014356868,-0.0032895117,-0.018614233,-0.0147563545,-0.23975514,0.057886533,0.009234097,-0.01496963,-0.0033054878,0.023920491,-0.0017362341,0.029293533,0.004201371
-7.2366085,-0.61982876,-0.027988683,0.0005060777,-0.751584,0.0011680388,-0.12538671,-0.0044408496,0.003372562,0.0025489903,-0.019724062,-0.08047064,-0.0020865945,-0.0056950105,0.00025903687,-0.0021184112,-1.3242338,-0.037603013,0.07986156,0.00033910954,-0.0015600296,0.055500038,-0.0024663238,-0.0017098031,-0.0001445837,0.0021971322,-0.009636672,-0.38335627,-0.15379357,-0.006398024,0.008468862,0.0021750873,0.0077165775,0.0003249932,-0.008374865,-0.0017287802
9.940669,0.7745279,0.020259507,-0.0020032257,1.3645964,0.0008732855,0.15033896,0.0080122175,-0.008312159,0.003094456,0.10550809,0.0154808685,-0.0021393683,0.019700179,0.0015339258,0.008090277,2.260233,-0.07384552,-0.0028093313,0.003307491,0.022121068,-0.017091015,-0.009651187,-0.005377804,0.004105222,-0.024317538,0.0063385335,-0.16931294,0.1692762,-0.009775697,-0.0020518845,-0.00049398927,-0.0055077975,0.0015508629,0.02288049,-0.010827114
-7.271882,-0.6087486,-0.022618417,-0.0014365466,1.2049226,0.00018358357,-0.06226068,-0.0046088723,0.004468387,0.0031314425,-0.027441124,-0.08076011,-0.009396021,-0.0027940453,-0.0007933986,-0.004741523,-1.2787297,-0.014320108,0.08438138,-0.0022283352,5.268764e-05,-0.024333544,-0.0035850266,0.0019190331,-0.0005168273,0.0066097854,-0.005651973,-0.053848345,-0.13069084,-0.004200273,-0.005438237,0.0005757849,-0.003012819,0.00049386115,-0.007050736,-0.003058104
9.922674,0.9997593,0.048117172,-0.0027020292,1.3559924,0.0108386185,0.016225517,0.008445887,0.0045518647,0.004570535,-0.23413436,-0.043125894,-0.044405457,-0.0023745678,0.006401104,0.06279549,2.3725493,-0.073582314,-0.101509236,0.0028994589,0.01172601,-0.01741557,-0.010883234,0.0027765848,0.0008306058,-0.005872774,0.017019598,0.2913385,0.22511907,0.011573267,-0.002851268,0.0009010621,-0.002375306,-0.0018388851,-0.022291098,0.015350724
-7.285731,-0.60967636,-0.021484585,-0.0008483257,1.2104733,-0.0012271125,-0.114226885,-0.004327515,-0.003213896,0.0028095308,0.012785365,-0.079056375,-0.0077077164,-0.0012663149,-2.3682695e-05,-0.0034372755,-1.2023197,-0.033982046,0.083427444,0.0004981382,-0.0014453835,0.013923405,-0.004175879,0.0003736504,0.0030580265,0.0060393545,-0.007701776,-0.10528985,-0.1380437,-0.0068423585,-0.007813967,0.0016738645,-0.0042490494,-0.00018818624,-0.0069282684,0.0008985732
-7.3208284,-0.65220195,0.002111036,0.0013900385,1.2058687,-0.0042039137,-0.061665528,0.0070997933,-0.03533998,0.0032038356,-0.017220708,-0.08366436,-0.0010264675,0.009439518,-0.00022442266,-0.0025758485,-1.1593485,-0.02487494,0.084818505,0.0029234118,-0.00064319617,-0.02973034,-0.0045934375,-0.0017302062,0.0018725003,-0.011896588,0.005821991,-0.085669674,-0.144439,-0.004004571,0.0076880693,0.0014924613,-0.0024003456,0.00019704746,0.013647695,-0.0023409182
16.506395,1.0693004,0.06864078,0.0061023408,-0.7612895,-0.003492339,0.123695105,0.014181926,0.006157986,0.004437777,0.041634675,0.22796348,0.020218786,0.00014449754,-0.0114865545,0.042278092,3.4585004,-0.020511365,-0.058338318,0.01598438,0.0125631895,-0.10576546,0.0030973773,-0.00798912,-0.0014992955,0.03165374,-0.019967154,-0.0020066309,0.397999,-0.0073526497,0.0044214944,0.0032789502,-0.0027058842,0.005707238,-0.029239153,0.0030599735
-7.3158727,-0.6422155,-0.019459711,0.0021453379,1.2107824,-0.001384885,-0.12326638,-0.0017017045,-0.034781076,-0.0024621664,0.012773936,-0.081427306,-0.006073818,0.00036001462,-8.321306e-05,-0.003680333,-1.1394856,-0.027559508,0.082445554,0.00094957807,0.00020668398,0.007092219,-0.0038999666,0.001631225,0.008117436,-0.009958637,0.0037492332,-0.11843798,-0.13469593,-0.0079322895,-0.00024782895,0.0028202476,-0.0026327702,0.0027593544,0.012517407,0.00014453364
-7.2458954,-0.6428927,-0.002237994,-0.0024552715,-0.6872928,-0.0030582445,-0.07093383,0.000752198,-0.0029326258,0.0027230196,0.01338692,-0.08237699,-0.0038979452,0.0011547239,-0.0019311944,-0.0018125937,-1.3121614,-0.03489264,0.08274878,0.0025823337,0.0007176477,0.05154741,0.0037996783,0.00087821257,0.001978611,0.0048787743,0.010131869,-0.39191526,-0.1474776,-0.004992929,-0.0049539837,0.0018734781,0.0062583815,0.0011346942,-0.012414989,-0.0007368287
-7.3707685,-0.63789773,-0.0006309863,-0.00963386,1.2098325,-0.0003137157,-0.0337981,-0.0034312515,0.0025597203,0.003226621,0.0070240526,-0.08410172,0.0039651943,-0.002326243,0.00011169578,-0.0035080023,-1.2200819,-0.025970576,0.089548714,0.00032769667,0.00015849035,-0.022881037,-0.0074053714,0.00066098484,0.00028001028,0.006101631,-0.009203206,-0.105620116,-0.13809052,-0.007353263,-0.007826387,0.00052822055,-0.0013012713,-0.000944604,-0.007983378,-0.00030841175
-6.4078894,-0.22923401,0.0076287133,0.0024385555,-1.6378099,-0.0018416393,-0.16101828,0.006264063,-0.030987114,0.0032316325,0.021105397,-0.097337306,-0.0015114341,0.0058513377,-0.00013666772,-0.0021914397,-0.9901424,-0.035875633,0.068698496,0.0013468663,-0.0019242819,0.049777657,-0.0020655289,0.0025967974,-0.0016628788,0.0016669685,0.0055681313,-0.2695315,-0.17709705,-0.009446816,0.005112647,0.0014070456,-0.0016560034,0.002249783,-0.01370208,0.003703832
-7.4603567,-0.65271056,0.0071241506,0.0021350938,1.2172383,-0.0025038945,-0.03140546,0.004717138,0.0049528703,0.003305185,0.0128358,-0.086399265,0.004987572,-0.0014481961,-0.0034165638,-0.0033105074,-1.2142266,-0.020280546,0.09769368,0.0007630518,-5.7054684e-05,-0.0073220697,-0.0023536142,0.00078773464,0.0017226716,0.008124195,-0.009512075,-0.12914073,-0.13155681,-0.0068555744,-0.007989435,0.0008061044,0.007583698,0.0012732878,-0.008308085,-0.00032153216
15.857356,1.2317246,0.032686185,0.0026785338,1.3266159,-0.020854466,0.1577034,-0.01607901,0.022919722,0.004535602,0.04955258,0.23275928,0.020522287,-0.006282653,0.0022744953,0.04354461,3.2988594,-0.03458385,-0.14325155,0.016214928,0.016252382,0.021205135,0.007600151,0.0005565348,-0.008038179,0.028912947,-0.016521594,-0.06259142,0.4175568,-0.0040982137,0.008086653,0.0026601288,0.0025243235,0.0019543353,-0.02684266,0.0024063643
-7.277456,-0.6029095,-0.033844545,-0.0019547732,1.1994113,0.00138221,-0.075835556,-0.0038568103,-0.028115135,0.0025393113,0.013371963,-0.07059151,-0.0016846122,-0.004783425,0.0003787124,-0.0031438852,-1.1817099,-0.035960633,0.08475568,-0.002924983,-0.012148999,-0.023820288,0.00042038955,0.0009630661,0.006714673,0.004654387,0.0027830016,-0.10631725,-0.14523317,-0.0068246024,-0.0012249992,0.0034327712,-0.0035874515,0.0014224646,-0.0073609576,0.0020534333
11.232018,1.0620008,0.051996157,-0.0068557262,-1.342088,-0.013872217,-0.16697009,-0.011308545,0.008605769,0.0034174945,0.075590186,0.27890152,-0.024724344,-0.0031810591,-0.002157751,0.021156326,2.6085744,-0.04873857,-0.068924636,0.0077370694,0.021826647,0.053557478,0.007179031,-0.00479387,-0.0063461047,-0.0101123955,-0.017641438,-0.35064176,0.25658438,-0.0066471417,-0.00017330826,0.0071534873,0.00062218896,-0.006268637,-0.025831193,-0.028539494
-7.25721,-0.6595671,0.0012855206,-0.00038328016,-1.0811628,-0.0010185525,-0.09400707,0.00058649754,0.0048579085,0.003106164,0.013136443,-0.08510548,-0.0015524701,0.0067810942,0.00030525302,-0.004206098,-1.327876,-0.03401467,0.08552746,0.0006942653,0.000228626,0.059640042,0.0041630105,-5.0177816e-05,0.0010775502,0.0062637418,0.005183322,-0.4358578,-0.15660997,-0.0066954154,-0.00452906,0.00069390656,0.0061599705,-1.34652e-05,-0.008497624,0.0012661616
-7.273849,-0.6096522,-0.032964464,-0.00040235085,-1.0176361,0.0029138406,-0.1362439,-0.005236449,0.00022587177,0.0025314651,-0.019765843,-0.072458886,-0.0020005952,-0.0064296424,0.00039135484,-0.0039681597,-1.3251897,-0.039519463,0.078510515,-0.0039460375,-0.009988985,0.046924446,-0.0009058997,0.0015952552,0.0040699285,0.0056730863,-0.0075704884,-0.3976972,-0.15970902,-0.004710087,0.0074679824,0.0014849312,0.0027198577,-0.0009454527,-0.007409485,0.00044362695
-5.2176995,0.37699538,-0.0399564,-0.0012028482,-1.287652,-0.003827312,-0.1498448,-0.012206201,-0.006387738,0.0025163023,0.021524718,-0.11536852,-0.0067015085,-0.002450093,-0.002298698,0.010679544,-1.0543334,-0.043314513,-0.021639373,-0.004088636,0.0048433137,0.001661994,0.0031651484,0.0004661806,-0.0016439903,0.0022632345,-0.008897278,-0.29303387,-0.19419043,-0.0027650245,-0.005311876,0.004106878,-0.0018464413,-0.0010623109,-0.017013514,0.0013010629
5.3259854,0.9695378,-0.085626684,-0.0008981268,-0.90327114,-0.0062332754,-0.1795322,-0.007191001,-0.019697173,0.0032951578,-0.19179238,-0.051044434,-0.00818406,-0.014583046,-0.0034800419,0.0047527296,2.0262303,-0.0791953,-0.10111156,-0.034970302,0.0021027767,0.04461838,0.0012948036,-0.004577591,0.016376942,0.00043198207,-0.01523121,-0.17526716,0.018078418,0.006467122,-0.054692224,-0.011356479,-0.01981748,-0.0061489353,-0.02359349,-0.002372187
4.166138,0.6336302,0.018495863,-5.503654e-06,1.2798247,-0.00034349272,0.07714681,-0.009094598,0.04396637,0.0051487633,0.046664484,-0.44716385,0.009311914,0.00082631834,0.0033911378,-0.030424763,1.7281579,-0.00546723,-0.03399512,0.0015501992,0.005174556,0.010512687,-0.010852421,-0.0013330041,0.0010432786,0.007630885,-0.020271027,-0.56658775,0.13698539,-0.0047997464,0.0374025,0.0016752402,0.021543853,0.00013402484,-0.020698637,-0.009859372
-7.0456867,-0.5035311,0.025628235,-0.00023531476,-1.7156161,-0.003967323,-0.080930114,0.007923986,0.0063927067,0.0032646325,-0.034442864,-0.08410701,0.00018882251,0.00041617587,-0.002439442,-0.0043073874,-1.3358375,-0.020567793,0.08788674,-0.0034295542,0.0019801816,-0.11564166,0.00040906866,0.002910923,-0.0013896405,0.0045351996,0.00931405,-0.0560998,-0.16585839,-0.0051023164,0.0021413101,0.0007272052,-0.0043237344,-0.0053616776,-0.013846432,-0.00024265137
18.113165,1.3162283,-0.03777079,0.0022961756,1.2232078,0.018877013,0.11194609,0.0039610327,-0.0051213447,0.005668985,0.14359117,0.29823217,-0.053479165,-0.0064919777,0.0015116425,0.061196204,3.7094512,-0.012347617,-0.089148454,0.001168578,0.0061078547,-0.010145384,0.020646377,-0.0016345654,-0.0040531834,0.015495755,-0.017939555,0.34830895,0.54544026,0.00019523845,-0.013217526,0.0020284012,-0.0068265717,-0.002199652,-0.0238615,-0.004373279
-0.67127866,0.75815344,0.044685874,-0.0017604373,1.2546738,-0.00010865115,0.036778,-0.0023899367,0.0007739679,0.0028302716,-0.05356234,-0.27999488,-0.011216946,-0.0015990945,-0.011960492,0.09383646,-0.32628462,-0.04905264,-0.066398524,0.0022492784,0.0044335043,0.016002154,-0.010413048,0.0010893056,3.9908708e-05,-0.007594231,0.019403463,0.0084687965,-0.08737737,-0.0012442289,-0.008874704,-0.0013950577,0.0032548187,-0.00042193057,0.0041373847,0.007131009
-0.14297254,0.13427761,0.029409586,-0.00033334264,-1.9490875,0.0010680713,-0.3132242,0.026556281,0.0068853437,0.0053341906,-0.059685394,-0.22899854,-0.0027210398,0.01723488,0.0034000326,0.05549938,0.73927927,-0.04211599,-0.056667894,0.0075295996,0.0063422224,-0.025707474,0.0016054299,-0.003616917,0.015734602,-0.010296688,0.0010793095,-0.06753528,-0.11333296,-0.0046883724,-0.009835189,0.00015420593,-0.006317509,0.0010880574,0.0075975554,-0.00093383313
9.28222,1.0954281,0.022610294,-0.0025560034,0.9615205,-0.009704373,0.10514697,-0.0015723581,0.011486075,0.0046996283,0.10943497,-0.000607649,0.009257074,-0.001853068,0.0037083759,0.023417678,2.2075763,-0.006757138,-0.1021925,0.0044957628,0.011091814,-0.061416652,0.009820752,0.0022624123,-0.0010678996,0.011223604,-0.020527348,-0.2854287,0.17483279,-0.010113275,0.0015081936,0.00606021,-0.007060419,0.00039146002,-0.014549502,-0.0058405492
-7.293412,-0.62828183,-0.0033810763,-0.0012712838,1.2041501,-0.0019681589,-0.06606791,-0.0026478856,-0.0064373766,0.0030388865,0.012225487,-0.081344455,-0.007253542,-6.562345e-05,-0.0008421799,-0.0053967205,-1.2135655,-0.028770955,0.088094145,0.0037854586,-5.928282e-05,-0.026228484,0.003164138,0.0009011495,0.0033623348,0.0065496867,-0.008198119,-0.096970476,-0.1323492,-0.0056739794,-0.0075605293,0.00067194505,-0.0014615679,-0.0001123044,-0.0068402532,0.0018568349
-7.3709993,-0.6225805,0.028477289,0.0056707948,1.2335653,-0.0016921534,-0.03293273,0.0014535909,0.009407565,0.0033635746,-0.026985098,-0.08774638,0.005175956,-0.002196472,0.0025805293,0.0010032643,-1.2432215,-0.014908226,0.096627764,-0.0030600862,0.0018801828,0.052407615,-0.00967928,0.0075472016,-0.008273034,-0.011639426,-0.009672918,-0.083192006,-0.12838556,-0.0037021565,1.6407507e-06,0.002396359,0.0022252747,-0.0004832735,-0.008334512,-0.0042208936
-7.4441853,-0.65063536,-0.019161113,0.0038781625,1.2101066,-0.00014181735,-0.02421365,0.006979473,-0.03646456,-0.010349241,0.014735813,-0.08350634,-0.00223848,0.027322788,5.692711e-05,-0.003758773,-1.1593443,-0.024646172,0.089989156,0.0020581132,-0.0007764186,-0.022856342,0.003012537,0.0008564386,0.0044683428,0.00057495094,0.0060324627,-0.12403758,-0.12799865,-0.0076821134,4.7841808e-05,0.0025754257,-0.001596339,0.0016563468,-0.00744005,0.0010194906
18.146986,1.1841902,0.022108069,0.0030367454,-1.2374921,0.0113372,-0.06910919,0.00036248105,0.00066584564,0.0029123197,0.1405834,0.3205551,-0.017812837,-0.0023900247,0.00048860355,0.077428184,3.8541176,0.008816664,-0.093866155,0.002645809,0.015109377,0.031071914,-0.0008163608,-0.0056882077,-0.0019676012,0.016909733,-0.012214941,0.3109662,0.32761583,-0.0020923705,-0.023495752,0.00504053,0.014502788,-0.0072696344,-0.023315776,-0.006619145
6.987907,1.0174832,0.034036122,-0.0019475605,-1.7870853,-0.008026767,-0.22354205,-0.009435039,0.012062704,0.0026669784,-0.1325834,-0.14971517,-0.016917458,-0.0017315266,0.0014971157,0.05583177,2.2252798,-0.027797453,-0.11957596,0.01027053,0.016356325,-0.031018987,0.0055298386,-0.0004824146,-0.0047440142,0.0036424994,-0.010392029,-0.02588052,0.14786182,0.012345369,-0.04578312,0.0070297066,-0.0067825187,-0.00615091,-0.023673126,0.01104602
-5.5182433,0.3092396,-0.0598934,-0.0027480568,-0.44757828,-0.002713047,-0.18352889,-0.020986034,-0.003206354,0.0028861165,-0.033091284,-0.10692277,-0.0018814148,-0.011593486,-0.003325189,-0.023197107,-1.0757774,-0.04825144,0.054801714,-0.00975091,-0.0060594585,0.053370025,0.0028993553,-0.0020479525,0.009188763,0.0031023726,0.0017975853,-0.10893548,-0.1763978,-0.0018749423,-0.007477476,0.00021968581,-0.01803065,-0.004963872,-0.007283624,-0.0070527787
-7.334488,-0.6539018,-0.0014395649,-0.001257092,1.2005858,-0.0025783202,-0.041247264,0.008795581,-0.031825617,0.0037373318,0.013390953,-0.08234846,-0.0010326294,0.0050934553,0.00043494787,-0.003640763,-1.180081,-0.024827933,0.091504954,0.0017802828,0.00022892207,-0.026134623,-0.0058936253,0.0010827231,0.009575347,0.0010691308,0.00442146,-0.10529731,-0.13610828,-0.0076163574,-0.0009447515,0.0012820789,-0.0022014773,0.0005263797,-0.0033875864,0.00047723993
-7.2851605,-0.602797,-0.035929147,-0.00072326505,1.2002355,0.0013405954,-0.05587022,-0.0037666806,-0.026086837,0.003513974,0.012690965,-0.07007576,-0.0014387246,-0.0050657694,0.00018584992,-0.0028649352,-1.187366,-0.036241774,0.083345726,-0.0018183271,-0.012332411,-0.024854502,-0.0044395984,0.0010490512,0.0070615895,0.006152847,-0.007227241,-0.10594124,-0.13973086,-0.007949042,-0.0019184927,0.0045397957,-0.0021987304,0.0007839046,-0.007362702,0.0012236072
22.245995,1.2376682,0.054713227,0.004545248,-0.5911932,-0.018985111,0.13370827,0.0026118907,0.041214664,0.0049167434,0.1376521,0.31643674,0.052768573,-0.00092464196,0.0024346604,0.07220024,4.249654,0.05472531,-0.08046553,-0.0013412358,0.01683643,0.05122429,0.0072479784,-0.004239367,-0.0031800338,0.014042335,0.017188985,0.40460438,0.47436866,0.004024795,-0.0119756535,0.002085092,0.01788508,-0.008225873,-0.023246551,-0.0029920116
-7.289288,-0.6092803,-0.023462312,-0.0009118949,1.2172356,-0.00042700727,-0.11770102,-0.00424707,-0.004050038,0.0024220264,0.013965559,-0.07726069,-0.0074047972,-0.0011475746,-0.00017123693,-0.0036394347,-1.2019025,-0.034152668,0.08449786,0.0007482188,-0.0014141977,0.0033143705,-0.004458628,0.0011572302,0.0018853664,0.006050727,-0.007730405,-0.10859649,-0.13939078,-0.0061888453,-0.008101479,0.0012996712,-0.0011118868,0.00018730218,-0.007034223,0.0007953733
0.47319922,-1.995395,0.017444797,0.0036386815,1.266009,-0.011693929,0.0781235,0.0012169916,-0.0031458405,0.030523354,0.026929406,0.15053049,-0.0037408823,0.008918222,0.031246655,0.030776283,2.5748346,-0.3647473,-0.017568963,-0.0015159035,0.023820888,0.018777905,-0.008962982,0.0012791429,-0.0009338546,-0.014589553,0.008193179,-0.46236858,0.4427255,-0.005485753,0.026663814,-0.00091142056,0.0085876025,-0.0016107766,0.034324057,-0.009264135
7.512657,0.98428404,0.025707219,0.00028397885,-1.8468835,-0.0014385047,-0.27842477,0.0006355822,0.06380627,0.0027819525,0.03862803,-0.048537605,-0.01567125,0.0012073398,-0.0014705521,-0.006807592,2.107043,0.011132712,-0.0934287,0.0077543147,0.012376972,0.009569732,-0.00509054,0.005616391,0.002459051,-0.008741494,-0.01860682,-0.73449075,0.23902054,-0.008430867,0.030141316,0.0057583796,-0.017676054,0.0007667128,-0.002475497,-0.0045592305
6.8863354,1.0624057,-0.07709252,0.0030384602,1.2756764,-0.0010094283,0.122099824,-0.044187766,0.01277498,0.0026696508,0.1042273,0.23588255,-0.0100761745,-0.010478085,0.002503475,0.02346661,2.2429302,-0.02929579,-0.108880885,-0.021262944,-0.06757038,0.026990792,-0.007571091,-0.0010783711,0.0017881992,0.0020196892,-0.016816925,-0.30272898,0.1849859,-0.030965148,-0.0040600626,0.005372901,0.0048920345,0.00021125528,-0.021487903,-0.00963333
-1.7410954,0.58038443,-0.038604986,0.00039347407,1.2895474,-0.00016536532,0.10646258,-0.015471513,0.0054559237,0.0039241114,-0.064831,-0.18176773,-0.00062924565,-0.026975561,0.0022434185,0.017809732,-0.30358326,-0.02097245,-0.053869944,-0.0050810836,-0.00012911936,0.027914995,0.002102389,0.001303514,-0.0034178598,-0.0140109975,-0.036680665,-0.020415524,-0.082636885,-0.00030097715,-0.008152067,-0.0001765712,-0.0013680006,-0.0007267269,-0.010336735,0.0019316557
-7.3071947,-0.6285941,-0.02029062,0.0019415864,1.200587,-0.0006819538,-0.061651647,-0.00084223296,-0.0013155078,0.0029767929,0.0124591505,-0.08455372,0.0033337562,1.8619463e-05,-0.00022167712,-0.0030492581,-1.1928992,-0.025972039,0.08271894,0.00053092826,-0.0015704193,-0.025255596,-0.0028583389,0.0003339486,0.002253064,-0.00946699,-0.007780105,-0.09855111,-0.13727267,-0.0064879707,-0.007372412,0.002942763,-0.001975033,-0.00016313232,0.013835323,-0.0005456487
-7.2835937,-0.6122803,-0.033409733,-0.0011873273,1.2012632,4.8649053e-05,-0.07120826,-0.0035145222,-0.026388166,0.0038148132,0.015281367,-0.07285195,0.0032617375,-0.0022271844,-0.0007085674,-0.004007728,-1.1813306,-0.0358434,0.085546315,-0.0037642675,-0.010983007,-0.025204873,-0.0025988682,0.0010032163,0.005940473,0.0068112845,0.0025342098,-0.109653294,-0.136527,-0.0070130364,-0.0014255606,0.0029192828,-0.0024996002,0.00055203715,-0.0068301284,0.0009115052
-3.7779813,0.3551343,-0.02773329,-0.0037319164,1.2562895,-0.0034369263,0.04229143,-0.017784765,0.008674363,0.004092068,-0.041422345,-0.27302378,-0.00031303495,-0.017314596,0.002099887,0.0051721456,-0.5268488,-0.01883021,-0.034941096,-0.0006944132,0.0012182877,0.02735521,-0.008266948,0.0032025115,-0.006171344,-0.0028254506,-0.0123288175,0.008604069,-0.1771421,-0.00024278916,-0.0104881935,0.006921094,0.005802062,-0.0001911822,-0.011671764,0.0009655503
-7.3211684,-0.6031436,-0.033602886,-0.0008033686,0.707277,-0.0013984463,-0.1476146,-0.0050130044,-0.0029421663,0.002181984,0.013115024,-0.0668693,-0.0044202264,-0.0026344436,-0.0004570272,-0.0021416787,-1.2314724,-0.042188693,0.08180523,-0.0037948086,-0.0087849265,0.013498626,0.00153627,0.0016202535,0.0010971518,0.0045109177,-0.0078105326,-0.26406103,-0.13984509,-0.006017508,-0.0066406745,0.002063877,-0.0041693468,-0.00034146121,-0.0074683316,0.0014355052
-7.1872563,-0.4672082,-0.015062673,-0.0014163917,1.2479031,-0.00061140733,-0.0522596,-0.0004370155,-0.036271635,0.0029903941,0.017449707,-0.08043091,-0.00898802,0.00026163887,-0.0009812122,-0.0047348174,-1.14927,-0.031465374,0.090802975,0.0017761299,0.0027915123,0.007449506,-0.004723717,0.00241951,0.014257167,0.0050811963,0.0092659695,-0.22068854,-0.14896351,-0.007898645,2.7338625e-05,0.0029610577,-0.00080190826,0.0072373026,-0.010816106,1.3051664e-05
15.02718,0.331019,0.059044696,0.00066113926,-1.4448137,-0.009519283,-0.09502168,0.005801833,-0.003954871,0.0004085999,0.027853189,0.2933919,-0.0023704073,0.017384574,0.0023240242,0.05609385,3.6523457,-0.027467994,-0.011323153,0.0065357327,0.0101523595,0.037984394,0.004869316,-0.0013781793,-0.0039683045,-0.020940887,0.016378174,0.29652587,0.28574735,0.016267328,-0.024376787,0.0010295348,0.0020221497,-0.0066708084,0.07386131,0.027349008
8.424707,1.109039,-0.044815015,0.0004003882,1.3004026,0.011156695,0.16639656,-0.012624358,-0.00091354176,0.0041578333,-0.13396655,-0.15371643,-0.006662644,-0.012759099,0.005097081,0.058970124,1.9452708,-0.039434128,-0.11127922,-0.011841655,0.00036858566,0.0110409055,-0.0101891095,0.0026808137,0.0005923286,0.018690402,-0.007413411,0.09741825,0.17953509,0.009387912,-0.027260462,-0.00017342788,-0.007151731,0.0014710756,-0.020109104,0.011703095
-6.050744,-0.19791098,0.014791858,-0.0014237441,1.2398065,-0.0020571863,-0.03095067,0.00131171,0.0049118525,0.0044391104,0.0117816925,-0.10901256,-0.0003325085,0.005163503,-0.00034337858,0.009272812,-0.7902175,-0.030743103,0.024166556,-4.93455e-05,-0.0026469722,-0.018417256,-0.008536114,0.002838324,0.00039573837,0.0031445515,-0.009547734,-0.110891044,-0.17223473,-0.007909191,-0.006089192,0.00032408434,0.006265155,0.0005640623,-0.013771606,-0.0021761933
15.238376,0.75325423,0.037238155,-0.0021302938,-0.8102771,0.0020475008,0.06067457,0.013712472,-0.01001317,-0.009501736,0.05055605,0.36437702,-0.007915767,0.01588176,0.00036382352,0.048785,3.2848434,-0.18614101,0.030540192,0.017423978,0.019177984,0.053867977,9.005294e-05,0.0050847987,0.004782882,0.09866276,0.010291226,0.07165719,0.3025418,-0.0012496248,0.004349614,0.008773236,0.002527818,-0.0040311734,-0.049392138,0.0031688255
4.1158686,0.8393608,0.01972552,-0.00012177697,-0.44543573,-0.0012982641,0.027983377,-0.004447791,0.015103935,0.0037150034,0.03147453,-0.14113626,-0.0016731671,0.01210073,-0.0044506593,-0.0033629274,0.60549104,-0.00086841185,0.15547068,0.0036847808,0.011085059,0.07080968,0.00887551,-0.00027313936,0.0034169864,0.004009301,0.019547941,-0.13035922,-0.05777214,-0.0019475139,0.027317978,0.015402766,0.013504848,-0.0016019316,-0.014477984,-0.001186183
-7.277362,-0.6037307,-0.036855888,-0.0014485057,1.1995047,0.0011305675,-0.07755551,-0.0048994906,-0.032038894,0.0031409287,0.014960511,-0.07156541,-0.0006986652,-0.0049093836,-0.00014444243,-0.0026727642,-1.17222,-0.034113415,0.082364626,-0.0016720737,-0.013451356,-0.026872337,0.00254866,0.002902764,0.006446599,-0.001874017,0.0041381544,-0.11503027,-0.14568989,-0.006468487,-0.0015453814,0.0052698003,-0.0015985392,0.0017647983,0.006372276,0.0025094778
-6.304492,0.0046889293,-0.0400466,0.00011464278,1.2377328,0.00016276134,-0.03229076,-0.009284485,0.00840404,0.0019748416,-0.03345168,-0.087585516,-0.008056214,-0.0037438632,-2.0360156e-05,-0.00062362116,-1.1471487,-0.05047167,0.03353425,-0.0019254131,0.0016784575,-0.00041460697,-0.007099142,0.0029445032,-0.001011951,0.0017776944,-0.007898967,-0.086703345,-0.19689915,-0.0054742494,-0.009605767,0.0015261294,0.0014818766,-0.0025273517,-0.014646067,-0.003102443
2.6191027,1.0234014,-0.087817416,0.003861225,-1.4313797,-0.003364613,-0.3116831,-0.017102832,0.0562988,0.0022147966,0.017431568,0.15051192,-0.010920567,-0.005852783,0.00038211734,-0.009993404,0.8899591,-0.016597234,-0.08139674,-0.009775717,-0.053152554,0.024868393,0.008727005,0.0070703505,0.0023680078,0.005967229,-0.018254573,-0.29116777,-0.14282945,-0.0014279614,0.01861361,0.012957906,0.014935687,0.00029162047,-0.015099651,0.0028938705
-7.31126,-0.6489198,0.0004217074,0.0006559,1.2742294,-0.0008818229,-0.047682602,0.00069484214,-0.03434017,0.0029800488,-0.0051976372,-0.08252746,-0.0010376389,0.0053647174,-0.00080749765,-0.002461251,-1.1574861,-0.025178563,0.07988937,0.001994328,6.0998907e-05,0.008725156,-0.0035038523,0.0020431392,0.007817884,-0.011674461,0.008499687,-0.2169649,-0.13775827,-0.008307633,0.00045409746,0.00046910782,0.00084659643,9.307738e-05,0.011607085,-0.00077005307
-7.272788,-0.6066458,-0.03256383,-0.00069603196,1.2004038,-0.00030954604,-0.07213845,-0.004462601,-0.0011916183,0.0027429978,0.01284611,-0.07221893,-0.0005908373,-0.00465176,-0.0004394743,-0.003518488,-1.2147349,-0.03273001,0.08725038,-0.0035737269,-0.011763062,-0.025117602,-0.00084506517,-0.00040421507,0.004142635,0.0061502797,-0.0068250704,-0.09947761,-0.13170047,-0.0072810063,-0.008574064,0.0046030423,-0.003371167,6.094155e-05,-0.0069063236,0.0013268936
24.630789,1.3675233,0.11629905,0.023606343,1.1069338,0.015901791,0.09446361,0.004745083,0.06852952,0.003814593,0.079322286,0.30566695,0.059952587,-0.002355591,-0.0021348028,0.08965892,4.2574534,0.038710084,-0.07090478,0.021837456,0.017950218,0.01610348,0.0024319221,0.02327261,0.0011831744,0.019470662,-0.011381259,0.53624946,0.5634591,-0.00569036,-0.022825379,0.009635368,0.05180644,0.00064708735,-0.0065616355,0.002001768
0.1542166,0.24344964,0.010288658,-0.002825225,-0.8559602,-0.0031472917,-0.13539734,0.014232556,-0.008050274,0.0035433217,0.016701998,-0.08872426,-0.0017143991,0.013505713,-0.001347334,-0.020820037,-0.04519745,0.002312677,0.15549804,0.0023421776,0.007010228,0.029259447,0.0002105004,7.540392e-05,-0.0025846623,-0.0037028538,0.021094218,-0.19894639,-0.16059041,-0.008937047,0.034285676,0.0033291052,-0.011136847,0.0017348443,-0.003637015,-0.0024748214
-5.4352407,-0.05219887,-0.053312954,-0.0014165132,1.2329326,-0.00016130118,-0.069641516,-0.012176333,-0.004524853,0.003605791,0.017167967,-0.07733266,-0.0027885018,-0.010095731,-0.00074585393,-0.016952626,-0.45568457,-0.022608079,0.0020594068,-0.012080918,-0.007184496,0.05020822,-0.004240819,-0.0015995138,0.0052195163,-0.014010883,-0.008817256,-0.3858857,-0.188452,-0.005121775,-0.028929926,0.004393916,0.009213127,0.0009517293,0.013203546,0.0019320934
-3.304247,-0.356158,-0.011367832,-0.007817155,-1.6483889,0.0025692272,-0.062581606,-0.0005372564,-0.09961876,0.0051141325,-0.04171211,-0.16565116,-0.003718247,0.010314599,-0.004790532,-0.028469853,0.42018038,0.0059208884,-0.04617906,0.0033616347,0.00379269,-0.029393736,-0.006421142,-0.008962207,0.011880491,-0.006676215,0.005093699,-0.10857661,0.042136885,0.018801164,0.0005906343,-0.0010693663,0.004008992,-0.0044382256,0.021827132,-0.001631204
16.454905,1.2392712,0.008289582,-0.0032860134,-1.5555423,-0.0053427787,-0.2996703,-0.0015699415,-0.010643592,0.0017106165,0.10026801,0.48023683,0.007665583,-0.005502864,0.0011911303,0.05329955,2.5303338,-0.032014724,0.13660459,0.019680582,0.017396303,0.022702478,-0.008122537,0.0045480765,0.006776179,-0.023667963,0.01711485,0.1279772,0.29292223,0.0027797068,0.01611811,-0.023193588,0.00096704403,0.0035606504,0.017549856,0.012485158
-5.769414,-0.16512167,-0.049533807,0.00038329375,-2.001814,-0.003989854,-0.17616715,-0.013356095,-0.03420136,0.003631763,0.015031671,-0.06597671,-0.0021956475,-0.00916696,0.001262172,0.00071864144,-0.88964796,-0.037714325,0.042020395,-0.00074883003,-0.009932228,0.010249313,-0.0035310797,0.0016799808,0.021432908,-0.0046214326,0.0037164886,-0.38023075,-0.15995626,-0.009355581,0.0022326184,0.0022030151,-0.0075571607,0.01362685,0.010296476,0.004557703
-7.2822685,-0.5957423,-0.034340966,-0.0010869964,1.19868,-0.0020000439,-0.06766586,-0.005996578,-0.032449156,0.003518753,-0.018447608,-0.07107343,-0.0015105695,-0.0045076334,0.0014045219,-0.0036257636,-1.1595654,-0.034646157,0.081310235,-0.0036074538,-0.010479046,-0.023870686,0.0020465245,0.0021528932,0.0057432433,0.006253485,-0.0069061704,-0.10138664,-0.13350634,-0.006931977,-0.0010528779,0.0026602016,-0.002657686,0.0015754355,-0.0070110112,0.0017971018
-7.2925096,-0.61475956,-0.02023227,0.00014249186,1.210343,-0.0028862564,-0.07285704,-0.0038580552,-0.036937263,0.0029480855,0.014744286,-0.07984649,-0.0070757065,-0.00086913013,0.0008529979,-0.0050220303,-1.166913,-0.034592286,0.083883844,0.0016025722,-0.00039666242,-0.011225312,0.0036027979,0.0021881545,0.0055638687,0.0055303113,0.0062582586,-0.1140834,-0.1383026,-0.005792129,-0.00021436649,0.0037302566,0.00040972163,0.0023092893,-0.011678294,0.0019816952
9.002145,1.1340297,0.0026040906,-0.001673493,0.43450123,-0.021827526,0.123673715,-0.0027553295,0.048287712,0.0042651608,-0.13566804,-0.12451107,-0.0036096736,-0.009087547,0.004674072,0.060657885,2.1229973,-0.028325232,-0.1391343,0.00820348,0.010833027,0.024440475,0.012038335,-0.0011806581,0.0078086494,0.012308582,-0.022787744,0.0489298,0.1501118,0.011251003,-0.030882204,0.003634015,0.008157027,-0.002131536,-0.021444624,0.008938583
-3.092673,0.46181473,0.02408027,-0.0005660401,0.87228155,0.0013368618,0.056648,-0.0036621091,0.0073173875,0.0026331672,-0.049752753,-0.2867658,-0.0075926944,-0.00035707315,-0.0038074867,-0.0015174017,-0.5408321,-0.00360455,-0.055697933,0.00328122,0.0008225694,-0.031337623,-0.011193535,0.0061050192,-0.0011598817,0.005831298,-0.034184203,-0.059205037,-0.18287116,0.00420287,-0.010587561,0.00017809708,0.004158304,-0.000818843,-0.0064873197,-0.0067356844
-7.285715,-0.6005307,-0.033970986,-0.0009870451,1.2175024,0.002039007,-0.090016425,-0.005342696,-0.032486398,0.0032074584,0.012932962,-0.07094199,-0.0015563096,-0.0049434225,0.00011022421,-0.0033621134,-1.1696415,-0.038183887,0.08219149,-0.0032994102,-0.011990068,-0.027494393,-0.0045449594,0.0032853272,0.00694097,0.006664406,0.0011514175,-0.11903017,-0.14020656,-0.008290374,-0.0016627117,0.004007595,-0.0011782234,0.0022755414,-0.0075397003,0.0006729282
-7.3956356,-0.65845054,-0.020081056,0.004752223,1.2063568,-0.001399381,0.0015647417,0.006158568,-0.03504261,-0.0032540371,0.011901239,-0.084487624,1.9270621e-05,0.0049864394,-0.00023885221,-0.0023375675,-1.1475012,-0.025916558,0.086038515,0.0012947125,0.00032565484,-0.021083342,-0.0043520587,0.002034685,0.007944745,-0.010354426,0.0045039146,-0.11339202,-0.14165102,-0.008054077,-0.00021136273,0.0038612278,-0.0015174045,0.002001737,0.013215495,0.00027922913
-7.28381,-0.6055679,-0.030867472,-0.00094081153,1.2058312,-0.00036969164,-0.09400317,-0.0041767834,0.0030576733,0.003382677,-0.019698165,-0.078626186,0.0030154977,-0.0023974983,-0.0009906155,-0.0036906258,-1.2232003,-0.033429734,0.08565859,-0.0040776096,-0.0018346623,-0.022316754,-0.0038784358,-0.00062552403,0.0031512368,0.0066588465,-0.0071724537,-0.082982056,-0.13095798,-0.006724583,0.0071054716,0.0024602986,-0.0026407985,-0.0005991047,-0.0069239195,0.00029767008
-7.2911625,-0.64633733,-0.006192702,-0.0003256009,1.3042917,-0.0014480277,-0.048982322,0.00507648,-0.039589655,-0.0094116,0.012529819,-0.07648183,-0.003499502,0.0045726984,0.0003992297,-0.0038429594,-1.165431,-0.025165413,0.08084666,0.0022786998,0.00044075266,0.046571497,-0.0047042384,0.0027398525,0.0039556758,-0.0031779506,0.007891257,-0.27591607,-0.13362029,-0.005591275,-4.190448e-05,0.00054690754,-8.8150344e-05,0.0014370746,-0.002527715,0.0016375002
10.7317505,1.0316713,-0.13851956,-0.0070247743,-1.3366208,-0.0061031664,-0.19605061,-0.020696063,-0.011672817,0.0019879208,0.08337338,0.2992185,-0.008753859,-0.013716919,0.0070313453,0.018592788,2.640534,0.056999523,-0.08956323,-0.016124137,0.002083037,0.04890025,-0.00052597927,0.0051010605,0.012994376,-0.005159248,-0.013827745,-0.3328663,0.20962083,-0.0076487986,0.0036774303,-0.0014883011,0.0075189415,0.011612287,0.007139363,-0.00907513
-7.2743425,-0.62568253,-0.0021134897,-0.0005211896,1.2927423,-0.0027629666,-0.048481543,-0.0015856491,-0.0067378622,0.0026893097,-0.005753204,-0.08340418,-0.0067189224,-0.0016597218,0.00011784221,-0.0026352957,-1.2210375,-0.029478531,0.082507215,0.0004439126,0.00033012597,0.05603201,0.0022917546,0.0013449404,0.0028656048,0.0058240024,0.010782728,-0.3131751,-0.14356652,-0.0048448015,-0.006657847,0.0011741595,0.008566726,-0.00034578267,-0.0071564824,0.0014982421
3.773301,0.92321086,-0.05351776,0.0021037795,-0.7253711,0.007607402,-0.00831821,-0.0008019765,0.007966974,0.0040381653,-0.19304062,-0.15030602,-0.0036657949,-0.010737921,0.0028332379,0.008677182,1.8930081,-0.035302468,-0.0782736,0.0042551793,0.010532125,0.05128189,-0.0064740186,0.0017787392,-0.008654002,0.0055770497,-0.023384767,-0.23541994,-0.004167927,0.008295594,-0.040847566,-0.014504858,0.014032566,-0.0026244745,-0.017671375,-0.0035662728
-7.2455144,-0.6335405,-0.0009931085,-0.00012704202,-0.69351286,-0.0018435173,-0.1295813,-0.0023133422,-0.00032247743,0.0029362512,0.012594758,-0.08386562,-0.0044521755,0.0009943803,0.00039093223,-0.0036040053,-1.3185872,-0.036736477,0.08409108,0.0010888071,0.00042381228,0.057888314,0.0031471062,0.00030773733,0.0018203633,0.0058956677,-0.010973291,-0.40717164,-0.14352301,-0.0056034354,-0.0048530893,0.0017309831,0.0052422946,-0.00024037636,-0.0081860265,-0.0009455766
-7.3205585,-0.6369986,-0.024257842,0.00038328272,-2.1630418,-0.00023282449,-0.16182163,-0.0033838826,0.0050120847,0.0023707487,0.012491993,-0.078695565,0.002437205,-0.0035967364,-0.0010685021,-0.0026150232,-1.3515439,-0.034196414,0.08309562,-0.00092616735,-0.006779454,0.03305225,-0.0038321936,0.0011378805,0.00020108462,0.0062965075,-0.006944066,-0.48477277,-0.15130314,-0.0076005254,-0.0037368694,0.00045024147,0.001573127,-0.0012358787,-0.010219289,0.006567205
-3.9988763,-0.06278196,-0.0005638994,0.0021272805,-2.352656,0.00032547783,-0.011817287,0.020631416,-0.03297679,-0.002379368,0.016848568,-0.102338746,-0.0027147748,0.011465349,-0.006356874,-0.00802124,-0.8063982,-0.017351413,0.17114547,0.007445339,0.0025258882,0.007057914,0.011285892,0.002508554,0.031126464,-0.011794481,0.0023112064,-0.5449254,-0.1865362,-0.008989305,0.0013333882,0.006835368,0.0061777807,0.010453412,0.027863406,0.0019433536
-0.5972819,0.7358086,-0.054769866,0.0011242863,1.2251828,-0.0056963405,-0.12680714,-0.0045534456,0.019050695,0.004663755,0.018800266,-0.16478804,0.004740704,-0.011727894,0.0019473183,-0.016932162,0.11220588,0.011512841,-0.0702464,-0.0047261743,-0.02399467,0.05017727,0.020033281,0.0005578697,6.0889768e-05,0.005658228,-0.037324734,-0.21999146,-0.23433709,-0.009537633,0.026764683,0.0074522938,0.00014116838,0.0043207654,-0.0117773535,-0.03121555
12.9366255,1.1351347,0.02775316,0.005169659,-1.6995484,0.0020520429,-0.2583013,-0.0013195056,-0.0040383083,0.0026308727,0.10901212,0.27391863,-0.019473627,-0.0025611129,-0.0007451836,0.040830504,2.7291043,-0.03176357,-0.06909982,0.012108924,0.012062199,0.028962389,0.012071367,0.0018573025,0.004972028,0.013460991,-0.015829755,-0.21396546,0.3075356,-0.008146714,-0.00414709,0.00093192497,0.009717849,0.0046071494,-0.027717004,-0.02141494
-7.2948456,-0.62294763,-0.030755825,0.00039054506,-1.8476307,-0.0014586649,-0.14678657,-0.0041634184,0.0012255192,0.0019972804,0.017438658,-0.06932085,-0.0043017617,-0.0032827817,-0.00066919706,-0.0024468885,-1.345641,-0.0391051,0.08145702,-0.0032282227,-0.009396396,0.035778716,-0.0040182704,0.00015588035,-0.0010162636,0.005389451,-0.0077536795,-0.4424512,-0.15881507,-0.0068096914,-0.0045438865,0.00058401586,0.004779554,-0.0019266636,-0.00826539,0.0007787887
-7.293189,-0.59958404,-0.033814277,-0.0015908898,1.2283467,-0.0029374433,-0.11870781,-0.0053704367,-0.0011946253,0.0023152204,-0.01934868,-0.06890558,-0.0007437726,-0.0047902935,0.00024632414,-0.004062243,-1.1883632,-0.038199626,0.08260188,-0.0038326066,-0.010487154,0.010416384,0.0020312027,0.0005764466,0.0021366852,0.0065536397,0.0021336856,-0.10087104,-0.13886699,-0.005941297,-0.007280987,0.0020517183,-0.00060560415,-0.00053307565,-0.0068224,0.0010418047
-7.2928495,-0.62451315,0.010722445,0.0006317268,1.2120017,-0.0024426186,-0.07284462,-0.0012304985,0.006601369,0.0031544121,-0.020948762,-0.08485897,0.0036662791,-0.0024030968,3.1773e-05,-0.0026214854,-1.2383645,-0.027661037,0.08853948,0.0002749888,0.0033246172,-0.03340123,-0.006860707,0.0007554624,-0.0027243923,0.0063118935,-0.00977092,-0.072792634,-0.1435063,-0.005854474,0.0038224973,-0.00017447495,-0.00082444475,-0.0027147252,-0.011722511,-0.0019994043
7.964012,0.76063645,0.0637409,-0.0073207906,0.3976026,-0.0017903534,0.09215064,0.053360917,0.006520498,-0.009435764,-0.13086551,-0.4588328,-0.009038066,0.023295404,0.00082122546,0.08425101,2.060498,-0.061813585,0.011489891,0.004003135,0.004770628,0.027943013,0.004381704,0.000900983,0.008652754,-0.011998858,0.0145613365,0.038639404,0.2607554,0.0097721005,-0.004628032,0.00021732852,0.0036835833,0.0010712947,-0.014648633,0.009182593
-7.3150415,-0.6543146,-0.0006198179,0.00069901696,1.2080967,-0.0021359718,-0.076266654,0.0049870955,-0.031755622,0.003227397,-0.005384057,-0.08227771,-0.0006645759,0.0052725854,0.0016011761,-0.003146196,-1.1539971,-0.02457527,0.08265697,0.0019597823,0.00015366869,-0.029242983,-0.0052612294,0.0017954643,0.006040751,-0.011088345,0.009341186,-0.09647812,-0.1373131,-0.007472402,-0.0007545024,0.0006773687,-0.0014646234,0.0017295323,0.013593857,8.504608e-05
20.764553,1.2198235,0.030037055,-0.0006492666,-0.31758738,-0.019454164,0.12631796,0.015904594,0.048315767,0.0043509468,0.007326194,0.19064398,0.085971415,-0.0042742677,-0.0031486568,0.08723613,3.9529173,-0.000544277,-0.106644236,-0.0015409582,0.015180556,0.06345206,0.0012458692,0.0046946034,-0.0010965656,0.018853214,-0.016043099,0.45035687,0.49809185,0.00812607,-0.027780117,0.0018704031,-0.00015285691,-0.005833724,-0.017555214,-0.058828738
-6.7593455,-0.26420805,-0.026192619,-0.002304904,1.230443,-0.0007527072,-0.029873341,-0.0026640878,0.019116564,0.0012631594,0.016357968,-0.10040703,0.0083888825,-0.0013216257,-0.0009248062,-0.0068879994,-1.171717,-0.03277604,0.06431014,-0.00012793073,0.0006753127,-0.013052309,0.003082387,0.00060329837,0.0005854019,0.0015355552,-0.0091943685,-0.09943741,-0.14549202,-0.0073182895,-0.008214836,0.003424978,0.0011409716,-0.0007415702,-0.010865032,0.0022387062
4.953141,-0.2478612,0.029024895,0.0013130426,1.3319669,-0.00031067932,0.123303734,0.03356504,-0.015058949,0.0041557467,-0.1945423,-0.26162326,-0.0025654286,0.009924811,-0.0024090426,-0.0473684,1.9363052,0.009306313,-0.037285805,0.0077263503,-0.0025063625,0.0018368083,0.00018874515,-0.0012116391,6.323594e-05,-0.015613709,0.00796786,-0.22903278,0.2594935,0.0062700044,0.029270025,-0.0018546834,0.0139169935,0.001988469,0.042190783,0.011574936
12.3306,1.2272745,0.019958772,0.0013689862,-0.19177069,0.008464842,0.112417676,-0.013284093,0.013242587,0.0040683616,0.01859499,0.40631613,-0.012198823,-0.0033742925,0.0026292154,0.07512812,2.8234203,-0.038588222,-0.10046991,0.017682182,0.020500546,0.04850169,0.0011223971,-0.0022165424,-0.00020849478,0.017415587,-0.012522487,0.06565136,0.27925152,-0.0057782005,-0.04229196,-0.0008869106,0.008147754,-0.0001973339,-0.023814952,0.012113552
11.5296135,1.2203766,-0.060776036,0.0025870095,0.84344953,0.0016181661,0.119828194,-0.020377856,0.0029885205,0.0049562925,0.14874424,0.3449498,-0.006016663,-0.012556816,-0.0035825544,0.031014437,2.4683301,-0.045163922,-0.07254478,-0.011898002,0.0062040924,0.068833165,0.0006258538,-0.0031546697,-0.0010165351,0.018576423,-0.015780045,-0.17313969,0.23515631,-0.0053910073,-0.008870285,0.0028662987,-0.0066089993,-0.0020609566,-0.027206922,-0.0042112237
-7.2984056,-0.6377596,0.0011149213,-0.0009032055,1.20369,-0.0008788464,-0.06617107,-0.000893875,0.0019995351,0.0027154016,-0.005223475,-0.08049875,-0.008598493,-0.0025133663,0.001282565,-0.0056116544,-1.207876,-0.02841156,0.08881847,-6.090483e-05,0.0012752679,-0.026121555,0.0029295012,-0.0019556866,0.0027027677,0.007280732,0.0076989895,-0.089683704,-0.13681826,-0.0066395854,-0.008010295,0.00024428443,-0.0029734492,0.0009571632,-0.0070225233,-0.0004880363
-6.1798973,0.046143714,-0.03944097,0.0007671769,1.2748486,0.0010613656,-4.1135354e-07,-0.00857288,-0.0008736466,0.0016262345,-0.036568217,-0.09283447,-0.0005026477,-0.007670859,0.00096554606,-0.0032550637,-1.1672721,-0.039430484,0.02691108,-0.0055485987,0.00012394713,-0.025046457,-0.006805178,0.00033037437,0.00027571197,-0.0013608788,-0.008598336,-0.11755983,-0.20084171,-0.0047277967,0.005740932,0.0017448083,0.0051862565,0.00073043327,0.0010156545,-0.0066110357
-7.273718,-0.60858047,-0.020770228,-0.0018109998,1.2040222,0.00047740096,-0.06036019,-0.004644548,0.0051660617,0.0030938147,-0.027862085,-0.081331804,-0.008971615,-0.0027867248,-0.0012466859,-0.0041786637,-1.2795783,-0.013304584,0.08421598,-0.0020660402,-0.001636609,-0.024442827,-0.0072128773,0.0021164462,-0.00055686635,0.0067283884,-0.007283139,-0.053633258,-0.13043313,-0.003987834,-0.0051148823,0.0011055634,-0.0025804075,-0.0006147156,-0.0072353478,-0.0034130954
-7.2182593,-0.5942996,-0.031646963,-0.0010016435,1.219283,0.00081735535,-0.07174191,-0.0038887744,-0.027777728,0.0030244526,0.01526614,-0.068854176,-0.0008105451,-0.0043213055,-0.0001665368,-0.005289471,-1.1430677,-0.036340013,0.090229005,-0.0037306845,-0.011402846,-0.031928692,-0.005324737,0.00045254643,0.007424836,0.005376481,-0.007119629,-0.11551938,-0.13123018,-0.007644463,-0.0007964675,0.0013498266,-0.0020303365,0.0013660182,-0.007534917,0.0008791233
-5.493828,-0.83730215,0.01333542,0.0010356343,-1.5856006,-0.00441265,-0.12082913,0.0065921815,-0.0029578656,0.0039335974,-0.039712604,-0.13531448,0.00011767741,0.0055873943,0.002823109,-0.03242272,0.122310296,0.0046454864,0.028370552,0.0021059676,-0.0037175815,0.033358637,0.001471095,-0.0033746797,0.0005445116,-0.00599558,0.007676104,-0.11411026,-0.13958783,0.0015740297,0.0010380753,0.001098353,-0.008720129,-0.0013233607,0.013590722,-0.002007679
-7.3045974,-0.6186325,-0.020184906,-0.0020804678,-1.240994,-0.0045504477,-0.13850501,-0.003724364,0.0016673547,0.0021722706,-0.01905108,-0.07942736,-0.0043163286,-0.0010414392,0.000167963,-0.0032548753,-1.2962897,-0.03999859,0.08191102,-0.0009194394,-0.0007660285,0.040105864,4.773666e-05,-0.0014384195,0.001826457,0.005376821,-0.00798398,-0.41441375,-0.15153065,-0.005588737,-0.0064930827,0.00088719797,-0.005541545,-0.0010567161,-0.007669156,-1.3145254e-05
12.02994,1.2716093,-0.044933528,0.0042813187,1.3581299,0.0072150207,0.18718423,-0.021675209,-0.0024101478,0.0047618966,0.031730227,0.3483873,-0.008946179,-0.006413975,0.0027036367,0.065874636,2.6355367,-0.06189768,-0.110237174,0.015144399,-0.010626769,-0.02361662,-0.010117181,0.00055528345,-0.0053989054,-0.0019979982,-0.011238416,0.10288106,0.27535477,0.0018075436,-0.007005695,0.00062956376,-0.0073536322,-0.00048542986,0.00030813913,0.00096358
-7.2802634,-0.5983568,-0.031186556,-0.00027490855,1.2007126,-0.00024867285,-0.062969394,-0.0039214254,-0.0016744348,0.0029355101,-0.020355145,-0.07555914,-0.0012386679,-0.0047314754,4.628193e-05,-0.0045562657,-1.2216294,-0.03349337,0.084945515,-0.0037641013,-0.0062943916,-0.025429096,-0.0031368714,0.00016608517,0.0036642347,0.006212211,-0.00791804,-0.07317606,-0.13932785,-0.006073513,0.0061619603,0.002225539,-0.0023283567,-3.5882542e-05,-0.00708694,-0.00014017767
-4.903458,0.30035964,0.01755783,0.00052944996,1.2034489,0.00067806925,0.057267103,-0.010572698,0.010870613,0.0033041833,-0.03569014,-0.14857382,-0.012298046,-0.004076914,-0.002284649,-0.025803441,-1.0274597,-0.0430314,-0.013429657,0.0010625694,-0.00033928876,-0.027934434,0.0024251116,0.0033556125,-0.0031593165,0.005866367,0.007601306,-0.007872245,-0.19638607,-0.0025650582,-0.00046850447,-0.0010668703,0.009140154,-0.0015108067,-0.012252782,0.00016888377
1.3488357,1.0491037,-0.0877154,0.0028175786,-1.029496,-0.004650474,-0.23765966,-0.054573834,0.039386764,0.0023539257,0.016366847,0.17660066,-0.0036224516,-0.015360369,0.0014380995,-0.010808173,0.45892948,-0.013269645,-0.080731004,-0.018470109,-0.086163625,0.07319888,0.006508978,-0.0005173477,0.0047861245,0.007065135,-0.024026085,-0.23193316,-0.024107466,-0.004561401,0.028057734,-0.0070245205,0.0019492825,-0.0026339078,-0.012067706,0.003525279
-7.2794023,-0.6110104,-0.030837959,-0.00075784186,0.554637,-0.0014378658,-0.08243898,-0.0048547643,0.0027139203,0.0022008233,0.014265253,-0.069823,-0.00471804,-0.0023322152,-0.0010230729,-0.0027674567,-1.2255639,-0.038777802,0.084983096,-0.0039789057,-0.011284343,-0.04134761,-0.0040929806,-0.00046526588,0.002469913,0.006670732,-0.0076503856,-0.13435102,-0.13712847,-0.0069795866,-0.006725197,0.002062133,-0.0026242377,-0.0001244369,-0.0068615526,0.00067596196
-7.2668815,-0.5956641,-0.03341958,-0.0013012602,1.2017783,-0.0033932906,-0.07983966,-0.004368171,-0.027928036,0.003150984,-0.022091147,-0.0713841,-0.0015968564,-0.0048553282,0.0005726571,-0.0038112989,-1.1732956,-0.03592283,0.083319716,-0.0036139323,-0.01075198,-0.030664697,-0.002244586,0.0008736801,0.0023688092,0.006167658,-0.007474295,-0.085280314,-0.13445053,-0.0057331733,0.00078274816,0.0024866436,-0.0001839537,0.0006465136,-0.0075131585,-0.00047367718
13.929253,1.2852433,-0.032909475,0.0040612235,0.53745407,-0.004729018,0.030813497,0.0024933605,-0.018439608,0.003859531,0.05398861,0.3392847,-0.0063791336,-0.00886691,-0.0049338667,0.051251598,3.2579808,-0.04265873,-0.12735155,0.021731734,-0.005440815,-0.014040603,-0.007556349,-0.005459404,0.0057537374,0.030104483,-0.014367729,-0.0010112188,0.4149444,-0.00052553235,-0.015172778,0.0021220208,-0.0017436064,0.0005552292,-0.029393185,0.0022840358
-2.402486,-0.78027475,0.009792482,-0.010542472,-0.6490061,-0.0024489926,-0.22108227,0.0038265993,0.023790997,-0.015690392,0.021489887,-0.2555984,-0.0029968228,0.012790491,0.0026619993,-0.019436773,1.5235065,0.033106208,-0.035229847,0.004915688,0.0066225086,0.014176461,0.002457548,0.0009920662,-0.004047835,-0.012550868,0.015396735,-0.49614564,0.15125573,-0.0036554802,-0.038357925,0.0008239557,0.0019252301,0.0010749254,-0.031611513,0.00050000485
16.11864,0.3686462,0.038577102,5.1731877e-05,1.2989444,-0.0022920955,0.14481752,-0.0015440353,-0.0071794027,0.0026273625,0.029082708,0.30481133,-0.013887336,0.026131501,-0.0014907371,0.05933422,3.4425352,0.032432284,0.015214809,0.00602026,0.024350908,-0.015008307,0.0010780412,0.002185573,-0.0021231775,-0.044016533,0.01283279,0.22945522,0.31640545,0.007808821,0.012837064,-2.9731364e-05,-0.0039572283,-0.0072983927,-0.027523534,0.013370209
4.095964,0.9671397,-0.028513212,0.0012226375,1.3134298,0.003948691,0.087130025,-0.018510995,0.0071707796,0.002823961,-0.17207395,-0.24593592,-0.0036024263,-0.010790366,-0.0044122306,0.011870382,1.7237902,-0.053154267,-0.09497826,0.0049910024,0.011630968,0.008314594,-0.014100625,0.0022658072,-0.0014492699,0.005610762,-0.017172653,-0.14710888,-0.0066561233,0.0011759591,-0.04156163,-0.0029465586,-0.011384019,0.00069456367,-0.018640574,-0.0023993596
-7.3325243,-0.6697562,-0.017583894,5.6267436e-05,-1.8160297,-0.002620122,-0.16105936,0.0043711527,-0.038030528,0.0028012053,0.014030769,-0.0802029,-0.0018777293,0.010118742,0.00047560903,-0.003014885,-1.2853186,-0.033463962,0.08088307,0.0006394419,0.001319923,0.04543706,-0.002729233,0.0028905107,0.010303302,-0.008812986,0.0041354853,-0.4886517,-0.15730815,-0.006952091,0.0039247964,0.0045449925,0.005739619,0.0009638965,0.009829691,0.0022505694
-1.7320405,0.7290893,-0.049467377,-0.0005689133,1.2950921,0.0025523065,0.09068743,-0.025392069,0.0014031536,0.005701794,-0.047356095,-0.2848979,-0.0009456153,-0.01920835,0.0007573676,0.08471478,-0.51670796,-0.038987637,-0.07420262,-0.0016249599,-0.00014036954,0.028977903,-0.00025547302,0.0026213403,-0.004440916,0.005258872,-0.040533282,-0.0022250745,-0.11922572,-0.007822657,-0.040141456,0.000726965,-0.0016778021,-0.0007693064,-0.0065528834,0.005319667
-7.3297772,-0.6504778,0.0040533687,0.002133154,0.76351804,0.00030901746,-0.09823311,-0.0002916911,-0.0039879,0.0024102032,-0.0052633933,-0.08123408,-0.0010732204,0.0059926943,0.00010165118,-0.0013516996,-1.2195839,-0.02833856,0.079971395,0.0013242869,0.00011116768,0.06770136,-0.003922273,0.00048891624,0.0023243052,-0.009220919,0.007607114,-0.2979625,-0.14230132,-0.006336983,-0.005200592,0.0009379998,0.0009105463,-6.784505e-05,0.011716551,0.00010366749
1.1372696,0.92795616,-0.03817396,0.00062927825,1.2650185,-0.012630485,-0.18844731,-0.010839946,0.018444495,0.003761107,0.020767158,-0.174914,0.0066363835,-0.0121979,-1.572641e-05,-0.014465142,0.1738889,0.0002357927,-0.041549537,-0.0023276012,0.0004093038,0.053919554,0.023485841,-0.0008315994,0.001296676,0.008747879,-0.018064592,-0.21117263,-0.13517664,-0.002067914,0.028178673,0.0010951137,-0.0010738119,0.0065303585,-0.011548327,0.010699888
-7.268029,-0.6060004,-0.030435797,-0.0007702919,1.2000828,1.4559773e-05,-0.074730724,-0.004775014,-0.0031510799,0.0027943514,0.014824609,-0.07041657,-0.0073010502,-0.0022685733,-0.00064423925,-0.0037887802,-1.2010106,-0.03255994,0.08390366,-0.0026832863,-0.010205334,-0.028130569,-0.005161312,-0.00063584314,0.0017590115,0.006237847,-0.0058443947,-0.100432776,-0.13256115,-0.0074143037,-0.008618308,0.0016931777,-0.0033913115,-5.5776552e-05,-0.0065334425,0.0014806142
1.555376,0.39990264,0.054846708,-0.002062981,-1.1086272,0.0020105706,-0.046563324,0.026550146,0.007989661,0.0021329822,-0.06519575,-0.19089948,-0.0024298197,0.006335394,-0.0036669017,0.062482666,0.47272378,-0.02511582,-0.032853175,0.003849582,-0.0016355342,0.056321625,-0.0063913055,-0.0015608639,0.0021720035,-0.009820238,-0.007503476,-0.042194597,-0.09695556,0.003853863,-0.0041149994,-0.0015878703,0.0010289011,-0.0036991762,0.0043685557,-0.003274627
13.574608,1.3532913,0.072900124,-0.005400071,1.3357773,-0.003995651,0.11959216,0.10274609,0.0030302643,0.0018265985,0.0154672535,0.7048554,0.0005262784,0.019502606,0.0012760188,0.05303035,0.7831145,-0.0155312475,0.5856244,0.007063303,0.053596493,-0.023806665,-0.0171766,-0.0020841137,0.012800288,-0.02388482,0.016486188,0.18646258,-0.07874051,-0.0012278492,0.0044299862,-0.0005068428,-0.00077006686,-0.0063316855,0.038725775,-0.0019906934
-7.2901607,-0.6557943,-0.023427762,-0.0023304224,-1.396514,-0.00022082393,-0.092797585,-0.0039071213,-0.035347708,0.0033366939,0.0123379445,-0.08135165,-0.005412623,-0.0010659583,-0.00029615455,-0.0024691354,-1.2584472,-0.034808774,0.08809392,0.0007361057,-1.3414264e-05,-0.13566665,0.0023834826,0.002886895,0.007156323,-0.003451458,0.00680692,-0.1364313,-0.16163616,-0.005262345,0.00067621307,0.002014621,-0.004109316,0.003172908,-0.0019150927,0.0007287983
-7.330471,-0.6474078,0.006523986,-0.0002566738,1.2045652,-0.00041072976,-0.024184521,-0.002357108,0.004970187,0.0032361492,-0.020341875,-0.08067118,-0.00046843637,0.005933801,-0.000109964596,-0.0031020762,-1.2283276,-0.029340299,0.08916618,0.00026767803,-0.0003015069,-0.027345732,0.0034515802,0.0006569171,0.0020143962,0.0070631686,0.0052909628,-0.06899465,-0.14383906,-0.0057139546,0.006251757,8.709825e-05,-0.0017420421,-0.00017753831,-0.00816456,-0.0038683282
-7.275667,-0.6126118,-0.02305389,-0.0010241711,1.2007267,-0.00043995472,-0.07449186,-0.0037705542,-0.001091615,0.002634622,0.01304487,-0.08050431,-0.006691842,-0.0022594482,-0.0008612935,-0.003503895,-1.204289,-0.03329597,0.084027514,-1.4229518e-05,-0.0011329401,-0.03386539,-0.0044414653,-6.08309e-05,0.0017404776,0.006601998,-0.007614811,-0.10031526,-0.12997049,-0.006933218,-0.00769054,0.00095150084,-0.0038066688,8.09377e-05,-0.007083051,0.0010738024
-7.286597,-0.6009139,-0.035379965,-0.0006274196,1.2130034,0.00070317264,-0.11269821,-0.004209396,-0.026011828,0.003683009,0.015296342,-0.07071497,-0.0015027206,-0.0046145404,-0.00014482957,-0.002982265,-1.177395,-0.03720609,0.08207513,-0.0017417495,-0.010383987,0.015236867,-0.00550631,8.9931884e-05,0.0047605634,0.006387569,-0.0057342467,-0.11591895,-0.1390481,-0.007944855,-0.0012979344,0.005658771,-0.0040830243,0.00095554214,-0.006776008,0.0013915782
-7.3764887,-0.63460267,-0.0291798,-0.0025107076,-2.2958658,-0.00051485596,-0.039658364,-0.007918405,0.0040972913,0.0023067822,0.013586611,-0.078541294,0.003525423,-0.003762886,0.00027910757,-0.0035090249,-1.3517355,-0.028479531,0.08807869,-0.0037833604,-0.004629189,-0.019810338,-0.007188063,-0.0007960377,0.0018981086,0.0063828374,-0.006993462,-0.39015928,-0.153559,-0.0077555254,-0.009019351,3.757711e-05,-0.003656039,0.00018995357,-0.007941791,0.0008545079
-7.3017774,-0.60782045,-0.032099538,-0.001344566,-1.2886541,-0.00045020072,-0.13440053,-0.0049912985,-0.031746347,0.0035141828,-0.019568712,-0.07195878,-0.0012437311,-0.006517048,-0.0013673622,-0.0022006328,-1.2773798,-0.03926329,0.07949665,-0.003943429,-0.010584489,0.0652287,-0.0015063254,0.0001926996,0.004619226,0.0027063508,0.008225614,-0.46427128,-0.15745692,-0.0059364177,0.008669092,0.0026830027,0.007104858,-0.0007122542,-0.010649985,0.0019126111
16.607857,1.1315869,0.040733643,-0.0075698113,1.3149486,0.007795607,0.1564433,0.034452304,0.03688912,0.004314556,-0.0086092055,0.18831763,0.094525404,-0.0077925576,0.0072661326,0.08692431,3.765608,-0.026172234,-0.052055743,-0.003575914,0.025776112,-0.014516714,-0.014722665,0.0006423999,-0.004341725,0.0049387696,0.013400019,0.46459103,0.4123837,0.005196811,-0.038427506,-0.0066617294,-0.014239831,-0.0019583383,-0.01952095,-0.008406426
2.9279745,0.5630648,0.048951045,-0.0011162543,1.2814949,-0.0017936765,0.12045152,0.03372656,0.015724981,0.0011609545,-0.06542167,-0.32939315,-0.0011602332,0.027928973,0.0004719661,0.04988735,0.52501404,-0.039291736,-0.043057475,0.0012149361,0.0023209616,-0.0043139253,-0.012961985,0.0040258346,0.00043198574,0.0023592603,0.0043168184,0.06479864,0.115018815,0.009154653,0.0013621076,-0.004027432,0.0072879884,0.0026794455,0.0021146256,0.02249993
-3.1300151,0.65876275,-0.051743947,0.004475458,0.38701,-0.0019223508,0.013391451,-0.01087915,0.0045600133,0.004381314,-0.039397232,-0.26930398,-0.002395674,-0.018772652,0.00013997215,0.00034751592,-0.6574674,-0.01922255,-0.071092404,-0.003085458,-0.0021280758,0.049985725,-0.004613816,-0.0007439981,-0.005887708,0.0048161354,-0.04279568,-0.06172561,-0.18067147,0.0022989474,-0.04564695,-0.0041946373,0.01065607,-0.00023296337,-0.008191766,0.006783366
-7.3115735,-0.6523951,-0.0020930134,0.0016791386,1.2045543,-0.0015998125,-0.07735937,0.004729325,-0.03081131,0.0031016357,0.013079028,-0.08152944,-0.00019604164,0.0049888794,0.00014588288,-0.0043659466,-1.1608496,-0.022838376,0.08487174,0.0018206742,0.0008500911,-0.029120075,-0.0042283414,0.00017302742,0.00531682,-0.009721582,0.004723805,-0.10585963,-0.13742828,-0.007695828,-0.00061065017,0.0008206437,-0.0011860228,0.0010251731,0.010176933,0.00026981917
-7.318976,-0.62314665,-0.034966502,0.0003497324,-2.1126425,-0.0019102424,-0.15977573,-0.004559386,-0.032242678,0.00256125,0.013934829,-0.06975547,-0.0023252359,-0.0065103527,0.0009450822,-0.0021248693,-1.3109525,-0.037293278,0.079382546,-0.0038537956,-0.010686787,0.033033617,0.0016540403,0.002971302,0.006184166,0.005649929,-0.007357423,-0.5006787,-0.15202764,-0.0074425866,0.0020959007,0.004015468,0.0017731522,0.0034274273,-0.008593567,0.0046310006
-1.1485612,0.75348973,-0.042010516,0.00033171783,1.3280146,0.00018834806,0.027249794,-0.024688901,0.004122211,0.004657406,-0.064454615,-0.19943953,-0.012602397,-0.011353261,0.00048200355,0.07238709,-0.37460598,-0.035209637,-0.057701685,-0.0021016088,0.0025298346,0.03814081,0.0037465072,0.0028365075,-0.005926866,0.0049926313,-0.04399729,-0.020295287,-0.120381914,0.00081874855,-0.021569826,0.0027957994,0.0058866083,-0.0003876185,-0.01298805,0.006449467
-6.797825,-0.3801642,0.0058855205,-0.00014662225,-1.1456709,-0.0055982755,-0.107431255,0.00528475,-0.0075801034,0.0019130373,-0.028929057,-0.09603077,-0.0013951438,0.010543348,-0.0014183243,-0.003750027,-1.355259,-0.014801086,0.10213901,0.0016429472,-0.0015488381,0.040617857,0.003466229,-0.00074958225,-0.00078367506,-0.009704528,0.0057312506,-0.061709754,-0.1649363,-0.007952595,0.006171131,-0.000640066,0.003664183,-0.00069802493,0.016491203,-0.0053472985
23.773962,1.2673687,0.048519444,0.0024306604,1.0293485,-0.011229395,0.084760696,0.013639712,0.040507086,0.003464717,0.11108755,0.31420562,0.053674743,-0.0036664838,-0.0024774317,0.085624725,3.8574958,0.014807472,-0.024295004,0.0018112946,0.028203385,0.042222086,0.0017963678,0.004098748,-0.00574754,0.017313082,0.014728676,0.49989638,0.4123111,0.01329674,-0.019337755,0.00087704486,0.0043225447,-0.0052902834,-0.01707283,0.007815202
11.589522,1.2873145,-0.0009421135,-0.00046387326,1.3600827,0.004726421,0.14935873,-0.018465085,0.0026326198,0.004283248,0.031605836,0.36451167,-0.008672598,-0.0068719187,-0.0010068528,0.060524557,2.6090503,-0.06314477,-0.09605445,0.020174453,-0.0021195244,-0.019897282,-0.013242249,-0.002235072,-0.0050409455,0.01523518,0.017773967,0.09951495,0.3026507,0.00068580615,-0.019264884,0.0011962687,-0.008223315,-0.0021772382,-0.023988878,0.009691221
-7.320521,-0.61642075,-0.032664534,-0.00028171123,-1.1890281,-0.0010822921,-0.13818817,-0.004163206,-0.0032359562,0.002941236,0.014129137,-0.071214356,-0.0021784592,-0.0056202183,0.0005733615,-0.002049414,-1.3116858,-0.038822554,0.0801464,-0.0044949627,-0.008582981,0.065934174,0.0014103211,0.0013726008,0.00012914494,0.0007682134,-0.006333432,-0.47346467,-0.1578461,-0.005759943,-0.005213462,0.002357773,0.0012987814,-0.0010038123,-0.005588341,0.0030124676
-7.341033,-0.6172489,-0.02094143,-0.0011296795,-0.17673765,-0.0012089821,-0.11872024,-0.0025906644,0.0017854049,0.00314416,0.0132890325,-0.07975144,0.0026956103,-0.0020754475,0.00022929463,-0.0034310129,-1.2539719,-0.03785222,0.08696096,-0.0003622813,-0.00048279873,-0.04793475,-0.0067104762,-0.00032572035,0.00032046216,0.0050000735,-0.00816348,-0.1400328,-0.14078012,-0.0057571772,-0.0052380646,0.0020347063,-0.0031378574,-0.00053216034,-0.007463216,0.0012039709
-7.268761,-0.60596055,-0.031262625,-0.0010257482,1.2002159,-0.00038103946,-0.075694196,-0.0038875707,0.0020295978,0.0026649989,0.012437282,-0.07061604,-0.007243801,-0.0023647645,0.00032058192,-0.0038435727,-1.2076976,-0.034788314,0.08550966,-0.0034069687,-0.0099061495,-0.024804875,-0.004503165,-0.0007547922,0.0021685816,0.006356983,-0.006840851,-0.10017802,-0.13245693,-0.0072122007,-0.009353778,0.0018655651,-0.0023017763,0.0007025974,-0.0068493923,0.0006923294
-7.289055,-0.6134566,-0.03171019,-0.0009533214,1.2007407,-5.920669e-05,-0.06591944,-0.0033811259,-0.026971541,0.004090011,0.014135865,-0.07263059,0.0031524736,-0.0022433212,-0.00013152472,-0.0037388236,-1.1842488,-0.035476666,0.08695759,-0.003662204,-0.010340213,-0.024753511,-0.0021684547,0.0007541669,0.007136786,0.0068071373,0.006642905,-0.109262995,-0.13593382,-0.00740989,-0.0015767673,0.0026154835,-0.0028932916,0.0012098749,-0.006687639,0.00064383965
-7.3262978,-0.61125714,-0.032386817,-0.0015910257,1.1970068,-0.00089799694,-0.017778266,-0.004701167,0.0012097214,0.0027757124,0.017350271,-0.07111418,-0.00090824417,-0.004939644,-8.52595e-05,-0.0029455754,-1.2062885,-0.031149996,0.08908318,-0.0035118044,-0.012140212,-0.020074146,0.00088581245,-0.0003776733,0.0020105345,0.006117813,-0.0075134696,-0.101966366,-0.13862593,-0.0074946033,-0.008357503,0.004215179,-0.0012485568,-0.00022974744,-0.006623208,0.00025899196
-7.3391657,-0.650293,-0.01940287,0.0019475225,1.1990055,-0.0011225698,-0.037355226,0.009929237,-0.03830404,-0.010000937,0.0145809,-0.07889569,-0.006267157,0.00037200216,0.00022473255,-0.0039635566,-1.1457189,-0.02560456,0.0884121,0.003902696,0.0006408881,-0.025739301,0.0069774953,0.0041562417,0.0074594817,-0.010764961,0.004814359,-0.11323672,-0.14063428,-0.008085561,-0.00038646106,0.0017773118,-0.0026090452,0.0025703893,0.013387414,0.00019072878
-7.2746243,-0.6540314,0.003760801,0.00042000812,-0.65476495,-0.0014486774,-0.14796215,0.0035978013,-0.032112177,0.0035101369,-0.019562788,-0.08433669,-0.0014860418,0.010288918,0.0004536131,-0.0059460574,-1.2689173,-0.034986522,0.082146846,0.00201267,0.0010670017,0.07403602,-0.0042138207,-0.0016065668,0.008425819,-0.010962462,0.006647153,-0.42339966,-0.15578444,-0.0035318984,0.0048947954,0.00070400146,0.007908156,0.0001245185,0.008121436,-0.0043717725
-7.2960086,-0.63771355,0.001016225,-0.00089963473,1.204388,-0.00013217406,-0.06809601,-0.0004364402,0.012141206,0.0033763072,0.013623847,-0.08521994,0.0040140483,-0.0016635793,0.0013955173,-0.006584055,-1.2237684,-0.031310003,0.08937666,1.2949175e-05,0.0010481741,-0.024542788,0.005830288,0.003908811,0.00016420802,0.0062759384,-0.009726997,-0.10069834,-0.1389021,-0.007825827,-0.008826956,0.0013522315,-0.0021046752,-0.0010587246,-0.0050779637,-0.0008961394
17.340704,1.0475963,0.09886446,0.0021273552,-1.6694254,-0.016853835,-0.3177544,0.018487591,0.020043408,0.0032820406,0.0428404,0.25607926,0.049142115,-0.0023280247,0.0009552883,0.24461453,3.1260889,-0.062414873,0.086474866,0.014103567,0.035370715,0.009597339,-0.014197687,-0.0006846072,0.0010467842,0.015933277,0.006701511,0.6054338,0.33867198,0.016489994,-0.008533727,0.0028884728,-0.025682658,0.0018043084,-0.013617819,0.018488742
-7.31773,-0.60017955,-0.02780918,-0.0010357081,0.7194814,0.0024827165,-0.14325643,-0.0034085503,0.0026227285,0.0026031863,-0.018110454,-0.07627911,-0.0019845509,-0.0055692624,0.0010329934,-0.0026999319,-1.235496,-0.038146384,0.07943273,-0.0010175816,-0.003912698,0.056145195,0.0038332709,-0.0007978181,0.0018300213,0.005456189,-0.007527738,-0.30337408,-0.145603,-0.005439034,-0.005202145,0.0026195084,-0.0032644833,0.0003972346,-0.0074140895,0.0013029996
21.132017,1.3084139,0.020932175,0.002018534,0.37070647,-0.018510979,0.1424771,0.002915973,0.04067543,0.00370079,0.09008571,0.29272285,0.046809822,-0.004349239,-0.0019195296,0.07930843,4.1488595,0.027598007,-0.09531575,0.0021839128,0.01669436,0.0035362781,-0.0073866835,-0.0028006712,0.0017280963,0.015520944,-0.013607982,0.52688175,0.5122542,0.011123306,-0.034398373,0.0028194154,-0.0068381275,-0.005007395,-0.022366589,0.0048616696
2.468875,0.96528363,-0.07560974,0.0030119703,0.04905703,-0.004531563,-0.21051411,0.010432606,0.02770484,0.0017239274,0.032386594,0.17566355,-0.0052636038,-0.010878093,-0.0029244171,-0.024808515,0.5020337,-0.012478088,-0.10955668,-0.02963644,-0.05795372,-0.011036552,-0.0072794575,0.00036631766,0.004000336,0.003727625,-0.019244527,-0.1901425,0.10896439,-0.005481959,0.015473593,-0.008470515,-0.006287723,-0.00084552687,-0.013461886,-0.0029881133
-0.7745824,-0.14116073,-0.0049748323,-0.0029208679,-2.3089476,0.0020363997,0.007750138,0.020593042,-0.09124688,-0.012184539,0.03284828,-0.027809357,-0.0021658088,0.01339802,0.005459837,-0.0101739,0.52614516,-0.10884317,-0.039960545,0.003454476,0.0029572367,-0.0017436169,0.0028763087,0.009724171,0.002683355,-0.01774367,0.0013415208,-0.1904271,-0.10237322,0.0085755065,0.018099377,0.0037324722,-0.00997669,0.002974991,0.033960264,0.0020551984
-6.0384617,-1.7732997,-0.028281549,0.0012606025,1.1162999,-0.0008816467,-0.024051476,0.020505039,-0.22702423,-0.0758082,-0.035874706,0.091249436,-0.0133051975,-0.0005369112,0.027310573,-0.011348734,1.7654455,-0.07942073,-0.007243461,-0.0014590151,0.008829428,0.008184463,0.00047429398,-0.003164336,-0.009507992,-0.023640305,0.007994721,-0.81072515,0.21518914,-0.0084686745,-0.017722948,0.0076897615,0.001047448,-0.0020903554,0.03230617,-0.013170409
-7.328238,-0.6561255,-0.0024156815,0.0021854576,1.202541,-0.0009474785,-0.058915902,0.0051939567,-0.010716629,0.0025669548,0.013603299,-0.083122246,-0.00030762434,0.005233193,-0.00086042244,-0.0023571725,-1.1827685,-0.025287766,0.08524388,0.0022945472,0.00043637783,-0.03338094,-0.0048995507,1.7660403e-05,0.006003296,-0.011331971,0.007699128,-0.09932751,-0.13648102,-0.007099669,-0.00658622,0.0011104865,-0.0019164731,0.0011254357,0.012472549,0.00023214039
19.36569,1.173693,-0.01971509,-0.0015627496,-0.043566838,0.016112553,0.086392865,-0.014367468,-0.008629288,0.0040000617,0.038401533,0.2954658,-0.054144,-0.011069042,-0.0009849733,0.07644793,3.5758755,-0.02925276,-0.045959234,-0.0018143144,-0.0020512685,0.03880667,-0.006383713,-0.0041060224,0.002252074,0.024146825,0.01300884,0.35582927,0.4275209,0.01599395,-0.023696305,-0.005254727,0.008904837,-0.0015627971,-0.023030203,0.010607548
-7.3173637,-0.60441273,-0.034887336,-0.0013499813,1.2038801,0.0015183641,-0.022025203,-0.0042116786,-0.025534622,0.0035520082,-0.005954751,-0.071041316,-0.0018255728,-0.005167979,0.00026412916,-0.00311931,-1.1795009,-0.036228243,0.0843131,-0.0017798733,-0.012221335,-0.021337168,-0.0045566084,0.0010445837,0.0071443156,0.0056171534,-0.0075605167,-0.09760812,-0.13917014,-0.008265918,-0.0019726262,0.0040571177,-0.0021739176,0.00079511723,-0.00821739,0.0008670542
-7.364422,-0.6362258,0.010205899,-0.0007460531,1.2133186,-0.0004504653,-0.01294901,-0.002039577,0.000660823,0.002550475,-0.017739903,-0.08391616,-0.009072219,0.000702895,5.4229295e-06,-0.002570135,-1.2300733,-0.027590204,0.08905702,-0.00024546433,0.0031033931,-0.014750689,-0.0028160424,-0.00064641825,-0.00048598027,0.0028457781,0.006800253,-0.09093167,-0.14535262,-0.0062170206,0.007641745,0.00090209814,0.011799596,0.0005952148,-0.0135892015,-0.0014244172
8.004218,0.7217254,0.047262874,0.0016940733,1.2944064,0.0047426904,0.14631325,0.079634316,-0.0074971337,0.0026904522,-0.11263038,-0.44157648,-0.002543114,0.024308806,0.0012858748,0.042276934,2.0241811,0.00028387594,0.023336036,0.008317088,0.00692326,-0.0072421785,0.003586603,-0.00080426416,0.0025691288,-0.012693345,-0.0019385803,0.040197175,0.12898465,0.035527967,0.0035835707,0.0016797404,0.00026847667,-0.0006765554,-0.016900148,0.028759206
15.916524,1.0596281,0.060000006,-0.0063174875,1.342797,-0.002699726,0.15111808,0.008922066,0.00820995,0.0037669013,0.043977603,0.23075604,-0.007787449,0.008888408,0.0031282352,0.03883345,3.1839051,-0.0035126114,-0.027041998,0.011780057,0.016283996,-0.03442351,0.00457882,0.0035404565,-0.0011631171,0.03383432,-0.018372264,0.01672961,0.412577,-0.007071047,0.006643998,0.0012967396,-0.00051296194,0.0010201067,-0.028763404,0.0017873059
16.526274,0.48186707,0.04162158,-0.0056396024,-0.6917664,-0.0010200808,-0.08690895,0.019757984,-0.0029021495,0.0024324253,0.043067146,0.3098117,-0.0032686824,0.02058874,0.0012883239,0.050126474,3.3098261,-0.11278647,0.0016086363,0.0060609356,0.020367011,0.05103942,0.0017231264,0.011851685,0.0042051934,0.046525277,0.013187335,-0.08421823,0.3934399,-0.0069173207,0.02504622,0.025848148,0.0041156877,0.0039870027,0.017536268,0.0013094664
-7.28683,-0.63712424,0.021582993,-0.0018105863,-1.5376514,0.002465725,-0.13333,-0.0012234086,0.004054978,0.0023322152,-0.030291699,-0.08491055,-0.002453641,0.0009132131,0.0023183948,-0.0066656694,-1.406422,-0.007850261,0.08288858,-0.0028908416,0.0030690623,0.059665434,-0.004239752,-0.0007989455,0.0013795237,0.0049652806,-0.0109477695,-0.34137684,-0.15456428,-0.005452271,0.0029355283,0.0030764677,0.008600163,-0.0024071613,-0.0129664615,-0.010840918
-7.1283517,-0.6462865,0.0036826332,0.00055143994,-0.60476726,-0.00094847166,-0.156905,0.0037075905,-0.032750502,0.0042100227,-0.025860691,-0.083275326,-0.0013648166,0.006624293,0.0011687027,-0.015870504,-1.2750635,-0.023228077,0.09637676,0.00089131354,0.00027507037,0.059409272,0.0022841978,-0.0022420168,0.0071142283,-0.00010800047,0.00921712,-0.06111289,-0.14652099,-0.009939529,-0.0008205223,2.3120341e-05,0.008426043,-0.0027941782,-0.0005753715,-0.012143513
23.863255,1.270587,0.053875126,0.0016486768,-0.5778555,-0.020294076,0.06689753,0.00086817,0.048606027,0.0034822382,0.07684984,0.29544145,0.053150587,-0.0023281944,-0.0046166135,0.08372181,4.306661,0.036667697,-0.08930589,-0.012936749,0.017657606,-0.06489885,-0.011117785,0.008728916,-0.0079897875,0.016624458,-0.014354588,0.5162421,0.47461575,-0.010274034,-0.037974026,-0.00014504882,-0.012639931,0.0008637988,-0.017207546,-0.067653924
-7.3772135,-0.63171387,-0.004257942,-0.009872323,1.208242,-0.0012912422,-0.025262954,-0.0018192744,0.0025407767,0.0032356484,0.013248714,-0.0827044,0.0041229753,-0.0011128954,1.0079035e-05,-0.003990093,-1.2258226,-0.025371902,0.09020075,0.0011287183,-0.0014006874,-0.021563914,-0.006913919,0.001515433,0.0005871414,0.00648983,-0.009082304,-0.109083265,-0.13771579,-0.0071146805,-0.008424982,0.0015794561,-0.0012472104,-0.0007967464,-0.007870432,0.00012396215
-5.7714877,0.045228556,-0.031511035,-0.0009716094,-1.9085808,-0.0014819626,-0.11119395,-0.012749202,-0.023805851,0.002573926,0.017056262,-0.07939179,-0.0044753463,-0.0018622002,-0.0019525945,-0.0014717693,-1.028081,-0.037437957,0.038567528,-0.0019884335,0.0033798825,0.024476595,0.0013602339,0.00064809836,-0.003152598,0.0008772493,0.005102246,-0.25258574,-0.18632789,-0.004381121,0.0043286057,0.0011991338,-0.0020746998,-0.0007580454,-0.01788488,0.0021882039
-7.2739143,-0.6361601,-0.0035834424,0.00039616306,-1.0317957,-0.007690459,-0.13288034,-0.0038236484,0.007355184,0.002680774,-0.01991756,-0.08040852,-0.004796281,-0.0015498742,-0.0022684373,-0.004137869,-1.3374859,-0.036424167,0.084531076,0.0017853788,0.0010232481,0.069902055,-0.0014457518,-0.001219502,-0.00024614207,0.006103015,-0.009959951,-0.43869716,-0.15302265,-0.0044851354,0.009212867,0.0032189079,0.0061837593,-0.0011750042,-0.008177583,0.003107585
-7.289798,-0.624149,-0.023218364,0.0040114513,-1.0492797,-0.0036046181,-0.12560587,-0.0027998176,0.0011385527,0.0024568434,-0.019730104,-0.08262906,-0.0018923576,-0.005297352,0.0008366659,-0.002838484,-1.3129485,-0.03729333,0.07751393,-0.00020637663,-0.0006118179,0.051875282,0.0033181163,-0.0014565771,0.00013789322,-0.009316063,-0.008440283,-0.3590066,-0.159459,-0.0052343053,0.009725436,0.0030797557,-0.001018003,-0.0013072232,0.012503932,-0.006403584
-7.327849,-0.6547328,-0.0024645154,-4.875401e-06,1.2072357,-0.0017413223,-0.06523815,0.004818692,-0.035957035,0.003628241,0.012888858,-0.08242144,0.0020084276,0.0051848553,0.0017271907,-0.003110037,-1.1497738,-0.025745386,0.0827473,0.0006138282,0.00021403795,-0.02865179,-0.004933792,0.002200306,0.004988851,-0.011081409,0.00471611,-0.10945876,-0.13641152,-0.0072766575,9.405025e-05,0.00073487754,-0.001740565,0.004291375,0.012334973,6.8640424e-05
-7.316216,-0.6503314,-0.001294425,0.0014678518,1.2098596,-0.0024463353,-0.07181603,0.0068280604,-0.032553952,0.0031181062,-0.0053456556,-0.08446228,-0.0015317508,0.0096165575,-0.0004476151,-0.003366424,-1.1556901,-0.021831585,0.08557064,0.0024526091,2.1095364e-05,-0.0295241,-0.0058075115,-0.0011297017,0.0019262991,-0.010425861,0.005053099,-0.09537695,-0.14487854,-0.008051773,0.0013108631,0.00074089016,-0.0012999973,0.0017077009,0.011331616,0.0008500658
3.331106,-0.77313083,-0.02013725,-0.001632883,1.3117931,0.006344756,0.12340827,0.013945507,-0.071528904,-0.005617306,-0.00720538,0.17328696,-0.02100368,0.00081758626,0.0016158771,0.025481133,2.1679468,-0.021002242,0.00027471833,0.002013298,-0.0034608948,-0.016581602,-0.006563222,-0.0032066654,0.00816031,-0.02124168,-0.0019583637,-0.0048762765,0.2674078,-0.004278528,0.026322529,0.002396497,0.013067061,-0.0012841275,0.036975525,0.0006177076
-7.295829,-0.6219627,-0.020247614,0.00065968576,1.2079248,-0.0009095605,-0.071927845,-0.0040151826,-0.035599567,0.0028497784,0.012952824,-0.080596805,-0.007498385,-0.0013016121,-0.0003006973,-0.003993714,-1.1659828,-0.03178888,0.0867587,-5.7406447e-05,-0.0009946771,-0.028572777,0.008362954,0.0021102238,0.005373437,-0.0026268426,0.0054623405,-0.109545656,-0.14285712,-0.006671964,-0.0010137031,0.0011079351,-0.0033907413,0.0017789798,0.0018628701,0.0011618154
15.522828,0.3897539,0.07578815,-0.004811681,1.3159246,-0.00071931863,0.16953442,0.016388059,-0.009641868,-0.00827131,0.13339798,0.4224242,-0.00053036306,0.025650581,-0.0077224546,0.04190877,2.2025516,0.15346512,0.15458247,0.009954377,0.0326625,-0.02731397,-0.007864388,-0.002689558,0.0053949137,-0.0061569456,0.016887447,-0.051758297,0.15110023,0.0006049419,0.010517689,0.00027943501,0.003183259,0.007769738,0.06838451,0.0037313616
17.421564,1.1986165,0.04505969,0.004183769,-0.005541139,-0.010008394,0.050417848,-0.004573386,0.03804216,0.004001745,0.045012888,0.23167016,0.010705587,-0.0017205962,0.00093947223,0.05717499,3.5315864,-0.037708953,-0.11869274,0.019984215,0.02431391,0.056399494,-0.004541751,-0.003205491,-0.0046952534,0.027128562,-0.018827636,-0.006103868,0.4395089,-0.008100586,0.0023088185,0.0036951425,0.0011547997,-0.005225777,-0.021789875,0.0025586223
-7.30796,-0.6059213,-0.031166095,-0.0009101077,0.587996,-0.0015849363,-0.13260904,-0.0057026474,0.007602451,0.0022607765,-0.0055118357,-0.0700458,-0.005050577,-0.0026813361,0.0010333591,-0.00218375,-1.2295768,-0.04035184,0.07974037,-0.004646389,-0.0030066264,-0.00935113,0.0055514574,-0.00047794756,0.0016524016,0.0049655577,-0.0075909486,-0.24617319,-0.14627454,-0.0051518693,-0.006656222,0.0017056055,-0.0013940638,0.0002543786,-0.007305864,0.001974119
4.7880015,0.91354513,-0.05421164,-0.0058204243,-0.7353692,-0.001417826,0.013152272,0.0023275535,0.002598248,0.0023186354,-0.19196211,-0.18935384,-0.0070904023,-0.011403447,0.0023355396,0.016111542,1.9027253,-0.047569986,-0.08952236,-0.013959213,0.008594146,0.013833887,-0.013678515,0.0011383633,-0.0041969675,0.003620608,-0.018707577,-0.20089015,-0.0044130827,0.006122541,-0.050371543,-0.015563237,0.023603741,-0.00087265257,-0.018867344,-0.0012968556
-7.297806,-0.6482675,0.0012768612,0.00035896772,1.2120271,-0.0007706904,-0.08067759,0.007516646,-0.035481066,0.002882401,-0.005411765,-0.08337043,-0.0016588735,0.0096132895,-0.00078428513,-0.003324406,-1.1803917,-0.027616497,0.089314274,0.0022340128,0.00012977434,-0.03390612,0.0027348576,0.0018776287,0.001238286,0.00096080324,0.008725441,-0.09645364,-0.14490071,-0.007126161,0.00036062213,0.0005721175,-0.00021853817,0.0022591099,-0.0035457576,0.0010753069
-7.2846756,-0.60932684,-0.035804126,0.00071100687,-1.2319691,-0.0005434766,-0.14728962,-0.007427013,-0.031671554,0.0028231503,0.01516796,-0.06498776,-0.0009648995,-0.005774349,0.002070983,-0.0007802222,-1.2488611,-0.038896345,0.088274755,-0.0044438285,-0.011774772,0.03471968,-0.0033015904,0.00447257,0.011608088,0.003051548,0.0064554745,-0.43653575,-0.15448372,-0.0061646267,0.00086895784,0.004567423,-0.002660992,0.002246814,-0.008882724,0.00070955604
-7.349824,-0.6708856,-0.0032348423,-0.00018321245,-2.0434744,-0.0026932748,-0.16153349,0.005663601,-0.031633634,-0.002533847,-0.020960314,-0.08145206,-0.0015266637,0.010570883,0.00030875535,-0.0012737132,-1.3095393,-0.03269826,0.082675405,0.00084666023,0.0019711491,0.03858915,-0.003387141,-0.00076534855,0.007061489,-0.010293079,0.0049375077,-0.46766195,-0.15566865,-0.0029055625,0.004980093,0.0013286361,0.0055176257,-0.00073303166,0.008482823,-0.0015365573
-7.356978,-0.642318,-0.0022801114,0.0015883775,1.2022898,-0.0017366878,-0.02346987,-0.0018238206,-0.028115287,0.0031865716,-0.018772036,-0.080517806,-0.007173003,0.000256742,0.0005809636,-0.0025134701,-1.1591573,-0.023638412,0.08485999,0.0034570447,0.0002849577,-0.022049459,-0.0051225615,0.0014474544,0.0054391995,-0.009437581,0.007967411,-0.08849993,-0.13572563,-0.0064855726,-0.0014756825,0.0020738523,-0.002859128,0.0033732879,0.0093736155,0.00020698895
-7.272232,-0.606189,-0.025064146,-0.0010335075,1.2007896,-0.00035175137,-0.07189009,-0.0038447438,0.005286154,0.002756264,-0.019202203,-0.07716285,-0.006474557,-0.0023804507,8.5600645e-05,-0.0038225907,-1.1990702,-0.033715613,0.08606892,-0.0004733556,-0.0036080652,-0.025926383,-0.0038125864,0.00047048662,0.00010235508,0.0062035345,-0.0074881995,-0.08497044,-0.13306534,-0.007114005,-0.008327932,0.0016686033,-0.003458772,0.00020100646,-0.0069065536,0.000675031
-7.3188076,-0.6222163,-0.022361651,0.0004235561,1.2212998,0.0009284355,-0.12404203,-0.0035221046,-0.0016864986,0.0013364586,0.012606966,-0.077320166,-0.0067158425,-0.0013112997,0.00019865812,-0.003637327,-1.1978961,-0.03199191,0.085131004,0.0015794672,0.00023358293,0.010795867,-0.00142584,-0.0012404023,0.0055261888,0.0004261763,0.0044315048,-0.10349992,-0.13828756,-0.0058163595,-0.006791071,0.0033289557,0.0010077053,0.00016440188,0.009378051,0.0018082554
19.743025,1.1864793,0.064026125,0.0030862654,1.1948459,0.018340088,0.13788638,0.041409057,0.03638925,0.004344563,-0.039680015,0.15826252,-0.07084629,0.024182325,0.0027040103,0.087071344,3.67527,0.02418388,-0.004263865,-0.0014181898,0.031535544,0.0005636262,-0.0047105243,0.0010062858,0.0078042434,0.011823798,0.009758295,0.39169562,0.5480262,0.015525627,-0.00653512,-0.020985477,-0.0024996032,0.0009186719,-0.015849078,0.0025277352
5.970256,0.26600727,0.03129997,0.0005234735,1.2641504,-0.0057492782,0.12443049,-0.005996442,0.0037272961,0.0025352475,0.06664191,0.010286351,-0.0019746665,0.006147624,0.0019385807,-0.027287357,2.140029,-0.03178781,-0.013675951,0.009096642,0.01614459,0.0016877416,0.005601218,-0.00250055,0.003923522,-0.018626435,0.011571768,-0.39210123,0.077187575,-0.009221804,0.01966909,-0.00012997563,0.01704189,-0.0029542986,0.045079134,-0.011948749
-7.0549083,-0.3742029,-0.04791858,-0.009174197,0.9357364,-0.00056865567,-0.009448646,-0.009861855,-0.00044629344,0.0016398408,0.017953819,-0.07398826,0.00017204543,-0.0064640585,-0.0009376655,-0.0026948014,-1.200984,-0.024584085,0.073900476,-0.0017186947,-0.01023734,-0.03942806,-0.0021812005,-0.0027853858,0.0022645092,0.0014857923,-0.006913134,-0.10832899,-0.14297685,-0.0076366286,-0.008706678,0.005862885,0.002424407,-0.0011893352,-0.010216438,0.0011254464
0.3147251,0.35279536,0.044661902,0.0028459826,-2.1950216,-0.0028822122,0.022511968,0.02675,0.023179438,0.0034618122,-0.049109224,-0.22885762,0.0029702326,0.00034343614,0.0001683848,0.08292025,0.52152735,-0.03747628,-0.04089554,0.00270594,0.0017620011,-0.1418023,-0.017047502,0.0017889262,-0.005957179,-0.0053725727,-0.00034021316,-0.05159698,0.023733513,-0.021192404,-0.016484842,-0.0067408653,0.008469566,0.002576051,-0.017989453,-0.0067826435
-7.3373313,-0.6396944,-0.014658557,0.0022510164,1.2021905,-0.0034681205,-0.03598902,-0.00032534736,-0.033971127,-0.002693202,-0.018999996,-0.080438666,-0.006396257,0.00020981426,9.6756514e-05,-0.003579014,-1.1649604,-0.026002139,0.08970888,0.001883867,0.00012190462,-0.025827974,0.0088697,-0.00070356997,0.008409796,-0.011272773,0.0043948223,-0.085344404,-0.1433861,-0.0036296446,0.007063831,0.0018955051,-0.0027187562,0.0006347926,0.01297092,-0.0027543618
-7.286936,-0.60397464,-0.028707609,-0.002348912,1.2184459,0.000110000015,-0.07591395,-0.0027167937,-0.029769143,-0.006426542,0.0062345807,-0.070586614,-0.0041642655,-0.0049357256,-0.00045342388,-0.0039739804,-1.1737865,-0.0355675,0.08480389,-0.0053608743,-0.0104863215,-0.037645288,-0.0042207884,0.001740064,0.002579067,0.0048329015,0.0055885254,-0.1092481,-0.14379391,-0.007992379,-0.0011164225,0.003478968,0.0006908516,0.0010162444,-0.009109224,0.0016637673
9.441088,1.2269177,0.039928854,0.008287037,1.362291,-0.0020249097,0.14689231,0.058704294,-0.017789887,0.0018472472,0.012111064,0.3132082,-0.00017839098,0.03007709,-0.010069665,0.03958383,0.1366265,0.08431648,0.5709935,0.004387689,0.05888285,-0.032086816,0.00084678957,-0.006218412,0.008619197,0.046790447,0.03003459,-0.008021507,-0.03761784,-0.002106985,0.005391202,0.0007413922,-0.006352571,0.0015615628,0.011293172,-0.0028913477
-7.1548953,-0.38993907,-0.041377973,-0.0009889151,1.2010273,-0.000665992,-0.057427056,-0.00593012,0.003930098,0.0016471973,-0.029369438,-0.082696326,-0.0010829981,-0.00583158,-0.0011248913,0.0005041824,-1.2802858,-0.05100475,0.06658955,-0.0014920459,-0.0042073326,-0.021505332,-0.006658338,0.0011604226,-0.0008681257,0.004027729,-0.008775354,-0.047310613,-0.14697993,-0.0046186917,-0.008003885,0.0034504756,-0.0004302881,-0.001270684,-0.009698789,7.095124e-05
-7.3009276,-0.64277416,-0.01899126,0.0018679127,1.2088611,-0.0025892037,-0.07738881,-0.0011586475,-0.03718522,-0.002812349,0.0067971037,-0.08061852,-0.0065925107,0.000102929815,-0.00057633064,-0.0030735189,-1.1371654,-0.026425237,0.08314719,0.0014348433,0.0010522426,-0.029511966,-0.0035821754,0.0011836797,0.008213538,-0.009760291,0.0047575347,-0.10726037,-0.14150335,-0.0075140805,-0.0005371264,0.0035970046,-0.003059996,0.0013030977,0.012861051,0.00020626438
8.8828,1.1917632,0.043497764,-0.0029256286,1.3122544,-0.0038015875,0.086008616,0.010908089,-0.010818842,0.00051079126,-0.1298202,-0.34928226,-0.0017805169,0.023290794,0.002397972,0.29313725,0.67978185,-0.07832834,0.22749011,0.012566243,0.014265566,0.10209082,0.0052575413,-0.0012529971,0.009546991,-0.022141587,0.018533709,0.65047157,-0.09387241,0.020033635,-0.02315554,0.00041360105,-0.008015848,-6.704812e-06,0.0070474693,-0.0057907635
-7.358779,-0.6848783,-0.0019748628,0.0016915917,-2.159088,-0.0028661862,-0.16506945,0.004064493,-0.030781122,0.0023908599,0.012316652,-0.081307024,-0.0020363673,0.013419896,0.0011914752,-0.0016607473,-1.3099554,-0.026827767,0.08423905,0.0015154259,0.0008970849,0.026482664,0.006493523,0.00063478475,0.010702371,-0.009297404,0.005146723,-0.4841666,-0.15663835,-0.0072873905,0.003611006,0.0015117924,0.0017588987,-6.709032e-05,0.010829527,0.0048428983
9.8031645,1.1890906,-0.044971168,0.0011195003,1.3330956,0.002331185,0.18897405,-0.0072653936,0.004224526,0.0057976777,0.14139168,0.26140213,-0.011915922,-0.004814569,0.0027691924,0.02204699,2.3712592,-0.042955168,-0.13201217,-0.017168492,-0.02840147,-0.015829679,-0.009172795,-0.00032390634,-0.0009106966,0.023689292,-0.015503325,-0.1608653,0.2222646,-0.032350685,-0.005310536,0.004876126,-0.0030855516,0.0019486992,-0.024088994,-0.0062064147
1.2864014,0.92380565,0.05758474,-0.002731525,-1.4353406,0.0007173561,-0.26738387,0.0037450462,0.032685354,0.0035740845,-0.07041628,-0.27645555,0.0043688267,-0.0019071569,-0.009653611,0.1542913,0.20093131,-0.02515617,-0.0074188504,0.0008195542,0.008819433,0.0006953774,0.011633256,0.0015115712,0.006146089,-0.0029016058,0.042427972,-0.022305937,-0.14638555,0.0068890285,-0.03266976,-0.0008324004,0.0025994938,-0.0039397883,-0.011602281,0.00043491012
-7.3167944,-0.6571781,0.024737941,0.0009322577,-1.5712233,-0.003878042,-0.13806158,0.0056798505,0.005780474,0.00316641,0.0059902016,-0.08354566,-0.0017106271,0.005834197,-0.0015907573,-0.0038738316,-1.3443992,-0.035059087,0.088414416,-0.00017417093,0.0019803355,0.049747005,0.002815337,0.0011214946,0.002654277,0.006682918,-0.00877998,-0.471819,-0.15510345,-0.0054809237,-0.0040868223,0.0029797903,0.008673654,-6.789103e-05,-0.008798082,0.00010917087
-6.68516,-0.20428975,-0.027031612,-0.002697629,1.2501559,-0.0002894341,-0.034571663,-0.005647289,0.012011265,0.001949474,-0.03927592,-0.103009306,-0.00096011814,-0.007257367,0.0017171649,-0.00031513115,-1.1930515,-0.050074838,0.049998414,-0.0007120162,0.001957374,-0.013123201,-0.0040484928,0.0050891144,0.00072156097,0.003684507,-0.009247833,-0.04385667,-0.14598326,-0.0036245962,-0.006851012,0.0014395114,-0.0005510838,-0.0035280436,-0.012242682,0.00047672982
-7.361509,-0.62071216,-0.036202595,0.0036426377,1.2048494,-0.0038675568,-0.030788258,-0.004218743,-0.028962778,0.003279689,0.011888189,-0.074073434,0.0033579087,-0.00217432,0.0011728422,-0.0021738124,-1.1837653,-0.026221797,0.090462424,-0.0030631137,-0.0045944243,-0.02178269,0.00018114399,0.0012862093,0.0013736134,-0.00016722744,0.002901314,-0.11343355,-0.13717173,-0.0076392256,-0.00013212473,0.0024892231,-0.0024909398,0.0004775724,-0.007748266,0.0015162344
-2.6316698,-0.23160012,-0.052558456,-0.010173381,-1.5871564,0.0010045876,-0.119596966,-0.019685628,-0.19279127,0.0039622965,0.013338375,0.06968076,-0.0012206656,-0.009239175,0.0011963433,-0.014909325,0.3266883,0.025414202,-0.028546868,-0.003848082,-0.013093147,-0.0025224644,0.004261252,0.0067030285,0.0152224805,-0.009617831,-0.008967091,-0.26073512,-0.12272664,-0.051334232,-0.018046761,0.0068701454,0.002255222,0.008759151,0.013665954,0.013113898
-7.2916465,-0.5930549,-0.03132911,0.0010574441,1.309924,-0.0029742643,-0.102043785,-0.0047818664,-0.032773346,0.0026862281,0.0065341927,-0.0716511,-0.0012532996,-0.005579445,-0.0010529666,-0.0025727453,-1.1736418,-0.03675395,0.07703827,-0.003735298,-0.00988464,0.050593447,-0.0023562042,0.00139585,0.006770617,0.0055239904,-0.0058396677,-0.28760856,-0.13285367,-0.0074959346,0.000828593,0.0018797311,0.004270004,0.0017686944,-0.011328219,0.0009296658
10.774241,1.16127,-0.10010088,-0.002140452,-1.7455313,0.0025123083,-0.26776505,-0.01984246,-0.015279584,0.0030885858,0.12208015,0.28735006,-0.0050130184,-0.0076478003,0.00043774865,0.023504248,2.545748,-0.042208403,-0.07653392,-0.03484986,-0.049415965,0.021251535,-0.004932214,0.00080745836,-0.0012145496,0.007735635,-0.017705966,-0.24586672,0.27495492,-0.0124862585,-0.0064461404,0.00494922,0.00041781555,0.012303462,-0.0331244,-0.010236364
-7.27539,-0.60792845,-0.030928507,-0.00016459519,1.2017047,-0.0012881035,-0.0724111,-0.0033259594,0.006691304,0.0018691235,0.01292321,-0.07320151,-0.007388541,-0.0023407182,-0.0009344373,-0.0025020589,-1.2058359,-0.03501229,0.08585357,-0.0030814493,-0.009820228,-0.025016926,-0.005265644,-0.0010833887,0.0038535553,0.0062548937,-0.00763003,-0.09965415,-0.13171624,-0.007311139,-0.009242606,0.0014589841,-0.002696411,0.00080502016,-0.006816982,0.00059397
15.729558,1.1703528,0.033865493,0.003178929,-1.1071594,-0.016940337,-0.051618584,0.00551904,0.042412516,0.0037272833,0.04518032,0.23527245,0.013612355,-0.0038557886,-0.0019070824,0.050113346,3.318648,-0.02898052,-0.12734693,0.023521254,0.012275276,0.031639714,-0.004717362,-0.004885332,-0.009170002,0.025527729,-0.01699277,-0.19266622,0.35207334,-0.005837752,0.012276595,0.011070251,-7.568842e-05,-0.00080278976,-0.026745707,-0.0005547025
-7.4521704,-0.6326054,-0.009744933,-0.00029815533,1.2138352,0.00021046768,-0.037878513,-0.007013898,0.0007763536,0.002745403,0.015695322,-0.085679434,0.004043724,-0.0012294466,0.0009857116,-0.0023744504,-1.2266493,-0.018934172,0.094827086,0.0019529527,-0.00086129416,-0.034048397,0.000839196,0.0024554178,0.0007068369,0.0057326523,-0.008554006,-0.12750039,-0.12972955,-0.0073439674,-0.008637714,0.0018811264,-0.0010378959,0.0015854731,-0.008169898,0.0012895854
7.6457624,-0.12568504,0.02657797,-0.0013637462,1.3554237,-0.007662906,-0.06640849,0.0023706942,0.041511938,0.0060608634,-0.14775273,-0.023306139,0.009562552,-0.0023241919,0.0061535975,0.05299769,2.985605,-0.14243487,-0.088292405,0.002971439,0.013170614,0.016389925,-0.0026237753,0.0004013135,-0.022212926,-0.100159064,0.008596438,-0.0387171,0.24644858,0.047363684,-0.020627167,-0.012554212,0.0013716702,0.006311386,-0.00861346,0.014746634
13.198568,0.48052055,0.065455794,-0.0067298687,0.5729877,0.004888899,-0.013911553,0.023383355,0.03013238,0.002770293,0.044683117,0.37880477,-0.0037201026,0.015748344,4.57739e-05,0.0028730961,2.3577378,0.21221082,0.04438676,0.0047539175,0.020571647,0.09429214,0.00014337874,0.0117525915,0.0034375698,-0.009032067,0.009410259,-0.41934362,0.11127688,-0.013302797,0.025744885,0.006058245,0.0019271636,0.012109645,0.0279163,-0.016807673
-7.41959,-0.64488566,-0.01911572,0.004677789,1.2012087,-0.004453371,0.01778402,-0.0012956134,-0.037123833,-0.016469035,0.0124353245,-0.07842347,-0.007137457,-0.0010493407,0.0015351766,-0.0017301864,-1.1323118,-0.021903047,0.084457435,0.0022524039,-0.0012022522,-0.023738142,-0.005505724,0.0017900325,0.007011398,-0.010221145,0.0031651629,-0.10474043,-0.12682724,-0.008419503,-0.00016016085,0.0032908234,-0.0021679013,0.0011457636,0.011407656,0.0007357363
-7.30538,-0.6129096,-0.030412706,-0.0015351245,0.9486297,-0.0016491308,-0.11621512,-0.0040842704,0.00817545,0.002076124,-0.019003838,-0.07380227,-0.0046172524,-0.0025073243,-0.0024614073,-0.002311184,-1.1866617,-0.037272587,0.08339769,-0.001361588,-0.00062279985,-0.009407338,0.0004368111,-0.0018386353,0.0009009501,0.005823061,-0.008155555,-0.10062464,-0.1388033,-0.0057581468,-0.0067530787,0.0018789116,-0.0031245132,-0.0001119162,-0.007254909,0.0009863225
-7.291166,-0.6173049,-0.021911487,0.00027528123,-1.3829802,-0.0024719692,-0.14438763,-0.0039933207,0.001847455,0.0031793173,-0.021164797,-0.08143673,0.0029298058,-0.0030809392,-3.0318022e-05,-0.0033869573,-1.3447568,-0.039456684,0.08439558,-0.0012828524,-0.0036051332,0.058300454,-3.4861423e-05,-1.9022642e-05,-0.0009979565,0.0053146454,-0.008869334,-0.4507906,-0.1520214,-0.0035186599,0.0016100318,-0.00022622419,-0.0008011263,-0.00045845268,-0.008257801,-0.008015861
2.5114372,0.944747,0.025426732,-0.0016771198,-1.185539,0.009522136,-0.01914098,-0.0129582025,0.012570199,0.0017500067,-0.061593726,-0.22545631,-0.009981569,0.0008521545,0.0061841686,0.065551266,0.3006924,-0.045489203,-0.090226434,0.0043435725,0.0062898854,0.029424038,-0.008824484,0.00055232435,-0.0015586484,0.0042488817,-0.027273359,-0.027191443,0.17206718,0.010793042,-0.05165403,-0.0026847557,0.00400201,-0.0026826863,-0.01796712,0.0048656217
-7.3181076,-0.6564844,0.0011821826,0.0018215671,1.2101103,-0.0015001869,-0.07541045,0.0068003307,-0.019246608,0.0029930982,0.007322793,-0.08706653,-0.0012722304,0.0060536857,-0.000780886,-0.0037563911,-1.1703728,-0.023520881,0.08451217,0.002423683,0.00085621566,-0.029505167,-0.004714173,-0.00018626278,0.0044339877,-0.011239379,0.004103156,-0.101140805,-0.13650627,-0.006923335,-0.0005908811,0.0010543456,-0.0012415666,0.0016166709,0.012566699,0.00072648877
-7.3267655,-0.6116026,-0.03584938,-0.0010783314,1.1958781,0.0015097526,-0.021061901,-0.0042229653,-0.0267454,0.0033523575,0.01746352,-0.07068257,-0.00088777853,-0.004976253,-0.00027011265,-0.0031813416,-1.1774174,-0.03279154,0.08578329,-0.0019848687,-0.012474914,-0.020566486,-0.004553777,0.0016033817,0.0068975766,0.0066013453,0.006623279,-0.10935113,-0.14409502,-0.008296878,-0.0013706461,0.0045457613,-0.00052893785,0.00042804418,-0.007298345,0.00072720274
-7.3110447,-0.6302941,-0.026226074,0.0003173959,-2.1663067,-0.0008436172,-0.1628713,-0.002171594,0.0021152447,0.0018164058,-0.005901859,-0.07655851,-0.0040433877,-0.0034750856,-0.0009054148,-0.0016288329,-1.3401539,-0.03341586,0.082412325,-0.0010636316,-0.0024136647,0.023375927,-0.0005956839,-0.0015708354,0.0015392931,0.004876179,-0.00674419,-0.47023565,-0.16010839,-0.00645077,-0.003883575,0.0006159902,0.00047219094,-0.0034630771,-0.010612801,0.00638397
-7.4090023,-0.62951267,-0.02438276,0.0010562416,1.2007389,-0.0007975581,0.024972739,-0.0029754634,0.0006733363,0.0034108285,0.013175172,-0.08133279,0.003647048,-0.0036906786,0.0007301167,-0.003115383,-1.1967175,-0.024353731,0.08752084,0.00015761946,-0.0018181133,-0.022394149,-0.0043691355,-0.0010328665,0.0014928036,0.00032076813,0.007896144,-0.0893267,-0.13564332,-0.0075842706,-0.0083981715,0.00086029863,-0.0010740045,0.0016210253,-0.007355853,0.0008738913
-7.294761,-0.6400432,-0.022209952,0.0010924464,-1.7132757,-0.00255103,-0.118902594,-0.009180036,-0.0010477758,0.0024206345,0.011858899,-0.076645344,-0.0024015214,-0.0057036066,0.00013945576,-0.0015067172,-1.3101586,-0.032702126,0.086052805,-0.0004661786,-0.004005743,-0.08714673,-0.0033119547,0.0006426533,0.00064407225,-0.002275421,0.006479731,-0.13641757,-0.15499133,-0.0064696176,-0.0054188706,-0.00023973304,-0.0045521175,-0.0011533521,0.0030807608,0.0014439038
-7.2568526,-0.6326134,-0.026581846,0.0014557015,-0.9347924,-0.0002751455,-0.12407282,-0.0030344457,0.0032709513,0.0019482564,-0.023087876,-0.07728364,-0.0010034468,-0.0049176714,0.0010148225,-0.0003131261,-1.3231766,-0.03461123,0.0806558,-7.310558e-05,-0.0027067487,-0.04281537,0.00583822,-0.0011781546,0.0011643132,-0.0008758457,0.0071239034,-0.24082378,-0.15794514,-0.0040220255,0.0016861758,0.0020985503,0.0027919894,0.00034130854,0.0021447642,-0.00074825
15.923605,0.25556323,0.048051815,0.004514457,1.3045273,0.008100642,0.15430574,0.017994797,-0.021082375,0.00041542758,0.05201135,0.3221152,0.0005200704,0.008300056,0.0021655485,0.0375867,3.1768239,-0.061967492,-0.043617267,0.010815805,0.031395067,-0.028022911,0.012852745,0.005483331,0.0041082045,-0.027758496,0.012691554,0.02876522,0.2608485,-0.0023340895,0.008545581,0.0007081422,0.004085172,0.006388499,0.07320446,0.012484612
-7.2764845,-0.6046088,-0.02660159,-0.00045122142,1.2040801,0.0015110222,-0.07383889,-0.005139731,-0.030153742,0.0028999923,0.018611537,-0.07660215,-0.009043798,-0.0009406289,0.000634678,-0.0056207497,-1.1786532,-0.035225593,0.091059476,0.0003004075,-0.0011534159,-0.02635936,-0.0045472286,0.001212633,0.0071175895,0.0059626047,-0.007927607,-0.10673414,-0.13089551,-0.0072914,-0.00076271954,0.0026995048,-0.0033497007,0.0014833146,-0.006973536,0.0011775536
-2.7606118,-0.7246105,-0.013405399,6.0145045e-05,1.1391385,-0.011876506,0.0869978,0.003285822,-0.19120625,-0.02068584,0.022527803,-0.008101901,-0.0008471144,0.0077349483,-0.0005463264,-0.022273794,0.8323775,-0.03474555,0.02194628,-0.0017512973,0.004944604,-0.01321335,-0.012427921,0.0016649631,0.0063104047,-0.009000854,0.0009644302,-0.5661763,0.13915174,0.012269107,-0.027562093,0.0049278326,0.0019913546,-0.0003838872,0.021216134,-0.00069113617
-7.3099895,-0.63907117,-0.0025210895,-0.0037432131,0.5318701,-0.00092312007,-0.04331056,-0.0015607974,-0.029784687,0.0032603038,0.012893779,-0.07897696,-0.0056348494,0.00043908702,-0.00069641497,-0.0038039298,-1.2100376,-0.03173088,0.08412093,0.0015696228,0.0008020173,0.014528824,-0.0033408424,0.0007004047,0.0020462673,0.0050554257,-0.010801981,-0.28593552,-0.13618873,-0.007533237,0.0014511414,0.0013068668,-0.002362236,-0.0009668619,-0.008847062,0.0013196359
-7.274585,-0.61283624,-0.02389474,-0.00097354065,1.1991006,-0.0003979961,-0.07323125,-0.0038333768,-0.002117379,0.0026439365,0.0130129075,-0.07943192,-0.0070800753,-0.002274915,-0.0008672323,-0.0038788766,-1.2084458,-0.033079296,0.08537667,0.00020973249,-0.0015144845,-0.025985414,-0.004198249,-0.00022144338,0.001649662,0.006590093,-0.0073829615,-0.098291986,-0.13005938,-0.006629118,-0.0076570814,0.0015078011,-0.0037269334,6.8100635e-05,-0.0070782183,0.0013571349
12.047531,1.3162831,0.0720288,-0.0023773282,-1.088156,8.020556e-05,-0.20516488,0.1081853,0.009169584,0.001852208,0.0055292114,0.7734366,-0.002688376,0.018137693,-0.0020581328,0.0713575,1.0246322,0.12298515,0.60086995,0.0069955345,0.030318068,0.0651545,0.0005220119,0.005057481,0.025447171,-0.01706874,0.020189373,0.10441952,-0.08338997,0.0010454193,0.004923059,0.0012894182,-0.0076763565,-0.0041699195,0.045421377,-0.0018234255
-7.288631,-0.6299983,-0.006499719,-0.0009618894,1.2117113,-0.0006272167,-0.07535921,-0.002834576,-0.0030817934,0.0026375244,0.013943154,-0.07995304,-0.0070026647,-7.091443e-05,0.00054424047,-0.006391173,-1.2076218,-0.030532455,0.08732241,0.002449085,-0.0001100887,-0.03344707,0.002630062,-0.0014199541,0.0023433333,0.006324925,-0.009074707,-0.1011575,-0.13287166,-0.005637368,-0.008249789,0.0006585082,-0.001667167,0.0007777913,-0.0067083915,0.00068775174
-7.296208,-0.6351717,-0.0014550714,-0.0009366595,1.2034774,-0.0011360936,-0.06671614,-0.002624493,0.0027014967,0.0034582277,0.01250821,-0.083321765,0.003851312,-0.0011253469,-0.0005500536,-0.004697047,-1.2168542,-0.026339093,0.08975524,0.0018897456,0.00025227637,-0.026809683,-0.0044913637,0.0021444547,0.00023827475,0.0062301806,-0.0092262,-0.09885367,-0.13173223,-0.0068869833,-0.007783845,0.0006781555,-0.0024034209,-0.0006150561,-0.0069760545,-0.00043362303
-7.2947598,-0.59964323,-0.030920422,-0.0004147261,1.2244115,0.0013446118,-0.12572922,-0.0039659203,-0.0205846,0.0030942056,0.015339518,-0.070928015,-0.0013997311,-0.0046054046,0.0003193277,-0.004138006,-1.1856326,-0.037485298,0.08126602,-0.0027316443,-0.0098654395,0.0032647592,-0.0049641747,0.00044070312,0.0018507701,0.0063795317,-0.0071186675,-0.124730304,-0.13996224,-0.0069870055,-0.0007423334,0.0017819128,-0.00046129804,-0.00089266256,-0.006658207,0.002420403
-7.2878356,-0.62852126,-0.016115531,-0.0023538296,1.2086974,0.0010409082,-0.08356861,-0.0019913365,0.006142857,0.003228214,-0.025943568,-0.08534245,0.0035712584,-0.0030413198,-0.0007818127,-0.005100953,-1.2679758,-0.0131450165,0.08405199,0.0014077232,0.0016542479,0.008938777,-0.004340182,0.0011294392,-5.010534e-05,0.00692764,0.0047448906,-0.060257792,-0.1353049,-0.003575137,0.00949632,0.0022538274,-0.00048854377,0.0018990918,-0.0024286185,-0.006709147
14.383541,1.6740558,-0.023190234,0.002465607,0.3386149,-0.008292085,0.11349123,0.09118661,0.012418576,0.0016274997,0.067012645,0.76422894,-0.019291576,-0.0009673236,-0.0062413486,0.06913526,0.6944313,-0.055974368,0.1872998,0.003389649,0.044578336,-0.06460537,0.0032643275,-0.0012826995,0.0011586632,0.009473672,0.015805105,0.5052699,-0.068151444,-0.0060238997,-0.012193701,0.006070342,-0.002136796,-0.0033517797,-0.020222405,0.0058983956
9.879896,0.90603894,-0.09750855,-0.0018278549,0.49530393,-0.001884047,0.14224254,-0.017035967,0.0060327053,0.0036022866,0.10856536,0.32039565,-0.00960925,-0.022025766,-0.0020569277,0.02727971,2.6456878,-0.039761405,-0.14259322,-0.010701625,0.014813188,0.062154368,0.015908591,-0.0033473268,0.0016874624,-0.020651368,-0.02453565,-0.19475928,0.16714244,-0.008376768,-0.0058633853,0.0047079055,0.0024250252,1.4677404e-05,0.032765035,-0.01041761
-7.2800593,-0.61232454,-0.027662484,-0.0017327998,1.1974148,-0.0007811264,-0.06650222,-0.0039442526,-0.0068144742,0.0024945384,0.018391563,-0.07717095,0.0035353524,-0.0025708557,-0.00065075414,-0.0040595774,-1.2078406,-0.034657642,0.08651166,-0.00045581855,-0.0027874082,-0.024262417,-0.00216884,0.0008126765,0.001415118,0.006309967,-0.008266771,-0.09607049,-0.1385659,-0.00601944,-0.007308736,0.002261346,-0.0030649686,9.750495e-05,-0.007212533,0.0024083604
-7.380879,-0.64202636,-0.002297929,-0.009482761,1.2123665,-0.00033003028,-0.01383553,0.0037433482,0.0009273612,0.0034756884,0.01495457,-0.08452244,0.003757039,-4.0438856e-05,-0.00031347622,-0.0038826698,-1.2241614,-0.026003981,0.09248092,0.0015536346,0.0017146644,-0.022504222,-0.0058900435,-0.0009440119,0.0013864452,0.006547974,-0.009122863,-0.10842458,-0.1367559,-0.006745442,-0.007232113,0.0006357651,-0.0020667845,0.0007871071,-0.007731705,-0.00050228735
5.424316,0.8866349,-0.021210292,0.00043059152,1.2970223,-0.00610142,0.11580236,-0.016137,0.0064004962,0.0038178067,-0.14287405,-0.65732497,0.012456278,-0.0045642243,-0.0025234318,-0.051329557,1.720155,-0.06489196,-0.059857763,0.005268678,0.0075878943,0.008492493,0.012110133,0.004792737,-0.0011078502,0.001300413,-0.0021502841,-0.06825734,0.086548075,0.007403161,-0.0095976405,0.0015227909,0.014730532,0.0012613223,-0.0066254595,0.016498717
-7.3063307,-0.609332,-0.031299047,-0.0024600455,1.2022978,-0.0009106281,-0.03561639,-0.0054222364,-0.019209098,0.0033366506,0.012945301,-0.073236875,-0.0014473276,-0.0049154507,-0.00013832346,-0.003736672,-1.1911528,-0.034774438,0.08771021,-0.0043913517,-0.0073700366,-0.024898283,-0.005113315,-0.00072890957,0.0032763437,0.0051497538,-0.007536845,-0.104388624,-0.13055345,-0.0071970304,-0.0013594113,0.0020629824,-0.0021115746,-0.00065403344,-0.0054084933,0.00094989093
11.456348,1.2311747,-0.07767274,0.004667699,-1.013539,0.0060909614,-0.04934343,-0.019133698,-0.0060159466,0.0046870043,0.026620327,0.3370428,-0.0062873564,-0.011722156,0.0027173173,0.03770578,2.7531705,-0.043034323,-0.090878256,-0.05338912,0.0154758645,0.07656881,0.009275404,-0.005392445,-0.0051783556,-0.0122981835,-0.013336756,-0.04541997,0.2475244,-0.007315926,0.0038549472,0.0009298215,0.009003896,-0.0012492748,0.00037496534,0.0026647376
5.109273,0.81307006,0.015167176,0.0004927389,1.2689102,-0.0073972056,0.06264362,-0.017644458,0.07582734,0.005634626,0.054490898,-0.42503914,0.011149822,0.002111411,-0.0032958484,-0.028084181,1.8213814,-0.011295981,-0.04441183,0.0013054297,-0.00021028324,0.013856715,0.017938662,0.003748703,0.008148381,0.0066366517,-0.020368744,-0.5293606,-0.02000131,-0.014068336,0.021654347,0.0007884909,0.016492821,0.018855004,-0.020526668,-0.0033798344
10.035993,0.53981894,0.051656082,-0.0025559743,-1.9216316,0.011520249,0.10297527,0.033123802,0.0035938574,-0.0009201022,-0.11746945,-0.0014001414,-0.0022915122,0.019659432,0.00048196717,0.040189102,2.1115124,-0.008864313,0.164995,0.0048181317,0.022614416,-0.14589836,-0.00078413903,-0.0019537199,-0.0072346213,-0.019837389,0.02127627,0.08691044,0.10278165,0.024369817,0.022232652,0.003917984,-0.0037337434,-0.01084345,-0.02068245,0.038962934
-7.2789974,-0.6049783,-0.032421973,-0.0005144333,1.1995914,-0.0014227534,-0.06461214,-0.005629132,-0.0029867103,0.002760291,0.013811841,-0.072698265,-0.0006765243,-0.0044572004,-0.00054999493,-0.0035834997,-1.2073097,-0.033859465,0.0849633,-0.004436031,-0.012120233,-0.025152756,-0.004618424,0.00051751046,0.0058177374,0.00615722,-0.0074432744,-0.100905925,-0.13214286,-0.006907775,-0.008267548,0.005775826,-0.0024495255,-0.001163314,-0.0068889204,0.0011113845
-7.2827945,-0.60547143,-0.030334657,-0.0022069018,1.2102528,-0.0003994653,-0.072958045,-0.003920081,-0.027858881,0.003324497,0.013395934,-0.070625715,-0.0014317735,-0.0043907263,-0.00045350115,-0.004095549,-1.178525,-0.03221525,0.08540241,-0.003404425,-0.010203486,-0.025308385,-0.0036637401,-0.0009970714,0.0023015903,0.0012007467,-0.007883642,-0.10598125,-0.13183556,-0.007469019,-0.0014764587,0.0027788305,-0.0024852396,0.00075410854,-0.0119204335,0.0012236312
-7.2778025,-0.6145745,-0.025918629,-0.0008834744,1.1982685,-0.00067507353,-0.070823185,-0.004513421,-0.0052042645,0.0026434306,0.018088056,-0.07864803,-0.007355048,-0.0027632867,-0.0006903223,-0.004911234,-1.2074246,-0.03378265,0.086411804,0.00045293217,-0.0013512576,-0.025705636,-0.0042460645,0.00075724936,0.0076686754,0.006270001,-0.0057079815,-0.0995735,-0.13063385,-0.0068557286,-0.0070433705,0.0019224437,-0.0027855712,0.00022044631,-0.006756846,0.0014340752
19.274647,1.1327326,0.042410593,-0.009476087,-0.08743496,-0.02446806,0.12444558,0.022524131,0.030659769,0.0036557189,0.047714848,0.2951752,0.049354,-0.0024699494,-0.00093604345,0.06428904,4.148664,0.022530453,-0.04625886,-0.0013308977,0.016179003,0.056889113,-0.0026348676,-0.0019084911,-0.0034203946,0.004939888,0.018150536,0.3906789,0.46612093,0.016406715,-0.052906867,-0.002409433,-0.009099108,-0.0060385917,-0.022375977,0.008426406
-1.2639251,0.36949915,0.015892204,0.0027081412,-0.5945301,0.0018488845,-0.117120445,0.0008621423,-0.009867648,-0.01616121,-0.041072097,-0.21993564,-0.002902099,0.0017708801,-0.00334164,0.081226975,-0.019805845,-0.050232824,0.02909731,0.00580329,0.0069997027,-0.05061178,0.0013533542,-7.3772435e-06,0.018695269,-0.016682127,0.013084907,-0.062098198,-0.087735035,0.006112038,-0.015184328,-0.0009848847,-0.008279258,-0.0007476101,-0.018506646,0.007694234
-7.3154283,-0.62416154,-0.03200463,-0.0012274063,-1.9476107,-0.00074173167,-0.14312796,-0.0044270214,-0.0023461333,0.002130148,-0.0065082377,-0.0688792,-0.0007995488,-0.0064045857,0.0012669374,-0.0012189093,-1.3239657,-0.04065909,0.08155672,-0.00495386,-0.011076937,0.018027281,-0.0046100337,0.0008422586,0.003008002,0.0057105604,0.0066604717,-0.41055614,-0.156169,-0.006379517,-0.005388959,0.002824694,-0.0018558728,0.0006322166,-0.00941496,0.001824302
-7.292748,-0.6298708,0.010225354,0.00038142683,1.2928742,0.0010091703,-0.054501303,0.006324493,-0.002306663,0.00254484,-0.017949823,-0.09212186,-0.0012918503,0.005500923,-0.00017353879,-0.0038599425,-1.2416747,-0.028092641,0.08301471,0.0013095711,-0.0002100028,0.05272329,-0.004319222,0.0013525356,0.00012233238,0.0067692036,-0.0082542,-0.27123538,-0.143405,-0.0042061685,0.009991003,0.00095351395,-0.0005201523,-0.0002008174,-0.008515324,-0.00071468594
14.553398,1.2347481,-0.006537793,0.0024705292,-0.9239007,-0.015126377,-0.010648014,-0.0063451994,-2.6866384e-05,0.0025533997,0.15956028,0.5192709,-0.0057675135,-0.01227114,-0.0045837425,0.024486797,2.5727365,-0.037517752,0.1352808,0.012313375,0.0033268516,0.062436253,-0.012030061,-0.006210532,-0.0016783044,-0.021914143,0.012823859,-0.12063175,0.20291981,-0.00571762,0.013426061,-0.017025342,-0.009103727,-0.0060088076,0.022900738,-0.022133483
10.928976,1.0698991,-0.09474704,-0.0026167538,-0.89296716,0.016798768,-0.07214042,-0.014002618,-0.0075795557,0.0033146944,0.11494898,0.3159049,-0.005467468,-0.011662146,0.0015509782,0.020152595,2.7889857,-0.058887944,-0.100096844,0.013882939,0.00787498,0.054589976,-0.007519152,-0.0035574313,-0.0022806362,-0.015045053,-0.016677063,-0.11511617,0.2723016,-0.006176995,-0.003270862,-0.0075751278,-0.007128986,-0.0027310688,0.03535395,0.0038794144
-7.296015,-0.687633,0.0016155036,0.00074743433,-1.1629281,-0.00162511,-0.071136564,0.0014252244,-0.03265421,0.0029809186,0.013874086,-0.08497802,-0.0015002037,0.009516523,0.00022854339,-0.0007680225,-1.2866648,-0.03529268,0.09259587,0.0023431953,0.00033786567,-0.0883445,0.005162773,-3.0238705e-05,0.0003592561,-0.0022771917,0.0058486434,-0.25289723,-0.16325493,-0.006391718,0.0028707276,0.004107319,-0.00360892,0.0024975867,0.0066196425,0.00212224
-7.4281964,-0.65488344,-0.018794227,0.0046051,1.2059289,0.000836914,0.052289415,0.0058406414,-0.039242297,-0.009764929,0.01343028,-0.08171187,-0.0015063938,0.02693067,-0.0004548283,-0.0030768742,-1.1470969,-0.023666555,0.08966532,0.0010179088,0.0018254039,-0.021462647,0.007899392,0.002950682,0.0076827956,-0.009361544,0.0050978926,-0.105322585,-0.13762183,-0.009207149,0.00056043186,0.0037112767,-0.00262071,0.0016907773,0.013373528,3.0343333e-05
10.229456,-0.40180963,0.04134476,0.0053420053,0.49392065,-0.004711197,0.096362926,0.0144486595,-0.004654471,0.003173285,0.02114759,0.22029583,-0.007441695,0.0231882,0.000824082,0.015744055,3.6924803,0.034774225,-0.015777122,0.007857244,0.014444814,0.06430254,0.012372268,-0.006631466,-0.00028819096,-0.02977315,0.0028852138,0.24260662,0.3639425,0.020036224,-0.007177338,-0.0019424949,-0.0036283485,-0.0069428384,-0.039020494,0.011053722
-7.409409,-0.64337915,0.0063714264,-0.009019171,1.2220323,-0.0005112901,-0.0015689755,0.0046764957,0.004398988,0.0033083446,0.017062614,-0.084854476,0.004156477,0.0011255267,-0.0015516521,-0.004428962,-1.2291467,-0.028490614,0.09376415,0.0005730145,-0.00010291021,-0.02739935,-0.006322363,0.0018428715,0.00043428878,0.007705469,0.00511969,-0.12052817,-0.13473614,-0.007070865,-0.007819133,0.0009824693,-0.0005006893,-0.0018641218,-0.008684118,-0.0014796273
8.701544,1.2184645,0.02236607,0.0034674015,-1.838778,-0.0055905697,-0.28479034,-0.024380993,0.008647663,0.0031633205,-0.014276492,0.34391522,-0.020145796,-0.0034743438,0.0014911556,0.058866955,2.6022463,-0.044367023,-0.08986115,0.027703844,0.019913672,0.0016201022,0.0016261606,-0.0042984886,-0.009267986,0.005320099,-0.020329671,0.03829191,0.28782514,0.0015105088,-0.051116403,-0.0038991622,0.0045458674,-0.012872434,-0.02850061,0.00829701
-2.3737419,-1.2236638,-0.0022771896,-0.00949023,-1.6083331,-0.0018406912,-0.09534984,-0.013968729,0.06259254,0.0048086913,-0.016897181,0.13181369,-0.010656263,-0.0015219481,-0.0010686428,-0.0039694756,2.110369,0.023118675,-0.031397942,0.0014395379,0.006823548,0.0048001716,-0.004558635,-0.010190322,-0.016369393,-0.0018940074,0.00838426,-0.66295344,0.2551635,-0.0106649455,0.03300919,-3.0558167e-05,0.01184726,-0.0021751146,0.02338136,-0.009152797
-7.2850094,-0.62870187,-0.019122401,-0.00034264792,0.68375856,-0.00055654155,-0.11241499,0.0054730363,0.006403887,0.003157733,0.015487745,-0.081668004,0.0030802893,0.0004730586,0.0008912726,-0.0034553648,-1.2482226,-0.041054264,0.083820544,0.0008469095,-0.00035594427,0.065661944,0.00245031,0.00058219745,0.0025473419,0.0059671258,-0.010229555,-0.3426949,-0.14319804,-0.006014916,-0.0061163367,0.001831149,0.0069939136,0.00066158955,-0.007991771,0.0011374957
-7.271951,-0.60577315,-0.021893367,-0.0014617939,1.209626,0.00019373641,-0.07235792,-0.003605363,0.004124578,0.0028153323,-0.02716701,-0.08056815,-0.009315294,-0.0027573088,0.0007865233,-0.0053721783,-1.2709869,-0.010469257,0.081708536,-0.0019089126,-0.0017220144,-0.031887386,-0.006106104,0.00022670618,0.0005619188,0.005874904,-0.0069252243,-0.06067786,-0.13048229,-0.0037028047,0.00078288704,-0.00017072486,-0.0027967722,0.00038177765,-0.0071159806,-0.0048654485
15.33701,0.9134275,0.09455755,-0.0076773018,1.2349595,-0.0014575168,0.14213377,0.012221264,-0.019926636,0.0022430022,0.1081372,0.5366658,-0.0025402175,0.018947262,-0.00095334084,0.03198833,2.3767955,-0.056105077,0.09170808,0.022087123,0.0477182,0.041452702,-0.0124441665,0.009460281,0.012383817,-0.024946857,0.018318063,0.1938899,0.24366243,-0.0034366192,0.006506013,-0.0017098902,-0.0034232675,0.0111427335,0.027426414,0.015549188
12.978132,1.1692972,-0.14698346,0.008683516,-1.694557,0.008063497,-0.28310966,-0.010615157,-0.011040731,0.0036519815,0.124843985,0.2571156,-0.0061148424,-0.007667015,-0.0024678193,0.041619286,2.8035128,-0.04779997,-0.09946758,-0.08403887,-0.0223102,0.024823297,0.0064871847,0.0049040834,0.013383411,0.015107123,-0.013316468,-0.054152094,0.33728337,-0.0026420704,-0.01320752,0.0030220293,0.0037462101,0.015009166,-0.028280132,0.011051605
5.3551426,0.9579914,-0.00985357,0.0010286326,1.2930572,0.0042236755,0.10009901,-0.01311688,0.02100748,0.0033868328,-0.14882621,-0.55461967,-0.0059205466,-0.018036235,-0.0007229722,0.041659974,1.8248657,-0.06829624,-0.09972236,0.0039637834,0.006184011,-0.0008769945,0.0035581337,0.00088975683,-0.007545095,0.008452646,0.018571798,0.018167464,0.101079084,-0.00635225,-0.010978687,0.005076402,0.0187725,-0.0037569697,-0.017664034,0.003960061
-7.3165545,-0.63365126,-0.004163272,-0.0009425737,-1.5076588,-0.0027369065,-0.13271843,-0.0051149703,0.00398924,0.0020885526,-0.018799238,-0.07840756,-0.0043574804,-0.0012115075,0.00032026862,-0.004936025,-1.3156784,-0.036425848,0.08616239,0.0012619024,-0.00055204297,0.031123556,0.00084786525,-0.0006308279,-0.0010565647,0.0055968454,-0.009482651,-0.40996414,-0.15186666,-0.0057462147,-0.006245131,0.001421471,-0.00022998781,-0.00087450584,-0.008099161,0.0029537373
7.8559837,0.9010441,0.020788418,-0.003685129,-1.1590048,-0.00020733994,0.07265171,0.0030977896,0.0039844215,0.0024347885,-0.18432744,-0.1345395,-0.011863597,-0.0067445366,0.00024574713,0.020065084,2.1548715,-0.034807574,-0.049888905,0.0103481375,0.020509765,0.033155173,-0.0055461004,-0.0022037162,0.009168407,-0.012178282,0.0086107645,-0.13501024,0.16477302,0.024641085,-0.009823074,-0.00025610102,-0.0024248748,-0.0019661668,-0.013712329,0.017993318
-7.2780075,-0.6117368,-0.02576784,-0.0010427883,1.2008151,0.0013012418,-0.07158202,-0.004554493,-0.029623697,0.0030071987,0.018562501,-0.07583629,-0.008903983,-0.0009929716,0.0016983341,-0.00550215,-1.1779971,-0.035095632,0.08457478,0.00043581956,-0.002439894,-0.028385293,-0.004178011,0.0016337142,0.00515562,0.0061365254,-0.008288793,-0.10662353,-0.13152109,-0.007552703,-0.00030323467,0.002717816,-0.00054931117,0.0013815276,-0.006974216,0.0017542656
-7.286519,-0.61835176,-0.026634363,0.00036562196,1.2003856,-0.0011837318,-0.05894338,-0.0022481554,0.00666596,0.003145725,0.013020203,-0.08209275,0.0034165103,-0.0023587486,0.00067347224,-0.003949362,-1.2121587,-0.03327771,0.086853065,-0.00022579374,-0.0021754475,-0.026842548,-0.0020928367,0.00038051727,-0.0007005688,0.004406731,-0.006957528,-0.09552251,-0.13993098,-0.006111813,-0.006966101,0.0011811081,-0.001926893,0.0008552372,-0.008282146,0.0014626939
4.650232,0.024786852,0.02462022,-0.0071161385,-1.5727465,0.004272421,-0.22865818,0.0008496808,0.008180344,0.0025329941,-0.1406467,-0.28272945,0.003601462,0.0008812883,-0.003379099,-0.058793742,2.1255238,0.018249769,0.082523935,0.006121496,0.0005393763,0.022349112,-0.001101709,0.0031551775,0.0013343833,-0.021519305,0.009704923,-0.26627412,0.2189135,-0.00025790205,-0.0050386144,-0.0030477217,-0.015345079,-0.0012316686,0.012122752,0.0024344414
3.5412688,0.43321756,0.022632854,0.000600187,-0.9360839,0.008666544,0.005360575,0.007937326,0.037740104,0.0027587053,0.024928976,-0.27537426,-0.0038610292,0.014732309,-0.001810905,-0.026876628,1.5347868,0.035816874,0.07943288,0.0034510165,0.010002448,0.067308,0.003697174,-0.005491098,-0.00025638024,0.0020187185,0.021435179,-0.46664888,0.016780015,-0.0005057081,-0.0010706361,0.00440929,-0.009450853,-0.0010644741,-0.009453407,0.002568645
15.913926,1.0117667,0.07010065,-0.0044875285,-1.2560816,0.000116284464,0.08290076,-0.00034009267,0.00059479347,0.00389778,0.05439281,0.23203626,0.01980306,-0.00046968117,0.0028575007,0.043812193,3.3077796,-0.034161717,-0.03618249,0.021201631,0.013915426,0.03411124,-0.006548438,-0.0067034927,0.0037438178,0.018093212,-0.014623898,-0.17475343,0.37895003,-0.0063521564,0.01894407,-0.00072193117,0.008248884,-0.0059454036,-0.030843168,-0.0076947864
-1.1815124,0.8040785,-0.03473511,-0.00020640274,1.300706,0.003619649,0.057674266,-0.018935649,0.0018745313,0.0044540353,-0.06262422,-0.18566789,-0.0011475313,-0.033761226,0.004146291,0.022094008,-0.3959257,-0.03353101,-0.06424524,-0.0018898554,0.00382613,0.025672494,-0.009980501,0.004957324,-0.0018618573,0.0046213,0.051719386,0.004332572,-0.11713299,-0.00026528802,-0.01802098,0.00089806283,0.0028731495,-0.001495611,-0.013206046,0.008866088
-7.2572737,-0.61346555,-0.03407594,-0.00027878804,-0.9269049,-0.0012680152,-0.13164422,-0.002277328,-0.0010403438,0.0023855744,-0.022953305,-0.07286235,-0.00096397987,-0.005628406,0.00053372345,-0.0029067148,-1.3206334,-0.041851055,0.08016991,-0.005333089,-0.0053853667,0.04910281,0.0027770398,0.0007325558,0.0016427191,0.0057469537,0.011113449,-0.3714626,-0.16444871,-0.004450312,0.00343934,0.0024116104,0.0010033125,0.0007908829,-0.006907931,-0.0035635144
-7.3029895,-0.6374489,-0.021598766,0.0026363076,1.2021798,-0.0012520809,-0.07562116,0.0010463223,0.0009815285,0.0026087502,0.01575955,-0.08242612,0.003231019,0.0002995476,-0.0017038011,-0.0035372165,-1.1854708,-0.02689983,0.08386705,0.0006789971,-0.0009014305,-0.028428568,0.00077561714,0.00072183384,0.0035142924,-0.010528511,0.0076326346,-0.10118082,-0.13699138,-0.0066272127,-0.0073406156,0.003935927,-0.0016763693,0.001573078,0.0076991753,0.001049228
-7.319102,-0.62915283,-0.0023456498,-0.00021851617,0.42621583,-0.0019709158,-0.084817044,-0.0016994161,-0.0008847973,0.0025055262,0.013229533,-0.07920348,-0.0052008294,0.00070078374,0.000650197,-0.0032110063,-1.2412004,-0.03297882,0.08266992,0.0026126723,-0.00013320807,-0.022035373,-0.004457365,0.0014374069,0.002192383,0.005907592,-0.010232089,-0.20844565,-0.1417733,-0.00620802,-0.006137572,0.0012974618,-0.0021571014,0.0005465958,-0.006939433,0.0013309969
-7.3183465,-0.6030001,-0.03207053,-0.0019022718,0.40788546,0.0006817947,-0.09788452,-0.0034337428,-0.024619756,0.0033642552,0.013109214,-0.07051207,-0.00087100663,-0.0055509736,0.00013285498,-0.002884881,-1.2212684,-0.043238364,0.075110465,-0.0030593832,-0.008626921,0.08321208,-0.00376708,0.0011754453,0.008524318,0.0054691765,0.0071374276,-0.38637605,-0.1417215,-0.006755944,0.0012954369,0.000730252,0.01096702,0.0010050901,-0.00954478,0.0027672348
-7.2819204,-0.60554147,-0.03351547,0.0004824527,1.2021291,-0.0005271661,-0.08075049,-0.0039290977,-0.00478312,0.0025324137,0.015387278,-0.073241495,-0.0016914166,-0.0046049543,-1.36907165e-05,-0.0027378087,-1.2077079,-0.03157797,0.085974745,-0.0044097025,-0.006779027,-0.024112744,0.0016341811,0.0005023889,0.0019323151,0.00494796,0.005989185,-0.10096577,-0.14483154,-0.005926616,-0.007931286,0.0057349564,-0.002041338,0.00085385697,-0.0082232645,0.000566434
-1.3684363,-0.16066617,-0.0075525152,-0.0045574023,-1.9251097,-0.0017335087,-0.13562304,0.011125893,-0.10887882,-0.026194505,0.02528128,-0.07820975,-0.003342683,0.011557979,-0.0009365748,-0.01547768,0.311591,-0.11820658,0.019280462,0.002042927,0.0053701503,0.0026563194,-0.017710885,0.013865532,0.018471982,-0.006608914,0.001973106,-0.28109816,-0.09194102,0.012854583,-0.0071188137,0.009846986,0.019448658,0.002218581,0.0030237434,0.0045891525
-7.2912745,-0.5990467,-0.03588053,-0.00044735923,1.218977,0.0019603933,-0.10993305,-0.0040066326,-0.03195203,0.0030173557,0.017774122,-0.069531314,-0.0016167577,-0.0048043663,-0.0001263193,-0.0030613684,-1.1691127,-0.037476234,0.08304401,-0.0019850405,-0.010885234,0.010436899,-0.0037147722,0.0019708185,0.006042586,0.006087328,-0.007364769,-0.121335715,-0.13884948,-0.007861638,-0.0011155653,0.0056625097,-0.0034224656,0.0030691864,-0.006703004,0.00068991387
-7.369497,-0.6218595,-0.031943537,0.003976418,1.2094125,-0.0018221544,-0.0028233547,-0.0013273584,-0.029538011,-0.006460136,0.013591648,-0.06861579,-0.0043782005,-0.0051039173,-0.00015627588,-0.002904622,-1.155946,-0.026253244,0.08365067,-0.004734294,-0.009384419,-0.021249274,-0.006253138,0.00014420725,0.00199166,-0.009057038,-0.005665473,-0.11721626,-0.12715007,-0.008964965,-0.0017213506,0.0029301457,-0.0031473394,-0.0013734915,0.008509048,0.0013917515
10.339276,1.2366847,0.040267386,0.002687743,1.3007789,0.012374204,0.17014521,-0.004570574,0.049367666,0.004444977,-0.011909798,0.29301572,-0.0885385,-0.004638481,-0.004493676,0.065996826,2.4210515,-0.060357284,-0.10964853,0.013001447,0.029213917,-0.020318849,-0.0127909295,-0.00049773516,-0.0058874325,0.015201219,-0.012572125,0.24093866,0.24902979,0.01318319,-0.026304962,0.0011948883,-0.00452921,-0.003972635,-0.024213148,0.020613045
-6.88004,-0.39737165,0.020446531,0.008721395,1.2483422,-0.00037148022,0.0009623123,0.011481824,-0.00038858262,0.0011575122,-0.027861342,-0.10156117,-0.0008763537,0.010100739,-0.00037151857,0.0050430265,-1.2595276,-0.012319219,0.090176426,0.0013185741,-0.0016269195,-0.012902292,0.005639327,0.0006685529,0.001771288,-0.0065387795,0.0026814998,-0.046770457,-0.1491137,-0.0040365434,0.00089996244,-0.00020977191,0.0022838654,-0.00019309843,-0.0059366506,-0.0037800665
7.204503,1.0327849,-0.1192271,-0.0006217968,1.2724284,-0.0016443415,0.14740905,-0.042205494,0.014071406,0.0028358079,0.10527546,0.26073387,-0.016313324,-0.0098515395,0.001813185,0.025482861,2.208934,-0.029916544,-0.11671451,-0.014317809,-0.06939918,0.036660366,0.0011807436,-0.002779055,0.00038835674,0.0057436624,-0.017582841,-0.2903955,0.13225162,-0.031597078,-0.003073019,0.007709497,-0.0047544464,-0.000278355,-0.02246138,-0.006560241
-7.314603,-0.6483835,-0.0006979129,0.00030073104,1.2120467,-0.002316371,-0.06576119,0.003802283,-0.032487627,-0.0014453147,0.012963904,-0.081776135,-7.741388e-06,0.0048198625,0.00077195617,-0.0050532566,-1.1800976,-0.02939503,0.09169027,0.0012055557,0.00052447384,-0.033659726,0.0032748112,0.0016995261,0.008798317,0.0073958463,0.0053572194,-0.10792343,-0.13714936,-0.0056213033,0.0012847899,0.00059083203,0.00018272924,0.0010867621,-0.0088620335,0.0011511135
19.168045,1.2952195,0.047461003,-0.010630427,1.1751233,0.015591528,0.190051,0.017871734,-0.0025344868,0.0035718624,0.0964556,0.3031746,-0.0699476,-0.0011885902,-0.002710127,0.07070404,4.0302196,0.011045379,-0.0905016,-0.0011462341,0.019042412,-0.0057619624,-0.0047216234,-0.0049083205,-0.0013363939,0.005463015,-0.005579625,0.3648001,0.5096353,0.0049538664,-0.020608012,-0.0020555283,-0.0057349727,0.0001180925,-0.022711333,0.013180559
-7.3633575,-0.65113956,-0.0020147003,0.0020953321,-0.19219112,0.00058197306,-0.070323795,0.005239836,-0.030323405,0.0032912684,0.012608649,-0.08491538,0.00013395073,0.0045807348,0.0013497187,-0.0028668912,-1.2226908,-0.032072324,0.09023805,0.0015251283,0.0012167445,-0.074640505,0.0052584647,6.701826e-05,0.0048051304,-0.009415319,-0.008137878,-0.13797888,-0.134947,-0.0060838168,0.0024027189,0.0005041441,-0.0033817955,0.0014624714,0.012523338,-0.0011391672
12.369454,1.1821657,0.063600264,0.0066240295,-1.4029179,0.013879094,-0.21261187,0.00014688486,0.05201796,0.0027071976,-0.046969272,0.2922802,-0.02323127,-0.0027461362,0.004419586,0.05677885,2.6833768,-0.042751722,-0.07727699,0.019088786,0.012829377,0.036697287,0.0050969133,-2.8555354e-05,-0.020844897,0.0043643727,-0.014648838,0.118691124,0.2923652,0.0093399435,-0.034418263,-0.002357912,0.004264316,-0.005595183,-0.018256865,0.018577034
-6.6526465,-0.8686189,-0.00929879,0.0029510113,1.2398536,-0.0023075987,-0.035199404,0.0054602483,-0.15009409,-0.025826303,0.021600533,-0.06613995,0.0003506675,0.009427229,0.0012681432,-0.018669277,0.23026626,-0.17030978,-0.010053259,0.0012813394,0.0021559184,0.05370597,0.010313452,0.0036601003,0.005759124,-0.012526379,0.010525301,-0.41158602,-0.14861897,-0.050378498,-0.02048646,0.007476555,0.028071905,0.0055171745,0.0135534415,0.0011136207
9.777957,1.2438474,0.030875938,0.0011427493,0.5967409,0.0067006447,0.1463887,-0.007232616,0.006626261,0.003995829,-0.015069949,0.3322187,-0.021741591,-0.0036411532,-0.004057345,0.06033334,2.3536866,-0.042139884,-0.08823713,0.025249394,0.023370901,0.040481687,0.010845746,-0.0025704196,-0.0066449423,0.012408219,-0.023193419,0.108985715,0.27994943,0.004095364,-0.03180855,0.0032228662,-0.009503873,-0.0006562234,-0.025655564,0.0119571285
17.311798,0.9734983,0.043556232,-0.0049910247,-0.9890574,0.0010703455,-0.07704823,0.02871366,0.007066082,0.0041205008,0.058836646,0.3024169,0.009259814,-0.0014055953,0.0014919305,0.06911043,3.7905366,0.002781627,-0.032049105,0.0019984948,0.020274302,0.045857936,0.0028138591,-0.0073118825,0.0005637242,-0.011650355,0.0105798,0.32325187,0.37121955,0.009423199,0.020260936,-0.0022374182,-0.0044765137,-0.0056496165,-0.029307915,0.010980957
17.784483,1.076145,0.08362901,-0.008137804,1.2582314,0.008120503,0.11124747,0.012299646,-0.011775075,0.0016385209,0.11667233,0.5108722,-0.0028344998,0.016262768,0.00012801042,0.037028715,2.433258,0.048223056,0.11332527,0.021856137,0.0443368,-0.024857173,0.0085735805,-4.245127e-05,0.014401645,-0.01068518,0.021605859,0.115955845,0.2609135,0.00036252473,0.008393247,-0.0027469972,0.008314372,-0.00058031554,0.06604609,0.022203479
4.6189466,0.76000977,0.01922336,0.0016400375,-1.2167922,-0.00056655816,0.02350302,0.004275585,-0.0119408555,-0.009174688,-0.010829967,-0.17758092,-0.006821998,0.0034128763,-0.009496482,0.0696446,0.5586001,-0.044974495,0.040559378,0.0024127844,0.007722363,-0.10022127,-0.010441287,-0.010972987,0.0035613931,-0.020001208,0.016043138,0.0762544,0.099452205,0.038625006,-0.016880691,0.0009623707,0.0025270262,-6.140534e-05,-0.020288277,0.008814024
-7.288881,-0.6080169,-0.035392847,-0.0010154635,1.2020787,0.0012183589,-0.091607176,-0.0041649546,-0.026186628,0.0034423496,0.012979947,-0.07130237,-0.00067285897,-0.0049647405,0.0008859749,-0.0023847688,-1.1753768,-0.03739411,0.08331412,-0.0018050679,-0.012359088,-0.025040617,-0.0043343506,0.00011984483,0.006818391,0.0068235546,0.002598065,-0.113683164,-0.13715576,-0.00782694,-0.0004968826,0.0055688107,-0.0035189132,0.00081662013,-0.0070626643,0.0013820454
21.350416,1.1288291,0.07277901,-0.003502105,-1.9197366,0.0038739315,-0.3192791,0.01733116,-0.0008992803,0.0024512657,0.12446514,0.34351182,-0.013986631,0.026739107,-0.0052970327,0.25335956,3.1449559,-0.05299483,0.13986322,0.015380749,0.035640504,0.01470606,-0.025804384,-0.008842322,-0.003954578,0.00778934,0.0085256975,0.6116552,0.3101258,0.004273671,-0.024010705,0.00927234,0.0012002484,-0.0112191625,-0.036372267,0.018165689
5.3707232,0.99605477,0.0007807461,-0.0014700638,1.2860518,-0.0112486,0.10409531,-0.0030284242,0.010662682,0.0028881694,-0.13050653,-0.18128844,-0.030501889,-0.005029225,-0.0006649372,0.01951121,1.9433211,-0.060076702,-0.12666029,0.009141316,0.015535783,0.0017012793,-0.007304613,0.00068043853,-0.006513585,0.0039869235,-0.0130329775,0.008147056,0.137423,0.0050710905,-0.028740088,0.00088065234,0.013902075,-0.0018033802,-0.021811742,0.009570556
-7.276395,-0.6015522,-0.033514872,-0.0026610298,1.2081274,-0.0019079173,-0.078562155,-0.003796745,-0.034808233,0.0032005701,0.012934725,-0.07110616,-0.00071225327,-0.004690386,-0.000492835,-0.003932291,-1.1617074,-0.03196161,0.08116629,-0.002154318,-0.01257257,-0.032254633,-0.0048218104,0.002425097,0.0048915395,0.00033269936,-0.0074960515,-0.11413511,-0.1311509,-0.007607317,-0.0009480204,0.004865424,-0.0022394753,0.003013854,-0.012054052,0.001215331
-7.265844,-0.60118353,-0.032947812,-0.00083749485,1.2017738,-0.00031836037,-0.07521429,-0.004711337,6.691196e-05,0.0026125489,0.013964833,-0.070926666,-0.0071721035,-0.0024075415,-5.589419e-05,-0.0037693728,-1.2066498,-0.03376657,0.082430325,-0.0025588658,-0.011555343,-0.027422227,0.0038656404,-0.00018939379,0.0022605108,0.0060137194,-0.006713733,-0.10274414,-0.14014852,-0.006467585,-0.008747343,0.002550951,-0.0028608849,0.0009726395,-0.006726717,0.0010586089
18.87907,1.1799082,0.027345147,0.0005716364,-0.14579074,0.014781326,-0.04923923,0.003928785,-0.00855162,0.0032095052,0.13940236,0.3446093,-0.016401665,-0.002516912,-0.0021972838,0.06851875,3.5471826,-0.010897712,-0.044362273,0.0043126782,0.008333129,0.07775191,0.00079817366,-0.0089572035,-0.0022904826,0.02704726,0.016938636,0.3128869,0.3889667,0.0016911027,-0.022845984,0.0075597954,0.017307993,-0.00371722,-0.024506824,-0.006502272
-7.354978,-0.6212337,-0.0009504726,-0.010955961,1.2098563,0.0008230943,-0.038967043,-0.0046421085,-0.0002057011,0.0037916554,-0.028380075,-0.08238094,-0.010269864,-0.0021307974,-0.0011905701,-0.003160152,-1.2861356,-0.018375544,0.09779975,-7.3695206e-05,6.31625e-05,-0.02087493,-0.006959584,0.00082560774,-0.0031549896,0.006393791,-0.005741186,-0.05862283,-0.12903291,-0.0038672194,0.005369355,0.0007684176,-0.0021506324,-0.0014765308,-0.00632728,-0.0034522642
-3.120446,0.6284043,-0.03992149,0.0019318183,1.2404239,-0.0061886143,0.09286966,-0.014382828,0.004846626,0.0038213318,-0.04150063,-0.30491155,-0.002660344,-0.018446855,-0.0010335165,0.008225414,-0.68373644,-0.02505338,-0.06696983,-0.004112016,-0.0009798264,-0.0034737524,0.004071155,0.0061282814,-0.0021012323,0.005719875,-0.040143646,-0.05190509,-0.18555006,0.0056566205,-0.031995237,0.002882552,0.001061079,0.00097089313,-0.009275331,-0.002990289
-7.2939363,-0.64293635,0.0011223605,-0.0025531685,1.2086524,-0.0007538587,-0.07810641,0.006906508,-0.036015064,0.003219618,0.0071774046,-0.08364173,-0.0012428846,0.0101435315,-0.0005595469,-0.0040342426,-1.1790597,-0.029621767,0.090660386,0.0011687239,0.00047441426,-0.028910844,0.003956809,0.00031172135,0.004882706,0.0021884826,-0.008990542,-0.10338183,-0.13910879,-0.00608058,0.00095333124,-8.250366e-05,-0.0017507469,0.002440389,-0.006630446,-5.437355e-05
-7.084668,-0.48220614,-0.0022804516,0.0033577392,-1.5405234,-0.003991748,-0.12761164,0.004761927,-0.035547968,-0.00030778127,0.026641287,-0.07885374,-0.00097146095,0.00499405,-0.00019875457,-0.0020341896,-1.2334217,-0.02911238,0.107330725,0.0012372105,0.0023672008,-0.054784026,-0.0020739413,0.0060655805,0.018246375,-0.005738078,0.005951653,-0.12633808,-0.15739547,-0.0060776803,0.001204804,0.009919835,-0.0048344834,0.0069217454,0.018504474,0.0010530457
-7.1583247,-0.37973136,-0.032821238,-0.00041257206,-0.27824366,-0.0013131922,-0.07039315,-0.010311644,0.0064645433,0.001234486,-0.031446844,-0.080544345,-0.0018743159,-0.0051387493,-0.00067750656,-0.0011491524,-1.3463811,-0.052846014,0.0697093,-0.005216398,0.00065942254,-0.0075090784,-0.006327981,-0.00021398155,-0.00090353715,0.0036103048,-0.00933406,-0.05401646,-0.14936279,-0.009692533,-0.017908923,0.0030666818,0.0024128535,-0.0027741443,-0.011802123,-0.0025300134
22.380436,1.1219954,0.063142136,-0.0021206648,-1.6143683,-0.0046071736,0.12214842,0.0052970094,-0.0031880676,0.002969715,0.06057567,0.35571572,0.048747003,-0.0041390746,0.004599282,0.07264882,3.7160666,0.051303536,0.17347728,0.009646876,0.011073943,-0.010999589,0.0016750877,-0.0016301402,0.005505632,0.019839605,0.005826452,0.41070276,0.4152313,0.013223028,-0.005524289,0.0029711325,0.017367927,-0.004480846,-0.018559765,0.028403513
-4.8633165,0.42859852,-0.054507524,-0.0019289235,-1.7187313,0.0065578287,-0.16259019,-0.018794868,-0.038340803,0.004554124,0.017530126,-0.095983334,-0.0022414792,-0.012915219,0.00090556726,-0.003036795,-0.9588095,-0.03594602,-0.02019191,-0.009589531,-0.010139533,0.05540603,-0.007505219,-0.004588763,0.005963187,0.006556432,-0.010543392,-0.46711108,-0.18142393,-0.005029029,0.001946877,0.0023046972,0.0052303793,0.001928512,-0.017078783,-0.002272034
-7.3001833,-0.6263644,-0.024761114,0.0013122916,1.2050865,-0.0012596616,-0.06943813,0.0023873174,-0.038321055,8.7671e-06,0.014022132,-0.07854052,-0.006632077,-0.0009205409,-0.0001438263,-0.0042950497,-1.1428087,-0.031524822,0.08168173,0.0015181525,-0.0010352738,-0.021949612,-0.0032351534,0.0042676004,0.0069248793,-0.012560968,0.0082096765,-0.12521514,-0.14295699,-0.006615339,-0.00014001076,0.002813194,0.0011348521,0.00277492,0.0026613083,0.00026464256
-5.2559247,0.043998767,0.01371317,-0.0027091124,1.2289999,0.00461222,-0.046238292,0.0035853756,-0.011539448,0.0020645538,-0.04073253,-0.124828465,-0.0003815431,0.005290523,0.00037981072,-0.019384032,-1.0098761,-0.011986608,0.035679992,0.0030809168,0.0021487821,0.00911785,-0.008071819,0.0003605872,0.0034694849,-0.010343846,0.00478753,-0.045345865,-0.1493186,-0.0036515146,0.001830419,0.0003978036,-0.017470246,-0.001445185,0.020265792,-1.1148164e-05
-6.9979906,-0.32896566,-0.04150712,-0.004517477,-0.8328341,0.007164657,-0.16827989,-0.0102848075,0.005240725,0.0011039054,-0.033098195,-0.0922225,-0.0016591356,-0.007313301,-0.0010794059,-0.0039814967,-1.3552604,-0.06308761,0.06310481,-0.002056226,0.0009595005,0.04417919,-0.004209538,0.00021371782,0.0011376842,0.0022530952,-0.009521982,-0.035499014,-0.15942079,-0.010263651,-0.025041362,0.0034757329,0.0038585481,-0.0012305388,-0.013759414,-0.012327098
-7.355363,-0.6596307,-0.0022498684,0.002043811,1.2001275,-0.0025686778,-0.031134596,0.005314819,-0.032358292,0.0028943915,0.0072297486,-0.08195293,-0.0014542674,0.010010632,-0.0013673265,-0.0023367081,-1.1673629,-0.025120627,0.08735877,0.0010655297,0.0013742064,-0.02652352,0.00011845339,0.001461319,0.00883728,-0.011922485,0.0041175643,-0.09918976,-0.13657427,-0.007777797,-0.00016927868,0.00055353343,-0.0013724157,0.0017403539,0.012887557,0.0016694649
-4.1168413,0.52275425,-0.040751033,0.0012282876,1.2245744,0.0037698925,0.011010737,-0.014142118,-0.014321555,0.0038161108,-0.033410892,-0.22747128,-0.000252827,-0.017165571,0.0027173283,0.02537205,-1.1476609,-0.0060187005,-0.03132447,-0.005997962,-0.011098044,-0.024992876,3.632056e-05,-0.0033639385,-0.0028912053,0.00530228,0.010444997,0.014384152,-0.20688967,0.0032808534,-0.010715825,0.00050245825,0.009645275,-0.00278555,-0.011188618,0.003977475
19.452309,1.4934092,0.093446694,0.0010673713,1.1687876,-0.029983763,0.18651633,0.024995595,-0.026453346,-0.009358303,0.15972131,0.6750738,0.0011469905,0.022860656,0.0030545082,0.19236669,1.5827051,-0.08800398,0.47110912,0.006259826,0.036027446,-0.005110742,0.0052511585,-0.002585433,0.04098475,-0.027203629,0.025923382,0.8671001,-0.014162884,0.011715419,0.008305234,0.00662923,0.0020076125,-0.008810633,-0.006497671,-0.0010271556
17.386799,1.1669574,0.06166115,0.0044569005,0.012814243,-0.006000324,0.09522215,0.011048882,0.003809093,0.0040953183,0.04537903,0.22682671,0.016863741,-0.0017140089,-0.0013257825,0.043661047,3.5207672,-0.03549574,-0.070158616,0.022118783,-0.0011280732,0.014986843,-0.0038027826,-0.005051336,0.0076049734,0.03263583,-0.020522472,-0.021107532,0.43188763,-0.009701123,0.008312125,0.00060800876,0.0040326267,0.0030759017,-0.028518174,0.003187644
-7.3475995,-0.62594014,-0.034939278,0.00078331114,-2.0250692,-0.0013655594,-0.1437787,-0.005520979,-0.03405143,0.0025419313,0.013226626,-0.06885749,-0.0032136573,-0.0059342794,0.00035877817,-0.0010983631,-1.3074771,-0.039133146,0.07988231,-0.0019465085,-0.010829035,0.02609453,-0.0010638698,0.0027525013,0.006958113,0.0002623401,0.002892524,-0.49511263,-0.15580472,-0.0064428756,0.0032136564,0.0052353516,-0.002763292,0.004039557,-0.0047008255,0.0025772548
15.859147,0.39316568,0.13037494,0.0055823503,1.3136853,-0.0022803056,0.10409836,0.0051400564,-0.0026973686,0.0037054536,0.04869275,0.3007301,-0.0034020145,0.014043187,-0.009590885,0.0638904,3.23068,0.124814145,-0.04332555,-0.008750251,0.022939462,-0.029313684,-0.020322919,-0.0044666193,-0.0072583463,0.11815778,0.01683722,-0.12866844,0.3329576,-0.0037123475,0.012941872,0.0120147895,0.01031579,0.0015995274,-0.0460296,0.0027045265
-7.2841067,-0.5979678,-0.03079754,-0.00094978616,1.2021178,-0.0021021788,-0.055969637,-0.0032261193,-0.03192304,0.0035813702,-0.02220535,-0.07299753,-0.0012819364,-0.0048027174,-0.0009536278,-0.0033865343,-1.176384,-0.03513528,0.084431484,-0.003278893,-0.01056677,-0.02473699,-0.005195814,0.00029487975,0.0057505327,0.006188482,-0.007035786,-0.08827256,-0.13199833,-0.0046445797,0.001132007,0.0011929624,-0.003284019,-0.00026929495,-0.007724819,-0.0008628055
-6.9667487,-0.6393114,0.004019011,0.0077664396,1.2476125,-0.0008505596,0.0197267,0.004027804,-0.007332473,0.006016686,0.017057355,-0.08234064,-0.00021908472,0.0051228898,-0.000352939,-0.0026041481,-1.1161594,-0.020513989,0.08512188,0.0035813474,0.0010194853,-0.017623948,0.0055308454,-0.00036779387,0.008634332,-0.01000025,0.007385123,-0.1191732,-0.13821045,-0.0073992712,-0.008560228,-0.00019320619,-0.00088448985,-0.0002057763,0.012892699,0.0023584848
-7.304377,-0.64861757,0.010333739,-0.0018052751,1.2050612,-0.0014770447,-0.063191004,0.0113177765,0.005147513,0.003153984,-0.004843262,-0.087497965,0.0037146707,0.00041668655,0.0003736058,-0.0057884995,-1.2088728,-0.024486458,0.08920937,0.0001308951,-0.000582014,-0.026090534,-0.0055877883,0.0011910291,0.0014887549,-0.0008598806,-0.008989457,-0.0915002,-0.1373922,-0.0072554024,-0.006995397,0.00047981722,-0.0016984965,0.00076321635,0.005668011,3.546747e-05
-7.3011546,-0.6121662,-0.025327709,-0.0008986529,0.980484,0.0008430112,-0.0834452,-0.0039061862,-0.013619906,0.0023452372,0.014158536,-0.078225605,-0.005465395,-0.0012349756,0.00024113458,-0.0029174413,-1.206865,-0.035636753,0.08167514,-0.0015873525,-0.0012665763,0.031688914,-0.0031601475,1.7024473e-05,0.0039776573,0.005168958,-0.008310059,-0.23729216,-0.13621067,-0.0058699045,-0.00056152034,0.0017533666,0.002925082,-0.00052436086,-0.007126175,0.0013259542
-7.334186,-0.6485792,-0.007388034,0.0017253172,1.204703,-0.0038342956,-0.04839943,0.0031521837,-0.03704943,0.0032255312,0.013463086,-0.083019935,-0.0012087534,0.009632732,-0.0005318947,-0.0026758076,-1.1522974,-0.027030071,0.08557521,0.0025845417,0.0005194603,-0.028838398,-0.004761775,0.0014551043,0.007932862,-0.011463098,0.008344514,-0.10952203,-0.14284942,-0.008015126,0.00044318032,0.002199415,-0.0015528377,0.0017489307,0.0072559607,0.00036290596
23.63852,1.3263347,0.047155194,0.0035857218,1.0797683,-0.0050774985,0.09002952,0.00043432537,0.04832917,0.004348724,0.097480804,0.2973863,0.05747665,-0.002776828,-0.004404826,0.07685038,4.129192,0.04254065,-0.07848144,0.0033816746,0.020218097,-0.025269322,0.010947564,0.016858827,-0.001644111,0.016888496,-0.016060296,0.43379512,0.5072636,-0.0014136061,-0.010884525,0.0006454372,8.033375e-05,0.00068449054,-0.020982917,0.005084087
-7.2851744,-0.60900134,-0.03516209,-0.0010203925,1.2007296,0.00017610418,-0.06564948,-0.0046552513,-0.0015168547,0.0027654006,0.012502789,-0.07241643,-0.001474759,-0.0047040274,0.00037531162,-0.002776611,-1.2045844,-0.034016926,0.08545808,-0.002191014,-0.01285071,-0.025239268,-0.0044279033,4.546914e-05,0.0010351976,0.0068256734,0.005024674,-0.10022467,-0.13682993,-0.007089019,-0.008049288,0.0051654205,-0.0017865099,7.1203045e-05,-0.0067500398,0.0016473859
18.321543,1.1086986,0.021940675,-0.0015051969,1.2359158,-0.009495728,0.1399467,0.005516135,-0.051297683,-0.030726666,0.14915457,0.34898442,-0.050468765,0.01671007,0.0009972791,0.06363376,3.4945574,-0.036991384,0.017969746,0.006447054,0.0248688,-0.0015430937,-0.0073070154,-0.0035527505,0.021884415,0.013472152,0.022309083,0.33214942,0.37310544,0.0048988448,-0.0059210574,0.00034555103,0.005879289,0.008589349,-0.029829806,-0.0032898132
17.523973,1.3039196,-0.025975479,0.008720514,1.297817,0.029550845,0.19104381,-0.009943452,0.025359498,0.00468783,0.14155453,0.33484396,-0.056240886,-0.0064497343,-0.0052554007,0.071500205,3.5258782,-0.007934259,-0.107341945,-0.0001694716,0.0058698035,-0.009098972,-0.024402648,0.0011031228,0.0019869413,0.028915083,-0.005382562,0.34357673,0.4166083,0.0029483458,-0.01383303,0.008444453,0.0009688434,0.0014666026,-0.022105616,-0.0031732002
-7.333164,-0.64885974,-0.00647133,0.001470602,1.2013,-0.0017578261,-0.04866555,0.0019877788,-0.034402348,0.0032047434,0.0069915983,-0.081611104,-0.00026949134,0.005427188,9.0923226e-05,-0.0019908482,-1.1720202,-0.027386654,0.09047148,0.0023900005,0.0014440392,-0.026831001,-0.0035067415,0.0020754212,0.008626434,-0.0010011805,0.0070890454,-0.10384071,-0.14267786,-0.0071514132,-0.0017829125,0.002355495,-0.0028575736,0.0019497251,0.007507061,0.00038169796
-7.44851,-0.6453294,0.0003729969,0.0016382721,1.2119619,-0.0028785085,-0.042640153,0.0011010551,0.001834042,0.0033138434,0.0150766,-0.085976504,0.0045943353,-0.0019413866,-0.00023635855,-0.0019869842,-1.2300701,-0.020576276,0.097777344,0.00039865152,0.0008226881,-0.022024773,0.0006547205,0.00017730954,0.0026021304,0.0072842664,-0.010192911,-0.10976653,-0.12736782,-0.0075001135,-0.008460265,0.0008025073,-0.0005173155,-0.00021308182,-0.008662163,-0.00012178864
-7.4530096,-0.64865017,0.00015470757,0.0018387507,1.209109,-0.004018531,-0.044162836,0.0034603195,0.001265048,0.002840557,0.014971465,-0.08523385,0.0046040076,-0.0011367109,0.0012330761,-0.0023850799,-1.2161113,-0.02050973,0.097803995,0.00031514198,-0.00037055736,-0.021982977,0.0007041781,8.0619946e-05,0.0023017866,0.007885444,-0.010329716,-0.11252569,-0.12824495,-0.0070277974,-0.008056366,0.00096330576,-0.00073092245,-0.00073364517,-0.008168988,0.00046990975
-2.8786874,0.23471038,0.03581777,-0.0017922004,1.2289022,-0.005445882,0.055752393,0.032581236,0.009160004,0.0021910705,-0.048927188,-0.21798834,-0.0025391509,0.017355734,0.002433588,-0.0054507717,-0.45118025,-0.04524233,-0.015826343,0.00073149556,-0.004997192,0.02149769,-0.014154483,0.0030566466,0.0010296437,0.0068179234,-0.008299975,-0.08003029,-0.18021217,0.004346623,-0.0055125705,-0.0031954753,0.0074107116,-0.0008694933,-0.014197054,-0.0053796778
11.563501,1.1648687,-0.010341907,0.0048852665,-1.0468516,-0.014763328,-0.18443929,-0.019759323,-0.005554483,0.005098364,0.11762189,0.34539273,-0.013300629,-0.0036090673,0.0017461355,0.028790496,2.7578173,-0.04791817,-0.071440175,0.00030936993,0.0077211964,0.064304315,0.009582608,-0.0044448967,-0.0021594774,0.016344206,-0.014022012,-0.22591317,0.24112903,-0.0066742934,-0.012144153,-0.004061203,-0.0061723827,-0.0050960477,-0.025661089,-0.026037853
18.04139,1.2702854,0.030531194,-0.004753122,-1.8604366,-0.013764771,-0.29659572,-0.008625027,0.011066362,0.0031947962,0.064510174,0.3265797,0.0076668872,-0.005764622,0.00278806,0.07624681,3.7507,-0.0076223672,-0.086010225,0.02342604,0.018672718,-0.004258489,0.0007299294,-0.006389693,-0.0024291445,0.0022973644,0.030944219,0.02426944,0.5080124,0.006304402,-0.028444847,0.00261417,0.002680385,-0.004376897,-0.038889095,0.0009505575
2.6405807,0.39483905,-0.0879949,-0.002267908,-1.7992473,0.0032628595,-0.29854146,-0.06825357,-0.16608404,0.0035192738,0.022833735,0.2988767,-0.0025892712,-0.014345327,-0.0014529357,-0.006314155,0.7227926,-0.0053221923,0.108314596,-0.015964912,-0.07425662,-0.050548017,-0.008756892,0.00959928,0.0011569457,-0.005401606,0.0022701882,-0.18426271,-0.09128324,0.013299224,0.017011793,0.007768681,-0.0029193924,0.012561894,0.04979351,-0.00458083
20.434454,1.0707717,0.06927576,-0.0022313641,-1.6201347,0.0050186026,-0.2777925,0.014601554,0.00046844612,0.0028934237,0.023392482,0.28504682,0.010428049,-0.004799006,-0.0005322838,0.08544831,3.8645477,0.013223686,0.0328903,0.011250902,0.019297713,0.024231516,-0.015579418,0.00174092,0.0069879848,0.013735855,0.013213231,0.3332512,0.34424955,0.020419495,0.041148577,0.0054642656,-0.0109761525,-0.0006652743,-0.024441222,0.017652338
-7.3098145,-0.64997774,-0.0025032104,0.0010647975,1.1332225,-0.00084036996,-0.08191857,0.0049753636,-0.027695835,0.0032886683,0.013515519,-0.08195142,-0.00028791957,0.0052878065,0.00028436017,-0.0016426282,-1.1659443,-0.02454016,0.0865215,0.0026708904,0.00097501423,-0.03701118,-0.007123251,-0.0014743849,0.0013014638,-0.00976565,0.00482511,-0.10380294,-0.1440366,-0.008562527,0.00040959485,0.00060496706,-0.0022465603,0.0012622313,0.0124969585,0.00033769215
17.60057,1.3862064,-0.026623545,0.00018565853,1.2561233,0.014498988,0.09848456,-0.0067553576,-0.0020711974,0.0043751607,0.108837344,0.50013685,0.0070284503,-0.0070453933,-0.0040352545,0.05661393,2.474525,-0.04693745,0.04779449,0.01486932,-0.004587436,0.052393027,-0.0002514418,-0.0030864023,0.028571533,0.010435413,0.009759151,0.07272918,0.290644,0.00020419192,-0.0055648256,0.0009959573,-0.0015368486,0.0015135048,-0.01846745,0.020659683
10.3135605,1.229096,-0.043344997,0.0026424644,1.2976621,0.000229762,0.1897081,-0.02038804,3.5045196e-07,0.0057769064,0.14176531,0.25444424,-0.012683415,-0.0060142702,0.0021572497,0.028196657,2.4315343,-0.048019778,-0.107555814,-0.00916102,0.001109943,-0.016639315,0.0023705333,-0.0020947924,0.0037082308,0.022414085,-0.011311645,-0.1412418,0.23107961,-0.030749641,-0.0041072457,0.005608518,-0.002110683,-0.00056723674,-0.02536511,-0.0080205295
20.613768,1.1664778,0.097019725,-0.0029237198,-1.8855114,0.0067910077,-0.16104934,0.009011555,0.026700249,0.004024202,0.13236248,0.38920963,-0.0068685487,0.020007806,0.0015293192,0.25528178,3.1278994,-0.05243077,0.24798886,0.0059392373,0.039320603,0.023061931,0.0050039715,-0.0013495169,-0.00038031116,0.010341081,0.019769792,0.63231856,0.32920426,0.013998428,-0.020632986,0.012017372,-0.0047692936,-0.0047410536,-0.026343096,0.026301606
1.6113638,-0.6614314,-0.09702666,0.0016839793,1.3296415,-0.0044393535,0.096593104,-0.021966377,-0.22559817,0.021912081,0.061351746,0.1922753,-0.004820884,-0.013334702,-0.0026777922,-0.012271699,1.9028019,0.04644277,-0.052350476,-0.008745587,-0.02445633,0.006961059,-0.0033514693,0.018733183,0.0010155616,-0.0005602981,0.008987274,-0.54661447,0.25384635,-0.003832164,0.020364806,0.01241475,0.00795137,-0.002611996,0.028037352,-0.0026769892
-7.3191323,-0.6092721,-0.036202043,-0.0013043528,1.1949744,-0.00069893,-0.023912165,-0.0075892033,-0.0037383426,0.0027981596,0.018231967,-0.07141994,-0.0009211572,-0.00494405,0.0014305072,-0.0031013773,-1.1950864,-0.032437097,0.084514745,-0.004718445,-0.01164843,-0.024715165,0.0040594595,0.001456121,0.00041858613,-0.005393655,-0.006716802,-0.10059678,-0.13027915,-0.0067984643,-0.00865918,0.0038637482,-0.0020956735,-1.8497933e-05,-0.00093274424,0.0011985367
-1.1474621,0.25378832,0.03730552,0.007079612,0.41194364,-0.004596373,-0.11986979,0.0104282815,0.0066412077,0.004221417,0.024189249,-0.17482722,-0.0032535119,0.0065286835,-0.00012434056,-0.03858537,-0.17779712,-0.0035955973,-0.0049561,0.004871481,-0.0005634705,0.024682691,-0.011868395,0.0025744422,-0.0037146497,0.0040908074,-0.017587252,-0.18869622,-0.08308998,-0.006008632,0.0046029864,-0.00040232498,0.018502794,-0.001954486,0.0007667906,0.0015572952
-7.3643007,-0.61029965,-0.02412422,0.0022256747,1.2169956,-0.00084859953,-0.023480402,-0.0036351092,-0.040275656,0.0030895143,-0.019902445,-0.078131236,-0.0074283746,-0.0009185356,-0.0005441952,-0.0041188304,-1.1702306,-0.0314711,0.085874096,-0.00066373043,-0.001335941,-0.023122275,-0.0046320334,0.0013787539,0.007381317,0.0061757355,0.0047912574,-0.09892404,-0.14394,-0.004819605,0.0067372364,0.0012486412,-0.0020788915,0.0019174052,-0.008623262,6.761441e-05
-7.3949714,-0.6420179,0.022038579,0.0022470711,-0.26229277,-0.0010540335,0.0031732777,-0.0033633944,0.014537735,0.0031982264,-0.021986736,-0.08291018,0.0019184692,-0.00053236366,-0.00062099355,0.0005744563,-1.3013328,-0.030704347,0.09467268,-0.0048628026,0.0024893,-0.06270471,-0.0067592044,0.0018563889,-0.0027751743,0.006044149,0.0063260975,-0.07982468,-0.1488468,-0.0056416993,0.0037681537,0.0010553238,-0.003509335,-0.000756532,-0.012461738,-0.0021689893
-4.027878,0.416252,-0.05291283,-0.0025505782,0.2161514,-0.0006535168,-0.09167861,-0.01762628,0.031571444,0.0041155885,0.022772204,-0.14810814,0.0040595653,-0.0011660623,0.0022707726,-0.011457489,-0.91773015,-0.034118112,-0.015558993,-0.0066362354,0.002829473,0.04456832,0.0040629874,0.023372896,-0.005151535,0.003804126,-0.006584132,-0.41711974,-0.2109995,-0.0051395297,-0.0033882712,0.0049514286,0.0020499288,0.00051626045,-0.013268249,0.003765207
-7.303605,-0.6369782,-0.0022072385,-0.0009617642,1.2027471,-0.0012255041,-0.057248224,-0.0023265255,0.002748556,0.0034224489,0.013336476,-0.082865976,0.0038440095,-0.0009957708,-0.0007174781,-0.0047394373,-1.216357,-0.027315663,0.08959507,0.0018626564,-0.00010302573,-0.02665746,-0.0043144594,0.0021654256,8.686705e-05,0.0064063766,-0.009237176,-0.09800818,-0.1319019,-0.007272993,-0.008462829,0.0014200122,-0.002478554,-0.0006102438,-0.007407184,0.00019580015
15.8705225,1.1660964,0.044340603,0.005887605,-0.24345078,-0.014040504,0.07921121,-0.0028291806,0.041152142,0.0052638813,0.03383913,0.2280606,0.010042278,-0.0032921447,-0.004160611,0.048163656,3.3221803,-0.026129443,-0.15269957,0.021635441,0.015451044,0.033555813,0.010274656,-0.008518548,-0.0062990775,0.027549878,-0.01928797,-0.15569848,0.44576845,-0.005778533,0.0054647424,0.0030848077,0.008337662,0.004587666,-0.02313974,-0.000844365
-2.7894773,-1.7514406,-0.019752702,-0.011230341,-1.572437,-0.0020436011,-0.21720733,0.0026269418,0.024737064,0.027537296,0.040474124,0.18962269,0.0022411647,-0.000511305,0.0005842505,-0.009846987,2.3268948,-0.045101963,-0.030025195,0.0032131367,-0.027912995,-0.033300404,-0.0028776582,-0.012641668,-0.0131409345,-0.00816675,-0.0031500054,-0.38255408,0.24348024,-0.009120485,0.012431434,0.0034423955,0.019900985,-0.0021153474,0.0064828075,-0.014621068
-7.4032097,-0.62023187,-0.006031344,-0.010317163,1.2210299,-0.00047934864,-0.013915924,-0.0031948267,0.00518772,0.0035071447,-0.02340306,-0.08446681,0.00358486,-0.003910028,0.00065366447,-0.0040127193,-1.2886717,-0.012857902,0.08791555,0.002267693,0.00055992283,-0.024445303,-0.004215559,0.0024021948,-0.0036339299,0.007522444,-0.008595799,-0.0432509,-0.12724909,-0.0024564194,-0.00012581759,0.0006794227,-0.0022827925,-0.0007304585,-0.008160332,-0.0037683984
-7.3302193,-0.64152557,-0.0047344086,-0.002008095,1.2037121,0.00057187263,-0.023992049,-0.002356995,-0.017017674,0.0031625633,0.012910864,-0.07857731,-0.0074315285,-0.0012654933,-0.00036031433,-0.0042064246,-1.2010741,-0.025589563,0.08935101,0.0019005168,0.0014580074,-0.027101867,-0.0041972958,0.0003566603,0.002381268,0.005854531,0.008265851,-0.10062501,-0.13538519,-0.00645314,-0.003189622,0.0017244121,-0.001959459,0.000194644,-0.008235345,0.0028342553
24.684502,1.3894241,0.10306038,0.021584261,1.1143725,0.013081179,0.080947824,0.009593677,0.057125155,0.0045595393,0.077098064,0.30019966,0.06003451,-0.0030336794,0.002202949,0.09324135,4.259239,0.040044565,-0.06483332,0.03108231,0.021026418,-0.022094436,-0.0068285977,0.02096009,-0.0008386557,0.016783135,-0.008620665,0.53551066,0.5624244,-0.004087477,-0.023919001,0.010701518,0.04728109,-0.00043062482,-0.0053365044,-0.029489892
-7.4044666,-0.62270945,0.012866703,-0.01057568,1.2154902,0.0011931143,0.023956798,-0.004163223,0.016471617,0.003831546,-0.025517857,-0.087523654,0.0043852665,-0.0026700718,0.0010317739,-0.003189754,-1.3044059,-0.013420442,0.0971633,-0.0005647436,0.0051283063,-0.020414153,-0.008206095,0.003923954,-0.004648908,0.00651096,-0.0056371894,-0.04052817,-0.13216297,-0.0036382847,-0.00056910596,0.0018166025,-0.0020958083,0.00099364,-0.007687008,0.006126886
-7.3510284,-0.63747233,-0.0040456224,0.0006703199,1.2074411,-0.0034791913,-0.018263178,-0.0019550931,0.007849484,0.0028055161,-0.018799543,-0.08264064,0.0033440874,0.00015465703,0.00012161193,-0.002260398,-1.2231051,-0.019872287,0.08930961,0.00060422666,0.00030500957,-0.022227172,-0.006328602,-0.0011257628,0.0035115976,0.00015303989,0.0046224296,-0.0723246,-0.14320022,-0.0065150596,0.0061985156,0.001704185,-0.0021522383,0.00064522086,-0.008166635,-0.0007280222
-7.291365,-0.6121029,-0.033312388,-0.0011696873,-0.42060244,-0.0046223644,-0.13863559,-0.0037387619,-0.0025842336,0.0023528398,0.006066071,-0.0683146,-0.0011750394,-0.0052911867,0.0006293926,-0.0018748019,-1.2877101,-0.045185875,0.08163156,-0.004013574,-0.010786121,-0.020715483,0.0047457376,0.001765655,0.00648683,0.005513265,0.0066285133,-0.23917831,-0.14655416,-0.0044870772,-0.006133104,0.0028104093,-0.006118894,-0.0011099061,-0.0067597935,0.0008724752
2.2221022,0.6910066,-0.020347226,-0.00011174785,1.3324511,7.938533e-05,0.097982,-0.017569177,0.009254255,0.0022804036,-0.028200667,-0.41502887,-0.016463548,0.002008375,0.001167242,-0.06014488,0.70938057,-0.0541521,-0.067529865,-0.0062125656,0.0016923529,0.0040610367,0.0147760045,0.00071371277,-0.00013692153,-0.007276797,-0.014208518,0.07021663,-0.022647792,0.0012443843,-0.011139241,-0.00044098127,-0.014203823,0.0014563955,-0.013037761,0.0025854586
-6.323959,-0.28057623,0.01024126,0.0010926421,1.2238312,-0.0015504792,-0.08414354,0.0149531225,-0.03740367,0.001763469,0.019610517,-0.103207886,-0.0012726691,0.011826259,0.0011674614,-0.003340454,-1.053476,-0.03085576,0.06543307,0.0033209966,0.005167747,-0.0009859531,-0.0025934447,0.0009274903,0.03330352,0.00046659433,0.013756188,-0.13728991,-0.14862771,-0.009409168,0.0010442918,0.0018829703,-0.0013895484,0.008803195,-0.012817482,0.0022595308
-7.2817106,-0.6039687,-0.029810902,-0.0011854668,1.2082427,-0.0026238102,-0.090873435,-0.0038245474,-0.005206339,0.0028254823,-0.0066406513,-0.07151451,-0.00191968,-0.004644811,-0.00033769663,-0.0050654523,-1.1918222,-0.032272197,0.08316362,-0.0042310045,-0.008500847,-0.026099183,-0.0051526325,0.0009791175,0.0018880144,0.006353633,-0.0077166776,-0.0969377,-0.13235316,-0.007379506,-0.00730881,0.0023895728,-0.0015234249,0.0006363313,-0.006944659,0.0018108912
9.621646,0.77261037,0.032413427,0.00040104767,-1.1892217,7.5693635e-05,-0.20596431,0.01560668,-0.015132491,0.003286535,0.08998716,-0.04728425,-0.0032851708,0.010144059,0.0033830164,-0.0010821798,2.3210917,-0.07131599,0.03993196,0.0030661197,0.019623686,0.074561946,0.0058746003,0.0010259,-0.0019410121,0.00668351,-0.013926708,-0.2617861,0.18033499,-0.010680858,0.0028906506,0.003875017,-0.0084657455,0.009770846,-0.018134195,-0.008739324
16.445574,0.8413992,0.056454092,-0.0096589215,-0.584816,-0.019036204,-0.08667237,0.016374782,-0.0011963504,0.002442545,0.03286208,0.36163974,-0.01806897,0.033293284,-0.0008455339,0.24860033,2.796719,-0.07352868,0.18844439,0.0137173515,0.071632124,0.048211917,0.008878502,0.00024428053,0.009726223,0.021703422,0.013408998,0.52660394,0.08826738,0.0096215,0.02660278,0.0031876576,-0.0019147382,-0.005539936,-0.025473258,0.012665087
-1.6761489,0.19902164,-0.005456699,0.005409584,1.2434657,-0.0070145624,-0.094356045,-0.0001998685,0.008466267,0.004736552,0.023048552,-0.15126461,0.0041959877,0.0003056703,-0.00036555316,-0.028892374,-0.22763039,0.0016985432,-0.0069547966,-0.001445428,0.00401204,0.024763329,0.009651835,-0.0007706287,0.0012398895,0.0044365837,-0.012649901,-0.18208079,-0.18717979,-0.0042708972,0.0015883585,0.0063972627,0.003170759,-0.0013811864,0.006309196,0.008727947
-7.283723,-0.6013037,-0.03184151,-0.0005177868,1.222766,0.00010616208,-0.11053564,-0.0035973245,-0.004827559,0.0024195618,0.0064411387,-0.070716634,-0.0015198452,-0.00481006,0.00023860931,-0.002728587,-1.1971331,-0.03633857,0.083070815,-0.0034490246,-0.011296964,0.016019719,-0.004659846,0.00059652294,0.0056847967,0.005651962,-0.0046796305,-0.1046719,-0.13899569,-0.0068646693,-0.008386467,0.004324017,-0.003980912,-0.0010239154,-0.0075849635,0.0016480805
-1.650625,0.12461921,0.003564512,0.007014268,1.249533,-0.003190757,-0.19639893,0.026586693,-0.006125946,0.0045879562,0.022915669,-0.17582484,0.00476448,-0.00097361015,-0.002157156,-0.032750458,-0.34759772,0.0038450998,0.063941285,0.0039287275,0.003969998,0.023903415,-0.0035934001,-0.0005796765,0.0012730283,0.0062148646,0.012339645,-0.180652,-0.18560545,-0.0022485098,0.0026066161,0.0016012979,-0.00020069272,-0.0013785558,0.042670082,-0.0015735852
-7.2754235,-0.5969285,-0.036680423,-0.0011071538,1.1960379,0.0014216779,-0.0725771,-0.0019471766,-0.03112326,0.00362302,0.015137441,-0.06824689,-0.0016925625,-0.004793188,0.00056305714,-0.0032425236,-1.171976,-0.037718736,0.091178335,-0.0031649785,-0.013018518,-0.024238067,-0.005472206,0.002321083,0.009420256,0.006350368,0.0028998202,-0.11320011,-0.13654141,-0.007348217,-0.001644698,0.0036981434,-0.002320454,0.0029772618,-0.005734827,0.0011310348
-7.166237,-0.48298404,0.007379213,0.0046333913,-2.0969129,-0.0007123986,-0.17047384,0.008178814,-0.026305003,0.00075531274,0.02126972,-0.080935895,-0.0004987859,0.0042917,0.00094492297,-0.0020061568,-1.2680674,-0.028967813,0.099276334,0.0024042479,0.0016105726,0.03645577,-0.0022876281,0.0036777556,0.011725754,-0.006775548,0.007749377,-0.48126036,-0.16149141,-0.0077401935,0.0019662036,0.008877972,0.00047371516,0.009567163,0.0076923296,0.0020606313
-7.2818513,-0.6143166,-0.023695588,-0.0008586099,1.208723,-0.0011578999,-0.07108977,-0.0040738154,-0.0061629703,0.0024160761,0.012670336,-0.07852068,-0.00801982,-0.0010612044,-0.0007829307,-0.004594412,-1.2066739,-0.033211846,0.08708963,0.0005572591,-0.0013394929,-0.02626884,0.002496968,0.00017776305,0.0033294517,0.004352505,-0.008078445,-0.09815354,-0.1324755,-0.0058835647,-0.0070384014,0.0018155483,-0.0025044011,0.0012377078,-0.012144845,0.000679284
-3.9468591,0.08307145,0.00015010695,0.0012403451,1.2733803,-0.0012216517,-0.011531797,0.0038250743,-0.03236084,0.0037672685,0.017114867,-0.09874412,-0.010091026,0.0009969346,-0.0002201408,-0.009938736,-0.79007006,-0.016060052,0.032957535,0.0064243027,0.0042640967,-0.0181397,-0.004726211,0.00013854913,0.0002179536,-0.009957107,0.0074692545,-0.06600476,-0.16789699,-0.006606088,0.0016103961,0.005732472,0.012254974,0.005529966,0.022942005,0.0016766118
19.225973,1.2857813,0.045704167,-0.005606919,1.1876762,0.009878533,0.19792464,0.011599632,-0.008588603,0.0032478052,0.13917178,0.31992742,-0.07886842,-0.0004987646,-0.0033461368,0.06971804,3.765243,-0.00729058,-0.09911745,0.00076166674,0.016862068,-0.0020657785,-0.004710797,0.0012132524,0.002022315,0.01573331,-0.008622733,0.35004494,0.5056225,0.003153023,-0.0067518456,0.0017513047,-0.0060736816,0.0073491726,-0.021971736,-0.0031397603
-7.2698355,-0.59609073,-0.032253698,-0.00066551956,1.2071261,-0.00030314573,-0.070934065,-0.007090677,0.0086263595,0.0033682853,-0.02369966,-0.07748157,-0.00065446517,-0.005117948,0.00029377255,-0.0031501027,-1.2734861,-0.007275244,0.08098161,-0.003773469,-0.004328181,-0.02678041,0.004121853,0.0003846129,0.004085238,0.0061677415,0.005389709,-0.054784317,-0.14363195,-0.004526832,0.00047971937,0.002228781,-0.0030493168,0.0008304165,-0.0063339537,-0.002336661
5.768334,0.71597767,0.022969484,-0.0006261668,1.2406082,0.0038213998,0.12333344,-0.0062094573,0.02241946,0.0030085165,-0.14367703,-0.55008596,0.008405845,-0.010538022,-0.0016974561,0.10543252,1.8598491,-0.09638323,0.08098222,0.0032104265,0.017112657,0.002851874,0.0033136676,0.0078752795,-0.004310237,-0.022746835,0.007910915,0.16029456,0.018331967,0.021381248,-0.036352977,0.00039110583,0.009446414,0.01035433,-0.00052851014,4.1034065e-05
-5.4799995,-0.50321066,0.0070796856,-0.0011057304,-1.8760105,-0.0022862055,-0.0626821,0.008680962,-0.015161625,0.0036813936,-0.044494856,-0.09556135,-0.0026762602,0.009785842,0.0018018046,0.036259558,-0.91168565,-0.043452714,0.05364491,0.00043651887,-0.00562544,0.023335993,-0.0012527183,-0.00017195527,-0.0063152253,-0.0055600917,0.0035852848,-0.056401953,-0.16399975,-0.0038441531,-0.011780397,-0.0012889297,-0.017002154,-0.0071864123,-0.0039335294,-0.0018349403
-7.241701,-0.61879075,-0.02698005,-0.0005679489,-0.70399886,-0.0006725138,-0.12346522,-0.0047564483,0.0010976342,0.0024447148,0.016311519,-0.07693564,-0.0047642905,-0.0012642901,0.00058433926,-0.0018398385,-1.303217,-0.040601186,0.08135272,-0.0017348331,-0.0011919093,0.0030833047,-0.0053509655,-0.0008416506,0.0020471325,0.004703166,-0.008358119,-0.30178124,-0.14270684,-0.0067391843,-0.0063396413,0.0015339092,-0.0031708016,-0.0010268497,-0.0069070724,-5.4130294e-05
3.9084065,-1.3119485,0.051739044,-0.0033342694,-1.7484683,0.015038426,-0.18710418,0.017092869,0.026037185,0.002167147,-0.0028413055,0.2100652,-0.0050699823,0.009408742,0.001861871,0.021945039,2.910162,-0.7075172,-0.03523136,0.0052866605,-0.002067934,0.02631032,0.008293244,-0.0008658757,0.00019309393,-0.00478686,0.022118378,-0.8443555,0.46435818,-0.009242473,0.0488893,-0.004574268,-0.0065237586,0.00053554936,0.047434878,-0.00737752
-0.5469159,0.8907605,-0.023714503,-0.0007354745,1.2631692,0.003573046,0.042461373,-0.012170187,0.017395474,0.0041716294,-0.0610325,-0.21975423,-0.0137229,-0.012640008,-0.007308161,0.027121298,0.06024895,-0.03702046,-0.09334736,-0.0009619933,0.004458339,0.010386159,-0.012807548,0.0011785714,-0.0076886816,0.0067500914,-0.01972303,0.014214733,-0.14189324,0.001849764,-0.04403132,0.0031425883,0.003571223,-0.0012253028,-0.01063067,0.007180813
-7.3285594,-0.66755706,-0.0024657845,0.0012552559,-1.8292844,0.0009366009,-0.15713426,-0.0016383834,-0.03175817,0.0034079563,0.012490513,-0.08106623,-0.0011081115,0.006536436,-0.0013032876,-0.0017827406,-1.2985848,-0.029016852,0.07880842,0.0023378378,0.0011640069,0.048262592,-0.0037983544,0.00203414,0.00725504,-0.009416369,0.0043888856,-0.48137316,-0.15580174,-0.0072416435,0.002770274,0.005218851,0.0033427621,0.0035958248,0.010864988,0.0011529415
9.875439,1.0485641,-0.10625248,0.0019772635,-0.6379764,0.00408303,0.069417305,-0.018829996,0.0017649066,0.0032909578,0.05178938,0.36128718,-0.009372155,-0.017891545,0.000710379,0.03891447,2.8576157,-0.051150095,-0.12867907,0.018762076,0.022441318,0.060248304,0.0053380113,-0.00420374,-0.00047105178,-0.015302097,-0.014176608,0.0025749486,0.21070471,0.00028200343,0.00067765603,-0.01207306,-0.0035398873,-0.0040195063,0.034747805,0.0026945043
14.124932,0.89010435,0.028833937,-0.012907831,1.283226,-0.00036680183,0.1466842,0.018146917,0.0038377023,0.0036662514,-0.01108043,0.15402943,-0.118768044,-0.0046381736,-0.000771047,0.052290913,3.5891135,-0.040346146,-0.10842294,0.006070385,0.016920462,-0.018515922,-0.00361638,-0.0006517218,-0.0019216761,-0.030352153,-0.009899369,0.30209282,0.4558391,0.019286936,0.0015963042,-0.0014204003,0.0014080026,-0.00020104076,-0.025807347,0.0098359585
-7.313572,-0.63098824,-0.029378807,-1.640793e-05,-2.1656215,-0.00061061385,-0.16527204,-0.005983656,0.0012898907,0.0017653727,0.014537742,-0.07119442,-0.00398858,-0.0038189483,0.0009796881,-0.0021975224,-1.3488503,-0.03388642,0.080740996,-0.003795447,-0.010758831,0.021404436,0.0026998704,0.00013492719,0.00023378115,0.0062040943,-0.0043275617,-0.48565513,-0.15365411,-0.0068239043,-0.00435478,0.0020619736,0.0063666473,-0.004647564,-0.009470766,0.006179623
-7.3312597,-0.66715723,0.011421569,-0.00043702882,-2.0855987,-0.0044301418,-0.15565398,0.004966058,0.004997863,0.0030846284,0.014055109,-0.0810661,0.0032401932,0.0009249463,0.00029506476,-0.0034660634,-1.3559526,-0.037140965,0.088190824,0.00041092196,1.5839187e-05,0.041010015,-0.001624474,0.0011519861,-0.0042590904,0.0065023485,-0.009432299,-0.4808345,-0.15471324,-0.0057595237,-0.0046294443,0.00020824958,0.007160023,-0.002827212,-0.0076256027,0.003013061
-0.5688853,0.7673013,0.021529026,-0.00065133633,1.2455453,-0.0013721763,0.050734006,0.008380328,0.008444268,0.003999718,-0.04591501,-0.28121647,-0.011052484,-0.0014811865,0.000613544,0.05503264,0.1405222,-0.048223298,-0.08742385,0.0034330883,0.0070292703,0.012427621,0.0040733465,0.002148924,0.0026635742,0.00032120888,-0.022426154,0.008666163,-0.10150795,0.0010711619,-0.0004284612,0.0006621355,0.0048312354,7.300385e-05,-0.013966598,0.004493521
0.7287823,-0.9727268,-0.0018844161,0.0011635221,-1.7294863,-0.0027742358,-0.13925017,0.011823513,-0.28408787,-0.038081955,-0.038686223,-0.018615909,-0.0001643417,0.011136248,0.00013847183,-0.0017702654,1.8375834,0.053038646,0.006029635,0.0015283285,0.009943955,-0.0008669747,0.0013403713,0.009187815,-0.0034520773,-0.024300514,0.007017706,-0.87927663,0.26227704,-0.009822092,0.044107974,0.00072694896,-0.011671034,-9.8962206e-05,0.03501399,-0.0033572905
-7.282629,-0.60397565,-0.01992922,-0.0020017733,1.1984781,-0.0014145031,-0.06445599,-0.003780423,0.0019094755,0.0027007607,-0.020412209,-0.07988198,-0.006944966,-0.0022492427,1.0914632e-06,-0.004094807,-1.2220123,-0.029514482,0.08500726,-5.2290925e-05,-0.0012142296,-0.026234183,-0.004115924,-0.0016042291,0.00024314398,0.0047051557,-0.008407081,-0.07218853,-0.13944739,-0.0056490637,0.007258393,0.00122888,-0.0026117342,0.0011824314,-0.0074465093,0.000501252
-7.3693795,-0.6115974,-0.030016571,0.004777995,1.2109909,-0.0003832359,-0.0012250775,-0.004590637,0.004352111,0.0019974073,-0.02285939,-0.07556282,-0.0005091181,-0.005260655,0.0009775418,-0.0022441312,-1.2300736,-0.026929699,0.08790716,-0.00064002717,-0.0061772107,-0.020356674,-0.0054657245,-0.00022170696,0.0012125658,-0.0005052764,-0.0069516995,-0.082403935,-0.13130197,-0.0057060686,0.0032454121,0.0008782217,-0.0013911052,0.00010259091,0.008170646,-0.0017986572
-7.328517,-0.67945105,-0.0048029083,0.0017173428,-1.5846117,0.00019535016,-0.08634512,0.005991426,-0.036550198,-0.014475377,0.013065975,-0.08287532,0.00013374184,0.005213831,0.0013994777,-0.0031191194,-1.269844,-0.029227631,0.08048647,0.0027836366,-1.4821344e-06,0.049946647,-0.0050464747,0.002871265,0.0066160457,-0.009986209,0.008648949,-0.4745719,-0.15636276,-0.0074278866,0.003642064,0.00093081075,-0.0011637905,0.00024106624,0.01054167,-0.0012353079
-7.308032,-0.6315576,-0.0045617996,0.0010782307,-0.4842575,0.00032818652,-0.114046276,0.0011237927,-0.026212633,0.0032133914,0.012821976,-0.07974003,-0.0040296274,0.0001631732,0.0002685741,-0.003154196,-1.290168,-0.03292286,0.08247976,0.0014450294,0.0010362553,0.080928825,-0.002938943,4.428526e-05,0.011253919,0.003406052,-0.009358857,-0.4507051,-0.15123655,-0.007426726,0.0012046356,0.0012068935,0.006748583,0.0020882522,0.002880073,0.0015034475
-7.2729254,-0.60412574,-0.031088615,-0.0011661252,1.1993093,-0.0014988143,-0.07124327,-0.0047407444,0.0013268644,0.0027180805,0.0130019,-0.07049485,-0.00724301,-0.002275534,0.0009214288,-0.0035389767,-1.2069671,-0.03497885,0.084624894,-0.0034145394,-0.009886611,-0.025465969,-0.0042715296,-0.0006774295,0.002610307,0.006206942,-0.006997212,-0.10014865,-0.13206117,-0.0067292955,-0.008406426,0.0012385838,-0.0035413231,-0.0008537381,-0.007478726,0.00059113995
8.9845295,1.0744615,0.020897338,0.0030708206,1.3132634,-0.00022986488,0.15171272,-0.0027720793,0.0029123377,0.0037509443,0.10397889,0.023118753,-0.04271439,-0.0013458536,-0.0035378765,0.019564627,2.1860979,-0.03365557,-0.102832764,0.0023298692,0.010644794,-0.023445187,-0.011125377,-0.0031573148,0.003229504,0.019511119,-0.018404722,-0.2603795,0.18185417,-0.009495725,-0.0045308676,0.00038586717,-0.009476711,-0.0013724808,-0.01614379,-0.008125875
-7.3106294,-0.6269647,-0.024903437,-0.001251812,1.1965098,-0.00061905326,-0.033338215,-0.0039312807,0.005309936,0.0027207716,0.00666179,-0.077568285,-0.0072194086,-0.0023452302,-0.0008700463,-0.003570173,-1.196179,-0.031391867,0.08841648,-0.0007541458,-0.0015440881,-0.025456732,-0.0029118885,0.000889769,0.00020485766,0.006382119,-0.008078909,-0.09683104,-0.13241334,-0.007778176,-0.009181732,0.0022842737,-0.0013338578,0.001968797,-0.0074208598,0.00062753283
-7.318001,-0.62088233,-0.02426887,-0.0012005923,1.193862,-0.0003599623,-0.020130979,-0.0040270034,0.0026100192,0.002683966,0.012088485,-0.077301696,-0.0067862296,-0.0021020141,-0.00014189958,-0.0034558605,-1.2075809,-0.03065299,0.08742656,0.00023201504,-0.001920574,-0.033601232,-0.004083289,-0.0007295728,0.0018488008,0.0063863276,-0.0077276262,-0.10551069,-0.13793354,-0.0077826986,-0.0084529575,0.0019810037,-0.0011569269,-0.0003648295,-0.0075526875,0.00070665096
-7.2698526,-0.66367924,0.005296653,-0.0010135067,-0.7316998,-0.0012256926,-0.1507564,0.0053726304,-0.028711982,0.003047132,-0.016470408,-0.08199978,-0.0017767622,0.009867874,0.000983078,-0.00213067,-1.290393,-0.037561238,0.08748447,0.0010977958,0.00065814896,0.07359545,-0.0036812355,-0.00039511413,0.010369093,0.0034857579,0.0061952393,-0.434221,-0.16622692,-0.0013521516,0.010648554,0.001881875,0.0014735698,0.00014225199,-0.0069718827,-0.0026971058
-7.297873,-0.63626254,-0.03541629,-0.0010275048,-1.9020228,-0.0019188202,-0.10401479,-0.0053291977,-0.03163661,0.0028000316,0.013612819,-0.070817046,-0.0029362484,-0.0059478325,-0.0011099372,0.00026221693,-1.2808805,-0.035765745,0.087645225,-0.0025894332,-0.013200225,-0.07290122,0.002649605,0.0037063444,0.008659498,-0.00015934657,0.0029019555,-0.15087128,-0.1623266,-0.0069229044,0.0016257456,0.0047820252,-0.0035588113,0.005602548,-0.008874488,-0.0014910445
-7.337683,-0.60224545,-0.023885995,0.0006156856,0.7751136,-0.0022800576,-0.13730337,-0.0037167,0.005158429,0.0019810076,-0.020110404,-0.07632488,-0.0043150852,-0.002519749,0.0010246604,-0.002375881,-1.2511686,-0.03744254,0.080056466,-0.0013494563,-0.0013331136,-0.004992631,-0.004005394,0.00093558256,-0.0007767176,0.0052519133,-0.008411232,-0.22803365,-0.14520033,-0.005153562,0.009258122,0.0025784888,-0.0041484567,0.0005459932,-0.007523862,-0.0010875273
-3.9146628,-0.15244699,0.015077696,-0.0004243674,0.018083531,-0.0040308842,-0.20979048,0.012132073,-0.011819847,0.002290747,-0.05128028,-0.17259815,-0.0025424971,0.0062244097,-0.00050835067,-0.011780872,-0.37640896,-0.04779345,0.005574856,0.0021155428,-0.0030905018,0.0059196525,-7.207855e-05,-0.003923149,-0.0013268857,-0.003244597,0.011113113,-0.028613448,-0.18571047,-0.0007415018,0.0030592007,1.7389102e-05,-0.04733349,-0.0020884254,-0.00036953628,0.0030096578
4.064838,0.8557612,-0.00013156324,0.00025997672,1.3132863,0.00047560036,0.085413955,-0.011929371,0.0077154716,0.002599282,-0.18673836,-0.13019651,-0.021931088,-0.0075104153,-0.00145841,0.011299602,1.8205236,-0.049126912,-0.081243984,0.002808713,0.012241554,0.0061741695,-0.013069225,0.003996181,-0.00011516915,0.0014066792,-0.005474916,-0.1349496,0.08872823,0.00279387,-0.008354882,-0.00033954225,-0.01049703,0.00081107696,-0.013944141,-0.000992021
-6.6554384,-0.36739644,-0.0030089861,-0.00093611114,-1.0647041,0.0097392155,-0.046322204,0.0047419444,-0.033413388,0.002617524,0.019026278,-0.09364407,-0.0033747603,0.009312437,-0.0014164301,-0.0032500967,-1.0449553,-0.036026686,0.05937504,0.000868376,-0.0006807912,0.06475929,-0.0029313995,0.0046261754,0.0087356595,-0.00039058013,0.0067720204,-0.39316207,-0.1625313,-0.00830806,0.003972734,0.00141012,0.002193191,0.0042325156,-0.012340457,-0.001971075
-4.128946,0.094368316,0.01989495,-0.0003375224,-2.19254,0.011394516,-0.20036852,0.011687808,-0.007226003,0.0020914585,-0.048836466,-0.108371586,-0.0068269838,0.008843217,0.004091815,0.03596129,-1.0142576,-0.027843628,0.036150463,0.0059311166,-0.0013423719,0.023808744,-0.006439898,-0.007128167,-0.0065712007,-4.843565e-06,0.0060163066,-0.024527058,-0.18044077,-0.0039815395,-0.005224822,-0.00030661162,-0.028287845,-0.0057172887,-0.015887812,-0.008969531
-7.309301,-0.643799,0.0038840238,0.0005823249,0.68551487,-0.0012942011,-0.11309841,0.0047343527,-0.029109675,0.0031215213,-0.0046777185,-0.07935551,-0.0023802752,0.01036941,0.0010295388,-0.001821882,-1.209392,-0.035764996,0.08472806,0.0030083405,-0.00075042166,0.06517409,0.0029623925,-0.0009928737,0.009364609,0.0067019826,0.004600288,-0.32595626,-0.1492832,-0.0064244145,0.0038569926,0.0012720444,-3.4907152e-06,0.0022147591,-0.010277732,0.0013161865
-7.2687855,-0.6149301,-0.02449008,-0.00081408664,-0.4852271,-0.00096371426,-0.09720993,-0.0048051393,0.003940928,0.0035521807,0.0064849085,-0.07851822,0.0026618359,-0.005350376,-0.00036055085,-0.004286002,-1.3063332,-0.041316904,0.0827422,-0.0012643634,-0.0029368869,0.075576454,-0.0033415912,0.00015702187,-0.0018638809,0.005718632,-0.008736819,-0.39966285,-0.1442971,-0.0064734756,-0.0059829666,0.0016805922,0.013128198,-0.0023799497,-0.0068399194,0.001830405
1.4024835,0.9864887,0.06497741,-0.003931299,-1.657485,-0.011980433,-0.027880015,-0.006477294,0.030071564,0.002997507,-0.05276093,-0.26440912,0.002547641,-0.00045418524,0.002618379,0.07275481,0.25712058,-0.04831249,-0.08607909,-0.010429777,0.007377468,0.032538787,0.0049374164,0.0038108155,-0.010821349,0.003754804,-0.02330634,0.033987224,-0.15625076,0.013799417,-0.07452618,-0.003103039,-0.007475645,-0.0027470824,-0.010323847,0.0008773287
-6.8082237,-0.5032628,0.021651246,0.0049302154,0.6469627,-0.00048341317,-0.021852192,0.004391096,-0.0016565707,0.003193194,-0.02920662,-0.09536061,-0.0028961876,0.009490311,0.0005744554,-0.00045444394,-1.1967773,-0.004644059,0.06465963,-0.00033821614,0.0049405093,0.026546137,0.003730535,0.0024563528,0.001476994,-0.0071512237,-0.0059046317,-0.09742359,-0.15148486,-0.004797621,0.0006416306,-0.0020217255,0.007233609,-0.0036969571,0.018985663,-0.0033119286
-7.3819847,-0.6320879,0.018016256,-0.009790537,1.2229872,-0.00042888863,-0.006389743,-0.0021520643,0.0073782424,0.0022582284,-0.02601077,-0.083903186,-0.00896409,0.0007660455,0.00048251712,-0.004832335,-1.2925776,-0.0030103168,0.09043744,-0.00033732012,0.0023419259,-0.023953822,-0.006104758,0.0016029847,-0.00016850555,0.0066035744,-0.009238537,-0.06084536,-0.13335301,-0.004040401,0.0010720615,0.0007083253,-0.0017458024,-0.0005805434,-0.008088321,-0.0044398345
-7.3237443,-0.65154153,0.011023526,-0.0010870597,1.2040225,-0.0005159201,-0.042522047,0.004472809,-0.0006044893,0.003179491,0.014937498,-0.08396798,-0.000709832,0.005391326,-0.00076960615,-0.0044214954,-1.2147973,-0.02775494,0.092872456,-0.0007578883,-0.0005598305,-0.025928346,0.00040115774,-0.00018212962,-0.0036370414,0.0069331857,-0.009233452,-0.09863575,-0.13593782,-0.0060660928,-0.0065070754,0.0001354205,-0.0029466802,0.00082653103,-0.007830233,-0.00062492985
-7.252629,-0.6259693,-0.023195717,-0.0012383552,-0.7917847,0.0003196887,-0.13689412,-0.0040169596,0.0016801605,0.002985592,0.012785618,-0.08150816,-0.0044260016,-0.0018587707,0.00090606563,-0.0030444139,-1.3100604,-0.039188616,0.081370145,2.608151e-05,-0.0008175117,0.07284143,-0.0038293428,0.00057168957,0.0007433952,0.005031136,-0.009949201,-0.4279577,-0.15941277,-0.0070384825,-0.005480068,0.0007724485,0.010199704,-0.001083491,-0.007899155,0.0020781418
-7.2906404,-0.60907227,-0.029307846,-0.0004380492,1.2024837,-0.0007519321,-0.05831506,-0.004711328,-0.0070593758,0.0035275056,-0.006554075,-0.07222983,-0.0019167155,-0.004770897,0.00036415234,-0.0038037712,-1.1966643,-0.03223841,0.08404208,-0.00040921164,-0.008708939,-0.025360165,-0.0051618903,0.0014654032,0.0049737627,-0.0029364894,0.003077031,-0.090116896,-0.13094679,-0.0067443466,-0.008958645,0.00049242395,-0.0028717378,8.694925e-05,-0.0054427283,0.00070316886
-7.3403573,-0.6470771,0.013569361,-0.0009322793,1.2067562,0.000751115,-0.022697387,0.006031054,0.0015052718,0.0028177113,0.013474531,-0.08510643,-0.0011892893,0.005683616,0.0008297174,-0.0052099633,-1.2284981,-0.026950885,0.0955506,0.00015362239,0.0042446777,-0.027899543,-0.00338014,0.0013776448,0.0015572422,0.007088694,-0.0092312675,-0.097106315,-0.13392504,-0.00711187,-0.0068702633,0.00052257295,-0.002891229,3.3487035e-05,-0.008168723,-0.0013176205
-7.277811,-0.62078017,-0.024647137,-0.0046907132,-1.2068232,-0.0103278505,-0.15070796,-0.005362103,0.0010120192,0.0029149603,-0.024811292,-0.0802586,-0.0017493856,-0.0068323426,-0.0006451392,-0.012548897,-1.3797101,-0.0129741,0.081592105,0.00023409324,-0.0016242191,0.045806438,-0.0050026975,0.000117240794,0.0030766225,0.0045164526,0.0042552296,-0.2701904,-0.16431496,-0.01039671,-0.0027267593,0.0022135219,0.0023243825,0.0007507015,-0.008572138,-0.015476177
-6.4698787,0.0024643051,-0.044652175,-0.0017063181,-0.22826162,-0.00387748,-0.0066126348,-0.0053903684,0.0073980843,0.0017608386,-0.040900484,-0.08200312,-0.0038387505,-0.0053167627,0.0012426137,-0.002885616,-1.1935523,-0.042338707,0.020048838,-0.0045666005,0.0025066617,-0.052874856,0.0066208807,0.00070454646,-0.0013584347,-0.0012880763,-0.00901006,-0.104895554,-0.1695582,-0.010232942,0.000574303,0.00078323367,-0.00075923663,-0.0014683973,-0.014531249,-0.0038710642
-5.665606,-0.2060099,-0.058740407,0.0069212522,1.1864645,0.0015494602,-0.007313642,-0.013287259,-0.0411801,0.0017329425,0.014236005,-0.07070619,-0.00069199206,-0.0075952434,-0.0025406454,0.034811236,-0.9427841,-0.028729599,0.05382455,0.0010410663,-0.0154868,-0.01609003,-0.0032264828,0.009558286,0.027282938,-0.004269851,0.004246711,-0.13522796,-0.14342703,-0.008740926,-0.0019745966,0.007835991,-0.0020945526,0.010395764,0.017889675,0.0032431358
-7.287209,-0.61110026,-0.025098313,0.000108485794,1.2019743,-0.0019375518,-0.060412116,-0.0028420626,-0.00077835884,0.0033399279,0.013026962,-0.07585517,0.0032621245,-0.0022919534,1.9957624e-05,-0.004082555,-1.2120271,-0.0315848,0.08585398,-0.0007508339,-0.010324759,-0.025078524,-0.0054209423,-3.267188e-05,0.0023543485,0.0063755834,-0.00744528,-0.09917424,-0.13789456,-0.006996718,-0.0077454085,0.002052824,-0.0026122592,-2.5557718e-05,-0.007855838,0.0010232399
6.816415,1.3042768,0.032515038,-0.000726957,-1.380496,-0.002259165,-0.18884748,0.09110597,0.004750441,0.007177035,-0.013792164,-0.15451148,-0.002689813,0.036414247,0.002892487,0.14348115,-0.19199719,-0.046030283,0.4285602,0.0028815896,0.010752441,-0.004604389,-0.0018817923,0.0032517964,0.010241102,0.044282418,0.025817864,0.17433056,-0.095733054,0.028087005,0.008959119,0.002100954,-0.0016026151,-0.004224246,-0.016562559,0.0093948
-7.4183645,-0.63571364,-0.0042152433,-0.010191477,1.2050021,-0.0009130222,0.024379753,-0.0009293965,0.0033543813,0.0035074377,0.013385161,-0.08523233,0.004254793,-0.0013630097,-0.00046709244,-0.0047287685,-1.2211473,-0.019960476,0.091112025,0.0005721816,0.00075718155,-0.01817248,-0.00413211,0.0026779908,-0.00037239632,0.0064238617,-0.008985988,-0.10094445,-0.12964389,-0.0078032534,-0.0076733287,0.0014889024,-0.0011007634,-0.0005782967,-0.007752228,0.00044404546
-7.29142,-0.6451223,-0.0029143272,0.0017644912,-0.27954897,-0.0012986831,-0.07404315,-0.002393768,-0.036904324,-0.015707083,0.019797273,-0.07525063,-0.00012500124,0.004359453,-0.00096499565,-0.0025304188,-1.1246308,-0.027218714,0.077825904,0.0028937901,0.0022743323,-0.06758467,-0.006918974,0.0004955804,0.006644629,-0.0063019884,0.010740887,-0.12730762,-0.13879646,-0.005229923,0.0019834826,0.00049068284,-0.0021856653,0.001900746,0.013064424,-0.0013012326
12.447576,0.7679232,0.044872854,-0.0036062358,-1.6124508,0.0002991851,-0.21424529,0.035298765,0.009141423,0.0027993002,-0.13138987,-0.030646272,0.009787056,-0.0023757992,-0.004578245,0.09545407,3.04462,-0.025289444,-0.029857814,0.008071113,0.013307295,0.033561647,-0.009198885,-0.00089238794,4.5354882e-05,0.025417643,-0.022519937,0.21095638,0.32853308,0.03204381,-0.0033383723,0.0034537965,-0.05992286,-0.005041708,-0.02505248,0.025303729
11.82857,1.1375252,0.011025004,-0.0005743141,1.323851,0.006075621,0.15871237,-0.019727845,0.014821995,0.0035844953,0.08592685,0.37591362,-0.041396227,-0.0067096325,-0.0032194585,0.026121015,2.697653,-0.06753843,-0.1173949,0.017933706,0.010103426,-0.022110749,0.001327622,-0.0021517975,-0.0047110924,-0.014419252,-0.010992249,0.07832223,0.2995029,0.002964369,-0.00026444893,0.004069451,-0.004751047,-0.0017799332,0.03736024,0.011135664
9.103076,0.899228,0.042403013,0.00020218926,-1.6304871,-0.0044425344,-0.091547124,0.008171481,0.0068784547,0.0013116952,0.09482251,0.0276807,-0.0036890644,0.024357699,0.00021965792,0.012858475,2.404672,-0.046906956,-0.02081695,0.005867978,0.019550279,0.04270551,-0.011679241,-0.0035399902,-0.0006236853,-0.014995389,0.016847672,-0.24071532,0.24467754,-0.019856486,0.0017799037,0.0026826505,-0.0061770347,-0.002507703,0.016781501,-0.007743929
18.812908,1.3021846,-0.0017068619,0.002198289,1.1672428,0.009031566,0.13808593,0.0068977093,0.046756074,0.0033872875,0.0029637245,0.1881053,0.09207034,-0.008849803,-0.00016324858,0.07734488,3.7714221,-0.012726896,-0.10377003,0.0076780394,0.010773886,0.03863011,0.006707364,0.0037241026,-0.0012315706,0.016877925,-0.013477942,0.45408338,0.5319106,0.0015849838,-0.019570269,0.0043808282,-0.008503947,0.0077041495,-0.022816954,-0.0018169717
-0.5050486,0.5168401,-0.07956536,0.0006626651,1.1962068,0.0005692926,-0.090449,-0.024173066,-0.15642579,0.0053199735,0.024212463,0.11017884,-0.002608922,-0.010434416,0.0010351675,-0.011322965,0.47155234,0.0044448073,-0.056885686,-0.014313428,-0.09772234,0.063218065,0.0056763785,0.0077496367,-0.0011558303,-0.015742647,0.00022108028,-0.17596537,-0.09824057,0.0067340387,0.008496633,0.0025738718,0.019353868,0.0033472385,-0.016847244,0.009666048
-7.298239,-0.6089272,-0.02537851,-0.00082770066,0.6423517,-0.0018271524,-0.10979533,-0.0034860717,0.001669125,0.0023541884,-0.023123413,-0.07543034,-0.004430341,-0.0024924623,-0.002462345,-0.0027702812,-1.2431935,-0.03831845,0.085802786,-0.0011334217,0.00018801031,-0.019384328,0.003570137,-0.00013465979,0.00030217838,0.0051547857,-0.007817678,-0.100219324,-0.13840225,-0.004290062,0.0028966258,0.0021792357,-0.0035587347,-0.0010193709,-0.007284189,-0.004625787
-7.316896,-0.64433455,0.012791747,-0.00061626686,1.2114328,-0.0012360411,-0.058079846,0.0049849637,-0.0010901644,0.0028464783,0.013197102,-0.08464836,-0.0005061047,0.005271549,0.001207018,-0.005855657,-1.224229,-0.027073946,0.09234137,-4.5054694e-05,0.0037050575,-0.026673289,-0.0066664163,-0.0016884198,0.0007884992,0.007229063,-0.0068635703,-0.09794802,-0.134166,-0.0069556665,-0.005888731,0.00047000876,-0.0027480798,0.0006617461,-0.0077795153,-0.0008439006
-1.6232115,0.65195537,-0.03497095,0.0006650537,1.3067348,-0.002280509,0.028798137,-0.019718975,0.011129549,0.004180956,-0.061739642,-0.1832176,-0.011622877,-0.011264465,0.0008857488,0.020914972,-0.40009296,-0.020997873,-0.076452374,-0.003212676,0.0021964186,0.07364651,0.0053201052,0.0010432662,-0.008425878,0.0008521116,-0.045375206,-0.0523833,-0.18427566,-0.0035283258,-0.007975551,0.0023341859,0.0004215366,-0.0017754312,-0.015979286,0.0032362137
16.584244,1.1407299,0.015578596,-0.0060285614,1.3013663,-0.025873251,0.15673505,-0.0033317183,0.0018597447,0.0037071344,0.06376901,0.33276385,0.021127418,-0.00456173,-0.0026838852,0.061913107,3.6126869,0.002675766,-0.14101894,0.019281048,0.02236458,-0.014986101,0.011214044,0.00010089801,-0.0029251957,-0.01935392,-0.017294962,0.049051873,0.41814485,0.0006569281,-0.010308132,0.01119299,-0.0050974344,0.0036014877,0.010903426,-0.0014055823
-7.302684,-0.6438423,-0.0018101046,0.0012101945,1.2022628,-0.0015029224,-0.077140376,0.006460089,-0.008652724,0.0026695374,0.0069235903,-0.085511096,-0.001247768,0.009104408,0.001177271,-0.0039625173,-1.1923618,-0.027771262,0.0898027,0.0022277462,-4.7462298e-05,-0.026814755,0.004247018,0.00035946508,0.0042547043,-0.015701419,-0.0067672287,-0.08707834,-0.12848353,-0.006853797,-0.0064601153,0.0009574085,-0.0026332885,-0.00035252917,-0.0076768063,-0.00014510858
8.768046,1.2563437,0.010871225,0.00058502966,1.3181804,0.004937188,0.16170968,-0.023426125,0.0005023638,0.0038887032,-0.013162794,0.34375447,-0.015505257,-0.007862488,-0.004448625,0.031006847,2.3527315,-0.037033796,-0.12007463,0.023408007,0.0138104465,0.044430114,-0.012284087,-0.0037832747,-0.004241464,0.013362683,-0.013884963,0.066852465,0.25398347,0.0032990423,-0.032036427,0.0024967168,-0.0060568354,-0.0010348135,-0.023475457,0.010586459
-6.150557,-0.052864287,0.008954804,0.0069501516,1.2378923,-0.010354295,0.02175814,-0.008716725,0.009736445,0.0026067076,-0.029905677,-0.11277722,0.0032073676,-0.0070614116,-0.0016595819,-0.009352325,-0.93056357,0.0008865374,0.035709064,-0.00018052229,0.0030176463,0.019915467,0.000107005384,0.0022856263,-0.0061982665,-0.0016374346,0.007506631,-0.08473452,-0.1767743,-0.0029930968,0.0007480869,-0.0036388447,-0.015492912,-0.0002976564,0.005556733,-0.0028253235
-7.2768745,-0.6001025,-0.039004255,-0.0011971669,1.1991593,-0.0018928673,-0.07718749,-0.005410146,-0.033465873,0.0035462226,0.012903836,-0.07201119,-0.001670279,-0.0048982487,-0.00075732317,-0.0030075754,-1.1711575,-0.034282573,0.082407,-0.0036843386,-0.012110318,-0.023503117,0.0034180467,0.002285914,0.00742164,0.006302349,-0.007190095,-0.11492909,-0.13298543,-0.006636954,-0.00076289964,0.0067361877,-0.002005029,0.0019664343,-0.0069198175,0.0014742566
17.212027,1.033785,0.049480267,-0.002740821,1.2822175,0.005967015,0.15985946,0.016240403,-0.0026239397,0.0040712073,0.1461644,0.30552778,-0.054087408,0.020548563,0.003045259,0.06888775,3.6885083,-0.011520329,0.014737982,0.0034308766,0.016326942,-0.00839889,-0.003104,-0.0023668818,0.0019031626,0.013550804,0.016321752,0.33513746,0.42881447,-8.345625e-05,0.006133465,0.0006264514,-0.0026450888,-0.001827116,-0.024931697,-0.0033154625
8.823844,0.69669986,0.055850256,0.0009336738,1.318782,0.00037445952,0.14556493,0.0031480703,0.034698814,0.0041379733,-0.25922826,-0.4373255,0.009599786,3.6711102e-05,0.0043326896,0.07911372,2.1173782,-0.07120898,-0.015618132,-0.012329,0.0045386064,-0.0011414879,-0.009440136,0.0053362367,-0.002073375,0.016247952,-0.011153467,0.30205312,0.25241843,0.027473772,0.000893916,-0.010968028,-0.0078060715,0.0035945787,-0.01644931,0.038987357
-7.158402,-0.64638746,-0.0069754603,0.00021665115,-1.4856182,0.0054610963,-0.11756888,0.0020347522,0.00092133513,0.0039094426,-0.028471151,-0.086413406,0.0030971684,0.00075105124,-0.00046594397,-0.014955111,-1.3450147,-0.006773963,0.09806749,0.0024959138,0.0006392708,0.04836982,-0.0020071547,9.024674e-05,-0.00014010804,0.00076844264,-0.0015951507,-0.09357685,-0.15725794,-0.0101951305,0.0021545163,-0.00059194176,-0.004975451,-0.0024783683,5.496965e-05,-0.0056957873
-6.7813616,-0.38055193,0.02604114,-0.0024706952,1.248153,-0.0032065585,0.013544114,0.0041916575,0.010592088,0.0017735036,-0.025595702,-0.10036999,0.0005592386,0.0045181266,0.0013710752,-0.00022286939,-1.2105213,0.0034768416,0.068828784,-0.0030706371,-0.0015241059,-0.015140137,-0.0045028613,0.001613496,0.0017794425,0.003797856,-0.011151126,-0.061544046,-0.14900412,-0.0027288876,0.0019252474,-0.0038413755,-0.001464332,-0.0031414335,-0.01692107,-0.0016670423
-7.300208,-0.6284966,0.017190102,0.00011932208,1.204257,0.00010266308,-0.057713285,-0.0040289517,0.011592319,0.0034895584,-0.020639978,-0.084955454,0.0037701614,-0.0016072948,-0.0016181911,-0.004025131,-1.2489696,-0.028597001,0.08810844,-0.0005128004,0.0030192893,-0.02703464,0.0017421802,0.0033194912,-0.0025817272,0.006330949,-0.009483379,-0.07386933,-0.14453949,-0.007012825,0.007055702,-0.00013239794,-0.0009389183,-0.0010822321,-0.008030818,-0.0010152253
-7.3427544,-0.61620593,-0.027842551,-0.0013365105,1.1997116,-0.00097552576,-0.021981243,-0.004188022,0.0042998428,0.0026935264,0.013857516,-0.075762026,-0.007222381,-0.002383555,-0.00033038974,-0.0038984788,-1.2033399,-0.03234998,0.08745932,-0.0025550157,-0.0039650635,-0.023066916,-0.005908997,0.0016869531,0.0050861132,0.00633384,-0.0072874255,-0.11447885,-0.13113844,-0.008211759,-0.009366182,0.0019282837,-0.0014283861,0.001243674,-0.007655888,0.00055653026
-7.276315,-0.5974583,-0.029836744,-0.0021917254,1.2018906,-0.00070740946,-0.06407902,-0.0049110106,0.006014286,0.002765827,-0.020453615,-0.074935496,-0.0004632136,-0.004747619,0.0006921496,-0.004495344,-1.223893,-0.033008847,0.08456765,-0.004267821,-0.0035885626,-0.025470722,-0.0054140445,0.00018098963,0.0015662396,0.0060397256,-0.0076162945,-0.07322678,-0.14088595,-0.006311656,0.0067653116,0.0015667671,-0.0027760197,-1.0161606e-05,-0.0070410613,-0.00028185593
-7.317484,-0.63959664,0.020884778,-0.0011330878,1.207686,0.0016890843,-0.041900847,0.002548656,0.014991249,0.0028505104,-0.0221421,-0.084420554,0.000526952,0.0049217166,0.00042740494,-0.006370824,-1.248687,-0.03255656,0.09742326,0.0029055597,0.007562576,-0.025231957,0.0014027363,0.0022403977,-0.0022571965,0.006879095,-0.00968118,-0.080660164,-0.1416642,-0.00441147,0.0037584386,-0.0058474713,-0.0023566636,-0.00059587817,-0.0086812815,-0.0044003734
-7.289874,-0.61663043,-0.025087427,-0.001180536,1.2114986,0.0004060276,-0.11300409,-0.0043028337,0.00476406,0.0034012902,0.01517553,-0.07898335,0.003631188,-0.0013398888,-2.8419727e-05,-0.0054004304,-1.2027591,-0.03521546,0.08454874,4.5963112e-05,-0.0021982545,0.013498453,-0.0020294287,0.0018800162,-0.0038912492,0.006143505,-0.0076328022,-0.107144825,-0.13327925,-0.006236517,-0.006829893,0.003080538,0.0027639174,-0.0018377166,-0.0073049106,0.0013423938
-6.6325026,-0.32963768,-0.039782107,7.77278e-05,-1.9467924,-0.002885735,-0.22146702,-0.012631247,0.009721405,0.0008236678,-0.034082193,-0.08065769,4.886387e-05,-0.007122643,-0.0012581301,-0.005326364,-1.1743119,-0.04735984,0.013662133,-0.0024032872,0.0024806838,-0.0018119486,0.004834124,0.001089239,0.00042395844,-0.0042529986,0.0072604767,-0.15204835,-0.15820427,-0.009258741,-0.024044683,0.0001837802,-0.008383007,-0.001149672,-0.0030973505,-0.014030875
-7.295843,-0.6223822,-0.026092645,-0.0027880615,-1.541924,-0.0027163236,-0.14413273,-0.005748287,0.0069823293,0.0029348275,-0.005373173,-0.075928256,-0.0021383741,-0.006674437,0.0006258737,-0.0022838444,-1.3178254,-0.037975013,0.08162163,-0.0010086348,-0.0052178283,0.056381743,-0.00396121,-0.0003233211,0.0007416225,0.001591689,0.008320207,-0.4691217,-0.16394608,-0.0053067845,-0.0060191257,-3.987546e-05,0.0070131384,-0.001539971,-0.009313329,0.0038677976
10.945132,1.1053425,0.003568983,0.0027114998,0.24071987,-0.014831101,0.063734524,-0.0055636456,0.034085378,0.005089776,0.09351436,0.037815917,0.013400232,-0.0012000677,-0.002250804,0.015269769,2.343607,-0.023109633,-0.076951906,0.005847287,0.012683834,-0.013327161,0.01112267,0.00091983617,-0.008029879,0.020158133,-0.025346326,-0.28089786,0.21712293,-0.011851002,0.0013604548,0.004206655,-0.0038981785,-0.0056339363,-0.01538628,-0.0077409446
-7.0329633,-0.62638605,-0.005909494,0.008818214,1.2313119,-0.0034769634,-0.017865406,0.0023185404,-0.032548215,0.0067262305,-0.03226005,-0.08308359,-0.008118178,0.002078987,0.00072534673,0.001167817,-1.2168643,-0.00038044964,0.097587526,0.0032328535,-0.00018764248,-0.019995905,0.0034233623,-0.0021358842,0.01491735,-0.008214102,0.0042048115,-0.04535639,-0.13675542,-0.002580911,0.0011067883,0.00047463106,-0.0010034153,-0.0033232584,0.014345041,-0.003410484
-7.2783375,-0.6081909,-0.031264883,-0.0016941407,1.1992912,-0.002547894,-0.082933724,-0.007599687,-0.033821937,0.003765782,0.013061978,-0.07081584,-0.0015289171,-0.0048710136,0.0007749102,-0.0021515023,-1.1637081,-0.032005854,0.08285339,-0.0024924097,-0.009689977,-0.02418153,-0.0034728183,0.0014976602,0.0018255288,0.005089848,0.0017263391,-0.11242467,-0.13612628,-0.007339835,-0.00037669778,0.002032694,-0.0029664068,0.001318077,-0.012033284,0.0021802713
10.0703125,-0.10370609,0.06797916,0.0021891235,-1.6776273,0.009099865,0.084959686,0.0063364436,-0.0021063942,0.0011325985,-0.024088511,0.26331636,-0.0050902,0.009895377,0.0009164715,0.016377548,2.5607076,0.11215605,0.06760827,0.014859227,0.013953874,-0.14155886,-0.0021272018,-0.0049408297,0.001854841,-0.023781478,0.011577721,-0.2408187,0.22140342,0.008576056,0.0035441914,-0.0031746353,-0.007986348,-0.010905217,0.056517243,0.0056007775
-7.307322,-0.6379979,0.003653179,2.3458313e-05,1.2149391,-0.0023374043,-0.077809386,0.004527311,-0.03782748,0.0031691662,0.014762158,-0.08461522,0.0045807846,0.004687532,-0.00026735698,-0.0048475945,-1.1724257,-0.030189479,0.08745004,0.00032871272,-0.0003518016,-0.041336354,0.0013197786,0.0049050036,0.0056048953,0.007298565,0.0061003515,-0.11788257,-0.14498167,-0.007568961,0.00073775824,0.00014105947,-0.001792866,0.008264057,-0.0054254206,0.0010126103
11.051732,1.0116374,0.015502483,0.0042245113,1.3738564,0.0035175378,0.13041893,-0.009880949,0.002792787,0.0052721514,0.10125768,0.047721684,0.01801507,6.017083e-05,0.0028067476,0.023689162,2.5531998,-0.016936779,-0.031273693,0.0049816715,0.019427553,-0.021446152,-0.014259783,0.0033338931,-0.0036940312,0.03200222,-0.010849391,-0.13491103,0.27934796,-0.008439953,-0.0010750715,0.002461473,0.0030578885,-0.00088417524,-0.024067596,-0.007019294
-7.2369766,-0.63907427,-0.020578768,0.0020576064,1.2803109,-0.0018059597,-0.039909255,0.009503099,-0.040086493,-0.010155137,0.019737646,-0.08189327,-0.0010488175,0.010199982,-0.0005927441,-0.0045288554,-1.0767703,-0.027848981,0.08818468,0.0014672609,-0.00013906274,0.017603433,-0.0061102645,0.0048460695,0.013346999,-0.009398035,0.0057822457,-0.25094044,-0.13508916,-0.009000678,0.0026217492,0.0040277853,0.0011877815,0.004243272,0.013099678,0.0011319516
-0.68734765,0.75804013,-0.008644163,0.001842989,1.2564592,-0.0011994642,0.036570888,-0.011954417,0.008670526,0.0038321104,-0.064093776,-0.19871002,-0.013176732,-0.011231631,-0.0014333389,0.018348873,-0.031698223,-0.025849884,-0.07799996,-0.002638169,0.004983777,0.022388741,-0.011951043,0.0023692083,-0.0023285942,0.00044396968,-0.04334328,0.0042972984,-0.12327782,0.00053169695,-0.00933276,0.000587882,0.0035573456,1.9509227e-05,-0.009753893,0.0050696307
12.779466,0.79493856,0.02698046,-0.010714944,-1.9964036,0.018201876,-0.24291979,0.0109978635,0.034151454,0.0028378225,-0.16242458,-0.06698615,0.0052560824,-0.0026540668,0.004240969,0.07074578,3.0699499,-0.23555475,-0.05937582,-0.005194952,0.02417555,-0.039040755,-0.0131269805,0.002104935,-0.008189381,0.11243243,-0.008341642,0.12344023,0.3789566,0.049408108,0.013512705,0.0037837399,-0.0031550033,0.0038285872,-0.047772363,0.033932626
-7.3100567,-0.6054407,-0.03290232,-0.00093056756,1.2019737,0.0011092945,-0.02638341,-0.003401006,-0.026285013,0.0034875316,-0.0059357495,-0.07007594,-0.0017506612,-0.005110651,0.00041988038,-0.0034849728,-1.181055,-0.035355214,0.08402586,-0.0034947828,-0.010872253,-0.025658686,-0.004499345,0.00037999713,0.0070902626,0.0065175905,-0.005608345,-0.09789312,-0.13960923,-0.008154849,-0.0019519901,0.0014669223,-0.001958518,0.0005789437,-0.007449139,0.0011765548
-7.2945976,-0.60153913,-0.035742294,0.002164202,1.2078772,0.0013104746,-0.07771704,-0.0049479213,-0.03275465,0.0028219821,0.015170663,-0.06875567,-0.0014010976,-0.0047788178,0.000788292,-0.003672098,-1.1511307,-0.031397786,0.08751463,-0.0031961629,-0.016379854,-0.03239536,-0.004349705,0.0037928508,0.0072946874,-0.008029264,0.002973358,-0.11312362,-0.13508715,-0.007557666,-0.0010361336,0.0019224772,-0.0031203392,0.0032815998,0.0100632245,-0.0009204615
16.251911,0.9448766,0.06699627,-0.0018601748,1.3185372,-0.013269995,0.17605646,0.013689952,0.0044235783,-0.004717698,0.0024297477,0.20632306,0.09170309,-0.008782287,-0.0014628611,0.050525755,3.327259,0.031520896,0.10524322,0.01367368,0.020357851,-0.030788817,0.011556132,-0.0004937604,-0.0058901105,-0.024768531,0.004739653,0.40249756,0.4044612,0.03028169,0.027202794,-0.0015841122,-0.0031444875,-0.0013232586,0.026468338,0.013813112
-7.316187,-0.64610213,-0.018888492,0.00029359877,-2.1614962,-0.0013748462,-0.16191857,-0.0036588595,0.0016473845,0.0016759381,0.012755249,-0.07965034,-0.0044086166,-0.0016465277,-0.0007647903,-0.0025242888,-1.3484945,-0.034172792,0.0845444,0.00016023948,-0.0015447121,0.02066684,0.0015912517,-0.0008231644,0.002420033,0.0055210246,-0.0065202042,-0.4849202,-0.15114316,-0.0064551467,-0.004378363,0.0026396413,0.0015097645,-0.004231964,-0.009448745,0.0051269433
-7.2946095,-0.6704189,-0.0075552957,-0.0028787244,-1.1362805,-0.0015152147,-0.11171352,0.0077946056,-0.032412864,0.0035348805,0.015488574,-0.083242744,-0.0009661635,0.00502313,0.001043036,-0.0024756899,-1.2699065,-0.034943305,0.08559618,0.0016729748,0.0022914386,-0.04956276,-0.0041351286,0.0018275982,0.009993042,0.0038036476,0.0058157956,-0.31421265,-0.15601932,-0.007110311,0.0020284287,0.0032580367,-0.0035313189,0.005052443,-0.006769732,0.00020239556
16.611649,1.1099695,0.06504071,0.011446278,1.3079147,0.0049669817,0.16670077,0.006563785,0.029839318,0.005429226,0.04845527,0.27669466,0.0197714,-0.0008733072,-0.002462687,0.041700665,3.1599483,-0.035582073,0.026089152,0.020619685,0.023692429,0.034379035,-0.012895066,-0.0019571865,-0.010193761,0.03868786,-0.012507701,-0.05562714,0.42755374,-0.007888787,0.0015303798,0.001263719,-0.063618414,-0.0046905363,-0.021836784,-0.0011002552
13.397435,1.2140055,-0.00966281,0.0030630082,1.3239359,0.018834462,0.14243832,-0.0044753854,0.050059054,0.0052185995,0.045547053,0.31910044,-0.082463615,-0.00418925,-0.00015028229,0.06261468,3.2774658,-0.031265683,-0.11151477,0.0030834535,0.00264142,-0.021903202,-0.009657642,0.0018356602,-0.0058447784,0.022624338,-0.016007194,0.3002258,0.4063229,-0.003578681,-0.020351171,-0.003684925,0.0035853907,0.0048729596,-0.0241703,0.0046191188
-7.2916784,-0.61094993,-0.031238386,-0.0007962077,0.35172713,-0.0017082756,-0.107536085,-0.00441578,-0.0061575705,0.0025995146,0.012247682,-0.070407234,-0.0019439342,-0.0044745076,-0.00040914302,-0.0019814968,-1.2248644,-0.04063708,0.08766347,-0.0042804196,-0.009554801,-0.037895042,-0.0014063347,3.0397816e-05,0.004818925,0.005789507,-0.0064227446,-0.09024796,-0.13462205,-0.006021477,-0.005712492,0.004182658,-0.007955484,-0.0019960683,-0.008121946,0.00015495028
-7.3803725,-0.6525289,0.0025775675,-0.00983477,1.1955721,-0.002440073,-0.009889821,0.0043820487,-0.0039263587,0.0035888162,0.014528234,-0.082655974,0.004148202,0.00081930374,-0.00030083384,-0.00357741,-1.2185347,-0.025530702,0.09579123,-8.640987e-05,0.00083988305,-0.021965541,0.0017835026,0.0017661762,-0.0015363462,0.0069591086,-0.009577934,-0.11037022,-0.137134,-0.00768413,-0.008143611,0.00065870234,-0.0006739503,-0.00068871205,-0.008035186,-0.00087930437
-7.3075604,-0.6232718,-0.005382199,-0.00067771325,1.205224,-0.00044600014,-0.044265993,-0.003965589,0.0113573,0.0036510415,-0.019437604,-0.08392644,0.0028879808,-0.0022124788,0.000505113,-0.0039321156,-1.237308,-0.030719925,0.08710232,0.0024897587,3.704983e-05,-0.026249537,-0.0038541614,0.0017374688,-0.0038021512,0.006489145,-0.009382088,-0.074185476,-0.13871923,-0.0076369043,0.0053025917,0.0015549099,-0.0014500427,-9.040847e-05,-0.007303075,-0.0011727674
10.124903,1.0708278,-0.0070968447,-0.004172502,-1.7462475,-0.005762579,-0.30067125,-0.021902187,-0.0026858535,0.00328648,0.11425597,0.3492104,-0.00859969,-0.015011677,-0.004053877,0.038151726,2.7727637,-0.10130488,-0.09227371,0.023632195,0.011268353,0.019811647,0.0030278205,-0.007584344,-0.0014883876,-0.04387373,-0.0035264958,-0.15848652,0.25448877,-0.004191263,-0.02488014,-0.0068459376,0.0038021838,-0.007893153,-0.05643068,0.014180792
-7.3186197,-0.6504482,-0.0040276246,0.0018210647,1.2024598,-0.002520092,-0.06123667,0.00047253424,-0.031168144,0.0029732704,0.007096414,-0.08061642,-0.0005423476,0.005398047,-0.00017517431,-0.0027841027,-1.1669701,-0.026976027,0.085461766,0.001962712,-4.3073782e-05,-0.025757419,-0.0026909006,0.0028669694,0.0040613725,-0.010745802,0.008338448,-0.098332904,-0.14500919,-0.007192779,-0.0010958791,0.0006878404,-0.0005041046,0.0002964162,0.012258216,0.0007619598
-2.2227495,-0.32532266,0.005863157,-0.00074563466,1.2392617,-0.006452814,0.060838904,0.004159344,-0.02319592,0.003562601,-0.041769754,-0.17961508,0.00017952843,0.0077799433,0.0021259347,0.021482734,0.22191216,-0.0042383145,-0.046168163,0.003288758,-0.00016228693,-0.00345043,0.003851891,-0.00057359703,0.0011709696,-0.006480613,0.0037331097,-0.070684135,-0.086804636,0.006767481,-0.0070780492,-0.0011765134,0.003893133,-0.00063410436,0.019169033,0.0016728626
-7.2952065,-0.6059096,-0.022152359,-0.00021038107,0.062987946,-0.0021334442,-0.074271135,-0.0035168503,0.0074005914,0.0025831587,-0.02831627,-0.07764348,-0.0053654513,-0.0023939325,-0.000115670584,-0.010306779,-1.3192431,-0.01837871,0.08456757,-0.0023490365,0.0005506089,-0.061533134,0.0062590404,-0.00042588802,0.0023233981,0.0053590266,-0.0077577145,-0.0892531,-0.13355403,-0.003855606,-2.1824528e-05,0.0005041366,-0.0014813282,0.0014316175,-0.0078437915,-0.0043203607
-7.2961125,-0.6168298,-0.030327864,-0.00094556075,-1.628339,0.00067954743,-0.13702539,-0.0034098418,-0.0143891,0.0023399894,0.01427408,-0.07130931,-0.0003630364,-0.0060433783,0.00096944167,-0.0026239015,-1.3195949,-0.03757118,0.080416046,-0.003573392,-0.009183517,0.055749044,-0.0033121577,0.0005544441,0.004905756,0.005771613,-0.007964418,-0.47526604,-0.1526914,-0.0053674714,0.0012317351,0.0009306768,0.0002797853,-0.00045790907,-0.00864327,0.00152058
-6.4688463,-0.29888988,0.0019333997,0.0040956144,1.2767832,-0.00025716028,-0.064275295,0.008851669,-0.03792096,0.0012508746,0.023537606,-0.11008128,-0.0020169588,0.008223789,-0.0009374362,-0.007937098,-1.0289788,-0.029367136,0.07566296,0.000350736,0.005694159,0.03732205,0.0056184307,0.0021563456,0.0022489738,-0.002469579,0.009987233,-0.28417158,-0.13828209,-0.007624894,0.0010288667,0.008995893,-0.0011280228,0.0026956303,0.01348921,0.001452792
-3.3575554,-0.06778859,0.031614333,-0.0019892321,1.2344644,0.0003377346,0.11033472,0.008591934,0.015471038,0.0028693464,-0.054174196,-0.1685011,0.0009774246,0.0065076,-0.0022107218,-0.041777126,-0.2944934,-0.01807344,0.006869935,-0.0036654223,-0.005611509,0.056128703,0.0077373125,0.0038275784,-0.005033167,-0.0013138793,-0.010695401,-0.06834756,-0.15512198,0.0067402185,0.0027907717,-0.009653515,0.010180439,-0.0022715328,-0.015421298,-0.003169279
-7.324734,-0.64910525,8.7840664e-05,0.0017776135,1.2133563,-0.00034325768,-0.07044252,0.005219465,-0.030124318,0.0035751641,-0.017593222,-0.08450766,-0.0013835679,0.005035328,0.00041606737,-0.0031731986,-1.1539202,-0.026350627,0.08456256,0.002535958,0.0012877081,-0.028337028,-0.004826381,0.0006351236,0.0022676203,-0.010946404,0.0059795976,-0.09680695,-0.13762558,-0.0030113559,0.0022590775,0.0015652099,-0.0016576351,0.001503576,0.013355267,-0.003341497
8.8470125,0.64915633,-0.071605936,-0.0064804703,-1.8619498,0.0011730181,-0.2574048,-0.010118707,-0.0045245904,0.0034302105,-0.041853365,0.34436277,-0.0068829744,-0.017098151,-0.00034271315,0.047597848,3.333244,-0.043965176,-0.20786387,0.02767001,-0.018572245,0.01661888,0.008072043,-0.006990368,-0.004239429,-0.015480356,-0.018438794,-0.0049120737,0.2860127,-0.0029852071,-0.0036869482,-0.005582201,0.0044490043,-0.0067761573,-0.042001694,-0.0020817174
-7.309355,-0.6706825,-0.005777905,-1.5043234e-05,-1.0035839,-0.0010799769,-0.1562731,0.0027222107,-0.03854712,-0.0010679028,0.011740607,-0.082966805,-0.0019218909,0.0093680285,0.0007201421,-0.0026517217,-1.2673975,-0.032740653,0.07975545,0.00034273718,-1.161858e-05,0.062178437,-0.0031891223,0.0065422757,0.01011668,-0.010511467,0.0065033576,-0.4842967,-0.16513556,-0.008336071,0.0028196583,0.0049675037,0.008950448,0.0011316563,0.009815467,0.0010589397
17.38783,1.2508571,0.028692793,-0.0035402917,1.2604994,0.02534923,0.14197005,-0.0048221797,0.05067368,0.003985738,-0.0040458525,0.1842895,0.091527864,-0.0056186714,0.005158384,0.0820098,3.750943,-0.044065993,-0.093865655,0.0052455193,0.016196687,-0.004553982,-0.0051789004,0.011117803,-0.0052943896,0.0053088586,0.015720569,0.45459247,0.5024039,0.006370061,-0.027086578,0.0016725472,-0.0064705345,-0.0015734817,-0.025986932,-0.0400412
11.702305,0.97855854,0.058611378,-0.01007138,0.09459276,0.005576654,-0.030555835,0.0006667254,0.00583276,0.003752906,-0.052714277,0.18945168,-0.04626804,-0.004388595,-9.834151e-05,0.05964337,3.228386,-0.06106717,-0.14070898,0.0070782104,0.013654597,0.07543211,0.013343224,-0.0046263332,-0.00012193941,-0.01769782,-0.02431976,0.14476296,0.30804706,0.0093593765,-0.007277304,0.005975505,0.0007195476,0.0020956479,-0.040619556,0.027927428
1.2992736,0.90261453,0.021577137,0.003447776,-1.7308139,-0.0023368,-0.21873763,-0.018374577,0.0031043622,0.0029709057,0.020649925,-0.19207917,-0.0068421923,-0.0016572266,0.001853144,-0.02245698,0.38084283,-0.015536312,-0.072085425,0.00079773145,0.010426562,0.016854778,-0.0005468969,0.00019130166,0.002938032,0.009132388,0.0013255919,-0.21858723,-0.1434255,-0.009812957,0.028924786,0.002311694,0.0026290186,-0.0016041376,-0.015512923,-0.022483656
-7.278229,-0.6087678,-0.029745258,-0.00091989595,1.2049115,-0.00073195907,-0.07724206,-0.0043366044,0.0018064547,0.0032232713,0.013454781,-0.07467269,-0.0016564204,-0.004771165,-4.2061252e-05,-0.003941716,-1.2028137,-0.034566242,0.0850662,-0.003957,-0.0035633107,-0.03104925,-0.0061902604,-0.0007394343,0.0017338478,0.0063012354,-0.0061427676,-0.10070198,-0.13919383,-0.0072400086,-0.008315128,0.0024271999,-0.0015972429,0.00011542435,-0.0067320126,0.00064246176
-7.3489227,-0.6139646,-0.0025108191,-0.0014299346,-0.058431566,-0.0023107093,-0.123265654,-0.004361776,0.0014167844,0.00243129,-0.022207055,-0.07820596,-0.004887819,-0.0013113244,0.00024309961,-0.0030700895,-1.2733388,-0.03789544,0.085687906,0.002022634,0.0001580361,0.006985611,0.00029771595,-0.00084442564,-0.0008357768,0.005283193,-0.009470745,-0.16574925,-0.13519226,-0.004589176,0.0023648478,0.0009343966,-0.0017416729,-0.0017067655,-0.007169077,-0.0058460063
19.697163,1.1027758,0.078960724,-0.0044297394,-1.6970465,0.0023592405,-0.2878855,0.0059982557,-0.0105672,-0.012412481,0.117566906,0.48626727,-0.0035479644,0.01846663,-0.015117526,0.067906395,2.631138,0.0013800518,0.19985078,0.011835412,0.040221374,0.01244801,-0.006276919,-0.0003775387,0.02165594,-0.0076900674,0.010600719,0.21625277,0.29522592,0.0029866742,0.007213497,0.007998353,0.0015246987,-0.0025570663,-0.0067338217,0.0067699347
-6.6345787,-0.04515156,-0.038097277,-0.01126091,1.2152839,-0.0005697572,0.018602725,-0.012952731,0.0044753994,0.0022773503,-0.037527073,-0.09470194,-0.0006878567,-0.01131102,0.0013333296,0.0011419255,-1.2363298,-0.050821465,0.06442282,-0.0027525928,0.0013402746,-0.0069349455,-0.007637153,0.0027698234,1.8557514e-05,0.0006969864,0.017597301,-0.025112597,-0.17280503,-0.0014605974,-0.0052218894,0.002655744,-0.0016480236,-0.0020042995,-0.01670161,-0.0030414753
-6.927524,-0.5191995,5.8344463e-05,-0.0004579541,-1.6813918,0.0014507943,-0.07234132,-8.201701e-06,-0.029416323,0.0013114869,0.028695956,-0.08335549,-0.0018158902,0.005528282,-0.0008100812,-0.003900101,-1.2436146,-0.029841946,0.08554993,0.0016442842,0.0040323064,0.039264657,-0.0037575986,0.0019804046,0.007404542,-0.007509917,0.007200429,-0.41899106,-0.16488549,-0.008167177,0.0024837628,0.008338829,0.0072229616,0.007822684,0.007857425,0.00018276177
9.261491,1.2409606,0.0369668,-0.0004608396,0.53340745,0.0024481579,0.12353641,-0.014681947,0.0067129554,0.0037413414,-0.015694141,0.3543033,-0.019642644,-0.0023352352,0.0006018749,0.061024252,2.3302162,-0.029624702,-0.0943547,0.02501942,0.025488118,0.067540534,0.004812376,-0.0032800606,-0.0032372412,0.0104054315,-0.027481498,0.0723531,0.2528102,0.0015831628,-0.029401978,0.008468041,-0.00539848,-0.0028486275,-0.023944212,0.012273684
-7.2797346,-0.59509605,-0.033700883,-0.0006621418,1.2019845,-0.0014834559,-0.05881843,-0.0036273072,0.0035252566,0.0026476374,-0.020285182,-0.0726289,-0.001357327,-0.004679097,0.00035254427,-0.0039627757,-1.22317,-0.03375944,0.08420645,-0.0037701684,-0.010241722,-0.025814436,-0.0056063775,-0.001363968,0.001952415,0.0062102787,-0.0068166107,-0.07338642,-0.13924825,-0.006082536,0.0036452794,0.0023469597,-0.0037044566,0.0010531847,-0.0075166947,-0.0013077332
-7.321207,-0.606939,-0.029966932,-0.0008393069,1.200659,0.00015642028,-0.020007582,-0.002928231,0.0029293115,0.0027489585,-0.023565555,-0.07321042,-0.0012199506,-0.005877409,6.511813e-05,-0.0020276872,-1.2216479,-0.033343453,0.08985401,-0.0036138273,-0.008978899,-0.019980872,0.0018198845,-0.000293226,0.00030108372,0.006294316,-0.0067576664,-0.07524963,-0.13165225,-0.0066889725,3.9275e-05,0.0010944812,-0.0018278504,0.0011190419,-0.00765562,-0.0041785603
14.356577,0.58573234,0.032794323,0.0017015464,-2.0245533,0.00048387595,-0.28603855,-0.005235346,0.017379144,-0.012005583,0.028362904,0.21424238,-0.029021295,0.023252446,-0.0027950243,0.23181322,3.0146434,-0.086906314,0.1132139,0.0031780382,0.04693242,0.018665873,-0.01043542,-0.0011410866,-0.008552714,-0.00958792,0.008307531,0.4540556,0.27821597,0.028723415,-0.009421817,-0.0040568025,-0.04686691,-0.005393889,-0.03626041,0.027310343
-3.345325,0.045468166,0.01925968,-0.007927115,-0.84306216,-0.0013238328,-0.18714371,0.00889823,-0.0071618548,0.0023618927,-0.04750528,-0.113837995,-0.0027107939,0.007817169,-0.0027655794,0.029274192,-1.0145898,-0.027057797,0.08429124,0.004108106,0.0021820227,0.061620884,-0.0064093843,-0.007577071,0.015518,-0.0021147272,0.003008909,-0.034929227,-0.19399996,0.0015013751,-0.0039057343,0.0011251143,-0.007948919,-0.0005145063,-0.022346301,0.0014762464
-7.2713,-0.60937726,-0.029635893,-0.0011412353,1.2016457,-0.00028029585,-0.07902536,-0.004757913,0.0067318436,0.002728378,0.012908477,-0.073639825,-0.0068719783,-0.0025687092,-0.0009766212,-0.00430522,-1.207797,-0.033572398,0.0866356,-0.0039071264,-0.0058125225,-0.025234096,-0.005185544,-0.0008953783,0.0013687343,0.00651048,-0.0075886184,-0.09910017,-0.13298865,-0.0071379207,-0.008370959,0.0015945834,-0.0023397834,0.00093179086,-0.0069445735,0.00055531197
-7.3168006,-0.60625327,-0.033803355,0.002055297,1.2217278,0.0011920928,-0.12604044,-0.0028919876,-0.03259826,0.0029062468,0.012638953,-0.06927001,-0.001639573,-0.0048072557,0.0003738577,-0.0029584235,-1.1539385,-0.034118876,0.07884234,-0.0035969326,-0.012489454,0.008747874,-0.005758803,0.0021708189,0.0067926417,-0.009891558,0.0071868165,-0.11770853,-0.13817304,-0.00838627,-0.00063886953,0.004394294,0.0018741012,0.0026833487,0.011418126,0.0008782429
-7.2992086,-0.6524958,-0.0024560383,-0.0006985163,1.2053204,-0.001478864,-0.07118573,0.0037584226,-0.029403087,0.0027570135,-0.0055461503,-0.08248932,-0.0011296201,0.0050389958,0.0006652909,-0.0040191757,-1.1798643,-0.032300986,0.09085479,0.00058335887,0.0022171936,-0.02813195,-0.0035670414,0.0025986007,0.0074804323,0.0061985366,0.005094147,-0.09962573,-0.13794184,-0.006733504,0.00026504326,0.0021340472,0.0033043823,0.0015328819,0.001531615,0.0011625502
-5.3184643,-0.043498263,-0.058972877,0.0047948896,-0.75059885,-0.0042065843,-0.09774409,-0.011869685,-0.035443652,0.0046643894,0.018483311,-0.063089855,-0.00057533645,-0.009400214,-0.00056945405,0.0038896585,-0.9747186,-0.03707814,0.05421879,-0.0025131202,-0.008909006,0.029444497,-0.0051589925,0.009430911,0.019854477,-0.005353214,0.00034262854,-0.43802363,-0.109329164,-0.0069364095,0.0022370862,0.003413322,-0.005137488,0.0062365565,-0.014036853,0.0051151705
-7.293222,-0.64748603,-0.0012166569,0.0024562413,-0.6259852,-0.0029613576,-0.11760838,-0.00065581733,0.0028124403,0.0025830735,-0.0050582676,-0.08230661,0.0029657828,0.0007995967,0.0008033357,-0.002644259,-1.2828246,-0.032969523,0.08074665,0.0025592395,0.00079965085,0.05465602,0.004569394,0.0014293201,0.0013015486,-0.008932988,0.008240424,-0.36926886,-0.1502869,-0.005888419,-0.0045277267,0.0013431667,-0.0036701686,6.3553896e-05,0.007572054,-0.00040808012
17.022451,1.1674414,0.055013113,0.010990062,1.3048586,-0.007896525,0.16021483,-0.00048036184,-0.0005036959,0.00485114,0.04446236,0.22521925,0.02682395,-0.0025403798,-0.004581955,0.041820716,3.3595212,-0.04705261,-0.0770445,0.020933164,0.015025888,-0.023652453,-0.0051427553,0.0062387153,-0.0006380939,0.037551597,-0.014587214,-0.007481776,0.41733402,-0.005555888,0.0068806713,0.0041281967,2.2931323e-05,0.0035819367,-0.027815204,0.0042615933
-7.2956834,-0.64480186,0.00031577557,-0.0003514015,1.2008252,-0.0019458705,-0.07489864,-0.0018165631,-0.030551482,0.003228948,-0.0049629877,-0.080405995,-0.00046477976,0.0051895976,4.3543347e-05,-0.0023457452,-1.1704242,-0.024195824,0.08872145,0.003020879,0.0017795219,-0.026660804,-0.005154265,-0.00045362482,0.0069597294,-8.02913e-05,0.00789394,-0.09653113,-0.14373991,-0.00750572,-0.0017524766,0.0008659826,-0.00247531,0.0015871875,-0.008285365,-9.352684e-05
-7.2837625,-0.6273063,-0.029144969,-0.002211659,-1.3509641,-0.0003289153,-0.084562175,-0.0048723323,-0.024141282,0.0032682854,0.022967702,-0.065701194,-0.0020827113,-0.0054136463,-0.0006401271,-0.0012262597,-1.2671624,-0.038974013,0.086097516,-0.0026273117,-0.009953551,-0.11152651,-0.0053513935,-0.000561915,0.0044310857,-0.0014304158,-0.006355255,-0.13254121,-0.15454677,-0.0066945697,0.00043529103,0.00078450877,-0.00300581,-0.00095046626,-0.0002706188,0.00025010694
5.090233,0.7599488,0.024876166,0.0020227318,-1.8946756,-0.0021923503,-0.26767406,-0.007559265,0.0056157005,0.0030634685,-0.12876953,-0.5548583,-0.007370642,0.0039495407,0.0005784437,0.057219274,2.0001447,-0.048986964,0.0050826394,0.008139638,0.008900474,-0.000705808,0.0037182625,-0.0031335743,0.0006735095,0.000510658,0.015548474,-0.027360942,0.1318877,0.021421535,-0.032545995,-0.0019670902,-0.03554427,-0.005839211,-0.014844877,0.007834592
-7.338892,-0.63318413,-0.005196425,-0.002295012,-0.05565687,-0.0028675664,-0.119586244,-0.0019095165,0.006955199,0.0030798698,0.015269278,-0.08061701,0.002831484,0.00039573206,0.0005092028,-0.0043282174,-1.25592,-0.03292457,0.08892247,0.0007878031,-5.737355e-05,-0.033278637,0.0055258833,0.00043056827,0.002729573,0.004737493,-0.004353658,-0.13526003,-0.13622919,-0.004653827,-0.0058788047,0.0009775823,0.00020305923,5.3064985e-05,-0.009358464,-0.0023198335
9.035858,0.9606275,0.031838804,0.0027370083,1.3175853,0.009666579,0.15481049,0.009785977,0.033130534,0.004852328,-0.35441712,-0.487803,0.024821049,-0.004580394,-0.0116264485,0.07679649,2.2646399,-0.07971062,-0.09125573,0.0009034084,0.009109155,-0.022145534,-0.005740177,0.011133477,-0.004247704,0.020342313,-0.009003992,0.41597044,0.24488811,0.00853,-0.032905154,0.0013780948,-0.006864665,-0.0027650422,-0.01881154,-0.08289671
-7.2910485,-0.6264426,-0.015853409,-0.00056445703,1.2029796,0.00013456144,-0.06523872,-0.0009481055,0.012129663,0.0033617094,0.01384502,-0.08454324,0.0035117413,-0.0010135382,0.0002866897,-0.0042105033,-1.2139878,-0.03375062,0.08787343,0.0009269788,0.0009893125,-0.025213405,-0.005279299,0.0017562666,0.0011368996,0.006290082,-0.008577146,-0.10265344,-0.13864759,-0.007877799,-0.00910588,0.001760729,-0.0020640679,-6.118155e-05,-0.0069305194,-0.0005588302
-5.5017743,0.25773928,-0.007543556,-0.0014005526,1.2105284,0.0010058447,0.022540137,-0.006229278,0.0034900613,0.0043252446,-0.033979643,-0.13141412,-0.008236754,-0.0076386156,0.0026414052,-0.030615466,-1.0805311,-0.015526503,-0.012546347,0.0024558655,0.003065375,-0.01796713,-0.0070076007,0.0029581306,-0.0014861237,0.0036948468,-0.007109489,-0.040355776,-0.18260495,-0.00036871145,-0.0057995375,-0.00014114418,0.0054921373,-0.00195763,-0.0100922715,0.004843196
-7.293509,-0.6029995,-0.031299822,-0.0012886822,1.2026844,0.0014124622,-0.04712301,-0.00426284,-0.026669981,0.0035451732,0.0121784415,-0.06974044,-0.0006117858,-0.004749636,-0.00013961096,-0.0037175377,-1.1854093,-0.035714246,0.0848485,-0.0034172833,-0.010493779,-0.025109122,-0.0029860015,-0.00074302586,0.0014833765,0.0061835786,-0.007542376,-0.105703376,-0.13912636,-0.008334258,-0.0018469122,0.0010621843,-0.0023027346,0.00069343107,-0.00841292,0.0010875532
-7.281673,-0.59715307,-0.028653275,-0.0019754255,1.207399,-3.8351915e-05,-0.09290134,-0.0038406902,-0.0008942196,0.0023113545,-0.020263936,-0.07280894,-0.0014108315,-0.004630725,0.00021220562,-0.004019635,-1.2137525,-0.033382047,0.0838784,-0.003837333,-0.008803823,-0.030980622,-0.0029603436,0.0005288111,0.0008483302,0.0062086144,-0.008527897,-0.08205304,-0.13851804,-0.0069642584,0.007907844,0.0018236244,-0.0013919162,-0.0010557239,-0.008066672,-0.00037656925
-6.24234,-0.054619648,-0.054939263,-0.0039402666,1.2211673,-0.003059195,-0.05123958,-0.012676217,-0.031741228,0.0015122946,0.015669705,-0.085328504,-0.009656181,-0.0043422705,0.0030166265,-0.0103588635,-1.0876371,-0.034873635,0.06256119,-0.0019195022,0.003711653,-0.017893892,-0.0003018822,0.0053908266,0.015956182,-0.002264598,0.009393622,-0.16061424,-0.16959499,-0.0064411205,-0.00027028436,0.0032018765,0.0013151268,0.0059845503,-0.015974613,0.0040761647
-7.285888,-0.60380745,-0.037426382,-0.0016557238,1.1965315,0.00073765847,-0.063201725,-0.003800047,-0.027921177,0.0026106911,0.015172439,-0.071184136,-0.0016282974,-0.004754345,0.000384622,-0.0016446257,-1.1788127,-0.03490007,0.08398275,-0.0017376809,-0.0135152135,-0.023314511,-0.0026891485,0.0012747077,0.006964968,0.0020835847,0.002612216,-0.103986874,-0.14568254,-0.0070930505,-0.00095501746,0.006390197,-0.0025981583,0.0018268123,-0.011579665,0.0020450663
9.848133,0.9843218,0.03567058,-0.0008276238,1.3444004,0.014056089,0.16867353,0.021697871,0.053105656,0.0052354317,-0.25782886,-0.33198607,0.024559638,-0.004531852,0.00774074,0.28795338,2.6118696,-0.09605849,-0.122121006,-0.005643545,0.015229123,-0.013026439,-0.013312735,0.013207556,-0.053989187,0.023016496,0.0053672,0.56654185,0.27647635,0.012636204,-0.023282591,0.0015631691,-0.0036709164,0.0018064899,-0.016654298,-0.057648696
15.19968,1.6054815,0.15682068,0.0062262807,-1.0561801,0.0018660539,-0.22996219,0.13048738,-0.011756848,0.002816373,0.014749173,1.1022573,-0.0017213643,0.022684364,-0.00088885904,0.10317817,0.7393144,0.065890186,0.61006314,0.008142101,0.039820824,0.024668215,0.0016915334,0.0014972975,0.025322646,0.05032171,0.020143198,0.026564559,-0.10029711,-0.003200281,0.018426139,0.005285123,-0.010897954,0.010049311,0.000249847,-0.009264609
2.7057927,1.0531899,-0.067798115,0.0021552502,-1.6160533,-0.0063299686,-0.29481956,-0.020022502,0.03580567,0.0013850477,0.011385397,0.20745672,-0.0075911814,-0.005881596,0.0023931186,-0.025234316,1.122055,-0.045298673,-0.075441696,-0.020762192,0.0002879021,0.05024069,0.035461042,0.002974047,-0.001837326,0.005563867,-0.0071198577,-0.3617197,-0.13943028,-0.001990631,0.017525272,0.0030124867,-0.010511799,-0.002604831,-0.017118389,0.0020957496
-7.2902813,-0.63661796,-0.0016890441,0.0004209709,1.2014488,-0.0028579077,-0.080616154,0.0071543353,0.0025334866,0.0030525632,0.013262779,-0.08545863,-0.0012199894,0.0048969216,-0.00030462377,-0.0038174845,-1.2164079,-0.027854083,0.08993613,0.00021874283,0.0011548479,-0.024312455,0.0063342243,-0.00023567004,0.002128586,0.006138356,-0.007763094,-0.09828333,-0.13867688,-0.007057382,-0.0065681357,0.00072817376,-0.001824269,-0.0005351721,-0.0063022333,0.00040927026
20.27595,1.0566304,0.06256022,-0.0030773643,-1.8702898,-0.0066653774,-0.26988766,0.0016849706,-0.0061606024,0.0015586189,0.050318193,0.27733472,-0.011248994,0.017804256,0.0030011227,0.058114957,3.8378081,0.007202892,-0.007283316,0.008786215,0.01601611,0.035759673,-0.0034367999,-0.003976354,0.005909954,0.001346937,0.010836872,0.329787,0.35722056,0.008442135,-0.013364109,0.0051148757,0.0015492279,-0.0054091304,-0.031774044,0.020156097
12.8595495,0.65749353,0.026927501,-0.005099811,1.316899,-0.008439008,-0.11213868,0.014555479,-0.03826733,-0.008291912,-0.027092867,0.16780765,-0.051489163,-0.0110011725,0.004402239,0.070051715,3.0593164,-0.074732475,-0.05354954,0.009105322,0.028661927,-0.040580824,0.0030379854,-0.009954693,-0.00030557174,-0.010874889,-0.004921618,0.18565804,0.388511,0.003912365,-0.0075073936,0.003686877,-0.0044322256,-0.010688254,0.03349741,-0.010799749
-7.398712,-0.66299444,-0.0055542276,0.003814255,1.2032591,-0.0013538749,-0.014490634,0.0043013073,-0.038371358,-0.01896483,0.01460287,-0.07425404,-0.004272348,0.005246354,0.0002032351,-0.0022134276,-1.1513339,-0.01994012,0.08561815,0.0021569817,0.00012192666,-0.020029351,0.0047159777,0.0021450084,0.009132677,-0.009264322,0.004169434,-0.12019375,-0.13250014,-0.006627191,-0.00041621397,0.007535106,-0.0022497135,0.002082943,0.010884819,0.0012359353
-7.299559,-0.6029677,-0.029701179,0.0019047277,1.215966,-0.0024132098,-0.08982043,-0.0033109735,-0.0046341997,0.00251878,-0.019146,-0.07295578,-0.00043480442,-0.004377976,-0.00032136863,-0.003995414,-1.1737285,-0.031264454,0.081212915,-0.0043199863,-0.005902891,-0.029155219,-0.0057180054,4.4868764e-05,0.0019430891,-0.00980797,-0.006937208,-0.091317415,-0.13368976,-0.0077415803,-0.008152746,0.0012166133,-0.0010691859,0.00068001734,0.013196948,0.00037564925
10.158588,0.25591144,0.070908956,-0.0020097292,-1.3956721,-8.512667e-06,-0.20312561,0.008388025,-0.012433275,0.0024044733,0.09325776,0.27791274,-0.0043925876,0.013007328,-0.0029056745,0.012625185,2.7331643,-0.006486511,-0.03762739,0.0074319527,0.02586217,-0.09119625,0.009210116,-0.0016438862,-0.00076678646,-0.0072305677,0.011791004,-0.09888926,0.15732272,-0.009367409,0.0033447926,0.0030292533,-0.0013357236,0.0059603453,0.045331825,-0.015352426
16.469505,1.1067668,0.1014656,0.007340451,-1.8046994,-0.0026918426,-0.062949434,0.012246996,0.0061068744,0.0024091196,0.052943546,0.30407804,0.016133528,-3.9514332e-05,-0.003508411,0.044189736,3.448673,-0.015557737,-0.006673482,0.017295212,0.016020138,0.008999593,0.0042734146,-0.00406393,-0.0010240659,0.031193726,-0.015450887,-0.036876217,0.33322462,-0.006337618,0.018375698,0.0021121772,-0.021436011,0.006095572,-0.03505341,0.011458289
-7.2926273,-0.6331011,-0.006866822,0.00054743787,1.2108381,-0.0009424373,-0.07810322,-0.0026669134,-0.018544318,0.0023251977,0.012701741,-0.0793103,-0.006934985,0.00013259165,0.0004766523,-0.0047983886,-1.195179,-0.02507723,0.087051526,0.00237809,3.4708028e-05,-0.031120604,-0.004080556,-0.000112852125,0.0016756958,-0.0015982363,-0.0076362025,-0.107514806,-0.1313556,-0.005880528,-0.0023369812,0.0009288005,0.00059615506,0.0019226654,0.0038338604,0.002531722
-4.9569764,0.42847273,-0.002800241,0.0007547521,-1.7074842,-0.0027445958,-0.19049029,-0.012660967,-0.008468532,0.0024004981,0.018896822,-0.119119935,-0.007071973,-0.002621292,0.0027064395,-0.007567896,-1.025314,-0.0397405,-0.018036017,0.0027571127,0.005505464,0.058276746,0.00088386086,-0.0027796845,0.010719349,0.005726424,-0.008483746,-0.43796527,-0.19242048,-0.0030641344,-0.0028623801,0.0030151007,-0.0072432924,0.0006871905,-0.005537686,-0.0037432874
-7.2840977,-0.6072048,-0.033900764,-0.001073823,1.1956679,-0.0015297913,-0.057443686,-0.004781994,0.00038444492,0.0026358534,0.01805548,-0.06976742,-0.0075777033,-0.0023437657,0.0014086862,-0.003648497,-1.2101406,-0.03572539,0.085113734,-0.002905351,-0.010371415,-0.025405759,0.0034194167,-0.00017849173,0.0037736993,0.006282648,-0.00708848,-0.10205181,-0.13187061,-0.005927167,-0.008400119,0.00202931,-0.0021484322,0.00027656162,-0.007440375,0.00047513883
-7.2957478,-0.63602734,-0.015236622,-0.000866166,1.2086487,-0.00087060366,-0.06643908,0.004480512,0.0112616215,0.0028716072,0.013841645,-0.08240789,0.0034930427,-0.0010573725,-0.00044937566,-0.005770317,-1.2035837,-0.03356575,0.08798157,0.0008079817,-0.0010441726,-0.029343234,-0.007345193,0.0007801011,-0.0034921053,0.006692494,-0.00833965,-0.10388533,-0.13172778,-0.007435605,-0.007770806,0.0025445914,-0.0021985292,-0.0004653137,-0.00708897,6.6160355e-05
-7.296056,-0.64254665,0.0039050933,-0.0023163466,1.2042416,-0.0022875168,-0.0690437,0.003743903,0.0032244814,0.0032782743,0.015105442,-0.08324638,0.0039587016,0.0003968703,0.0010140114,-0.0041558095,-1.2120056,-0.027626952,0.09172616,8.183107e-05,0.0007855761,-0.027157273,-0.006940773,0.0010152094,-0.0030556081,0.0025047292,-0.009255517,-0.0987323,-0.13086748,-0.007058714,-0.006584902,0.0006369156,-0.0031599316,-0.00060932856,-0.012494366,-0.0005354697
-7.1689386,-0.35681888,-0.045209836,-0.000103416096,1.183042,-0.0008502024,0.019017443,-0.008495095,0.0051233503,0.0010635155,0.016797373,-0.07806807,-0.0012829221,-0.0073578088,0.0005275158,-0.0046998127,-1.2210629,-0.030150536,0.075329654,-0.0005456811,-0.01120106,-0.036831737,0.0046617286,-0.0009984723,0.00081736303,0.0024811514,-0.0076783174,-0.11285184,-0.14402357,-0.0084071765,-0.009086138,0.007340114,0.00028059282,0.00045923973,-0.011803999,0.00062996254
-7.3441296,-0.6741735,0.002501444,0.0012126231,-2.1678514,0.0020399694,-0.1640995,0.004074393,-0.010827745,0.002200114,-0.017528366,-0.08275935,-0.0017275738,0.0138312215,0.00016614213,-0.0014140179,-1.3579369,-0.030434228,0.08869867,0.0017153225,-0.0013193333,0.04035191,-0.0024231554,-6.893725e-05,0.009306851,0.0030087482,0.00450372,-0.45489788,-0.1574513,-0.002837007,0.010961654,0.0029573229,0.004322936,-0.0018315669,-0.009029544,0.0018128387
-7.3724136,-0.640265,-0.0007436208,-0.0007447012,1.2088776,-0.0011151662,-0.027363248,0.006953058,-0.03594771,0.0033021674,0.013610706,-0.082876734,-0.0013290232,0.009502141,3.940699e-05,-0.0030054173,-1.1796974,-0.028942076,0.08999162,0.003325242,-0.00021406187,-0.02077462,0.0050003715,0.001215097,0.0070910645,0.0063926913,0.0050520143,-0.11593519,-0.13624915,-0.0071442705,0.00066105515,0.00040528466,-0.0031544734,0.0007934041,-0.012562657,0.00085074524
-4.1115856,0.34716403,-0.011797032,-0.001529192,1.2415453,-0.0009804775,-0.06448635,-0.0047381697,-0.003470993,0.0034592815,0.016461292,-0.15455998,-0.010520826,-0.0015472022,0.0002394729,0.00413985,-0.885739,-0.030695137,-0.03463722,0.00523102,0.0058197123,-0.027927548,-0.0073159216,-0.00041418272,-0.00019415155,0.0053373454,-0.008685185,-0.108735904,-0.204453,-0.0053988458,-0.006920429,0.0046300762,0.013616874,-0.0007520168,-0.012147879,0.00016211881
-7.3703957,-0.6326019,0.015499232,-0.009543569,1.2185005,0.001167402,-0.029262891,0.0044695847,0.0045437985,0.0023311237,-0.024049785,-0.08340792,-0.00889436,0.0007477643,-8.5005166e-05,-0.004810485,-1.2940438,-0.0029560716,0.09276829,-7.724053e-05,0.002451648,-0.02367462,-0.0035810638,0.0017420868,0.00036981632,0.0069253244,-0.008364917,-0.0642819,-0.14122784,-0.0037500055,0.00092813565,0.00076543214,-0.002093083,-0.00049103,-0.007993966,-0.004284848
-7.346313,-0.63724035,0.011877849,0.0023423494,1.3048933,-0.0025508262,0.0002356271,0.0040590814,0.014818281,0.0026245413,-0.018705312,-0.08600883,0.0030706883,-0.0020925228,2.4417788e-05,-0.0035514312,-1.2644935,-0.023177184,0.08353058,-0.0001987323,0.0040752427,0.07053008,-0.0024886604,0.0010799943,-0.00427308,0.00121188,-0.009829003,-0.30736908,-0.13561848,-0.0073129316,0.0081181815,9.587653e-05,7.605526e-05,-0.0018275206,0.0033603841,-1.720374e-05
-7.224685,-0.63936687,0.0079236245,7.12915e-05,1.2006255,-0.0021754182,-0.05887306,0.0019194869,-0.034526475,-0.0010521888,-0.025509702,-0.09172489,-0.00072804047,0.0047307904,0.00019152211,-0.0026922936,-1.1339371,-0.00030041623,0.07288638,0.00092732126,-0.0006673784,0.04072904,0.0013818094,-0.0007566082,0.0013780667,-0.00933708,0.008316171,-0.091044284,-0.14142111,-0.0051402347,0.007640368,0.00097385846,0.0030927223,0.0011010033,0.01213094,-0.005271226
8.52028,0.902051,-0.19423541,-0.0009398946,-1.861606,-0.008866383,-0.32332674,-0.02463393,-0.009489498,0.0026779585,0.07208268,0.27811286,-0.0068019573,-0.017751522,0.002658306,0.018385835,2.3364663,-0.048399225,-0.008258082,-0.042147428,-0.06469783,0.009248912,-0.0010306723,0.015393908,0.004126171,-0.011676318,-0.003283174,-0.44981313,0.23332268,-0.013232376,0.0018369287,-0.0017511328,-0.0055560414,0.011095998,0.010371105,-0.0062720533
-7.336782,-0.5939219,-0.03059787,0.0009958979,-0.2062128,-0.0015272304,-0.14165437,-0.0029796546,0.004840524,0.0024570262,-0.019870324,-0.068742916,-0.0010833225,-0.0046555623,0.0001742129,-0.0032153504,-1.2745394,-0.034260567,0.07600714,-0.0042125396,-0.008286983,-0.0098704,-0.0033520234,-0.0012181598,0.0008299525,-0.0106563475,-0.0066685346,-0.2220749,-0.13550061,-0.0056622094,0.008526594,0.0013668608,-0.0030910273,-0.000614473,-0.0010736872,-0.0030231935
1.0199965,0.81457955,0.060108773,-0.001637399,0.045261238,-0.012298035,0.035627186,0.00038495538,0.028969277,0.004804655,-0.05447484,-0.27132398,0.004495875,-0.0038604792,9.226471e-05,0.067098476,0.20478454,-0.015439686,-0.047116578,0.0010942211,0.0020935815,0.024648149,0.013921332,-0.000341866,-0.0064189415,0.0032176494,0.01820844,-0.030036254,-0.095935635,0.011020668,-0.019837515,-0.0003594937,0.00062811654,-0.0016055489,-0.009290621,0.0039616814
-7.3244243,-0.6222414,-0.025697457,-0.0012026131,1.2038715,-0.0022156336,-0.023299264,-0.0039565633,-0.02979777,0.0041232347,-0.0052815843,-0.07840223,0.0033752706,-0.0028531007,0.0006505236,-0.0031613,-1.1750206,-0.032545887,0.086973205,-0.0008276728,-0.0052021816,-0.026893627,-0.006445677,0.0003546203,0.0064086253,0.0061320635,0.004224927,-0.09960705,-0.13591102,-0.007971184,-0.0009191105,0.001267531,-0.003473946,0.00060324895,-0.0076757297,0.0018972366
-7.298185,-0.60706854,-0.037979797,-0.00070778315,1.1979283,0.0015299034,-0.04323618,-0.0034299393,-0.01972165,0.003276609,0.018079322,-0.070927836,-0.0016268833,-0.00490735,0.00046493043,-0.0032925312,-1.1959972,-0.03650092,0.08525281,-0.0030445075,-0.012020618,-0.023603251,0.0039841016,0.00076288637,0.004553003,0.00629038,-0.0056113848,-0.10846997,-0.13240317,-0.0062563075,-0.0016225585,0.004986429,-0.0019439772,-0.0014742224,-0.0073694335,0.00047184346
-7.3211045,-0.5914892,-0.03442474,-0.0021499419,1.2978212,0.00033610594,-0.15820132,-0.0035138591,-3.266726e-05,0.0019973738,0.017237915,-0.07119162,-0.00091054564,-0.0054092715,0.0007724797,-0.0027183606,-1.2174304,-0.033784896,0.076899365,-0.0037531175,-0.011211363,0.051023006,-0.0011422888,0.00016879439,0.0021345282,0.0057467273,-0.00839604,-0.32530338,-0.140773,-0.0063308924,-0.00603335,0.004885047,-0.0012171974,0.00033409105,-0.008346439,0.0020442002
-2.7680438,-0.93449986,-0.028676646,-0.00058509264,1.1975093,-0.00017628595,0.037008822,0.0032740438,-0.16120662,-0.034397915,0.028150968,0.13257629,-0.0032460885,0.00030483538,0.00081005023,-0.013237591,0.34802306,-0.1675727,0.037279677,-0.0016359321,0.005752633,0.034623533,-0.010859749,0.0012546468,0.004472246,-0.01430311,0.0018029585,-0.22827971,-0.07276297,0.014871897,-0.00233423,0.0012818696,-0.0018285448,-0.0054153497,0.016137492,-0.0039749374
19.065975,1.1997192,0.053305123,0.0014251758,1.2014208,-0.015673326,0.1292338,0.038932215,0.0066808495,-0.0015878365,0.09706896,0.30998132,-0.04355264,0.023970753,0.003628123,0.075926766,3.746956,-0.019894075,0.013396774,0.005767759,0.019917702,-0.0055102254,-0.0105326725,0.0008345456,0.0059848134,-0.009045754,0.0028071487,0.4573787,0.52630717,0.0046895733,-0.010168533,0.002572154,-0.0039073676,-0.0022408613,0.012088822,0.0027176987
-6.1302476,-0.6191032,-0.03117526,0.0026784968,1.2594482,-0.00033648277,-0.0018319059,0.00624832,-0.039960112,-0.0442259,0.015867224,-0.08830146,0.0010246903,0.0045094453,0.0010915737,0.010147751,-0.62551093,-0.025256969,0.015753768,-0.00034359866,-0.000664852,-0.022836378,0.00780921,0.0029463437,0.012940421,-0.0091093,0.0044699754,-0.15639563,-0.10331848,-0.0062305066,0.00045393922,0.0029178988,0.005741798,0.0060110823,0.015340736,0.0035364977
2.4324887,1.074106,-0.086662434,0.00013645626,1.3297676,-0.0039760824,0.047549963,-0.037237804,0.02738367,0.0026225129,0.030112801,0.19822769,-0.004423761,-0.008746789,-0.0010313884,-0.017215475,0.35308462,-0.008590737,-0.090132475,-0.03423995,-0.0924789,0.008274146,-0.008342485,0.00034465553,0.0036861754,0.006536173,-0.013056803,-0.19176012,-0.12139366,-0.007217013,0.011985521,-0.0025500257,0.0037934957,-0.0038890473,-0.014363891,-0.0010998608
-7.3609505,-0.6624955,-0.006761576,0.0023487385,1.2083949,-0.0017911544,-0.026686322,0.0071496824,-0.03978341,-0.010099937,0.012898127,-0.078714035,-0.00090360385,0.009514405,4.4780532e-05,-0.0042660027,-1.1523708,-0.021710567,0.08599613,0.0019617043,0.0005716294,-0.022634171,-0.0058446317,0.004202382,0.0062843417,-0.009391549,0.005123033,-0.11062641,-0.13348867,-0.008267947,0.00015879342,0.004028798,-0.0026535818,0.00047092253,0.010653608,0.00028942587
-7.326169,-0.60946316,-0.03546795,0.00069830933,-1.4923167,0.005023852,-0.13688648,-0.004216358,0.00037279187,0.0026164593,-0.019763842,-0.07309728,-0.0010391411,-0.0058890264,-0.00082181225,-0.001975427,-1.3345284,-0.037793797,0.079896346,-0.0048014433,-0.007757572,0.05989947,0.0017844632,0.000927288,0.0024998966,-0.004890089,-0.0058869747,-0.44988704,-0.15092587,-0.005227667,0.010426895,0.001294231,0.0019620568,-0.0011266263,-0.0077121486,-0.00028302928
-7.317589,-0.6455581,0.00039273957,0.0015710484,1.2013873,-0.0014640082,-0.053239018,-0.0018761592,-0.024091193,0.0029444236,0.0073437635,-0.08218421,-0.001395989,0.0049255146,0.00044787666,-0.0025752035,-1.1716871,-0.02459888,0.08599344,0.0017159181,0.0005432829,-0.018942723,-0.0056270817,0.00055369426,0.0021466468,-0.010508507,-0.008765268,-0.102610976,-0.13116863,-0.006073955,-0.00053722877,0.0006190441,-0.0001505108,-0.0007469721,0.014316479,-2.0550171e-05
-7.2195277,-0.62458384,-0.0037369134,-0.0020084607,1.2201493,-0.0027161734,-0.021523496,-0.00046367804,0.008390455,0.00417475,-0.026092174,-0.083847344,0.0041365647,7.1741044e-05,6.660885e-05,-0.0012604444,-1.232272,-0.006393641,0.10120802,0.0006508661,0.00018797148,-0.023877753,-0.004451628,0.0024579442,0.001961091,0.0020009188,0.00590981,-0.050852723,-0.14015949,-0.0042953975,0.001986953,7.467228e-05,-0.00085081416,0.0006522101,-0.007183859,-0.0031252797
-7.450403,-0.6415944,0.010510686,-0.0099898735,1.2029667,0.0008610745,-0.047690548,0.0011745073,0.0053800535,0.0032641385,-0.019176882,-0.08824592,0.0045966823,-0.0029368666,0.0011133486,-0.0025312898,-1.2385082,-0.01834527,0.095078416,0.0005806763,0.004925676,-0.029642012,-0.0037450395,0.002800565,0.002380763,0.0074416506,0.007065121,-0.10863561,-0.13648953,-0.0069238157,0.0064354623,0.00027520335,0.0039154496,-0.00081385666,-0.008616694,-0.00036963372
-7.3036656,-0.6235365,-0.023415523,-0.0014482891,1.2077847,0.00025370985,-0.11668176,-0.0008135311,0.0030076313,0.0028675245,0.006657766,-0.07906826,0.0031700688,-0.0027052467,0.00028420676,-0.0046052807,-1.1999559,-0.030936211,0.08605298,-0.0003859763,0.00037043646,0.008781206,-0.0036334586,-0.00033095927,0.0005750098,0.006336114,0.0027047214,-0.08653,-0.13775387,-0.0067992774,-0.0064205504,0.0011921765,-0.0065046493,-0.0003000104,-0.007602674,-0.00063311704
-4.260126,0.47133794,-0.00037113347,-0.00010290345,-1.7099481,0.0024694214,-0.060771797,-0.003790586,-0.006029211,0.0020058218,0.020798758,-0.11692759,-0.0039353166,-0.00075802783,0.0013859763,-0.0035774547,-0.9831529,-0.029097509,-0.022075245,0.0025216439,0.004891902,0.04268616,-0.0018109869,-0.0023387833,-0.0044418736,0.0037854721,-0.008691212,-0.43702322,-0.1921746,-0.001650055,-0.0005490724,0.006072533,-0.0053520645,0.0025392205,-0.012666432,0.002283228
11.879502,0.5974977,0.029047513,0.007218729,1.1467929,-0.008897558,0.12303686,0.009269468,-0.013055835,0.0031897756,-0.091977365,-0.007278617,-0.008227986,0.015106309,0.004470121,0.078043245,2.9953086,-0.050042633,-0.02740536,0.0066210725,0.011524991,-0.03353828,-0.013540603,0.00040549578,0.0014226346,-0.024182344,0.0038828962,0.23729116,0.35841143,0.014543388,0.007754341,-0.0005364822,-0.004591719,-0.011263748,0.022104418,0.014492939
11.463918,1.1637883,-0.067484014,0.00589915,-1.7158084,0.005741876,-0.2785161,-0.0033775729,-0.022522619,0.0029682708,0.117560916,0.31701323,-0.0068164575,-0.008593366,-0.0048302836,0.033123378,2.6788747,-0.055126026,-0.08835721,-0.03800401,-0.0051918263,0.022120373,0.00054132566,0.001364092,-0.0010766338,0.016305214,-0.014679605,-0.21574236,0.23742862,-0.00917141,-0.009240582,0.0025398515,-0.006058612,0.0054663075,-0.029417785,-0.004902531
-7.2971005,-0.6302127,0.00991024,-0.0010969114,1.2121706,0.00023905018,-0.07999657,-0.0024484287,0.0093992,0.003148048,-0.021169592,-0.08441303,0.003365179,-0.0030294538,0.00020146879,-0.0042767585,-1.2345135,-0.029701978,0.08880132,-0.001288013,0.004846381,-0.0324348,0.0051807556,0.001672166,-0.0036515433,0.0063999738,-0.009418441,-0.07557629,-0.13683924,-0.005585279,0.002915348,0.00064040645,-0.00024235649,-0.0014009633,-0.0074049216,-0.004558299
18.599358,1.1974032,0.043098643,-0.0077728224,-1.6822175,-0.015919222,-0.19382633,0.0014808275,-0.017264882,-0.002002417,0.074365735,0.33191448,-0.008344466,0.00066037016,0.005019019,0.068729706,3.7639883,-0.010881754,-0.072791696,0.013351341,0.016706245,0.032053012,-0.004091736,0.0009260028,0.010222161,-0.0008617881,0.018371675,0.072293915,0.51609635,-0.0009339635,-0.01785405,0.008762045,-0.006719851,0.021222,-0.03922759,0.007567553
-7.2759542,-0.6004133,-0.038515043,-0.0008894491,1.1983036,-0.002092864,-0.07407346,-0.0044334405,-0.034296002,0.0031937717,0.012392671,-0.07086633,-0.0017239973,-0.004479486,0.0015873882,-0.003151344,-1.168998,-0.036871195,0.08242629,-0.004047566,-0.012199383,-0.023974368,-0.0016080898,0.0030442136,0.0061030416,0.006237024,-0.0073057744,-0.11070334,-0.13347778,-0.0068049366,-0.0009415812,0.0054612537,-0.0017934196,0.0020266655,-0.0071532726,0.0017773379
-7.2973237,-0.63687724,0.008674763,-0.0008742303,1.2048738,-0.00040035232,-0.05782317,-0.0041697286,0.011171053,0.003450716,-0.00517762,-0.08489528,0.0042414437,-0.0016250801,-0.00074352894,-0.0049158395,-1.212769,-0.030349078,0.08812407,0.000509314,-0.0023249807,-0.025527675,-0.0018592759,0.0025961997,-0.0038299195,0.006523266,-0.0092957895,-0.08912681,-0.14434531,-0.006377154,-0.007447305,0.00010550502,-0.0019226908,-0.0008589567,-0.007885987,0.00012678994
1.7159537,0.8994999,0.047378328,-0.0006490233,0.8987844,0.00016693937,0.09049351,0.0021687879,0.03128684,0.0022214008,-0.0640119,-0.29248533,0.0037870663,-0.0041383943,-0.007836095,0.056222036,0.119587265,-0.08677696,-0.09663166,0.004738472,0.007000592,-0.013861579,-0.010430148,0.007719749,-0.0025947061,0.006001014,-0.019008633,0.07495768,-0.042479992,0.028982453,-0.04346846,0.0010114694,-0.01412185,-0.0009102652,-0.007901115,0.0050216815
6.673354,0.14090924,0.036622763,-0.007930124,0.4299134,0.009719473,-0.1901828,-0.004457659,0.01752179,0.0046119336,-0.1009252,0.0040624477,0.0060992977,0.00076555397,0.0003804419,0.022775667,2.43275,-0.022514937,-0.042908534,0.011409024,0.0114553515,-0.08902715,0.010852993,0.005569402,-0.005775133,-0.0014418189,0.0022461275,-0.18590423,0.08129915,-0.0030458455,0.0030354524,0.00062556233,-0.0036458038,0.0016656332,-0.010081183,-0.0005620533
-7.296226,-0.60161364,-0.035557892,-0.0014447134,1.1455672,-0.000737389,-0.122992285,-0.003420871,0.00237189,0.00209771,0.0074184993,-0.0692137,-0.00089299754,-0.004831292,0.0007987332,-0.0027101235,-1.2029699,-0.037582967,0.08249609,-0.0038613968,-0.00794024,-0.00038374483,0.0042551323,-0.0011281053,0.0010562183,0.0062114573,-0.00688068,-0.11628755,-0.14151017,-0.006159819,-0.0057689,0.0018320385,-0.0025463302,-0.000117786956,-0.0067994376,0.00131454
-7.373178,-0.63740426,-0.016501889,-0.00076828245,-2.287854,-0.0010464255,-0.039783288,-0.00689349,0.010918474,0.0033813633,-0.019668248,-0.08384153,0.0033177075,-0.0037446425,-4.703826e-05,-0.0039673476,-1.3697271,-0.026564073,0.08665358,-0.0006138744,3.2711992e-05,-0.0028719243,-0.004806891,0.0021028663,-0.0038949705,0.006708398,-0.0076818424,-0.3711337,-0.14372359,-0.008077565,0.0056985025,0.0008755504,-0.0022574612,0.00016226855,-0.009362119,-0.0006196251
17.203047,1.2771232,-0.041500136,0.0025589343,1.2879589,0.023600353,0.15426219,-0.015338714,0.014855316,0.005495615,0.14195327,0.3063254,-0.055198282,-0.006262434,0.0017772277,0.06722979,3.5469959,-0.028156335,-0.11671837,0.0026826344,-0.003846208,-0.011241424,-0.006817574,-0.0016067411,0.0026373947,0.02883777,-0.010123413,0.35951468,0.42060158,0.00059520657,-0.016585145,0.00052940415,-0.0014239684,0.001358935,-0.024058145,-0.0042782747
-7.276961,-0.6086895,-0.023173748,-0.0010958081,1.2014683,-0.00039857425,-0.064228766,-0.0046827663,0.005300933,0.0029753803,-0.020511143,-0.07897759,-0.006622398,-0.0023200195,-0.0015083976,-0.0038220172,-1.2259496,-0.03233518,0.08593673,-0.0007275019,-0.0012695676,-0.025542159,-0.0036155262,0.00043181892,0.0022015367,0.0063567143,-0.0080035115,-0.0735475,-0.13302955,-0.0063978382,0.0070639728,0.0010847421,-0.0033063507,-0.00016643445,-0.007237169,-0.00036492056
-7.3375125,-0.65405184,-0.0022516132,0.00037090547,1.207439,-0.0023823467,-0.045064747,0.0030681049,-0.03361659,-0.0022289576,0.012031306,-0.08310197,-0.0014792487,0.010027608,-0.00036563995,-0.0045180167,-1.1742816,-0.028163388,0.08941536,0.0026780728,1.3138271e-05,-0.033037327,-0.0044829114,0.0010556018,0.009078187,-0.001703874,0.006300284,-0.10590335,-0.13544604,-0.0076882564,-7.322183e-05,0.0008347764,-0.0005111591,0.0016596424,0.00075377966,0.0027485427
-7.320848,-0.6569441,0.00044155464,-0.0020688095,-1.6813625,0.00063428393,-0.12712832,-0.002083327,0.00471685,0.003177525,0.012531121,-0.08216787,0.0025537,-0.0023002476,8.235534e-05,-0.003447391,-1.3306612,-0.034080528,0.08820313,0.0011689179,0.0014261999,-0.07734642,-0.0043635853,0.0021052328,-0.0037030021,0.005252785,-0.009368395,-0.27151838,-0.14975917,-0.0061809397,-0.004316347,0.0020798836,-0.008660464,-0.0012139166,-0.007873356,-0.002413516
-7.297992,-0.6586378,0.008474807,-9.676036e-05,-1.6332407,-0.0022223443,-0.15091461,0.0014675541,0.0017152852,0.0021812748,0.0070516635,-0.079787016,-0.004120744,0.001222924,-0.0020557807,-0.0018616772,-1.3370742,-0.034413576,0.08555815,0.0001977818,0.00068670604,0.047952488,-0.0033918133,-0.0013114101,0.0030732513,0.005626295,0.008788711,-0.47154298,-0.1594942,-0.005673,-0.0037155787,0.0006778249,0.004666596,3.1549075e-07,-0.009928177,0.001919952
-3.8870766,-0.13733715,0.0040334975,-6.831736e-05,-1.7114832,0.0069939196,-0.17614007,0.005354136,-0.028812302,-0.014497342,0.021360137,-0.118183374,-0.0035766333,0.006731518,-0.0020476829,-0.038095675,-0.052240774,-0.008389816,-0.034033615,8.552517e-05,-0.00044963442,0.021108098,-0.0075587556,-0.008648101,0.01216016,-0.00485741,0.007919882,-0.28887367,-0.15607259,-0.005113982,0.0012604657,0.0021857682,0.008899177,0.0056688013,-0.014684675,0.0004864232
-6.690318,-0.48624292,0.005996244,0.005204903,1.2735038,-0.000812468,-0.058670543,0.009945702,-0.032076914,0.0043428554,-0.024521217,-0.09301388,-0.0002337386,0.0070681646,0.0018933984,9.942111e-05,-1.1022615,0.018912628,0.0679374,0.0017604739,-0.0026167869,-0.02975513,-0.003070912,-0.00037265447,0.00025931824,-0.00799861,0.006891962,-0.103683725,-0.1544756,-0.006430726,0.010560375,-0.00043125436,0.0009914282,-0.003939021,0.01792061,-0.0047373306
3.2706177,-0.08887736,0.04057281,-0.0012829873,-0.04878196,0.0023143839,0.020462774,0.01558936,0.013108671,-0.011129214,-0.1456507,-0.26079756,0.00014099601,-0.0060972287,-1.9294628e-05,0.04806625,2.0909653,-0.04928577,-0.07719837,0.00815014,-0.002491301,-0.060983613,-0.014729475,0.0031421666,0.0033161242,-0.029554088,0.009484728,-0.020436304,0.14471523,0.025521033,-0.0019932461,-0.00063911563,-2.777182e-06,-0.0033722578,-0.012168323,0.016100248
5.047294,-1.3464515,0.044297703,0.0008127327,-1.3255804,0.0061392374,-0.059368808,0.014750712,0.016584985,0.0040482627,-0.02790241,0.11069426,0.009052202,-0.012129034,-0.0032593035,0.03940365,3.8198545,0.027198093,-0.058039367,-0.0038341617,-0.008931594,0.011919957,0.02558677,-0.0049084146,-0.00052459753,-0.015628282,0.0016010916,0.17342564,0.45168513,0.01710156,-0.026879165,-0.0034478467,-0.019569257,-0.010705113,-0.069072284,0.0065519903
10.063213,1.0548346,0.030205315,0.0042982963,1.3576154,-0.0073407376,0.14824633,-0.0062803724,0.0069939164,0.004729818,0.11880632,0.036439367,0.01883377,-0.0037299509,-0.0032732144,0.01928022,2.3151398,-0.031619474,-0.0923155,0.005557251,0.015134931,-0.017440945,-0.013541574,0.0018487473,-0.003127152,0.025239704,-0.012032798,-0.22860369,0.181204,-0.017493004,0.00097511837,-4.3159278e-05,-0.0067250826,-0.0012205762,-0.019911682,-0.007382624
2.7601838,1.0814885,-0.06368017,0.00070373836,1.2647276,-0.0034192957,-0.25882363,-0.018893173,0.03450224,0.0018547951,0.01680855,0.21272469,-0.018833209,-0.0059890584,-0.0038012692,-0.009577244,0.66259086,-0.01542121,-0.06070984,-0.010391356,-0.009060944,-0.0035713995,0.014358174,0.0033146986,0.0014768185,0.0063394904,-0.009475438,-0.15511505,-0.11279667,0.0049901307,0.0081709055,0.005227904,-0.007841946,-8.629188e-05,-0.013764047,-0.0028221533
-2.2977276,0.1390712,-4.0025596e-05,-0.011430858,-1.683469,0.00088599214,-0.25828782,0.033886682,-0.02943208,0.0050809514,0.027795492,-0.1418754,0.0015212846,0.0077670147,0.0007327805,-0.041383542,-0.20053233,-0.0044248425,0.07370559,0.0015482679,0.004618722,-0.04485535,-0.0020040656,-0.0005012088,0.0384591,0.0066384883,0.0047091586,-0.17830846,-0.15392739,0.0040746904,0.009612421,0.001015172,0.00011047345,0.0027005144,-0.029958673,0.0040236805
11.791967,1.246311,-0.011344106,-0.0004787449,-1.7124604,0.011518124,-0.24206391,-0.020897085,-0.004934026,0.0035342395,0.116317116,0.35011747,-0.0050644777,-0.011373004,0.003243362,0.04527158,2.805906,-0.055768825,-0.07915891,0.024225289,0.0041400646,0.012352833,0.0037473869,-0.0044861543,-0.0075567085,0.016691528,-0.013613583,-0.13533475,0.27056617,-0.0023958115,-0.014530551,-0.0052478677,0.0007947461,-0.0011379278,-0.027759744,0.012082976
7.5519767,0.9437616,0.024198946,0.0061609778,-1.5640783,0.0043347455,-0.12739886,-0.00881153,0.029137433,0.0023491627,0.07153813,-0.09727837,-0.015489688,-0.0017088385,0.0002754113,0.028541034,2.1119068,-0.06071644,-0.044284053,0.006459139,0.01637395,0.022755116,-0.0027509527,-0.0022330114,-0.0032181577,0.011495737,0.014282842,-0.57447904,0.07421014,-0.014380928,0.007334987,0.0062517193,-0.019669898,-0.004912461,-0.021006413,-0.0025451996
14.43294,1.1657066,-0.11584561,0.011233068,-1.7064439,-0.004859678,-0.3055267,-0.015219471,-0.016617753,0.0032181998,-0.005110528,0.2515613,-0.005604558,-0.0065516615,0.0021600663,0.05221839,3.1599882,0.007016437,-0.090408444,-0.08045113,-0.0018852798,0.020154575,0.003391195,0.010031442,-0.0029542893,0.030325048,-0.012688115,-0.17623572,0.29129252,-0.008367056,0.0013673384,0.013426839,-0.09742696,0.012708164,-0.0052794367,-0.0011576612
-7.2757983,-0.6275008,-0.024372945,0.0020528699,-1.0380919,0.0017807732,-0.123161875,-0.0042981314,0.006193329,0.0027055715,-0.01756709,-0.079604365,-0.0021634195,-0.0058469446,0.00043531906,-0.0021878318,-1.3236839,-0.03796229,0.079356454,-0.0007474286,0.00024502949,0.037642978,0.004763011,-0.0005438606,0.0031664975,0.004504346,0.007878672,-0.37719437,-0.16283825,-0.0057529933,0.008088032,0.000970603,0.00049096957,0.00011084111,-0.007781188,0.0018081578
16.983706,1.0616611,0.04105132,-0.009573567,1.2872281,-0.02943528,0.16721201,0.020981528,0.0373452,0.004096811,-0.008507197,0.19213913,0.093406305,-0.0068245465,0.007607405,0.07800986,3.7687857,-0.058759656,-0.17271172,0.0015435262,0.020091197,-0.009809146,-0.0037105798,0.0012125607,-0.004826144,0.007277532,-0.012934321,0.4364228,0.56879884,0.010496501,-0.04675617,0.00069973036,-0.0022545427,-0.005347688,-0.031458348,-0.020566657
-7.3424673,-0.6034741,-0.03527855,-0.001735367,1.2051255,0.0015255348,-0.023503326,-0.0042477422,-0.03169275,0.0035532985,0.012992241,-0.07022982,-0.0015317315,-0.0051519643,-4.0862433e-05,-0.002893242,-1.1773887,-0.03464603,0.08438479,-0.0018953544,-0.0120545365,-0.020411296,-0.003948039,0.0022973404,0.007042824,0.0057759434,-0.0075791143,-0.114688314,-0.13951167,-0.008185655,-0.0017678767,0.0043009054,-0.0013655262,0.0014504954,-0.008498675,0.0011065684
19.22648,1.0316483,0.055277452,-0.0024015708,0.50389546,-0.006647551,0.13695633,0.0026914673,0.011398905,0.003779942,0.096172534,0.27426746,0.050361738,-0.0014989892,0.0069361427,0.06981342,4.127426,0.0030045582,-0.05573023,0.0022695947,0.012744044,-0.059621822,0.011307124,-0.0033214048,-0.0046153027,-0.0027723997,0.012161556,0.44929296,0.46139088,0.0072890753,-0.008103628,0.00097325374,-0.016988494,-0.0027969028,-0.025485694,0.006849547
-4.3437896,0.7324285,-0.04465805,-0.0047444156,-1.9940568,-0.008551385,-0.2055402,-0.02514649,-0.0035187143,0.002827739,-0.038762163,-0.18774694,-0.002792715,-0.02618915,0.0015452489,0.021090971,-1.1477504,-0.0073178355,-0.044034377,-0.010741403,-0.013959603,0.015334032,-0.010009046,-0.0070347516,-0.0054781544,0.0031429494,-0.006959572,-0.078603245,-0.18213682,-0.011979994,-0.031064978,-0.0021781987,-0.07032674,-0.0041925292,-0.010257572,-0.006958728
5.2801533,0.98483324,-0.08224561,0.00090759026,0.9759874,0.016227452,0.010438953,-0.012655647,-0.024757555,0.0028414608,-0.19599365,-0.07233267,-0.008154888,-0.014331337,0.0025336263,0.004421102,1.8441471,-0.061270144,-0.105749995,-0.032151174,-0.0110392785,0.04578787,0.011852891,-0.005453979,0.013035097,0.0013658279,-0.0057266513,-0.18014242,0.013732087,0.007520973,-0.038932994,-0.008349286,-0.021674933,-0.0075462335,-0.023246376,-0.005264323
-7.2708516,-0.6041797,-0.03207821,-0.00076483417,1.2018125,-0.0006813718,-0.07870521,-0.0049379594,0.00075037946,0.0028276101,0.006761954,-0.070263535,-0.0068299705,-0.0025279655,0.0007406532,-0.0045322506,-1.2057133,-0.03477817,0.08476045,-0.00408206,-0.008949202,-0.024018334,0.0038737052,-0.0014034866,0.0023207893,0.006240226,-0.0073171016,-0.097909585,-0.13368389,-0.0060642073,-0.008359887,0.0016331433,-0.0029220772,0.00028040013,-0.0074517108,0.0011621575
-7.30388,-0.6111626,-0.033677697,-0.001177034,1.1989433,-0.00063648773,-0.046759196,-0.0016399125,0.0003932387,0.002912427,0.01877387,-0.07128333,0.0033545804,-0.0022372166,0.0013017262,-0.004187466,-1.2108215,-0.033816174,0.085608475,-0.0035753262,-0.0107927965,-0.023707261,0.0045288405,0.00043767306,0.002958393,0.006280852,-0.006961025,-0.10263544,-0.1319378,-0.0067726476,-0.008660248,0.0032850064,-0.0032141362,0.0005414836,-0.0073068775,2.2629742e-05
10.839013,-0.4030915,0.018462887,5.3898657e-05,-1.0193499,0.008683013,-0.1603647,0.00081864797,0.0010001729,-0.0088773,0.09807118,0.22340001,-0.00092419295,0.010386281,0.0015149954,0.031094413,2.6948483,0.10654317,0.029530663,0.0135138035,0.011173126,0.092293486,0.0016040261,0.0035430687,0.002050208,-0.014425055,0.008603839,-0.14897503,0.5008875,-0.01478354,0.022301234,-0.0012189152,-0.009346348,0.012178348,0.040490855,-0.002900882
1.6196173,0.6561516,0.04836835,0.005599512,-1.6685627,0.0062006684,-0.28246868,0.027192654,0.016222306,0.0016766404,-0.072253354,-0.2627072,0.0022845399,0.003815046,-0.0022117721,0.07000717,0.42593297,-0.04702886,-0.035979968,-0.0012542043,-0.004007546,-0.00019295492,0.0012351502,-0.00139756,0.0010834257,0.008924871,-0.008309304,-0.043207396,-0.120594606,0.008996945,-0.0064841663,-0.00031700774,0.0016154451,-0.006254452,-0.024257097,0.0019302883
-7.3197284,-0.6125789,-0.026399983,-0.0011812228,-0.20618959,-0.0047354507,-0.110204466,-0.0042815465,-0.0040530143,0.0024100917,0.018024463,-0.07585457,-0.004296512,-0.0009058391,-1.7034938e-05,-0.0032178578,-1.2544591,-0.040815715,0.087580375,-0.0003772023,-0.0005493863,-0.03486424,0.004325285,0.0018810977,0.0045170453,0.005167501,-0.008130149,-0.13959989,-0.14115667,-0.005349088,-0.005522226,0.0021554888,-0.00422406,-0.00032983968,-0.006868626,0.00041149333
-3.1387935,0.15072086,0.0015938652,-0.007179242,1.2049118,-0.0018077528,-0.070411846,0.0022661402,-0.042234883,0.0045132474,0.0203089,-0.15109664,-0.0008585125,0.003941127,-0.0019083339,-0.036505982,-0.3002044,-0.023620501,-0.0201165,0.0012857206,0.0031205888,-0.014939204,-0.007295394,-0.00051032205,0.009697778,0.007822522,0.01509214,-0.21233454,-0.18574856,-0.006097808,-0.0028920686,0.00094090897,0.0005883131,0.0031745203,-0.0075280154,0.00018787681
-7.3514886,-0.63652897,0.0028303838,-0.0015098399,1.2173318,-0.0010977559,-0.014138204,0.0003528203,-0.00518761,0.0025232413,0.006916808,-0.079914175,-0.007428237,-5.670472e-05,-0.00015922425,-0.0033219,-1.2189605,-0.025905022,0.088232525,0.00085348997,0.00547321,-0.024374094,0.003594751,0.00040150952,0.0013765657,0.0060657505,0.005639832,-0.09376,-0.14282796,-0.006011847,-0.006851119,-0.00013709128,-0.0012907787,0.0008915722,-0.0082188165,0.00014158642
-7.43896,-0.6655939,-0.0019108688,-0.0021381981,-2.2431502,0.0018041059,-0.06547122,-0.0016240028,-0.006121989,0.0026343497,0.021655044,-0.08477031,-0.0054929783,-3.0795673e-05,-0.00033018482,-0.0006716912,-1.3070476,-0.021538721,0.103380755,0.0010062951,-0.0008429976,-0.0927587,-0.00162348,-0.0011814944,-0.002234291,-0.0007788352,-0.0108788675,-0.109158635,-0.15050995,-0.004551791,-0.005113764,0.0060429303,-0.0035864508,0.0035274168,0.0043062144,0.0029928004
3.3301628,-0.028608147,0.033570003,-0.0026168646,1.2599925,0.00086174713,0.12419071,-0.010889861,0.023150586,0.006028314,-0.14797466,-0.28475463,0.0024928711,-0.0040811775,0.0037917139,0.06351943,1.9662136,-0.043280557,0.12516151,0.0071943086,0.003839256,0.057890296,0.009218764,0.0055354647,0.0052059228,-0.02525695,0.008199936,0.02700122,0.11951914,-0.06734973,-0.01026057,-0.0087158205,-0.016650897,-0.0043151323,-0.018680358,0.008755587
-7.301645,-0.60891056,-0.021383394,-0.0023678585,0.4828515,-0.002728923,-0.13026698,-0.00329005,0.000983385,0.0025249512,-0.023366611,-0.07808107,-0.0043260115,-0.002484269,0.0008048404,-0.0028153532,-1.2414421,-0.037840437,0.08464432,3.5357516e-05,-0.00082357804,-0.04467209,-0.003300456,0.00050659565,-0.00042623506,0.005750653,-0.008019305,-0.09438986,-0.14396937,-0.0041577416,0.0030086634,0.0011676725,-0.0034576645,-0.0010574963,-0.006588598,-0.0064647803
-7.2845416,-0.61038136,-0.023812117,-0.0011209516,1.2117434,-0.0017479772,-0.07314687,-0.003662616,0.008109251,0.0028123765,-0.019440088,-0.08051074,0.0031480454,-0.0026035458,0.00012697869,-0.0047003785,-1.223994,-0.036015976,0.085570045,-0.00041496975,-0.0019533355,-0.024721995,-0.0015231376,0.0012151279,-0.0017394486,0.006132709,-0.008359101,-0.07442273,-0.13357818,-0.0054775393,0.0070939492,0.0021719215,-0.0017775105,-0.0007879047,-0.007333885,0.0009025665
8.776464,1.0613163,0.025557889,0.0036957378,-1.2918984,0.00806213,-0.10518098,-0.0049793334,0.009124976,0.0027019035,-0.13218497,-0.122780606,-0.016242882,-0.0024083697,0.0009159329,0.058871705,2.237986,-0.03495255,-0.118049115,0.0101024015,0.014012507,0.051584855,-0.007799682,-0.000700876,-0.008636407,0.012373188,-0.01482265,0.067231014,0.16047037,0.00717453,-0.04307612,0.0050087133,0.005632586,-0.015246806,-0.016541561,0.0054426906
2.9380765,-1.1188393,0.010338035,0.0020235265,0.57536507,0.00016071627,0.026516374,0.0039991434,-0.15345089,0.015937712,0.029447556,0.13289262,-0.00270711,0.0073265173,-0.0018616035,0.004459141,1.9033859,0.013946793,0.007764418,-0.0016081698,0.004267318,0.055773817,-0.0001662447,0.02147467,-0.0005108388,-0.005397698,0.0071165706,-0.90233564,0.32167122,0.0012404969,0.019902706,0.000738459,-0.021476127,0.0034468067,0.038723424,-0.0050888825
-7.2862277,-0.6002118,-0.029578362,-0.0012000378,1.2006481,-0.0002309902,-0.060260963,-0.0026577383,0.0018768848,0.0026644275,-0.019169325,-0.071628965,-0.0014247674,-0.004419317,0.0007655016,-0.0035765762,-1.20389,-0.033033516,0.087563396,-0.0041993647,-0.011822995,-0.025089571,-6.853116e-05,-0.00034050003,0.0021370521,0.006359773,-0.0069362987,-0.08520017,-0.13236925,-0.0076376563,-0.009014064,0.0024084663,-0.002474848,0.00020408159,-0.007292232,0.0004975868
12.323551,-0.012535484,0.093955375,-3.4604385e-05,1.3788704,0.0032590306,0.18038484,0.018782467,-0.021304844,-0.00833261,0.13551544,0.3651654,-0.004433619,0.0076974845,0.001363536,0.044770192,2.5519388,0.19567509,0.09447575,0.012590781,0.026522273,-0.029249005,0.004952747,0.007753104,0.0003662341,-0.023232687,0.0145645235,-0.06529992,0.17183915,-0.0041080983,0.011231183,-0.00270858,0.0026411333,-0.00096552575,0.061863583,0.009410688
-7.4624696,-0.64219457,-0.023159273,0.005227762,1.2083658,-0.000840631,-0.024584921,0.008240572,-0.031720076,-0.011080025,0.01278161,-0.079900794,-0.006620088,-0.00095210056,-0.00057499897,-0.0024992414,-1.1357871,-0.02070886,0.08736806,0.0030808696,0.0014257224,-0.0076319072,-0.004007883,0.008402212,0.008875211,-0.010718787,0.003353404,-0.14167495,-0.13931312,-0.0088092955,-7.560302e-05,0.002184002,0.0023171653,0.006366521,0.012633795,0.0012226575
-7.2838445,-0.6128307,-0.03367912,0.001145598,-1.2301775,-0.0018994646,-0.14076076,-0.0027267297,0.0032946514,0.0028962751,0.014408617,-0.06915104,-0.0043844176,-0.003230209,-0.00015597246,-0.0029593308,-1.3178467,-0.041741557,0.08084033,-0.00395415,-0.01094201,0.06618018,-0.0023388774,0.00019687435,0.00076462596,0.0055510285,-0.008648942,-0.47617942,-0.15920648,-0.005708198,-0.0057339966,0.0027185266,0.010351064,-0.0009366874,-0.0077720582,0.0035711904
-7.3048596,-0.63715947,-0.019771539,0.0019851597,1.2053968,-0.0008254337,-0.07767338,0.0022267562,0.0016177024,0.002833408,0.014412756,-0.082217865,0.003144511,0.00031228116,-0.0012055172,-0.004809801,-1.1837689,-0.025236463,0.08376704,0.0005971525,-0.0009841266,-0.03313013,0.0027837548,-0.00033184572,0.00314432,-0.012402348,0.0037192532,-0.10299309,-0.13616824,-0.005997948,-0.006540427,0.0037915858,-0.00026828455,0.0013854312,1.5544378e-05,0.0013043109
-7.323847,-0.65790063,-0.0026915192,-0.0035372118,-2.1611342,-0.0018344151,-0.15321292,-0.00027124071,0.0035569868,0.0026893122,0.015665289,-0.082478896,0.0033320254,-0.001668559,0.0005312912,-0.0029274279,-1.3588411,-0.0295855,0.087581165,0.0020747364,-0.0007925547,0.03482215,-0.0026512796,0.0012304771,-0.0010371542,0.007026451,-0.010073486,-0.48061538,-0.15179077,-0.006746931,-0.0035866906,0.0017374826,0.0002973981,-0.0043930095,-0.008773478,0.0063692434
-7.286851,-0.61430174,-0.027642438,0.00033925488,-0.65036213,0.0027546876,-0.14907224,-0.0025251023,0.002585181,0.0021045115,-0.019597523,-0.07784299,-0.0011291797,-0.0052311826,-0.0021467174,-0.0013787029,-1.2799878,-0.03483399,0.0761281,-0.00039885202,-0.004076297,0.059924774,0.0017666811,-0.0011645377,0.0023739506,-0.009910022,0.0031743564,-0.40655467,-0.1503035,-0.005319576,-0.005055186,0.00035292824,0.010597381,0.00010341992,0.0117972065,0.00014413697
15.643485,1.0181944,0.06748267,-0.0042852885,-1.5982956,-0.000840387,-0.1557809,0.00048051306,0.002858074,0.003564799,0.045858297,0.20447654,0.014473169,-0.0002767633,0.0029273734,0.044055182,3.3119593,-0.017093215,-0.020849109,0.029246936,0.015173247,0.032724243,0.00753991,-0.0038071198,0.0030296985,0.03300486,-0.0045344913,-0.16355637,0.40031332,-0.0067186267,0.021106651,0.0021973979,0.0093181925,-0.0043845237,-0.033157203,-0.0053522163
-7.3162675,-0.6442078,-0.016481465,0.00063459174,-2.1591809,-0.00054321,-0.16331872,-0.0034396783,0.008879882,0.0020838117,0.016166996,-0.08078697,-0.0038470428,-0.0018793433,-0.00061427534,-0.0026253643,-1.3468088,-0.035536602,0.085092194,0.00063229166,-0.0011382258,0.021875711,0.0085605895,0.0001204463,0.004365513,0.0053023244,-0.008052128,-0.482423,-0.15820107,-0.006166398,-0.0045351554,0.0039173816,0.00023201299,-0.0022903557,-0.010170397,0.0050550234
9.737711,1.0155307,-0.027413603,-0.004678117,-1.8344288,-0.0105515765,-0.28103253,-0.0077444473,-0.012516998,-0.0059470907,-0.16035548,-0.052874934,0.0036739476,-0.0054173465,0.0035275386,0.06990207,2.511872,-0.07397205,-0.06535698,0.0058994927,0.008550295,0.023432102,-0.008946606,-0.0059092077,0.013377611,-0.023694875,0.011131802,0.09430601,0.26897475,0.02462183,-0.014478693,-0.014976601,0.015526249,-0.010837345,0.02768207,0.006827287
-7.3026643,-0.5981169,-0.040826466,-0.00094479416,1.202278,0.0013434789,-0.014893285,-0.008564588,-0.027336122,0.0036097362,0.015240581,-0.068756804,-0.0012747811,-0.004963604,-0.00021576784,-0.0031560604,-1.1722317,-0.033347502,0.094603606,-0.0024853488,-0.012234232,-0.018282099,0.005384614,-0.00035592006,0.0070433095,0.006159735,-0.008147675,-0.11319339,-0.13019249,-0.008430321,-0.0017237224,0.005110071,-0.001755385,-0.0007171489,-0.007897026,0.0036157817
-7.2251496,-0.6125636,-0.037192024,0.0014905744,-0.8326077,-0.0032028328,-0.06556663,-0.0060211713,-0.029148396,0.0028667327,0.015620987,-0.06689779,-0.0011538716,-0.0058942325,-0.0009993529,-0.001434925,-1.2521164,-0.03767724,0.08811907,-0.0043852343,-0.012439319,0.05463946,-0.0037870766,0.005441878,0.01182413,0.002145738,0.0050725047,-0.40046415,-0.15841226,-0.0066443738,0.0013996518,0.0036708585,-0.0011401722,0.0011607539,-0.008063544,0.00038715696
-7.33355,-0.6475228,0.0018814327,-0.0020046066,1.2058879,-0.0007143127,-0.025816632,0.007908711,-0.0030893267,0.0030946317,0.0132353725,-0.08470799,0.0035379392,0.0006544518,5.8019014e-05,-0.004424968,-1.2188854,-0.026313199,0.09101733,0.00016731632,0.0011190013,-0.026767207,-0.0044542346,0.000513945,0.0022052233,0.0070200674,-0.009420194,-0.096880995,-0.13074966,-0.0075169243,-0.0064777755,0.000807297,-0.002568102,-0.0007218944,-0.007619432,-0.00011074581
-7.386316,-0.66844606,-0.017747302,0.0025349592,-2.3680992,-0.00295338,-0.085647374,0.0009819397,-0.02892343,-0.0019145655,0.01198064,-0.0831001,0.0033613609,-0.0020607803,0.00044741147,-0.0041353507,-1.3130405,-0.020673739,0.09664241,-0.0016026811,-0.0016765939,-0.111607276,0.00014321183,0.0009872305,-0.00041170954,-0.0019414184,-0.0072051715,-0.14604151,-0.15232246,-0.008997863,-0.0010686443,0.002159283,-0.01744707,0.00073498365,-0.0040015443,-7.7462e-05
22.55234,1.2716485,0.053087696,0.008492478,1.188111,0.009360624,0.17374225,0.014692564,0.041683506,0.0045764213,0.11159226,0.3047666,0.050618388,-0.0024928502,-0.005634742,0.088196516,4.1719403,0.04234534,-0.04258244,-0.00043765357,0.019233817,-0.0201266,0.0053041712,-0.0023194146,0.0010592624,0.012330646,-0.0059304195,0.4892717,0.5093334,0.007635358,-0.0035726393,0.00025969566,-0.002760898,-0.007995984,-0.01870508,0.007330436
-4.3248744,0.16335067,0.012732374,-0.00042171715,-1.6903352,0.0079376595,-0.1868157,0.014705811,-0.02255586,0.0021547563,-0.047164127,-0.11507158,-0.0016803815,0.009123306,0.0031905484,0.029694341,-1.065442,-0.045221552,0.06161199,0.00037522934,0.0036026011,0.05256541,0.0026162837,-0.0017039445,0.018635701,-0.006190317,0.0107756825,-0.016762333,-0.21768492,-0.00070662954,-0.0043966244,0.0007959506,-0.07138885,-0.003180318,0.0007138838,0.00060019566
-6.185772,0.01394884,-0.039109748,-0.0006309276,1.2578545,0.00089726306,-0.0076829735,-0.007203437,0.0018329972,0.0018161286,-0.041030906,-0.098744266,0.0038638525,-0.0069714785,-0.003913887,-0.011190343,-1.2319374,0.0051617078,0.04839722,-0.00017065913,0.002133334,-0.014554305,0.0042041796,0.0030609216,0.0056910864,0.000478527,0.0046177628,-0.057232235,-0.18632634,0.0049792416,-0.0136468485,0.002238262,-0.0015232732,-0.00035280344,-0.012951677,0.0054946374
-7.325338,-0.651515,-0.0030040995,-0.00017882859,1.2007024,-0.0023853574,-0.045315612,0.0050197914,-0.0062911813,0.0025919562,0.011976151,-0.07993341,-0.0002467914,0.0048899944,0.00047908092,-0.0033590726,-1.2076812,-0.027935768,0.09188274,0.0016470043,0.00057032047,-0.025704954,-0.004630277,0.0010540079,0.005304971,0.0033654626,0.008095049,-0.09634501,-0.13556333,-0.006582581,-0.007965433,0.0011037452,-0.0022123943,-0.00074422586,-0.007336989,0.00013589577
4.635719,0.9618981,-0.0066198017,0.0015319787,0.9444203,0.005245391,0.06857876,0.0001267967,0.021744119,0.002818141,-0.16904582,-0.22607186,-0.01600564,-0.0062009594,-0.00603661,0.013982445,1.7894205,-0.04375258,-0.09478696,0.005292287,0.015688885,0.0087521225,0.0112144165,0.0026852314,-0.007560297,0.0029975497,-0.015124648,-0.1427907,0.008666871,0.0039848504,-0.04667652,0.0013632743,0.0130856475,-0.0017262418,-0.013088208,0.0015483281
-7.323183,-0.6121842,-0.02318796,0.0011879498,1.2031416,-0.0011637653,-0.026942985,-0.0045003495,-0.0041335137,0.0029163049,-0.018806675,-0.074987896,-0.001560377,-0.005012841,-0.00018915419,-0.0037760162,-1.2104309,-0.034563433,0.089307725,-0.0018258381,-0.010743307,-0.025895815,0.007426761,0.00046019832,0.004443559,0.0048872437,0.006852823,-0.08670992,-0.13488345,-0.0068469234,-0.00734296,-0.00028910878,-0.003053301,-0.00045290028,0.0013361231,-0.0001432619
0.34826693,-1.0286514,0.04232319,-0.003030431,-1.3457785,-0.002678621,-0.07509856,0.031373326,-0.002547015,-0.017417548,-0.17347825,-0.22563912,-0.0062261457,0.008930557,-0.0035581011,-0.06583146,1.8318858,0.027509857,-0.041861147,0.0037192572,0.004175818,0.06903099,0.00422216,-0.002557888,-0.0010164374,-0.0064068334,0.0057357713,-0.41117644,0.22687475,-0.003979049,0.009554342,-0.004230623,0.0009293674,-0.0020292662,0.04115623,-0.0015412131
16.061144,0.6798084,0.0605747,-0.0012193363,1.3039659,0.0034970434,0.14062278,0.01884853,-0.008010112,0.0011555637,0.064239606,0.35124314,-0.0057498803,0.021457987,0.0019943085,0.06911574,3.4895833,0.0038588103,0.00240174,0.0051508797,0.025318448,-0.021984708,-0.01026785,-0.0049162824,0.005446444,-0.022444598,0.01308298,0.18456905,0.40229145,-0.001366633,0.003233432,0.0029651553,-0.0035669366,-0.00078103645,0.02200882,-0.0025723078
-7.311222,-0.6462523,-0.0005682352,0.0007354736,-1.8391,-0.0045654955,-0.12908988,-0.0011406232,0.0022440574,0.0021428987,-0.005631868,-0.082365416,-0.0041060997,-0.001433739,-0.0015252529,-0.0018025842,-1.341029,-0.03395697,0.08671083,0.0010154884,0.0009958295,0.014346272,-0.0031693596,-0.0007728329,0.001600902,0.005714006,-0.009081916,-0.38546935,-0.14835785,-0.006667793,-0.004514382,0.001066494,-0.0021616037,-0.000863597,-0.009384373,-0.0017802331
18.667496,1.0616668,0.047565423,-0.005746897,-1.740381,-0.0036766457,-0.2222212,0.016704699,-0.011846396,0.0019288241,0.07326071,0.32269695,-0.002507403,0.016350737,0.00063000835,0.070169784,3.7644734,0.030805921,-0.007831621,0.030563151,0.019984603,0.0061241444,0.0018003844,0.0006551341,-0.0012262189,0.008566406,-0.026539685,0.053583857,0.36856124,0.0037451854,0.020617533,0.012699798,-0.0017265583,-0.003428242,-0.030954245,0.0020839756
-7.330169,-0.6321275,-0.0047669844,-0.0016322809,0.3758663,0.00041187293,-0.028036674,-0.0032481758,0.011211679,0.0036075267,-0.02283959,-0.08022979,0.0041166926,-0.0026439896,-0.00034335197,-0.005982564,-1.3074512,-0.019618839,0.089285225,0.0014576402,0.0013817303,-0.060920026,-0.006390585,0.003027385,-0.0033261331,0.0057816664,-0.008572717,-0.047464732,-0.1346215,-0.004132892,-0.0005647705,0.00024876217,-0.0026078932,-2.6676811e-05,-0.008756105,-0.00204779
17.326443,1.1946487,-0.003023428,-0.007533144,-0.009195802,-0.028003622,-0.11548401,0.0012369334,-0.011576003,0.004875841,-0.00055598054,0.17769092,0.047696594,-0.0035891961,0.0010847069,0.08466171,3.8011515,-0.010522248,-0.09670612,-0.0015849075,0.0035260199,0.02298918,0.00027439074,-0.007685367,-0.0013509996,0.014932074,-0.019825835,0.3496396,0.4884393,0.0104736565,-0.025219502,0.004520829,0.0016199442,-0.0029022507,-0.02795086,0.0074464744
3.3764951,0.7554676,-0.008519316,0.0017409615,-0.6653321,-0.013891528,-0.08275433,-0.01263194,0.02635823,0.0035594944,0.031384237,-0.3178333,0.006426882,0.0029792422,-0.0011353221,-0.024848977,1.5639284,-0.018056244,-0.03512546,0.0015120273,0.0014304568,-0.04336282,0.01993814,-0.001676366,-0.0004583642,0.0038312946,-0.023085438,-0.33019528,-0.1505944,0.0009644336,0.019123992,0.0024924509,0.007389868,-0.0027168463,-0.014467277,-0.002363415
10.7017355,1.1318235,-0.11138036,0.005991969,-1.7632693,-0.009361461,-0.25611952,-0.027799554,-0.019632969,0.0023285626,0.13499221,0.2975632,-0.0071226936,-0.00787672,-0.00073987566,0.041496146,2.6109374,-0.051049214,-0.04532003,-0.083995834,0.010962781,0.0115126865,0.0050723064,-0.001421157,0.0026790781,-0.0023066823,0.011707625,-0.11378706,0.233215,-0.008940599,-0.0015511314,-0.00017582256,0.009212397,0.001243569,-0.019212479,0.0029024468
-7.276979,-0.6092464,-0.0286597,-0.0010175371,1.2004211,-0.00087605504,-0.06427405,-0.004846575,0.004805169,0.0027817443,0.006636388,-0.07369435,-0.0069555803,-0.0023976814,-0.0010985202,-0.0036833985,-1.2053071,-0.03309462,0.0868192,-0.0037702185,-0.005755378,-0.025685268,-0.005158748,0.00063672935,0.0034310473,0.006471512,-0.007467144,-0.095772214,-0.13298166,-0.0071890973,-0.008669165,0.0015253455,-0.0019325238,0.0012792198,-0.006888036,0.0005551041
-4.034126,0.5076846,-0.038038515,-2.2695154e-05,1.2514807,0.0038617009,0.0105120875,-0.011975962,-0.008209969,0.0039285147,-0.032339107,-0.22643366,-0.00037878184,-0.016941909,-8.428103e-05,0.025277626,-1.1332082,-0.010617513,-0.028817581,-0.005784407,-0.0035717147,-0.025355788,-0.008988972,-0.00078147434,0.0012197866,0.0046094144,-0.0060121156,0.02765569,-0.19771647,0.0014721038,-0.012867775,0.0004382949,0.011482725,0.00108089,-0.011239599,-0.0027634646
-7.290408,-0.5926279,-0.03915378,0.0018882798,1.1959543,-0.001760276,-0.07646104,-0.004256101,-0.036862135,0.0034311516,0.015087423,-0.06842915,-0.0004845255,-0.004694941,3.3789744e-05,-0.0029842257,-1.1432195,-0.0344092,0.086876914,-0.0028122605,-0.013052136,-0.025453316,0.0040946854,0.0036119134,0.008286418,-0.0076310067,0.003038433,-0.10828539,-0.14203086,-0.006492308,-0.0009515819,0.004294992,6.650019e-06,0.0033109232,-0.008124214,0.00431104
-7.31138,-0.6185739,-0.017736057,-0.0006946947,1.2045702,-0.0005444336,-0.032630257,-0.0042251805,0.0045237355,0.003594624,-0.02114681,-0.081995465,0.0029860197,-0.0022518279,0.00064483075,-0.0037117656,-1.2291273,-0.032934904,0.088073924,0.0005247602,-0.0014201874,-0.025793852,-0.0048856284,0.0016188307,-0.0005164743,0.006183667,-0.0080159735,-0.07313769,-0.13858098,-0.0053187096,0.0023526505,0.0024859973,-0.0030618669,-0.00049225165,-0.006924517,-0.0023272745
-7.262675,-0.65031576,0.0019265087,-0.0016001633,-2.204275,-0.008446271,-0.16854571,-0.004802362,0.0046797236,0.0024008444,-0.03506648,-0.08065612,-0.0046254266,-0.0028177486,-0.000792522,-0.0136182625,-1.3869438,-0.025750462,0.09927059,-0.00087570096,0.0004909002,0.020170841,-0.0029322878,0.00061827776,-0.0005612147,0.005592943,-0.009007154,-0.08786722,-0.15046644,-0.011808506,-0.0017741772,0.0013165092,-0.0032297843,-0.0049209655,-0.0068569896,-0.025507368
-2.5695643,0.71768457,-0.04514095,-0.002572261,1.2345598,0.0044636,-0.081820585,-0.017731277,0.0020624334,0.0054893834,-0.042342763,-0.28034353,-0.0015059145,-0.025111455,0.0016406714,0.0136997765,-0.6376899,-0.031422183,-0.06282221,-0.00288287,-0.009122587,0.08870027,2.659802e-05,0.0019607404,-0.0026321192,0.0065222112,-0.0343585,-0.044291034,-0.12072345,-0.000529127,-0.030667674,-0.003094215,0.012089753,0.00042403376,-0.0057694335,0.0043610567
-7.3021197,-0.603901,-0.034920335,0.0006000978,1.2201613,0.0009673741,-0.11937537,-0.0040792935,-0.031660885,0.0029627632,0.013349373,-0.06912215,-0.0017831171,-0.0048801326,0.001506797,-0.0029509075,-1.1633987,-0.035227753,0.081951626,-0.0030320853,-0.013201133,0.0073734843,-0.0040922393,0.0033168679,0.0069431015,0.0024549502,0.002482722,-0.119666874,-0.13799913,-0.007909835,-0.0003880951,0.004992528,-0.0003430244,0.0028732282,-0.007885395,0.0014724362
7.2211595,0.9265479,0.020664392,-0.0014598557,1.2776338,0.022018356,0.10862111,-0.015878016,0.03340414,0.0051983646,-0.15857026,-0.5798902,0.015214853,-0.0050910967,-0.000525524,0.076264866,2.0181437,-0.08819079,-0.1317807,0.0041474984,0.007427236,0.036815315,-0.011960114,0.0041969907,-0.005334299,0.0008473752,-0.01581297,0.16991465,0.22043781,0.023343798,-0.03347012,-0.0006535874,-0.003902472,0.0046995394,-0.01458301,0.013943643
20.109575,1.0414402,0.05029432,-0.0032306695,1.1440876,-0.008377679,0.13758849,0.0101094125,0.006457323,0.0039126957,0.08536052,0.2923761,-0.048019055,0.019916533,0.0041060196,0.053552203,4.014225,0.032302126,-0.06125853,0.0025461717,0.019330572,-0.029680306,-0.010986904,-0.0010527493,-0.005395815,-0.00037929325,-0.012125498,0.4199835,0.45123497,0.002782055,-0.004637469,-0.004636405,-0.009641678,-0.008270796,-0.038238563,0.008196308
-7.3745117,-0.6384682,-0.00092721643,-0.0021848346,0.17248625,-0.0007786319,-0.15215552,0.004091214,-0.033902757,0.0031411117,0.013826524,-0.07859604,-0.0017577403,0.008243795,0.0005504266,-0.002774076,-1.2084833,-0.034990627,0.08567211,0.0027818424,0.000652893,0.0075620315,0.0044840723,0.0011151873,0.009738741,0.006251658,0.0065026386,-0.26385126,-0.14842741,-0.0052134255,0.0029036289,0.0009537554,-0.0039852527,0.0024063296,-0.007854105,0.0020255537
19.567429,1.0285378,0.08695018,-0.009520426,-1.885582,0.005352649,-0.24813826,0.023402266,-0.0035025873,-0.0046774307,0.049932525,0.29553053,-0.009851749,0.014841929,0.004435081,0.055480395,3.5404558,-0.2535588,-0.012593376,0.003488648,0.01405478,0.0038332634,0.0022269986,-0.0039761327,0.0038247358,0.111570895,0.018255264,0.33086708,0.36997664,0.010279888,0.01286638,0.011302127,-0.01694663,-0.0072356784,-0.04208878,-0.006702711
18.33246,0.9455701,0.01951408,-0.0004155776,1.1880378,-0.0048725842,0.13022655,0.009503403,-0.01716506,0.0024921035,0.05182774,0.3165094,-0.058213152,0.016780507,0.0043793037,0.051113907,3.3293736,-0.22628972,-0.0032864045,0.008245178,0.021572886,0.057616442,0.012490788,-0.004927345,0.019012226,-0.031107001,0.020394538,0.33348638,0.4596957,0.0075979414,-0.0018817628,0.00088627194,0.0062753484,0.0071379733,-0.0064048897,0.023162965
13.958355,1.2855539,-0.019856654,0.0026244356,1.2979836,0.0051875613,0.10721137,0.00034609556,0.002010547,0.0038149722,-0.003638028,0.35453716,-0.0048714424,-0.0063993395,-0.0037154385,0.06363675,3.1422665,-0.035601586,-0.1294753,0.020427408,-0.0113087455,0.010808003,-0.010321699,-0.004623406,0.0037251294,0.023605568,-0.007490719,0.030081635,0.40983605,-0.001232114,-0.028119568,-0.00082209456,0.0039985995,-0.0025340281,-0.024739042,-0.0024671704
-7.2927556,-0.6056257,-0.024393043,-0.0010637428,1.2273637,-0.0011488304,-0.11828025,-0.0039443998,0.008680942,0.0024667236,-0.02308656,-0.077850185,-0.00045443204,-0.004962262,-0.00034508097,-0.004059547,-1.2203293,-0.034435652,0.08398981,-0.0007174555,-0.0043503176,-0.003906179,-0.0059364093,-0.0010087943,0.00060403947,0.0062121116,-0.00532048,-0.08615774,-0.13367459,-0.0050719893,0.0026709551,0.0023292343,-0.0022234598,-0.00034650433,-0.0069993474,-0.00065256166
18.750675,1.0386266,0.09220161,-0.0017094094,-1.684379,-0.009579,-0.21161954,0.008559487,0.033787526,0.0036894926,-0.039256856,0.18515559,-0.052299287,0.024239035,0.0052684923,0.07744547,3.4555132,-0.026751038,0.09759143,0.014631486,0.02422013,0.012080249,0.006818397,-0.0020049673,0.0056619085,0.017882587,0.0060551437,0.34057313,0.34442204,0.03230558,-0.018183613,0.0074360287,-0.06707959,-0.0049367025,-0.03027577,0.022111207
-1.1681073,0.7092948,0.0465132,-7.053032e-05,1.2959565,0.0030030303,0.045030423,-0.00036447303,0.0032168995,0.0043950053,-0.048804045,-0.2818696,-0.011850681,-0.00059253623,0.0032401623,0.10063694,-0.3490843,-0.03597426,-0.077802055,0.0010768517,0.0061947973,0.020861607,-0.0057824925,0.0026294235,-0.0016401305,0.0021142685,-0.041203044,-0.005376903,-0.0899551,0.0029760513,-0.011262551,-0.0005142959,0.004865345,-0.0004242927,-0.009334015,0.009926261
-7.3120785,-0.65486014,0.00077499915,0.0017495593,1.2028043,-0.0010416603,-0.07159662,0.006375701,-0.007265993,0.0025545536,0.013254795,-0.08357097,-0.0011041058,0.008957132,0.00011289683,-0.0029763407,-1.1895771,-0.02473316,0.08422193,0.0028855107,0.00047323795,-0.029338796,-0.005500644,-0.00040010829,0.0025724743,-0.011475166,0.008565821,-0.09525714,-0.14346595,-0.0068760244,-0.0069971094,0.0009038561,-0.0021382982,0.00049065537,0.012896905,0.00016172392
14.238815,1.192928,-0.008598601,-0.0066392045,1.2457736,0.013225176,0.13767244,-0.0006223595,0.033391867,0.0035045794,0.049361292,0.3412109,-0.07094645,-0.00487099,0.00054204947,0.06124614,3.2346423,-0.033789027,-0.12180467,0.004231311,0.0007503338,0.04489089,-0.006647439,-0.0010157559,-0.0062232185,0.022537248,-0.014647451,0.28817713,0.40786156,0.0058386447,-0.022082385,-0.00057641044,0.005557436,-0.0031322823,-0.025426496,-0.0020074488
-7.37371,-0.59248656,-0.030413967,-0.0015374742,-0.07402136,-0.0021823002,-0.15853687,-0.0059376867,-0.03165137,0.00323193,0.015636498,-0.06658005,-0.0016682477,-0.0049790763,-0.0016243724,-0.0016796626,-1.2041209,-0.03982424,0.086554036,-0.0060197716,-0.011148104,0.004533217,-0.0017909019,0.002101925,0.0089088725,0.004946479,0.008258248,-0.26904732,-0.13881138,-0.0048572435,0.0016872492,0.004201111,-0.004096473,0.0031886904,-0.010484401,0.0008843315
-7.2811446,-0.60187495,-0.038251605,-0.00086800003,1.1980854,-0.001943262,-0.0678317,-0.004299462,-0.032684974,0.0035398002,-0.005998107,-0.07121225,-0.002065162,-0.004672297,0.0023292538,-0.0029569461,-1.1628964,-0.034252837,0.0815981,-0.0021191407,-0.0119338585,-0.024036719,0.0037192535,0.002427252,0.006265964,0.0062705153,-0.0055731707,-0.10518584,-0.13333775,-0.006768088,-0.0010044007,0.0055077323,-0.0023430535,0.002018466,-0.0069704326,0.0019737468
14.993506,1.13483,0.026471024,0.006891335,-1.528404,0.007333532,-0.244035,-0.01526572,0.043561585,0.004025723,0.045431096,0.19382705,0.011951756,-0.0030072995,0.0014582264,0.05793433,3.2520428,-0.033890415,-0.112008594,0.008700202,0.012893313,0.0020256767,0.009465467,-0.0038261022,-0.0095269885,0.024948625,-0.020304024,-0.27932018,0.38983423,-0.0064263297,0.005141119,-0.0011352705,-0.06651782,-0.0028112375,-0.026330829,-0.005099649
-7.3108616,-0.6255089,-0.028091474,-0.0006962233,1.2021247,-0.001991326,-0.048288755,-0.0013067693,-0.00042985653,0.003327027,0.013422567,-0.078564994,0.0034147715,-0.0023058534,0.0007381823,-0.00345912,-1.2097789,-0.030583244,0.08682905,-0.00045542332,-0.0016360158,-0.026332835,0.0034292755,-0.0012802964,0.0018593373,0.0046985312,0.009166779,-0.0994982,-0.13664024,-0.005928318,-0.007844008,0.002211724,-0.0010352093,0.00013198235,-0.011156598,0.0007985601
10.869247,1.235811,-0.054056935,0.0020903787,1.3367728,-0.0031034003,0.16396317,-0.0207547,0.0026375793,0.005157357,0.10892972,0.35256177,-0.009581305,-0.0058661015,0.002953245,0.029748775,2.5839794,-0.05368206,-0.10725343,-0.050066344,-0.005399071,-0.01683142,0.006344914,-0.0011770148,-0.001210217,0.011106774,-0.01311012,-0.15368453,0.19700626,-0.0038318092,-0.0030681472,0.008124094,-0.0030341155,0.0017376244,-0.02885038,-0.006030647
-7.3679504,-0.624495,-0.0279651,-0.001953354,-2.2828417,-0.00076249585,-0.03940485,-0.007187891,0.0047371043,0.002252913,0.012783737,-0.073630825,-0.0023760542,-0.0070615397,-0.00027377385,-0.0037600792,-1.3480843,-0.028336897,0.086623564,-0.0030884403,-0.013308878,0.008381271,-0.0010262933,-0.0010820344,-0.000834665,0.006654802,-0.007120215,-0.3980169,-0.14655843,-0.007906358,-0.009896675,0.0024099175,0.00060966273,-0.0005036596,-0.008182193,0.00030211237
-3.0658653,0.9514932,-0.03944298,-0.00045356213,1.3109471,-0.0021031545,0.0802292,-0.018856503,0.0014647897,0.005663717,-0.05309691,-0.2876921,-0.0025006763,-0.02390182,-0.0074436925,0.013118808,-0.7437145,-0.029729227,-0.031506486,-0.0035838336,0.0044787927,0.0020414637,-0.012480046,0.003324389,-0.002130485,0.008204392,0.022932142,-0.035343047,-0.18703073,0.0023517902,-0.029685639,0.0018207342,0.004256432,-0.00039555816,-0.009428538,-0.0035557062
10.015708,0.6084392,0.047746446,-0.004071542,1.4227898,-0.00012843593,0.14713052,0.0099048065,-0.08342134,-0.008910983,0.014063011,0.24565993,-0.003355989,0.0079084635,0.0042937514,0.009484963,2.6703682,-0.13298297,-0.03239817,0.007529111,0.028352268,-0.013652782,0.007007046,0.008095263,-0.0048367954,0.0007203367,0.01916474,-0.5184559,0.29557973,-0.0050503397,0.0009155297,-0.0014760144,-0.001587964,-0.0004075183,0.042517766,-0.034262918
-7.3170643,-0.6254986,-0.024853513,-8.1775426e-05,-2.146927,-0.00020325619,-0.16553742,-0.0040406324,0.0030761124,0.0018267939,-0.018159209,-0.078103274,-0.0032270197,-0.003429825,-0.002998191,-0.001373071,-1.3357381,-0.03389942,0.08238225,-0.0009382168,-0.0019607546,0.022306954,0.0062941234,-0.00079782755,-0.0012192555,0.0052371016,-0.008670887,-0.4663587,-0.15946427,-0.0063365786,-0.00423756,0.0003181879,0.00057409884,-0.0025332058,-0.010640131,0.006735258
-7.2880964,-0.6781358,0.018757163,-0.0010427763,-1.7630819,-0.0038237835,-0.09189656,0.0045691663,0.01451874,0.0027869544,-0.022282876,-0.08580267,-0.0016137861,0.005227557,-0.00028421896,-0.004405612,-1.3546847,-0.03535494,0.10175575,0.0022277166,0.0007918168,-0.12712671,-0.0029912405,0.0020862254,-0.0024873537,0.0056151934,-0.010123455,-0.10321084,-0.15991777,-0.0030618215,0.009769668,-0.0040148785,-0.0064466055,-0.0012206412,-0.0076723653,-0.007850716
5.471394,0.18173184,0.041645944,-0.0003078381,1.3255734,0.00056652474,0.114827186,0.065044865,-0.006836037,0.0029249932,-0.13094252,-0.3308766,-0.0023697217,0.03188705,-0.0014548394,-0.046812527,1.9457473,-0.023566965,-0.041515347,0.007737246,0.0062423344,-0.0030515175,0.009438949,-0.0012844021,0.0006864956,-0.023908895,0.0020619014,-0.05185824,0.17360266,0.010762105,-0.0067276116,-0.0014501471,0.013843345,0.00066765904,0.010517303,0.016182644
-4.2587624,0.11488852,0.014074548,-0.00059722166,-1.8286936,0.0068125175,-0.13234091,0.0072715054,0.027708659,0.0042527057,-0.05076092,-0.10117128,-0.00013828832,0.0006243191,0.001509955,-0.03351957,-0.9358957,-0.01828224,-0.008644276,0.0024797248,0.0011024624,-0.082358256,0.0029576283,-0.00075945805,-0.010522349,-0.0024887952,0.008723387,-0.0068514766,-0.20060836,-0.0070677097,-0.0025255275,0.00034864398,0.006271947,-0.0024143779,-0.019765416,-0.003987371
-7.379794,-0.6412669,-0.009727294,0.0045929304,1.2074811,-0.003522556,-0.02235167,0.0022217662,-0.034799024,0.0032078852,-0.02477918,-0.08091828,-0.009307446,0.0018187839,-0.0003075185,-0.002806214,-1.1681238,-0.02577998,0.08921047,-0.00053153187,-2.57488e-05,-0.021030113,0.0090688635,0.00013287738,0.008012935,-0.010634006,0.004340415,-0.09573624,-0.14276785,-0.004800657,0.007919183,0.001128698,-0.0028923722,0.000120879355,0.01337119,-0.004191105
-7.3911424,-0.6424852,0.005441437,-0.009614458,1.2096221,-0.0004586293,0.0035713725,0.005760609,0.005964347,0.0034202095,-0.005169264,-0.08521752,0.004163033,0.00097074744,-0.00023310953,-0.003932008,-1.2243912,-0.024568079,0.09259211,4.895495e-05,0.003585927,-0.023587057,-0.0067663365,-0.0004723967,0.0006449185,0.006722,-0.0094912555,-0.08374543,-0.13010377,-0.007669057,-0.0069507263,0.0001671621,-0.0016428683,0.00052912865,-0.008066277,-0.00037758853
-4.688603,0.44319728,-0.048366886,0.0008783844,-0.8347197,-0.006819245,-0.2034379,-0.019401249,-0.015112234,0.0033041642,-0.039242685,-0.13263182,-0.0009801622,-0.011257019,-0.006333402,0.026926395,-1.1515543,-0.014746012,-0.038868334,-0.0057348716,-0.010948292,0.07418132,-0.009594435,-0.008403135,-0.00047083493,-0.006244797,0.007737428,-0.01760734,-0.18456353,0.0015400685,-0.015774488,0.001304303,-0.00532643,-0.0020363145,-0.010956153,0.004839558
-7.288261,-0.60394746,-0.031998806,0.00036776846,-1.2353046,-0.0017539047,-0.14376466,-0.0041274093,-0.0006447774,0.002423339,-0.02038983,-0.072086476,-0.001687422,-0.0067692604,0.000543033,-0.0037200644,-1.3293687,-0.03774711,0.07998569,-0.003551228,-0.010374472,0.062395543,-0.003431885,0.0016442516,0.001590807,0.005633227,-0.007883733,-0.45498583,-0.15250206,-0.005801922,0.010234164,0.0011187363,0.006684278,-0.0011548775,-0.008778105,0.0019467378
10.808044,-0.6388745,0.116366476,0.0019318208,-0.64579844,0.0018679108,-0.11027097,0.017127268,0.0077633173,0.0043375487,0.043697894,0.16560553,-0.0045589814,0.009060982,-0.0052041966,0.050490744,3.3325465,-0.120741464,-0.02730376,0.0065069804,0.0052893767,0.07011227,-0.013176868,-0.002140689,-0.0018823514,-0.027027195,0.005656556,-0.10847893,0.5131877,-0.011222191,0.018538767,-0.0050821593,-0.0042276424,-0.009789352,0.057699777,-0.005555138
-7.3374043,-0.6426684,0.0055163875,-0.0015480823,1.2068202,4.5157743e-05,-0.023551488,5.328971e-05,0.0104071805,0.0034639393,0.007094211,-0.083978236,0.0040372214,-0.0016259379,0.007003446,-0.0040567555,-1.2195433,-0.027291762,0.09129636,0.00024171817,0.0025835717,-0.020221135,-0.005163662,0.002499684,-0.019749852,0.0066209375,-0.005407786,-0.09856958,-0.13892229,-0.0073704114,-0.010484,0.0007995938,-0.0028400496,-0.00011674305,-0.006337946,0.00043003436
6.49131,-0.09713953,-0.18301515,-0.0019875383,-1.8980101,0.004388388,-0.048169523,-0.012877064,-0.01106975,0.0023007714,0.11902138,0.24028568,-0.0063400455,-0.0077039357,0.0030690664,0.018612985,2.826365,-0.03505617,-0.11757019,-0.023460155,-0.06316572,-0.08492393,0.009281272,0.00037995275,-0.004511027,-0.008223967,-0.0021415912,-0.02563468,0.18019806,-0.0041335775,-0.0057022907,0.0044586067,0.007435903,0.0021652437,0.026117641,-0.0020828769
-7.2858343,-0.60004836,-0.03525128,-0.0009519722,1.2182064,-0.001543893,-0.11121655,-0.004523579,-0.005136929,0.0024009666,0.017357552,-0.069425076,-0.0006488398,-0.0047959113,-0.00029252798,-0.0024757877,-1.1999792,-0.036557738,0.08347612,-0.002199845,-0.011278992,0.015097215,-0.0038108835,0.0006443769,0.0021858534,0.0060150954,-0.004491738,-0.10814695,-0.14023753,-0.007084407,-0.0075914618,0.0048821466,-0.0017208469,-0.00022820229,-0.006854547,0.00075803435
-5.6415443,-0.5238353,0.0129092,0.0019745766,0.5994943,-0.0003867975,0.016292622,-0.0041148313,-0.0037552833,0.004274426,-0.04071745,-0.09841795,0.0007403627,0.005676659,0.0015604052,-0.021447241,-0.8187753,-0.0249742,-0.008569478,-0.00043261203,-0.0059249275,0.046065886,-0.0069288556,-0.0010345831,-0.0015012653,-0.007191477,0.006893743,-0.045153175,-0.15586087,-0.0038715294,-0.0012330742,8.277803e-05,-0.029985294,-0.005353373,0.008490856,-0.004895419
-7.2924967,-0.60159004,-0.02917257,-0.0010134422,1.2162603,-0.0033397295,-0.08625285,-0.0038172596,-0.0040969243,0.00244934,-0.019152032,-0.07490174,-0.0014631113,-0.004655423,-0.00026424468,-0.004973657,-1.188473,-0.033673655,0.08346342,-0.0009944716,-0.006454216,-0.036887072,-0.00576053,-0.00018896534,0.0007407964,0.006508097,-0.007543409,-0.09759814,-0.13162658,-0.007344797,-0.0070587965,0.0025432676,-0.0014107551,0.002102851,-0.006912582,0.00050543237
3.5783997,0.91070044,-0.07929293,0.0013469127,1.2752808,0.0040335385,0.07262888,-0.0025661776,0.056936976,0.0057260892,0.05583124,-0.13963532,-0.008901357,-0.009076057,0.00084505696,-0.017019797,1.636858,-0.0069656637,-0.08187182,-0.014574008,-0.046356395,0.0060044406,-0.00012786844,-0.00024896386,0.0009221159,0.003539706,-0.01265169,-0.8211603,0.05057513,-0.0050456706,0.022485206,0.0060286927,0.026214683,0.0021059953,-0.018304313,0.004905034
-5.55648,-0.60021764,0.0033685523,0.0028767753,1.2379805,-0.0031320956,0.03262321,0.0017473237,-0.0061494363,0.007214819,0.015874853,-0.09507188,0.00012595173,0.0051482115,0.0013102967,-0.022067972,-0.6814296,-0.019735334,0.055721994,0.0013692443,-3.5485384e-05,-0.025927177,-0.009649817,-0.0006226182,0.0014208271,-0.012031804,0.005358317,-0.12989774,-0.112133,-0.005694449,-0.0070385253,0.0013131662,0.0071903206,-1.5474856e-05,0.012561009,0.002439481
8.809001,0.75728595,0.05776309,-0.0062558805,1.3098755,0.015241615,0.16142449,0.05532189,0.0020078532,0.0017612226,-0.24477848,-0.4182281,-0.006502821,0.033888496,0.002097852,0.06827278,2.0701733,-0.08303181,0.14146934,0.0015214074,0.011066087,-0.0079842135,-0.011131407,0.002607939,0.007593841,-0.0161349,0.0090976,0.26862785,0.20761904,0.023902526,0.004994721,0.00015821944,-0.003402704,0.004273999,0.005085326,0.017384835
-7.3063645,-0.6073022,-0.031031294,-0.0009111343,1.2025629,-0.0001297869,-0.039184384,-0.0032362905,0.00106739,0.002563679,0.012843416,-0.07140813,-0.0014310678,-0.0048113647,7.377776e-05,-0.0033811424,-1.2085156,-0.030564807,0.086429216,-0.0035160894,-0.011890646,-0.024725992,-0.004341012,-0.0016439565,0.00241185,0.006410488,-0.0072411513,-0.10004808,-0.13880478,-0.0076083536,-0.0090335645,0.0029630184,-0.0019951018,-0.00023869355,-0.0072570234,0.0005591048
-7.330148,-0.62073857,-0.021012686,-0.0013889618,1.2040888,-0.0004907061,-0.01972685,-0.0036205745,0.005173937,0.0027457848,-0.01875427,-0.07957497,-0.007000232,-0.0025963995,0.00019808886,-0.0033779957,-1.1967937,-0.031354204,0.087582335,0.00025143765,-0.0017355944,-0.021506617,-0.005322179,0.00057897816,0.0041672685,0.006632539,0.008811063,-0.0851295,-0.14341547,-0.007400747,-0.00945111,0.001087779,-0.0010453193,0.0009468765,-0.008184394,0.0004082795
-7.275342,-0.60508704,-0.030630415,-0.0012033354,1.2017382,-0.00049997936,-0.079711676,-0.0052062403,0.002272157,0.0026366657,0.012865841,-0.07099854,-0.00061495946,-0.004710945,-0.0005996963,-0.00397478,-1.2170695,-0.033529077,0.088388614,-0.00432002,-0.010404181,-0.024563495,0.0019664904,-0.00054594426,0.0007590969,0.006686532,0.005802135,-0.09903286,-0.13758221,-0.0071017696,-0.008440378,0.0012215658,-0.003289106,-0.00022368529,-0.007209967,0.0006114294
-7.3543105,-0.68422544,-0.0017493488,0.0007704548,-2.1535966,0.00059658894,-0.1652336,0.0041056913,-0.03064281,0.002322839,0.014184154,-0.0817921,-0.0016785898,0.01333166,0.0011961132,-0.0026291944,-1.308644,-0.026702393,0.08422381,0.0025948368,0.00035577212,0.022346163,-0.00023772282,0.0012928664,0.011243298,-0.009367759,0.006615073,-0.48735386,-0.15737702,-0.006693409,0.00373294,0.002572819,0.0018693359,0.00081286405,0.010082411,0.0031962749
8.556577,1.0561078,0.0043638465,0.0016296438,-0.19594428,-0.008051408,-0.010873173,-0.008990498,0.0034168593,0.005596718,0.1078168,-0.0010196826,0.006351394,-0.0013578603,0.0024968435,0.018284064,2.2564669,0.011530616,-0.10102157,0.0036120021,0.012361546,-0.05769561,0.01197158,0.0017265789,0.0016342305,0.0033024605,-0.020645747,-0.29075563,0.17928994,-0.0080829235,0.0011275862,-0.00451459,-0.007625366,0.0007495257,-0.012617571,-0.004338514
-1.8309512,0.66205895,-0.043186627,-0.0033068429,0.8215777,0.0022175997,0.0011664806,-0.014359299,-0.0072966446,0.0043126866,-0.05960997,-0.1875431,-0.003176546,-0.029425897,0.0010180167,0.0076249116,-0.3715898,-0.023719622,-0.07760361,-6.687564e-05,0.003856249,-0.052827254,0.009043312,-0.0027985212,-0.006961035,0.0014334086,-0.05302751,-0.057261188,-0.18053977,0.0018163801,-0.019663176,0.0006302797,0.019771894,-0.00042294056,-0.0061982665,0.00352721
-2.0261047,0.12109304,-0.059442885,-0.0032449933,-0.7096446,-0.00023655838,-0.21890683,-0.033353627,0.031674128,0.004362293,0.020452801,0.14043541,-0.002159357,-0.011533402,-0.00234237,-0.009288266,0.5112646,-0.008653137,-0.08593876,-0.024117209,-0.025208043,-0.014123672,0.008311743,-0.0009078376,-0.0077384925,-0.013937346,-0.006690594,-0.24696732,0.0010640315,0.0024806198,0.024243744,0.004961122,0.0032220173,-0.0058130817,-0.030981284,0.0001721729
-7.3764105,-0.63472533,-0.026368128,-0.0025128284,-2.3002698,-0.00047635872,-0.039018583,-0.008148617,0.004613066,0.0024003175,0.0068754074,-0.078004725,0.003500348,-0.0036986903,0.00037488458,-0.0036445304,-1.3481259,-0.028807027,0.088307016,-0.0037564295,-0.003952552,-0.016051976,-0.0066884398,-0.0002776077,0.0013819556,0.006912988,-0.005839189,-0.38729444,-0.15394284,-0.0077900602,-0.010114007,0.00041291927,0.0011151547,0.0010169293,-0.008222365,0.00095045613
-4.907456,0.29850915,0.018690651,-0.0004363247,1.2143643,-0.0017303881,0.024001708,-0.010371854,0.010787841,0.0027731063,-0.031519942,-0.14954333,-0.009870624,-0.0035976581,0.00036296155,-0.02939659,-1.0290556,-0.037626725,-0.014421795,0.0014729474,-0.0011009189,0.009745643,0.0010983131,0.0036173374,-0.0022100117,0.0062699122,-0.005933012,-0.006975136,-0.19983147,-0.007562276,-0.0038953612,-0.0006093976,0.009218979,-0.0028176864,-0.012853341,-0.00093331235
-7.421618,-0.6266812,-0.016079301,0.0048093526,1.2081102,0.0013157304,0.03742287,-0.001800746,0.011767257,0.0033076082,-0.024876736,-0.08766083,0.004401426,-0.0024437804,0.0008427087,-0.0042460845,-1.2667171,-0.0025062119,0.08741867,0.0009533092,-0.00042381012,-0.020797625,0.007530074,0.0019762767,-0.0038951102,-0.008942656,-0.007956385,-0.046221796,-0.12966555,-0.0039561344,0.0017467475,0.0008751532,-0.00080881704,0.0007955717,0.015850244,-0.0017265916
0.5980334,0.86323273,0.019261416,0.0038371,0.63745457,0.0040152245,0.065226175,-0.0096821245,0.017459387,0.0031571975,-0.05445878,-0.19465972,-0.0100673335,-0.0021070282,0.0025530572,0.023356175,0.141094,-0.029850934,-0.07244246,0.0063302265,0.006651819,0.032346554,-0.009125235,0.0018630016,-0.0072706128,-0.00065932685,0.029232534,-0.0058006444,-0.0864895,0.0040536276,-0.018677294,0.00051432283,-0.010737845,-0.0035340188,-0.011968165,-0.00020343822
-7.3357387,-0.67904615,0.003901314,0.0012367641,-2.1601033,-0.0019542023,-0.16498186,0.003181086,-0.027762689,0.0024124156,0.0136004,-0.08291068,-0.0020815772,0.01276031,0.0003428124,-0.0021340342,-1.3150517,-0.030851148,0.08480623,0.0008479224,0.0013535166,0.033191543,-0.0042918194,-0.0003918052,0.009231529,-0.011254469,-0.009223286,-0.48536515,-0.15859275,-0.009093445,0.0034142744,0.0008338615,0.0034810717,-0.0026999214,0.013555186,0.0025492029
-7.30028,-0.6286702,-0.015044611,-0.0011557975,1.2109022,-0.0019189996,-0.07859071,-0.0027392285,0.004284123,0.0032797018,0.012556409,-0.080854036,0.002999517,-0.0024817435,0.00011130628,-0.0044260174,-1.1969954,-0.031595916,0.08570372,0.0006131409,-0.0013482701,-0.023822332,-0.004720673,0.0021526336,-0.00083398505,0.002115708,-0.009459029,-0.11717757,-0.13250099,-0.0068892054,-0.0063320138,0.0033852109,-0.0011046715,-0.0009139926,-0.008943432,0.0010058593
-7.313727,-0.59885293,-0.025691992,0.0017511381,1.2707378,-0.0010786467,-0.12730268,-0.003165295,0.0034163746,0.0027484682,0.013163582,-0.0773091,-0.0018131516,-0.004731897,-0.00012528485,-0.0025666903,-1.2002819,-0.033581983,0.076315425,-0.0008734843,-0.00423571,0.010902888,-0.0031625205,-0.0018306886,0.0023336855,-0.011789594,-0.006919102,-0.22055046,-0.13687113,-0.0060251304,-0.007257743,0.0010920563,0.006974518,-0.0009191087,-0.0025108021,0.00080142193
10.948771,1.0626667,0.050685868,0.009945701,1.40171,0.0052787736,0.059274483,0.013171505,0.015579882,0.0045928084,-0.24062446,-0.04318094,-0.051557727,-0.0025514758,-0.003964645,0.05677091,2.4878583,-0.06903179,-0.06312017,0.0006438324,0.011775679,-0.062220976,0.001311091,-5.7651112e-05,-0.007292561,0.01580564,0.0010070697,0.37808114,0.23139533,0.015727546,-0.019823557,0.001667862,-0.006710184,-0.00069432566,-0.010331715,0.012236036
-6.566409,-0.39279446,0.006757724,-0.003118894,1.2295121,0.0009871003,-0.04230152,0.012656612,-0.037964147,-0.0033798055,0.018961765,-0.09288956,-0.0018525673,0.011654368,-0.00075718027,-0.006010028,-1.0644746,-0.028663429,0.0639392,0.0039945478,0.003726317,0.010366163,-0.004096824,0.0008075611,0.032466594,-0.0015036585,0.0073864358,-0.26630214,-0.15249187,-0.0072609815,0.0015073022,0.0013472205,0.0016921174,0.007386012,-0.013757198,0.00043689983
-6.1334405,0.06908983,-0.047777846,-0.004512755,-0.8422773,-0.0067535858,-0.17963524,-0.016256046,-0.008295006,0.0017438766,0.020380609,-0.07598516,-0.0052449787,-0.0017669966,-0.00043010476,-0.0012087022,-1.2678173,-0.042699974,0.15639196,-0.0032455465,0.0045407815,0.025910776,-0.000840279,0.0011637686,-0.0023051284,-0.0041210023,0.0013358692,-0.36536348,-0.20779622,-0.006203052,-0.0036660968,0.0024736254,0.005775591,-0.00033736796,0.0004346333,0.0049290955
-7.3067594,-0.6630802,0.007793708,3.6296333e-05,-1.3464935,-0.0019390958,-0.14228064,0.0059679835,0.0013508456,0.0029441116,0.014893931,-0.08388314,-0.0013617731,0.0052233273,0.00010314779,-0.0029688394,-1.3157399,-0.036933098,0.08882317,-0.00031810958,-0.001480625,-0.07533305,-0.0028613445,-0.00050075946,-0.0032461202,0.0057814056,-0.010316347,-0.25640458,-0.15987445,-0.0060147946,-0.0043592923,0.00019056757,-0.0038022206,-0.0017164298,-0.0072877547,-0.0005494961
2.1268144,0.28270584,-0.17262632,0.0040119435,-0.71644825,-0.0012931655,-0.29887006,-0.06034638,-0.15283766,0.003126682,0.023848066,0.31321487,-0.004514654,-0.01308083,0.0054450743,-0.003263468,1.0208244,-0.0014735002,-0.00293055,-0.03169378,-0.12470773,0.028350592,0.0046495614,0.018660737,0.004999372,-0.0073388224,0.007744499,-0.1998981,-0.09242068,0.01487655,0.021877147,0.009572679,0.015600728,0.0043400107,0.023340026,-0.0052591064
