Actual_Power_MW,Predicted_Power_MW
4.0,3.7078667
4.0,4.06048
4.0,3.89787
4.0,4.0998487
4.0,4.0450296
4.0,4.1552153
4.0,4.5011387
6.4786,4.4910946
15.3832,10.482403
25.2976,23.361317
33.789100000000005,32.948437
37.5988,38.71894
40.6741,39.2768
36.1759,40.93299
33.2842,35.65303
22.9567,29.287153
16.9438,18.02246
8.7736,9.225482
4.275399999999999,4.051159
4.0,3.1794033
4.0,2.9937706
4.0,3.1155977
4.0,3.5980444
4.0,3.595233
4.0,3.6363945
4.0,3.7966385
4.0,3.833826
4.0,3.906845
4.0,4.045041
4.0,4.5427275
4.0,4.5489607
5.9737,5.605446
13.8226,10.817641
22.7272,20.861082
31.310500000000005,29.979195
36.3595,33.741806
35.0676,38.175785
33.8283,37.104813
30.1104,32.919025
22.95,25.572512
18.229,15.947831
9.508,8.581425
4.275399999999999,3.9347086
4.0,3.3254871
4.0,3.4867182
4.0,3.692356
4.0,3.4256458
4.0,3.457346
4.0,3.5335999
4.0,3.5531893
4.0,3.6020708
4.0,3.478301
2.9943392855453297,2.8708487
1.9358757424315751,2.255849
1.2159617363017432,2.312726
2.9871671999068248,2.829731
10.646766627506077,7.0006638
20.19550702717604,18.539814
30.1171,28.140476
36.3595,36.207188
38.4709,41.214962
38.1037,39.632416
35.0743,34.101025
27.7303,27.52177
19.4224,18.57234
9.0031,10.38517
4.275399999999999,4.52579
4.0,3.7402372
4.0,3.5832424
4.0,3.253849
4.0,2.8257446
4.0,2.9019775
4.0,3.3156338
2.5422435689872227,2.9394913
0.4853556504467935,2.421589
0.905424456786557,1.3660841
4.0,1.6757822
4.0,2.721177
1.667277058604407,3.5954905
2.9757926440808635,3.7121124
11.041680513362788,9.75034
20.676608148644,19.11678
30.11535056347344,27.357716
37.8742,35.125168
40.3069,38.63129
38.1037,38.192642
35.7628,33.277386
29.1532,26.69717
20.4781,19.022709
10.4719,10.473147
4.321299999999999,4.574314
4.0,3.5329008
4.0,3.4626503
4.0,2.786168
4.0,3.270545
4.0,3.2198105
3.2024562269130836,2.580081
3.094674251819219,1.9557123
2.145075337922533,1.7138691
2.405106973478114,1.185833
4.0,1.2588654
4.0,2.689724
4.0,4.200221
6.249099999999999,4.2639856
12.86061458031124,11.187677
20.6617,21.45285
29.658100000000005,27.43985
31.2646,34.117405
35.9464,37.638096
34.65946875086631,36.936947
33.41122965079365,31.369541
27.411769069198865,27.51469
19.147,19.733639
10.1506,9.5121975
4.3672,4.148553
4.0,2.9589052
4.0,2.716775
4.0,2.5872717
4.0,2.7197742
4.0,3.179636
4.0,3.0790977
4.0,3.1345196
4.0,2.8849916
4.0,2.7337751
4.0,2.3219032
4.0,2.2628021
4.0,4.104617
5.9737,5.448862
11.9866,10.89917
21.4879,19.600388
27.868,26.938374
33.1006,31.23973
35.4874,32.188717
32.458,30.788963
27.868,27.778414
21.0289,22.69287
19.1929,14.879711
10.2883,9.427169
4.3672,4.800844
4.0,3.6559916
4.0,3.6189804
4.0,3.6854324
4.0,3.7739344
4.0,3.7676163
4.0,3.7205849
4.0,3.7353039
4.0,3.8128853
4.0,4.006011
4.0,3.4523716
4.0,2.8749504
4.0,2.9558249
6.386799999999999,5.541847
13.09587020875845,9.727386
25.3435,21.04584
32.5957,29.73917
39.1135,37.699196
42.1429,40.60877
40.7659,39.089794
36.1759,34.686874
28.2352,27.213482
17.448700000000002,17.318722
9.967,9.318446
4.3672,4.404299
4.0,3.756116
4.0,3.72709
4.0,3.8833942
4.0,4.0258255
4.0,3.9440403
4.0,4.0005636
4.0,4.0522118
4.0,3.3587952
4.0,3.6063213
4.0,4.2996616
4.0,4.486373
4.0,4.689005
5.835999999999999,5.6098175
13.1341,10.529273
19.4224,20.14362
23.5467,25.221897
33.6447,28.959007
36.0315,35.21733
35.9856,35.499577
36.4054,33.992683
28.694199999999995,27.994804
19.7437,18.99347
8.6359,9.22984
4.321299999999999,4.352092
4.0,3.8051815
4.0,3.4466476
4.0,3.7023888
4.0,3.9113045
4.0,3.9458704
4.0,3.7069845
4.0,3.6053429
3.5751597534100945,3.3733082
4.0,2.774292
4.0,3.753149
4.0,4.617365
4.0,6.3822007
5.6983,5.606534
13.0423,9.820543
22.1305,18.46615
29.5663,28.319414
22.6746,31.743286
27.5859,29.784164
29.0088,30.559772
28.0449,27.203627
22.3533,21.697544
12.3012,14.285804
9.3703,6.6432266
4.275399999999999,3.152751
0.0,2.8202925
4.0,2.865242
4.0,3.5840073
4.0,3.9416857
4.0,3.9936848
4.0,3.7929974
4.0,3.6475058
4.0,3.4975843
4.0,3.5201902
4.0,3.8185892
0.0,3.4747086
4.0,2.7770147
2.1113999999999997,4.3635855
10.7865,7.1214952
20.0583,15.61599
27.4023,27.338638
31.671,36.974056
35.2971,37.237183
30.753,36.508392
30.8448,31.606674
24.5173,25.63027
17.77,15.233324
10.0588,8.359278
4.459,4.410692
4.0,3.5473003
4.0,3.5868273
4.0,3.8899975
4.0,4.006588
4.0,3.7431374
4.0,3.7349339
4.0,3.740384
4.0,3.987115
4.0,4.1510267
4.0,4.201476
4.0,4.5187664
4.0,4.604388
4.459,5.934575
6.983499999999999,6.9274306
9.8752,13.357468
10.6555,17.492714
9.4621,18.841269
15.8881,18.34653
11.803,20.386988
13.7767,14.532105
10.8391,12.032674
11.1145,8.049878
6.983499999999999,5.4645176
4.275399999999999,4.34042
4.0,2.9549255
4.0,3.49825
4.0,2.8827562
4.0,3.2975016
4.0,3.7120209
4.0,3.8048592
4.0,3.614149
4.0,3.8571796
4.0,3.1659012
4.0,3.7809887
4.0,4.462905
4.0,5.1423807
5.4688,5.1784153
10.1965,7.6739054
16.209400000000002,13.402924
21.6715,20.25204
27.4549,23.02161
19.9665,26.106836
23.1336,24.470592
26.622,20.170992
22.1305,19.612
15.3373,14.480611
8.8195,9.045206
4.275399999999999,4.074814
4.0,3.2871675
4.0,3.526845
4.0,3.7105017
4.0,3.9733095
4.0,4.063833
4.0,3.9270506
4.0,3.3981533
4.0,3.3349123
4.0,3.630476
4.0,3.8029451
4.0,4.2613354
4.0,5.037817
5.9737,4.591035
14.098,12.02903
23.4157,21.054142
26.8515,27.733131
32.4972,31.134758
36.1692,36.030483
35.2053,36.219536
28.549799999999998,32.806595
22.032,24.683552
15.0093,16.82372
10.7014,8.391449
4.504900000000001,4.41566
4.0,3.9155483
4.0,3.8761158
4.0,2.8896093
4.0,2.7526035
4.0,3.321641
4.0,3.487543
4.0,3.5932226
4.0,3.506567
4.0,3.51118
4.0,3.5535698
4.0,3.327733
4.0,2.7855177
1.9277999999999995,4.833412
9.5472,8.676178
19.3698,17.92236
27.1728,26.706264
33.507,35.449383
35.2971,40.30432
32.7726,40.04713
30.4317,34.89578
25.0614,27.30707
16.2945,17.467678
6.7473,8.646993
0.45899999999999963,3.3132448
0.0,2.3266344
0.0,2.3527327
0.0,2.6139507
4.0,3.4824963
4.0,3.5788116
4.0,3.582489
4.0,3.683405
4.0,3.7769012
4.0,3.861743
4.0,3.9527254
4.0,2.9900208
4.0,3.459753
6.019600000000001,5.6816497
13.18,7.9819317
18.819,20.846031
26.8974,25.714905
32.9103,34.12218
33.1398,37.666355
31.671,38.34446
27.4482,30.413036
26.3074,24.988283
19.5142,16.871153
10.9309,9.113001
4.550800000000001,4.662837
4.0,3.9590712
4.0,4.067297
4.0,3.962946
4.0,3.8408718
4.0,3.648615
4.0,3.7678728
4.0,3.8740463
4.0,3.8722181
4.0,3.6865244
4.0,4.3242893
4.0,4.9813356
4.0,5.717731
5.9737,5.9693294
14.2816,10.12437
24.4714,19.134335
32.917,27.529072
33.507,34.19325
32.6808,35.010967
29.651400000000002,34.281708
24.6942,29.641022
22.2156,23.347218
15.2847,17.285044
6.426,8.3390045
4.550800000000001,3.4694872
4.0,3.1484957
4.0,3.4766455
4.0,3.0488176
4.0,3.619934
0.0,3.336007
4.0,3.432867
4.0,3.6145906
4.0,3.5491295
4.0,4.067335
4.0,4.1823826
4.0,3.787547
4.0,4.7261677
6.019600000000001,4.886447
9.18,6.6362185
19.0944,13.4963455
27.3105,23.603544
10.8324,32.316116
16.209400000000002,26.065891
13.0815,23.428883
14.3275,20.03708
11.0227,13.280207
7.4884,7.8456554
6.065499999999999,4.4190865
4.321299999999999,2.5821676
4.0,2.5705004
0.0,3.0507364
0.0,2.8084955
4.0,3.095932
0.0,3.0900927
0.0,2.5322828
4.0,2.5279465
4.0,3.2767143
4.0,3.5954342
4.0,3.1948252
4.0,3.4150286
4.0,2.4391174
5.5146999999999995,3.8684425
11.7112,5.3127136
18.0454,12.509281
17.3043,15.383215
27.1269,21.361074
27.4482,23.709244
28.917,25.736147
28.2744,23.373343
20.3337,20.008717
12.9897,12.4844265
6.426,5.973062
0.45899999999999963,2.6814442
4.0,2.5081863
4.0,2.9557352
4.0,3.5176191
4.0,3.634862
4.0,3.9133453
4.0,3.7938757
4.0,3.9668217
4.0,3.988778
4.0,4.038022
4.0,4.3115425
4.0,4.4967165
4.0,4.5205526
5.7901,3.9956617
13.11229365079365,6.281578
22.2682,17.816206
31.4482,29.171381
38.3332,37.895126
40.8118,42.559692
41.0413,40.372902
33.8283,35.68379
25.7499,27.125406
20.2486,18.043362
10.9309,10.346927
4.5967,4.452566
4.0,3.5315962
4.0,3.7737637
4.0,4.0488997
4.0,4.1048536
4.0,4.040964
4.0,4.0814266
4.0,4.0434475
4.0,4.0968246
4.0,4.180752
4.0,3.8301344
4.0,4.545867
4.0,4.6994114
6.019600000000001,5.8067102
13.361844266182306,10.516607
23.737,21.879162
32.5957,30.668598
37.966,36.775356
39.6184,41.09033
40.0315,40.519146
36.0841,35.42507
29.8876,27.918304
20.7535,19.861038
11.6194,10.75416
4.6884999999999994,4.573204
4.0,3.5139904
4.0,3.7672005
4.0,3.8947163
4.0,3.8139677
4.0,3.7231827
4.0,3.6824703
4.0,3.5883923
3.755063397632151,2.6166258
4.0,2.2043552
3.8332385883554725,2.313796
4.0,2.2782373
3.5447994656700086,2.6313953
5.8819,4.305478
12.670789493767764,10.016556
23.8747,20.16638
31.4482,30.930393
36.1759,36.707756
38.0578,38.993607
37.1857,35.118027
32.1826,32.578846
29.0614,27.056156
21.0289,20.566576
11.4358,11.459833
4.6426,5.345042
4.0,3.4419184
4.0,3.2960386
4.0,3.688178
4.0,3.8058805
4.0,3.3765993
4.0,3.1309214
4.0,3.4661999
4.0,3.572091
4.0,3.302536
2.5091990260599797,2.3396711
1.3953142139608605,1.3606367
0.8893112210181275,1.1061001
3.574934470869815,1.779252
10.147465040816895,6.3725743
17.960835423974306,16.312767
28.923699999999997,26.873306
36.9562,35.498432
39.7102,39.382687
41.3167,40.71321
37.6906,37.290016
30.897400000000005,28.9028
22.4977,20.926525
12.1702,10.852024
4.7803,4.3301516
4.0,2.8410702
4.0,3.08278
4.0,3.3153229
4.0,3.5515795
4.0,3.3436327
1.6487361887411502,2.7386866
0.9534358356331278,1.7186337
1.0911950513299011,1.395627
2.2284131109305108,1.4721832
3.8657400786958807,2.0042505
2.6099428819352557,3.0467682
3.387778814806195,2.008397
6.2032,3.5322704
13.8685,9.884921
24.3337,20.992737
33.4678,30.04256
36.9562,35.757435
39.1135,35.667507
38.5168,35.93658
36.84480821899288,34.23826
30.2089,28.775625
20.7076,20.896149
12.0325,9.627194
4.7803,4.324155
4.0,3.2266073
4.0,2.7175722
2.495081774293597,2.226035
2.685439595587125,2.041339
4.0,2.0941114
4.0,2.4591713
1.8659156587179542,2.8300982
0.6641624928499716,1.6523008
0.9250494142757493,0.9553814
1.378775658015046,0.86551094
2.6314417414173388,1.1520061
4.0,2.800537
4.988491045071999,4.2748175
13.283112355662816,10.567783
23.0026,19.542942
30.667900000000003,28.530567
38.4709,34.032143
40.72,38.217365
43.015,38.128624
39.7102,35.37949
32.7793,29.642849
23.3239,20.817726
12.721,11.145428
4.8721,5.1152267
4.0,3.7924728
4.0,3.5870848
4.0,3.4978848
4.0,3.4479961
4.0,3.100233
2.9445792617743844,2.6141415
1.574232278996318,2.2362728
1.869126030966978,1.8537788
2.782313288848096,1.7207298
2.1104710654531207,2.14742
3.2471856967499786,2.23306
2.2636289376342518,2.5345678
3.246038222478365,3.520771
10.487957753005745,8.071558
24.15389946567001,19.070038
32.0908,30.77293
40.4446,38.277832
43.7035,40.42099
43.2445,39.67113
39.1135,35.854637
31.7695,29.194698
22.1305,20.548841
12.262,11.036643
4.8721,4.4055853
4.0,2.8605251
4.0,2.5757866
4.0,2.4695702
3.7362713041574303,2.2986956
2.9445792617743844,2.1021204
1.8360361615999299,1.9418154
2.1473141919508905,1.6316242
2.831167509019563,1.5441608
2.617104370031642,1.6267357
2.1506739537111006,1.660491
1.1020308514739199,1.8832588
1.6765720814226466,1.6837225
2.9930815775288337,2.8097858
8.481283189144133,6.9436774
18.12814720828345,17.38511
27.02518791696061,27.310368
36.68319893705668,36.207874
43.29039999999999,41.548206
42.831399999999995,42.36042
39.5266,38.52706
32.3203,31.103222
23.0026,21.89116
12.5833,11.313921
4.8262,4.3348045
4.0,2.4881315
3.9228372591742,2.0780802
4.0,1.9974518
4.0,2.2108545
4.0,2.2496939
4.0,2.209753
4.0,2.1680555
3.376096415378802,2.1579628
2.4388674251876754,1.823967
1.4690249552638495,1.3754997
0.9664268214277119,0.9950676
0.5209116931350106,0.94535637
2.4028116931350105,1.4860773
9.98314133166704,6.001943
18.947072537338133,17.379917
31.062496130725663,26.953953
40.8118,37.057095
43.749399999999994,41.43805
43.9789,41.313084
39.9397,36.63589
31.60834203309723,30.780472
21.5797,21.266258
10.535151988755713,10.038147
4.918000000000001,3.5006666
4.0,2.1623163
4.0,2.319767
4.0,2.534358
4.0,2.3745565
2.782313288848096,2.2285748
4.0,1.7879562
4.0,2.1931667
1.463083373698046,2.1250553
0.5209116931350106,1.1261587
0.47833419838820035,0.444211
0.9908240274511044,0.4348278
0.905424456786557,1.2356386
4.169330783535271,2.5479002
13.106510953384548,8.505434
25.573,21.571009
35.0743,30.824162
39.8938,36.222584
42.6019,38.515472
42.4642,38.391174
39.8479,34.574024
33.0088,29.358559
23.5534,21.29418
12.9505,11.508319
4.963900000000001,5.064749
4.0,2.6948385
4.0,3.094349
4.0,3.3361797
4.0,3.4015226
4.0,3.3104877
4.0,2.9707518
4.0,2.9575033
4.0,2.7402792
4.0,2.5810041
4.0,2.6092014
4.0,2.4433947
2.384230236665557,2.7578392
5.0573281079444445,4.1338987
14.191901146896052,10.556167
23.602574344447035,23.998947
32.506036538037606,31.792786
36.84758068062878,38.77139
40.3528,43.58419
38.1037,43.255505
34.9366,36.70579
30.071200000000005,29.137806
21.8551,20.425695
12.7669,12.083551
5.0098,4.877599
4.0,3.1278086
4.0,3.3856125
4.0,3.5202675
4.0,3.4602776
4.0,3.3122969
4.0,3.277728
4.0,2.9407911
1.651822427950222,2.4519625
0.20700185941403504,0.9316683
0.0449902362601744,0.09778023
0.2427627816344824,-0.1315651
0.07535667767814402,1.5931425
1.4888738373034727,1.3799982
8.25464645095312,5.899523
20.444949050924848,17.218126
31.425883243009565,29.82986
38.1955,36.22622
41.638,39.832687
41.5003,39.56384
37.7365,35.78361
31.3564,29.49138
22.6354,21.280388
12.4456,12.440104
4.963900000000001,4.9485855
4.0,3.308587
4.0,2.6332808
4.0,2.5312862
4.0,2.9888372
4.0,3.132409
4.0,3.1159601
4.0,2.9363928
4.0,2.7784634
1.8648468402794318,2.0669384
0.6137450772286748,1.0076885
0.197059189701557,0.36909008
1.7546725348143415,-0.024162292
3.181919762500188,2.2700176
11.492657669201936,7.4871893
19.16598051336279,19.752197
29.398215005135807,29.230322
37.01652509307588,38.32663
41.9593,42.994602
41.638,43.554417
36.9103,39.162056
30.0253,30.477596
21.7174,21.220617
11.6653,10.883834
5.0557,4.038272
4.0,3.2611113
4.0,3.2803707
4.0,3.216278
4.0,3.3789158
4.0,3.1418152
3.3709093816159363,2.4077597
2.642214117800732,1.7435532
2.231813565216326,1.3429117
1.7232952432249018,1.3060083
1.306566792724686,0.8206425
0.32232890009296256,0.63412476
0.2585360770215974,0.29678154
2.208466849589156,2.1477737
8.291036077021598,7.738212
17.424989356545645,18.576683
29.376000000000005,28.545559
37.13107466212161,36.41364
42.9748952810593,43.07354
43.933,44.587616
39.802,39.737103
32.2285,31.387413
22.6354,22.016565
13.3636,12.388868
5.147499999999999,5.100361
4.0,2.920967
4.0,2.6157646
4.0,2.8006105
4.0,2.8768463
4.0,2.6061296
1.6549089394423468,2.3273811
0.08299041176491606,1.2611027
0.4246137893219917,0.29596996
1.4423490509248449,0.90349483
1.4344756807136232,1.584939
1.3381863914256158,1.7642126
2.3380475827244727,1.8531313
4.874201146896052,5.6480627
10.680254869269929,12.136554
20.5173,22.814632
28.96236541957537,28.649025
38.21050618340559,37.22806
43.31661267048836,42.80074
44.29242692175566,44.680866
40.9954,42.40155
34.064499999999995,35.02987
24.5632,25.264814
13.6849,13.072106
5.147499999999999,4.739437
2.5944519887557114,2.605507
1.201062384993575,1.6544037
1.4849053442171662,1.0747852
0.8716070271760454,1.070591
0.7532370042897494,0.97754383
1.08398919578379,0.82058525
0.6502927069993714,0.84601307
0.30988370385652964,0.8176384
0.0070580244854543395,0.39899445
0.0,0.15187836
0.0,-0.08223629
0.0,1.1532173
1.2851999999999997,3.359212
6.9309,7.6551085
18.6354,16.113373
30.707100000000004,27.176968
38.711674282469694,36.528915
45.1264,43.394886
44.7133,44.621334
40.9036,40.76908
33.8809,32.26644
24.2878,23.333073
13.384495266445926,12.508865
4.436743858196147,4.171645
2.8520141452258,2.1894217
2.903731889472814,2.1210194
3.225433692449826,1.9613762
2.968181883589441,1.8406582
2.8520141452258,1.8414497
2.6099428819352557,1.7413673
3.1553910883993854,1.665451
3.2369432737603514,1.6968718
1.7014398074929655,2.0457573
0.08983831673653597,1.2213669
0.22668654667057453,0.043875694
0.13055493838412602,1.1204939
1.957559677801079,2.6433678
8.471923633943533,7.342547
18.45722577450624,16.829645
30.0186,29.889496
37.98099912691551,37.832867
44.05387966195422,43.96502
44.6674,45.250095
40.9495,40.424408
33.9268,31.102604
24.3796,22.351458
13.585024133837868,12.386815
4.42010288339306,4.3168783
3.0808147144319573,1.8653374
3.891534568903575,1.4836855
4.0,1.5702467
4.0,1.7415466
4.0,1.9374208
4.0,1.8090029
3.0493902222222236,1.5804834
1.8744810477496916,1.2675352
0.9560297838259135,0.67387295
1.0993189819429965,0.18350506
1.497848777761499,0.4163437
0.6380390790820112,1.0712328
2.5184162647609725,2.6207523
10.056145838435944,8.890605
20.71388583844684,19.094463
32.46701976872951,30.9184
41.6476195812495,38.403404
45.26409999999999,42.15286
44.9887,43.262547
41.1331,40.17298
34.1104,32.208977
24.5632,23.25858
13.7767,12.700422
4.5378528293362965,4.987586
3.8427082189928825,2.4192724
4.0,2.199935
4.0,2.2144337
4.0,2.4881945
1.9826123224089098,2.2499714
1.1265359503588357,1.5484076
0.7173546595466433,1.153821
0.3767131099264738,0.72068787
0.04663389032202225,0.37712288
0.0,-0.040014267
0.030965336158512713,0.45949173
0.3450700904279511,0.7415037
2.2735080867796515,1.9764385
8.331063457167298,7.2341704
18.4059,15.7914715
28.47472426152814,28.274622
38.79282641987534,38.056232
45.10139526644593,43.589825
45.0346,43.32885
41.1331,38.0682
34.1563,30.643833
24.5632,22.131386
13.7308,12.28737
5.2852,3.9841309
4.0,2.6585817
3.4699241304781907,2.339529
2.696282298284256,2.062026
2.4575591350333976,1.8604069
1.4099592968095855,1.7285023
0.530277343966171,1.5459003
0.179692807580361,1.0518236
0.056667008614793346,0.66440105
0.0,0.24018574
0.0,0.15733242
0.0,0.64180183
0.0,0.23866749
1.7827464509531197,1.7990894
7.863148695811793,5.813934
17.865867008614792,14.899298
30.6612,26.421215
38.36059613072567,36.210796
44.94279999999999,43.856884
44.6215,45.134674
40.7659,40.283928
33.6973,31.916748
24.2878,22.034119
13.6849,11.92708
5.2852,3.829957
3.6640831121531097,2.3488655
3.7027946165080188,2.152731
2.9235132478681063,1.9411793
3.8548964943437323,1.537879
4.0,1.6751337
2.655397186572218,1.7556515
0.6641624928499716,1.4240742
0.06829745820726174,0.75473976
0.0,0.18266964
0.04828576888315794,0.71205807
0.5245076565079803,0.8247175
0.6319388423209258,1.436017
1.8414364611975191,3.0120287
6.274541934326233,6.42041
15.300282816129208,13.138734
33.2842,26.736841
41.3626,36.208904
44.392,42.649075
43.5199,42.483707
39.0676,38.291874
32.8711,31.05751
24.3337,22.498455
13.6849,12.532796
5.2852,4.270279
4.0,3.2317371
4.0,3.1646547
4.0,2.8804846
4.0,2.605898
4.0,2.687766
4.0,2.3472443
4.0,2.0154667
3.6401229634817636,1.7881727
2.9235132478681063,1.3821316
2.7446419704699263,1.046484
2.5944519887557114,0.7806444
4.0,0.6732168
6.1114,2.0555067
13.7308,10.683894
25.7566,20.779984
35.1661,31.231041
42.3724,38.68394
44.2543,43.563835
43.0609,43.822083
39.6184,38.277306
33.3301,32.487026
24.9304,23.720219
14.098,13.480612
5.377000000000001,5.2847605
4.0,3.2340717
4.0,2.809022
4.0,2.923297
4.0,3.15866
4.0,3.240653
4.0,3.2979546
4.0,3.114399
4.0,2.677908
2.6230757408889467,2.1678333
1.2619496879876113,1.4880276
0.5645492207357137,0.82161045
0.7055136569911351,0.61085224
2.5191129301382738,2.1272478
11.1537,9.153328
22.87739694189888,22.691208
32.0024726322093,33.513203
39.01752682142771,40.640842
45.54911958124949,45.184246
45.8608,44.205532
42.3724,40.66481
35.1202,33.342506
25.2517,23.834976
14.2816,12.580061
5.4229,5.115877
4.0,2.9204483
4.0,2.5296068
3.811620281996678,2.3770304
4.0,2.2956114
4.0,2.539525
4.0,2.5530586
1.5540136805536147,2.4087448
0.46299351274968004,1.6731081
0.0,0.88197803
0.0,0.35960484
0.3374415362933849,1.1445141
2.2864429366862957,1.6295519
4.825714145225801,3.5239449
10.833770615349918,8.556097
21.665978482253024,19.961945
32.0841,29.631779
39.1986,36.544033
43.257965274639716,42.59002
46.3657,45.43726
42.6019,41.455353
35.4874,32.518158
25.7107,23.56596
14.557,13.932584
5.5146999999999995,4.8450594
4.0,2.69273
4.0,2.3650475
3.552711285768776,2.0450783
2.373812670488368,1.6497002
1.360365717307996,1.4192247
0.7572570337488038,1.1405277
0.5101668495891563,0.76358604
0.18886906043314156,0.6728344
0.0,0.20180607
0.0,-0.19659233
0.12807253733813617,0.6875658
1.1356553365513253,1.0273952
6.029857060329077,2.978016
13.849245001899645,10.049035
22.75382445678656,23.586779
33.110058140215855,31.98621
40.636605074031934,37.940308
45.60701328884809,42.945583
46.5952,44.244434
42.6937,41.394337
35.4874,34.166306
25.7566,24.258472
14.6029,13.787607
5.5146999999999995,5.6158075
4.0,3.03057
4.0,2.8716316
3.083332698502284,2.4400597
2.428373752796345,1.7508259
1.5590597990572022,1.8644829
1.2922738690825177,1.7449875
1.4690249552638495,1.517808
3.008071847806759,1.2665415
4.0,1.7554989
4.0,2.394846
4.0,2.4625187
1.9553960357495779,2.5378523
2.811475680713622,3.163187
10.311516277003657,7.5417366
20.9292633967833,21.101429
31.747674212963652,30.888592
39.984180458545296,39.09356
45.08213501048366,44.41027
46.8247,45.958107
42.9232,42.132504
35.6251,33.5907
25.8484,23.452583
14.6947,13.015426
5.560599999999999,4.968071
4.0,3.0753918
4.0,2.90829
4.0,2.930172
4.0,2.8356895
4.0,2.5124369
1.697287179004645,2.2107048
1.040184699087936,1.4672623
1.317079785808513,1.0759525
3.71483346312972,1.1338434
4.0,2.1128426
3.5000738801926587,2.4622068
2.2898723024686127,2.2940445
4.884984984532762,3.9801264
13.584255987884388,11.102504
23.391595752103445,24.39827
32.49168520605246,33.092674
39.9018647833529,39.35502
46.2739,43.647377
45.9526,41.55628
41.0872,38.20713
34.064499999999995,31.526604
25.0681,23.217865
14.4652,13.538337
5.5146999999999995,5.348855
4.0,3.6912832
4.0,3.5086107
4.0,3.5806828
4.0,3.4698763
4.0,3.4231815
4.0,3.4484234
4.0,3.386386
4.0,3.2314453
3.7362713041574303,2.5714636
3.644112355662818,1.56534
4.0,1.7781162
4.0,2.482295
4.887911015892547,4.313696
13.394682990047269,11.399337
23.005115908207003,24.251394
32.61056337179226,32.19801
40.34201193895495,39.497215
46.5493,44.445763
46.2739,45.3162
42.3724,40.762314
35.212,32.7834
25.5271,23.623684
14.557,13.397721
5.560599999999999,5.6660175
4.0,3.8235254
4.0,3.4699535
4.0,3.2905054
4.0,3.1089764
4.0,3.0283718
4.0,3.0576096
4.0,2.8175354
3.0908921415040016,2.11559
0.7725926440808646,1.1974545
0.028626702239842317,0.22793484
0.07093021971606994,-0.44386673
1.201062384993575,0.04726219
4.118226030966978,2.726448
11.4035281103275,9.463219
22.106878861684763,22.806477
31.92467208142265,32.443977
41.5003,40.408367
45.9526,44.309547
45.9526,44.80504
42.2806,40.751976
35.212,33.55331
25.573,24.96339
14.6029,14.680263
5.560599999999999,5.3892174
4.0,3.278123
4.0,2.6361637
4.0,2.4878244
3.9228372591742,2.2956238
2.468093770539337,2.005063
2.0849151669023076,1.6751671
0.8682474992654168,1.5518951
0.40245478550929903,0.99693394
0.20146285329153102,0.6042023
0.3944824241021152,0.39564323
0.6773430310277941,0.73932934
1.2459334633409593,1.2839003
3.578380644121699,2.71496
11.84324147473138,8.619077
22.97853049536782,23.270206
33.27535598788439,32.978134
42.8773,40.987606
46.0903,45.697617
45.8149,45.29376
41.9593,39.719727
34.9825,33.038975
25.3894,24.54351
14.5111,14.788756
5.560599999999999,5.2010403
4.0,3.318653
4.0,2.805997
4.0,2.5004835
4.0,2.647272
4.0,2.447463
1.7128763673057659,2.2557182
0.8216383030793626,1.4357014
0.4966525957485892,1.0322714
0.7055136569911351,0.80137444
1.4611039746056171,0.9468641
2.1821116454868257,1.4308376
0.6502927069993714,1.9542465
3.6550895942569337,2.778284
12.891170497655652,11.093352
24.26934788555064,24.062393
34.29674196991873,33.888073
43.015,42.372925
46.4116,46.44091
46.0444,45.38332
42.1429,40.994343
35.0743,33.505558
25.573,24.368546
14.6029,14.293844
5.6065000000000005,5.7823067
4.0,3.4406147
4.0,3.3951015
4.0,3.0632
4.0,3.093832
4.0,2.8046665
4.0,2.5032368
4.0,2.391965
3.064460073084007,2.1441927
2.005567486256572,1.7280464
1.387523734447985,1.2992754
1.4070260867102249,0.9342861
1.041073479515008,1.1618223
3.643113656991135,2.3417044
12.51377886168476,11.240837
25.056272302468614,22.821594
35.7932624230035,33.92772
43.2445,42.071785
46.5493,45.85949
46.228,45.06849
42.3265,40.80027
35.212,33.774166
25.573,24.966702
14.6488,14.122512
5.6065000000000005,4.9994497
4.0,3.3650646
4.0,3.137148
4.0,3.0011005
4.0,2.7001715
4.0,2.4325304
3.18080288339306,2.1981878
0.8348738097442592,1.7722111
0.32232890009296256,0.90889263
0.06394817247411133,0.38941097
0.0,-0.023332596
0.10336965079365079,0.3771305
0.0,0.77801704
2.804362096238046,2.413125
11.7963,8.926491
22.25693830307937,20.733452
32.670179936507935,33.252586
41.387191045072,41.801285
46.1821,45.413605
45.769,45.296337
42.0511,41.402615
35.1202,33.185585
25.4812,23.830578
14.6029,13.594661
5.6065000000000005,5.004532
4.0,3.4493399
4.0,2.796896
4.0,2.264575
4.0,2.1501207
2.1361289641645183,1.8795061
1.881986345544533,1.353466
1.4099592968095855,1.3210268
0.6641624928499716,1.0794439
0.0,0.6599493
0.0,-0.21846008
0.36111626476097314,0.37358093
0.6403311924818897,1.1099653
3.9723359503588345,3.1127949
12.3012,10.356316
20.8845,21.863071
31.952906263214892,30.862206
41.13637434444704,40.56457
46.6411,45.059628
45.769,44.393303
41.3167,39.100025
34.3858,31.942928
25.5271,23.219213
14.8324,13.7380905
5.6524,5.21869
2.8520141452258,3.3727388
3.111079661954223,2.1754284
3.5804483772352427,1.8530455
4.0,2.0220566
4.0,2.226964
4.0,2.2611609
4.0,2.2905083
3.7228687508663114,2.305809
1.5258481364674434,1.6879148
0.5273901931372169,0.9611263
0.642625983829733,0.39107323
1.8530906405897962,0.57551193
4.917210543287725,3.4786425
13.116243031027794,11.866846
23.04568622222222,23.09646
32.400229637081864,31.720482
40.43554720828345,39.558014
46.203471833002745,45.189568
45.3559,45.031746
40.3987,40.261707
34.1104,32.08663
25.7107,23.542606
14.7865,13.736939
5.6524,5.16625
4.0,3.0812788
3.390376059986968,2.3970604
4.0,1.9634571
4.0,2.2367916
4.0,2.41185
4.0,2.6725035
3.3605419009669966,2.2956524
3.3864806806287824,1.5680542
2.048423787858045,1.4468327
0.06007562122891308,0.89483356
0.23987085745386771,-0.21005821
4.0,0.4808321
3.9346782550678743,5.036811
10.74037024696903,12.467312
23.49989023626017,21.863586
35.90386474723587,30.477814
43.1068,39.529736
45.3559,42.95559
45.401799999999994,43.24566
41.1331,40.178535
34.8448,32.70042
25.0681,24.039722
14.6947,14.2588215
5.560599999999999,5.415906
4.0,3.4292116
4.0,3.1069393
4.0,2.934907
4.0,3.1175404
4.0,2.9045887
4.0,2.8639994
4.0,2.5804462
4.0,2.2934847
4.0,2.0095787
3.4059777564813487,1.9160852
2.191121822505819,1.6627207
4.0,0.8608589
7.3507,4.532427
17.3569,12.910867
28.097499999999997,23.68286
37.1857,33.382263
43.749399999999994,41.491005
46.8247,45.70516
46.2739,44.838757
42.3265,40.702877
35.0743,33.917137
25.4353,24.817633
14.557,14.246979
5.560599999999999,5.413
4.0,3.6924887
4.0,3.4636326
4.0,3.2768145
4.0,3.2970905
4.0,3.145668
4.0,3.068409
4.0,3.089489
4.0,3.0245914
4.0,2.732029
4.0,2.9403553
4.0,2.7758799
4.0,3.1111984
7.3048,4.699854
17.311,15.08768
27.8221,24.672092
37.4611,35.074387
43.8412,42.73848
46.9165,46.320507
46.7788,45.95786
38.6019,41.476852
31.533300000000004,33.527187
21.6648,22.915268
10.4652,12.412884
5.6065000000000005,3.8885632
4.0,3.1517696
4.0,3.4334059
4.0,3.5947342
4.0,3.5951042
4.0,3.4787474
4.0,3.3603878
4.0,3.1934052
4.0,3.035406
4.0,3.029377
4.0,2.8423824
4.0,2.7061253
4.0,3.5823097
7.4884,4.7465334
17.2192,15.167621
26.1697,25.69891
35.1661,36.2911
43.6576,43.569942
45.9067,46.912247
46.9624,45.26172
42.6937,41.292133
35.9923,32.36256
25.9861,23.105171
14.9242,12.955785
5.6065000000000005,4.718878
4.0,3.222992
4.0,3.267621
4.0,3.6457024
4.0,3.763854
4.0,3.7036972
4.0,3.6413393
4.0,3.0078878
4.0,2.6136599
4.0,2.6004124
4.0,2.322134
4.0,2.5916777
4.0,3.3102064
7.213,3.519885
16.347099999999998,12.449041
25.0681,25.25
33.4678,35.638428
41.8675,41.344563
42.9232,44.899303
43.88709999999999,43.8188
39.9397,39.40109
31.172800000000002,31.111633
23.6452,21.339611
13.2259,12.080717
5.560599999999999,4.9871817
4.0,3.788663
4.0,3.714323
4.0,3.7237616
4.0,3.452077
4.0,3.5247583
4.0,3.3554878
4.0,2.9109936
4.0,3.1488247
4.0,3.2542477
4.0,3.21169
4.0,2.811923
3.2433438581961465,3.0826302
6.941654029873694,1.3533792
16.8979,11.519342
26.2615,26.112942
36.2677,35.51605
42.3265,43.033028
45.31,46.53575
44.1625,44.33671
39.3889,39.443287
33.4219,31.778069
24.9304,22.088753
14.4652,13.6624775
5.6065000000000005,5.4690104
4.0,3.3750553
4.0,3.332738
4.0,3.340497
4.0,3.3319168
4.0,3.2359924
4.0,2.8926888
4.0,2.6036882
2.642214117800732,2.071374
2.2363487951896346,1.4049301
2.9099095144025338,1.166359
2.785968063536309,1.3789873
3.9460241338378683,2.6962328
6.197952864509123,2.6728697
15.305671719496662,13.272365
25.32992283780643,24.505562
34.91625835523923,35.05572
42.556,42.45324
46.4116,46.2862
46.1821,46.613644
42.8773,43.018253
35.441500000000005,34.393356
25.9861,24.089172
14.3275,14.044563
5.744199999999999,4.7866297
2.6194915473108864,2.9304476
4.0,2.189186
4.0,2.2603407
4.0,2.4470978
4.0,2.9468365
4.0,3.084241
3.4333352899456724,2.6011343
1.2150286729571,1.894352
0.1038429934437648,1.0937405
0.33997910655871166,0.25713158
2.291014517915224,0.43724728
0.7790781421288173,2.4217348
3.4159560705602328,4.714695
12.552429227943804,12.943363
23.775290236260176,23.438183
33.504627176470386,34.765
42.64128394042314,41.600777
47.605,47.38783
46.5952,47.33335
41.0872,39.343098
34.8448,31.497269
24.9304,23.79292
12.0784,14.095294
5.7901,4.269142
2.8987928279365835,2.683587
1.97824965079365,1.8708363
2.9445792617743844,1.4621592
2.273886326675653,2.0966969
1.5833577530057443,2.1908407
1.7820124612325845,2.0011854
1.9088699876957484,1.9918375
2.7349481811669474,2.0219736
4.0,2.3201084
4.0,2.7372618
4.0,2.8438454
3.40727894755347,2.745245
5.784000463983068,4.6819124
14.021180040849282,13.279419
24.8426670086148,24.592602
34.67369694189887,34.70724
43.622743191272974,43.106094
48.2476,47.64304
47.7886,47.306248
43.6117,42.404457
36.0382,33.57538
26.4451,24.466137
15.1996,14.735112
5.7901,5.3548307
4.0,2.5901918
4.0,2.558714
4.0,1.8399162
3.3709084735017054,2.0037136
2.048423787858045,1.8994751
2.308185740864035,1.6018581
4.0,1.6934986
4.0,2.4481764
4.0,3.0454464
4.0,3.279994
4.0,3.0062256
4.0,3.0776386
6.441954943098491,4.5715
14.71206615371105,14.0177355
24.33012585812558,25.813316
32.59937085745386,34.586166
39.30187599705067,42.485764
45.5103082455754,46.749462
45.1264,48.12272
40.3528,41.093742
35.5792,33.16326
26.3533,24.979244
15.1537,15.275023
5.835999999999999,5.487542
4.0,2.7407742
4.0,2.5816908
4.0,2.5053463
4.0,2.8255835
4.0,2.4860992
4.0,2.846856
4.0,2.7325697
4.0,2.6181278
4.0,2.737733
4.0,2.6131315
4.0,2.852789
2.014334470869814,2.9471416
4.359363396783298,4.3373356
14.11090765650798,13.485305
25.5908902042516,26.143288
34.9299,35.409958
41.81562724731988,41.07949
47.485610953384544,47.340466
47.8804,47.99976
43.9789,41.09492
36.7267,33.923462
26.8123,24.191914
15.4291,14.059854
5.8819,6.199396
4.0,3.3264942
4.0,2.9416924
4.0,3.045065
4.0,3.1454458
3.6401229634817636,2.068902
2.645806110071037,1.3142843
1.179747880675455,1.1978369
2.3842295120941355,0.9242754
3.2677011468960515,1.0676146
3.25231040970859,1.5870495
3.1553910883993854,1.5836697
3.638792847564412,1.6199245
8.4064,4.988243
16.082811114537705,17.78024
26.5302,26.750765
35.9856,33.815853
43.74824500786109,40.678707
49.7623,46.072437
49.2115,46.183952
44.6674,43.053505
36.9562,33.66654
26.8582,23.49268
15.6127,13.687896
5.9737,6.1699357
4.0,3.3464823
4.0,3.1942854
4.0,3.5208998
4.0,3.3376312
4.0,2.8782206
4.0,2.6878223
2.4610693988711034,2.320938
1.5540136805536147,1.5688648
1.9957188902027436,1.3426018
2.782313288848096,1.454032
4.0,2.048643
4.0,2.6472902
7.365429460792505,4.2664413
18.008928884583426,16.064041
29.20161347591985,27.377213
37.53764364182911,36.141792
44.21613142720829,42.79854
48.9361,46.8073
48.3853,45.668087
44.1166,40.48389
36.589,32.822563
26.7664,23.69675
15.475,13.768552
5.9277999999999995,6.0366035
4.0,3.4526253
4.0,3.2089367
4.0,3.1730814
4.0,3.2168818
4.0,3.2187996
4.0,3.2241468
4.0,2.9967108
3.831885341502179,2.396675
1.5975869493131203,1.7739029
1.27992678038264,1.0081835
1.0375217291101464,0.93194675
0.8977805133627879,1.2952671
4.241637004289748,3.125124
12.876408086779652,11.458704
28.26952396238028,23.647167
38.3332,35.09269
44.6674,42.401123
48.5689,44.93954
48.1099,44.686073
44.0707,40.985214
36.589,33.828865
26.5828,25.132145
15.2455,15.213224
5.7901,6.2303224
4.0,3.607957
4.0,3.0528536
4.0,2.8755522
4.0,2.7586584
4.0,3.0513182
4.0,2.9700375
4.0,2.5536022
4.0,2.205284
4.0,1.7325764
4.0,1.4947443
4.0,1.8215885
4.0459,2.2917995
7.9933,3.8231192
17.9077,13.544645
29.3368,22.25718
38.9299,32.046223
45.3559,40.6315
47.9263,45.168766
47.9722,46.474106
43.6576,43.929916
36.3595,37.794167
26.4451,26.176556
15.1996,14.396262
5.7901,5.4961376
4.0,3.0775995
4.0,2.961213
4.0,3.1838894
4.0,3.318797
4.0,3.5804815
4.0,3.5649805
4.0,3.4695845
4.0,3.411255
4.0,3.318262
4.0,3.5052433
4.0,2.9872894
4.0459,3.622326
3.626099999999999,4.3951263
11.6127,11.477507
17.2584,18.982882
23.2254,27.446547
23.5993,25.2201
38.884,30.333946
41.8675,38.275227
28.5106,36.084774
19.3765,21.325972
12.262,13.779489
9.508,7.218249
4.3672,4.4217987
4.0,2.2430267
4.0,3.3495255
4.0,3.2766743
3.7564056186460277,2.8969965
1.501838760306919,2.6794271
0.04663389032202225,1.9763937
0.0449902362601744,1.7256527
0.030965336158512713,1.7049999
1.0277742824696947,1.4528055
1.167753385448087,2.4249983
0.7252819991673025,2.7053785
1.8258052615221452,2.5499191
4.811904615002646,3.1789484
14.430220625263532,8.51922
21.22049105275537,20.862154
30.11232028199668,29.483784
37.2316,40.037464
44.6215,41.294273
44.6215,41.321083
41.0413,37.125206
34.3399,30.370457
25.2976,21.043755
14.7406,12.808303
5.560599999999999,4.828006
3.501386388631241,3.2959766
2.014334470869814,2.461317
1.5864039371000196,1.706028
0.5830381809384377,1.6667395
0.1038429934437648,1.4534292
0.0,1.154932
0.0,0.7460356
0.06007562122891308,1.2626095
0.04051293013827362,1.7258043
0.18237987015984558,1.1618395
0.5158891535943226,0.97101116
1.6618411181423607,1.2201071
4.630897815493761,3.4046535
14.342323673531435,11.010936
25.3827,23.943584
34.99828677360163,33.331852
42.62558469908794,42.302155
48.3394,46.922096
47.4673,45.488457
43.42809999999999,39.79164
35.7628,32.34809
26.0779,23.699024
15.1996,15.153069
5.9277999999999995,6.500573
4.0,3.5047026
4.0,3.1179142
4.0,2.8622293
4.0,2.8093376
4.0,2.7247562
4.0,2.2352753
4.0,2.2287807
4.0,2.3600388
4.0,2.472436
4.0,2.5130577
4.0,2.4837828
4.0459,2.6907082
7.03691033215497,6.405381
15.780388608755796,14.459454
26.544988179260123,26.789047
36.27386084575079,35.678596
45.82544854006676,43.01825
49.0279,47.441273
48.2476,46.087006
43.933,41.193794
36.5431,33.873493
26.7664,25.291561
15.475,14.949622
5.9277999999999995,5.7257524
4.0,3.7434254
4.0,3.5772362
4.0,2.9935274
4.0,2.1696653
4.0,2.502265
4.0,2.9831066
4.0,3.0593462
4.0,3.0158834
4.0,2.6486702
4.0,2.5451832
4.0,2.3766718
3.854820185886533,2.1570044
6.973947582724474,5.165223
17.211985162864796,16.089254
27.77333988739765,27.52839
37.89435328014799,36.334476
45.5368585598534,44.23249
49.3033,48.37403
48.7066,46.852444
44.34609999999999,41.609184
36.8185,34.254444
26.95,25.559816
15.6127,14.933822
5.9277999999999995,6.3105507
4.0,3.9505568
4.0,3.3842802
4.0,3.472435
4.0,3.3709364
4.0,3.152645
2.6135224140339908,2.7342138
0.2969633717922573,1.7344542
0.030183613418648392,0.7129574
0.0939967944886444,0.2630682
0.5645492207357137,0.2230072
1.7170411533192915,1.0897484
0.696192706999371,2.18639
3.892572316889561,3.2184544
11.46258111781371,11.974482
24.054725858125583,22.748215
36.21295598788439,35.011127
43.29039999999999,42.587437
46.6411,46.75823
44.851,46.560005
41.4544,41.217648
35.8087,32.896244
26.3533,24.367031
15.2455,14.48349
5.8819,5.8560576
4.0,3.4132118
4.0,3.2758188
4.0,2.9287605
4.0,2.839651
4.0,2.60182
4.0,2.4599247
4.0,2.1699924
3.099718614534561,1.8267889
2.810369679551888,1.4067135
3.501386388631241,1.3144789
3.0581774861730633,1.5808086
2.124164478490121,1.5215149
6.3707529177270805,5.1656466
15.968359828677176,13.677419
27.214750861964816,25.948029
37.67182182250582,37.532158
45.1264,45.32332
44.5297,47.02378
41.7231,41.439125
36.8185,38.23161
34.890699999999995,30.416138
25.8025,24.365023
14.8783,15.243776
5.8819,5.7914305
4.0,3.614214
4.0,3.2108278
4.0,3.3584738
4.0,3.619709
4.0,3.4113436
4.0,3.1485767
4.0,2.9396143
3.0506448993257997,2.171463
3.8413547590203727,1.9587002
4.0,2.179885
4.0,2.6903353
3.0652215200692545,2.9561777
6.335896651184815,5.260828
15.109691908872437,15.440623
26.77422893763425,26.74559
36.2677,36.94691
44.2084,44.129105
46.5493,47.872547
45.4936,45.703377
42.1429,40.08827
35.441500000000005,32.192093
26.3074,24.41439
15.1996,14.886418
5.9277999999999995,5.5612354
4.0,3.5638885
4.0,3.19915
4.0,3.4564123
4.0,3.4117632
4.0,3.25988
4.0,3.0575876
4.0,2.9611397
4.0,2.8253431
4.0,2.729868
4.0,2.5513773
4.0,2.4661055
2.043938856448859,2.3422937
5.991935950358835,3.9695864
15.549768342802126,14.839611
27.49555365193762,27.130829
37.2775,37.53633
43.7953,44.438557
46.7788,46.586708
47.8345,44.73359
43.2445,40.95425
36.0382,33.829273
26.1697,25.14645
15.1078,14.789797
5.8819,5.6187973
4.0,3.3559198
4.0,3.2270918
4.0,3.6133213
4.0,3.6814976
4.0,3.3885355
4.0,3.3946104
4.0,3.0668545
4.0,2.9621859
4.0,2.9653845
4.0,3.067463
4.0,2.918231
2.3554282370628368,2.289236
5.924495176211215,3.9563742
17.886367509019564,14.880642
29.30144854006676,26.076138
39.6643,37.62047
46.2739,45.239975
49.2574,48.44957
48.6148,47.087894
44.3002,41.818302
36.7267,34.07462
26.5369,24.818333
15.1996,14.632637
5.8819,5.8632812
4.0,3.1996183
4.0,2.8517647
4.0,3.166253
4.0,3.198351
4.0,3.198141
4.0,3.1234217
4.0,3.0647812
4.0,2.910613
4.0,2.820547
4.0,2.585929
4.0,2.1924362
4.137700000000001,2.4376469
9.049,5.398307
19.4224,15.967891
30.071200000000005,28.356304
39.802,37.27337
46.1362,43.82589
49.0279,46.494698
48.2476,45.994373
43.933,41.809483
36.3136,34.158844
26.3074,25.322636
15.1078,15.176476
5.8819,5.7347746
4.0,3.4683142
4.0,3.2573137
4.0,3.3814812
4.0,3.4032297
4.0,3.308568
4.0,3.3287287
4.0,3.3026352
4.0,3.2485743
3.7564056186460277,2.4385338
3.2677011468960515,1.4774084
4.0,1.3283701
4.137700000000001,2.6829062
8.9572,6.1343913
17.999499999999998,16.406382
29.520400000000002,25.858269
38.3332,35.41079
43.5199,43.170586
45.4477,45.28988
44.8969,44.20895
41.3167,40.39876
29.4286,33.541218
22.2682,22.965796
13.2259,13.372411
5.6983,5.149749
4.0,3.2495174
4.0,3.1991844
4.0,3.3255978
4.0,3.5770235
4.0,3.5928125
4.0,3.5072088
4.0,2.6545115
4.0,3.2484474
4.0,3.1475706
4.0,3.298728
4.0,2.7995749
4.137700000000001,2.789361
8.9113,7.2197986
19.147,17.567122
29.1073,27.14706
36.9562,37.931175
43.2445,45.1775
46.5034,47.96919
46.3198,46.90834
40.1233,42.62307
35.028400000000005,33.95079
23.0026,24.28641
13.5931,13.153625
5.744199999999999,4.8573313
4.0,3.254652
4.0,3.2492905
4.0,3.3880854
4.0,3.5212307
4.0,3.3475065
4.0,3.030508
1.2998905716294828,2.267191
0.7628957521034447,1.2052393
0.9250494142757493,0.92056847
0.18886906043314156,0.93538284
0.0,0.34834862
0.44696490184467486,0.5538931
4.778937801822442,4.5455866
15.31508498023852,13.174842
27.9139,25.671917
36.5431,36.507504
43.6117,44.30102
46.687,46.87782
44.6674,45.489166
37.8283,40.008957
33.376000000000005,30.8833
25.9402,23.777485
15.0619,15.314929
5.8819,5.386039
4.0,3.2169514
4.0,2.8310137
4.0,2.4533978
4.0,2.6084156
4.0,2.6358585
3.2318264599813187,2.3755703
1.5833577530057443,1.7817631
0.4246137893219917,1.3082924
0.0,0.7315655
0.0,0.14587688
0.7086652746397117,0.22977066
3.1808176446781626,1.8625813
5.785486244047281,5.3962107
15.728765336158514,15.805655
26.86226700861479,26.269371
37.40105541816025,37.34373
46.4575,45.61928
46.3198,48.499443
44.7133,44.83422
42.3265,39.50499
35.9464,33.41825
26.4451,25.412159
15.3832,15.492335
5.9737,5.4023666
4.0,3.284296
4.0,2.913066
4.0,2.828167
4.0,2.6233253
4.0,2.371191
3.2818293057993895,2.1271343
0.905424456786557,1.2663641
0.6502927069993714,0.5314245
1.058888594960008,0.29746723
1.5378987487906723,0.4586239
2.208047110536169,0.8717432
3.0061974864081034,1.442213
5.926645462489708,5.250826
16.174611114537708,15.684216
27.424006183405588,26.744352
38.72947966195422,37.089527
46.2739,44.77578
47.1919,47.895634
45.6772,45.761803
40.4446,38.16856
34.7989,31.958935
25.8943,24.660934
15.0619,14.710616
5.9277999999999995,5.3898335
4.0,3.4323864
4.0,3.3583279
4.0,3.4106417
4.0,3.4677353
4.0,3.2040644
4.0,2.4343796
2.5517099528542833,1.6710415
4.0,1.1617088
3.995277005630161,1.527297
4.0,1.5513077
4.0,2.4489193
4.1836,2.3527517
8.1769,5.6646323
19.6519,16.96533
31.19283040618344,29.823605
39.24888255089872,39.71829
45.086245263708385,45.399025
49.4869,47.429443
48.2935,46.76238
42.96909999999999,38.87926
30.385800000000003,30.28444
23.3239,21.865211
14.6029,12.304448
5.9737,4.9740744
4.0,3.1639528
4.0,3.06493
4.0,3.2784147
4.0,3.277708
4.0,3.4962482
4.0,3.2491293
4.0,3.117961
4.0,2.1030493
4.0,2.6332684
4.0,2.6914568
4.0,3.0634756
4.2295,3.8238287
10.1965,5.994902
20.8912,20.180365
31.4482,30.740494
39.42459395342107,39.569912
45.9067,44.697247
49.0279,47.10263
42.7855,44.977314
35.6184,37.90965
27.9072,30.378937
21.8025,19.949255
11.1537,11.935474
5.9277999999999995,3.6004934
4.0,2.21803
4.0,3.0891962
4.0,3.2893696
4.0,3.486413
4.0,3.7470036
4.0,3.577487
4.0,3.1972075
4.0,2.7795506
4.0,3.0373507
4.0,3.0843477
4.0,3.3616915
4.2295,3.801999
10.1506,5.6734996
20.8912,19.881191
32.3203,31.480774
41.4544,40.736977
47.5132,45.582367
50.2672,47.186752
49.4869,45.811504
44.94279999999999,39.839653
37.2775,31.122963
27.0877,22.296162
15.6127,12.626032
6.065499999999999,4.951668
4.0,2.3760443
4.0,3.2974129
4.0,3.6500397
4.0,3.5196228
4.0,3.392458
4.0,3.1458788
4.0,2.8783789
4.0,2.6765394
4.0,2.3035316
4.0,3.043747
4.0,3.6675282
4.1836,3.9850416
9.5998,9.029115
20.06196769537744,19.428413
31.723600000000005,29.3367
40.5823,37.969826
47.1001,42.010437
49.9459,43.65663
48.9361,44.109253
44.4838,40.00868
36.6349,32.999268
26.491,23.899734
15.2914,13.709237
5.9737,5.6239433
4.0,3.3866987
4.0,3.5463057
4.0,3.585289
4.0,3.4403772
4.0,3.3481436
4.0,3.2787447
4.0,3.0918732
4.0,2.581215
3.9282878827959493,2.3094683
4.0,1.7299061
4.0,2.1930933
2.9716822982842555,1.8697929
7.412115005135808,3.9427223
18.9488042030512,16.994467
29.7958,28.70454
37.7824,39.74486
43.6576,45.17401
47.6509,47.34825
48.3394,46.298893
44.0707,42.69539
36.4972,35.096695
26.3074,25.901478
15.1996,15.382655
5.9737,5.8476415
4.0,2.889411
4.0,3.1417284
4.0,3.090948
4.0,3.3513346
4.0,2.8929844
4.0,2.5044012
4.0,2.174881
4.0,1.8141499
3.376096415378802,1.7372904
3.206280399188122,1.4207497
3.564590326425602,1.5097551
4.275399999999999,2.0796728
5.569035814531906,2.7954836
15.597315567020624,14.563378
28.66347849955364,25.89219
39.4348,37.004944
45.8608,44.147987
48.0181,47.19749
48.4312,46.304516
44.2543,42.96568
36.4972,35.459045
26.4451,25.718048
15.2455,14.830631
5.9737,6.0420303
4.0,3.387641
4.0,3.2237577
4.0,3.0678616
4.0,2.9966555
4.0,3.1564817
4.0,3.0755396
4.0,2.9662971
4.0,2.8578892
4.0,2.7735996
4.0,2.3159046
2.6314425139886737,1.7554102
2.620355936507936,1.3113403
6.581511114537705,3.16465
19.4683,15.396615
28.5106,26.273108
37.3234,36.956047
43.474,43.171585
47.4673,45.848274
46.228,45.193382
42.0511,41.07928
35.3956,34.370327
24.9304,25.65636
14.6029,14.678775
5.744199999999999,5.7178645
4.0,3.1068964
4.0,2.9359703
4.0,3.084466
4.0,3.2190475
4.0,3.2165108
4.0,2.749508
4.0,2.602457
4.0,2.828229
4.0,2.7835236
4.0,2.7908783
4.0,2.6994228
4.137700000000001,2.0146809
8.0851,3.185814
13.40831471443196,10.962849
21.1207,20.338074
31.310500000000005,30.456665
33.1465,39.94554
37.9201,43.378128
40.72,41.588825
36.9562,36.354668
30.3925,28.30573
25.4812,21.964952
13.6849,14.086214
4.8721,4.606577
4.0,2.9284668
3.692101738637094,2.561842
2.231813565216326,2.2640572
2.2590743444470363,2.0881882
2.7579905191242347,2.0876427
1.3056125587114753,2.2903357
0.4678586423476787,2.0189266
1.3758633967832967,1.2488966
1.5258481364674434,1.7050219
1.1283584476155983,1.8465309
1.058888594960008,1.6732435
0.9532388423209248,2.569273
6.033978998246064,4.789015
11.803,10.315132
20.3404,10.512149
35.3497,24.612549
43.8412,38.09711
46.228,43.473682
44.02479999999999,43.155735
38.6545,35.46587
31.585900000000002,30.19339
20.7535,22.56924
13.5013,12.080023
5.7901,3.803318
4.0,3.0936193
4.0,2.7083416
4.0,2.5270882
3.3916760828432455,1.7341194
3.0105702492208923,1.4754896
1.7347787255821512,1.4092102
1.4187693594022193,1.1357002
0.992573733409035,0.9487438
0.9672951762112145,0.87002087
0.4755342222222225,0.51248455
0.09912951307394202,-0.14386177
3.052097486408103,-0.3614607
2.300176124051516,2.2343836
11.682666407120124,4.0426254
20.5173,16.22868
35.2971,30.230118
40.40973886090655,39.48212
46.9165,46.346233
45.9526,46.606472
39.1594,37.690872
30.346600000000002,30.838062
23.2321,22.149944
14.098,13.090104
5.7901,4.5869026
4.0,2.5173435
3.4948242785268615,2.0988674
3.030585920669413,1.6035709
2.1551559878843882,1.5114012
1.2150286729571,1.1053791
0.5830383300812816,0.851841
0.37867599705066723,0.5091896
0.40980301407416064,0.32510757
0.5425993687595749,0.18564701
1.041073479515008,0.25627995
2.6314417414173388,0.5053272
2.524683940423147,1.6042852
7.661228821965613,3.9999018
17.436167179893125,16.36393
15.757611688093387,25.644308
30.46581377688777,23.749214
40.57705286450912,38.23284
42.8773,43.37934
40.6282,38.56616
33.1006,34.33458
25.8943,28.579048
23.2321,19.142374
14.1439,12.287696
5.7901,4.6755047
4.0,2.5783482
4.0,2.5204582
4.0,2.4230442
4.0,2.3929672
4.0,1.7268095
3.637464004664528,1.4163294
1.709754705569651,1.4358921
1.3613333519651807,0.79354
1.481923054388405,0.47112656
1.0490785643333655,0.26670837
0.6243386332574694,0.13073826
0.9549723168895614,0.0913744
6.477712281381511,4.5644884
16.4322,15.255044
27.2646,27.00893
37.35500461500265,35.544903
45.4936,43.332138
47.6509,46.969288
46.0444,44.23805
41.7757,39.044407
34.4317,29.842384
25.1599,21.74891
14.4193,14.390471
5.8819,5.1222973
4.0,3.0525866
4.0,2.5854836
4.0,2.4350357
4.0,2.4320555
4.0,2.3532686
3.2164919030447088,1.9740858
1.887353558320802,1.4028816
1.1274469665728475,1.0026083
0.07938111781370871,0.661541
0.0,-0.12402344
0.0,-0.54680157
1.3508495533672118,0.98076916
7.387272837922999,5.9518476
17.375891199866878,16.135021
28.732387179004643,27.57323
39.6643,37.19248
46.228,43.91435
46.9165,46.74497
47.9722,45.104706
42.4642,41.06909
34.890699999999995,33.888344
24.655,24.34858
14.6488,14.227665
5.9277999999999995,5.2139826
4.0,3.4094143
4.0,2.6384726
4.0,2.6839676
4.0,2.377119
4.0,2.2041845
4.0,1.8124046
4.0,1.7276783
4.0,2.6523676
4.0,2.7794333
4.0,2.8369236
4.0,3.0450869
4.459,3.4595451
10.5637,6.417781
20.3404,20.0345
31.310500000000005,29.128677
39.9856,38.90519
45.9067,45.23901
47.9722,47.31669
45.6313,43.560654
41.9593,38.63413
35.716899999999995,33.758698
25.7107,24.829441
14.557,14.499103
5.835999999999999,4.809284
4.0,2.9481335
2.356485376396625,2.0910025
0.31671162141292974,1.5108967
0.19541417642086323,0.7384434
0.49877923790214673,0.64567757
1.4423490509248449,0.8692837
4.0,1.4481544
4.0,2.1371622
4.0,2.230671
4.0,2.1742296
4.0,1.7922754
4.4131,3.1215057
10.426,7.492104
21.1666,18.630264
31.6318,29.900806
38.374096651184814,40.511642
39.8871,44.942364
40.31669524244742,43.526676
39.8479,43.76198
37.3693,34.2128
28.5565,29.426645
21.7633,20.99998
12.7669,13.507758
5.835999999999999,5.3160276
4.0,3.340414
4.0,2.858571
4.0,2.7190304
4.0,2.7030678
4.0,2.6576128
4.0,2.1384735
4.0,2.1373692
4.0,2.5162563
4.0,3.2185526
4.0,3.5199146
4.0,3.8351822
0.9950653626011228,3.001544
7.930235835633127,3.5299997
17.84372147332482,17.86389
27.999,30.669304
36.78459760398222,36.401085
43.99811411780073,41.733322
48.1558,43.312157
46.4116,42.978878
38.1037,38.3754
32.1826,31.827965
22.7731,21.137276
13.0423,11.370029
5.744199999999999,4.6143265
4.0,2.749525
4.0,2.265233
4.0,2.142167
4.0,2.4465961
4.0,2.7970848
4.0,2.802659
4.0,2.6752367
4.0,2.8314505
4.0,2.7397985
4.0,3.038436
4.0,2.981718
4.550800000000001,3.5690508
10.4719,7.7513165
19.0093,19.09862
31.6318,29.64127
40.6282,37.909744
42.17819272986608,44.29325
45.19302433576472,45.31114
45.769,44.54157
40.3069,38.46111
29.6122,30.093376
22.5436,20.154552
13.4554,12.36513
5.744199999999999,4.717269
4.0,2.3412943
4.0,2.512454
4.0,2.897585
4.0,3.0006285
4.0,2.7611685
4.0,2.3829517
4.0,2.9890623
4.0,3.158986
4.0,2.9816332
1.7546725348143415,1.7289639
0.06742367353143486,0.9630575
0.4593439838708626,1.139267
6.006816264760971,8.582103
16.838678564333364,18.679796
28.62458935654565,27.392603
36.80339786586959,38.469635
45.8608,42.704803
47.048953651937616,43.00347
36.9729082455754,33.319733
37.5059397367351,37.435986
28.694199999999995,31.266964
24.4714,21.585836
13.92988846996367,12.911023
5.835999999999999,4.9132776
4.0,2.9545994
4.0,2.2633715
4.0,2.1738987
4.0,2.444296
4.0,2.511097
4.0,2.4056368
3.783305846809105,2.1934872
3.2164919030447088,1.6910849
3.638792847564412,1.4551077
2.263628237062836,1.5105057
3.111079661954223,1.2601576
3.0534519887557128,1.9633913
5.392727281234288,6.0925255
17.04710002613601,12.682852
31.385018448158135,27.34676
39.2971,37.28157
45.0805,45.23446
46.8247,47.53212
43.9789,44.756718
39.3889,36.818855
33.0547,30.143646
22.36,22.927208
11.3899,13.066447
5.6983,4.1473293
4.0,3.098421
4.0,2.5849705
4.0,2.480196
4.0,1.993104
4.0,2.454958
4.0,2.4211798
4.0,2.0671148
4.0,1.8653193
4.0,2.2399235
4.0,2.2182417
4.0,1.9630184
4.459,2.4426832
7.743234560017472,7.0940228
15.1537,12.603497
24.85781411780073,21.293028
31.420171847806763,34.055115
42.831399999999995,42.565876
46.9624,46.664906
44.5297,40.027718
38.4709,36.030727
28.2352,30.025341
23.2321,20.837584
13.8685,12.530963
5.7901,4.8105574
4.0,3.2116642
4.0,2.969223
4.0,2.7860441
4.0,2.9085016
4.0,2.6245327
4.0,2.534893
4.0,2.5505762
4.0,2.5911903
4.0,2.0862665
4.0,1.8289928
4.0,1.941597
4.5967,2.224042
10.1506,7.7067246
20.4322,18.563303
30.163000000000004,27.936913
38.2414,37.612022
41.7757,43.93075
44.1625,46.48181
33.8809,41.052513
33.2842,34.8574
29.658100000000005,28.437523
22.4059,21.31165
13.7767,13.498175
5.7901,4.7930813
4.0,3.1522121
4.0,3.2343493
4.0,3.4032612
4.0,3.396037
4.0,3.202094
4.0,3.0570965
4.0,2.888896
4.0,2.6510992
4.0,2.51762
4.0,2.5303936
4.0,2.7708216
0.9112704976556536,2.6812077
7.5276,3.5217476
18.6774684821052,16.610432
30.754452864509126,29.19062
40.1692,38.435482
45.26409999999999,46.129436
47.1001,39.037704
33.9268,31.819458
37.507,33.556942
27.9531,28.090172
19.5993,22.344017
14.1439,11.936101
5.835999999999999,4.6042395
4.0,3.1296997
4.0,3.2471905
4.0,3.4309225
4.0,3.724372
4.0,3.590373
4.0,3.4363432
4.0,3.3771286
4.0,3.129097
4.0,2.791644
4.0,3.2884693
4.0,3.4957218
4.6884999999999994,3.868905
11.2063,8.337526
21.3502,19.309458
31.54,29.041836
39.2512,38.851048
44.805099999999996,45.43811
45.6313,46.11556
39.6117,42.48808
34.884,36.11799
27.0351,28.825615
20.1501,19.626326
9.4095,10.534697
5.835999999999999,3.7450476
4.0,2.863841
4.0,3.24444
4.0,3.2919722
4.0,3.5676498
4.0,3.308957
4.0,3.4022388
4.0,3.4107542
4.0,3.3446417
4.0,3.3821735
4.0,3.5322447
4.0,3.6629171
4.6884999999999994,4.0962744
11.0686,7.575504
21.3961,19.112381
31.2646,28.779207
36.029525131208295,38.562103
42.6937,43.47916
45.8149,45.17318
45.401799999999994,44.061565
41.3626,39.244984
32.2285,29.793076
24.6091,19.913717
14.3734,12.223226
5.835999999999999,3.7909155
4.0,3.0887337
4.0,3.013238
4.0,3.2098093
0.0,3.237687
4.0,3.1247778
4.0,3.2254114
4.0,3.4216413
4.0,3.4294195
4.0,3.5339527
4.0,3.5929985
4.0,3.9458876
4.734399999999999,4.2975388
11.7112,8.223761
22.2682,22.61248
32.3203,30.711735
40.261,38.2083
45.6313,43.23949
47.6968,44.895485
42.5034,42.077866
37.4085,38.36104
30.385800000000003,29.868813
21.8025,20.091211
15.016,10.9616585
6.019600000000001,4.3689394
4.0,2.9912195
4.0,2.9031763
4.0,3.2034464
4.0,3.2693558
4.0,3.173647
4.0,3.1418104
4.0,3.2655926
4.0,3.0704517
4.0,2.7896957
4.0,2.238943
4.0,1.9232149
4.6884999999999994,2.080902
10.6555,7.618312
21.2125,17.594639
31.2646,28.584242
39.0676,38.73933
45.0346,45.02031
48.3853,46.81465
46.3198,45.637676
43.3822,40.568867
35.9005,33.53789
25.8943,24.784302
15.016,14.533059
6.019600000000001,5.794619
4.0,3.1658812
4.0,3.016821
4.0,3.1253738
4.0,2.8876562
4.0,2.8835897
4.0,2.720459
4.0,2.3272686
4.0,2.5763073
4.0,2.2907362
4.0,2.329216
4.0,2.49819
4.466322963481764,2.863287
9.317185162864796,7.853915
20.52226875086631,19.34881
31.310500000000005,30.124138
39.5725,39.61942
44.5756,45.39775
47.6509,47.33361
46.3198,45.93017
42.0052,40.940056
34.615300000000005,33.68183
25.573,24.37732
14.7406,14.336182
5.9277999999999995,4.990855
4.0,3.4284458
4.0,3.2554111
4.0,3.1526346
4.0,3.1799498
4.0,3.127658
4.0,3.134801
4.0,3.0720987
4.0,2.9897966
4.0,3.0754871
4.0,2.8706102
4.0,2.9860916
4.7803,2.909545
11.8489,8.096709
22.1764,20.353933
32.412099999999995,29.478271
40.5823,40.441048
44.8969,45.885098
46.228,47.35282
46.0903,45.05006
37.3167,40.524994
34.753,32.86383
25.4812,23.00962
14.7865,13.361224
5.9737,4.4542503
4.0,3.0002403
4.0,2.9628668
4.0,3.4073648
4.0,3.1837177
4.0,3.218913
4.0,3.2443905
4.0,3.2186995
4.0,3.1419048
4.0,3.2086058
4.0,3.2274733
4.0,2.6849642
4.8721,2.4186764
11.9407,8.233126
22.2223,21.890423
32.136700000000005,33.313496
39.5266,40.284374
42.831399999999995,43.585155
47.9722,46.486923
43.0542,44.65464
38.3724,39.211094
31.625100000000003,30.0386
21.9402,22.063217
14.9701,12.573731
6.019600000000001,4.771368
4.0,3.3546696
4.0,3.3144293
4.0,3.4917135
4.0,3.4269762
4.0,3.2852545
4.0,3.2188473
4.0,2.691598
4.0,2.6326132
4.0,2.719308
4.0,2.2918081
4.0,2.309062
4.8262,3.0238695
11.4817,8.182877
21.2584,19.880255
31.4482,29.09575
39.0676,38.96739
44.94279999999999,44.165188
46.4575,46.607384
40.0707,45.033195
38.6937,39.394066
31.671,32.582504
21.8025,22.745714
10.9701,12.114092
6.065499999999999,4.3843613
4.0,2.7220678
4.0,3.0423555
4.0,3.3393745
4.0,3.6157932
4.0,3.4652224
4.0,3.4278212
4.0,3.2907572
4.0,3.3032274
4.0,2.691947
4.0,2.4571524
4.0,2.516388
4.8721,2.9209003
11.5276,9.154897
20.5699,19.389944
31.723600000000005,28.68919
39.6643,35.441254
45.1723,43.17337
47.0542,45.675724
46.228,44.88872
38.0511,40.440582
31.1661,33.88819
21.5271,22.466106
10.8324,11.3869705
6.019600000000001,4.0637426
4.0,3.5274715
4.0,3.480959
4.0,3.5083055
4.0,3.7551222
4.0,3.7210016
4.0,3.3458376
4.0,2.9359665
4.0,2.575901
4.0,2.7313175
4.0,2.8910246
4.0,2.083291
3.607053280147989,1.6314354
9.156118244488558,7.379461
19.713118890202747,17.548914
29.821042695496544,31.33559
39.343,39.93652
43.88709999999999,43.673122
44.7592,44.685097
43.5658,43.462234
40.3528,40.8575
30.254800000000003,31.81047
23.0026,21.594948
14.4193,11.926835
1.9277999999999995,4.8595552
4.0,1.5535803
4.0,2.8532314
4.0,3.374176
4.0,3.3619823
4.0,3.2141438
4.0,2.650465
4.0,2.4887104
4.0,2.3199968
4.0,1.9885244
3.837295266445926,1.7142
4.0,1.6877918
4.8262,2.0624685
11.1145,6.93742
16.9897,17.13509
26.1697,23.433893
34.064499999999995,33.912327
40.6741,40.26837
44.8969,41.975338
43.29039999999999,40.533768
39.5266,34.33386
31.3564,28.583427
23.3239,21.231754
14.098,12.771593
5.9277999999999995,4.558217
4.0,3.2345476
4.0,3.0884209
4.0,3.0770102
4.0,3.01538
4.0,3.106083
4.0,3.021061
4.0,2.9439583
4.0,2.8097286
3.7564056186460277,2.1753244
3.2101093145902286,1.6297626
1.5540136805536147,1.7105808
1.2999536794685262,1.4193993
7.969678861684762,5.8977804
19.445998222222222,18.520485
31.585900000000002,30.6773
37.6906,37.974895
42.3724,41.836292
44.0707,43.54789
43.5658,42.58977
40.72,38.102226
34.0186,32.887684
24.7009,23.929108
9.9144,13.471814
6.019600000000001,4.7392464
4.0,2.1086903
4.0,2.3078842
0.0,2.3107262
0.0,3.1091433
4.0,3.1540003
4.0,3.6263618
4.0,3.109746
4.0,2.318594
4.0,2.1573963
4.0,2.5428095
4.0,1.9259548
5.0098,2.321476
12.1702,7.2261515
22.4518,18.182755
32.6875,29.79316
40.7659,41.553513
45.8608,46.75518
46.9165,47.521023
45.4477,45.10553
40.5823,39.26271
32.1826,30.904743
23.5534,21.059532
9.4554,12.242063
5.8819,4.3974857
4.0,2.9885492
4.0,2.8730211
4.0,3.1348333
4.0,3.41319
4.0,3.2066422
4.0,3.4968843
4.0,3.0395956
4.0,2.4885788
4.0,2.391818
4.0,2.818552
4.0,3.6017895
4.7803,3.8737078
11.0686,6.731782
18.9634,17.440456
30.346600000000002,25.860897
38.6086,37.32601
45.0805,44.45977
46.3657,47.28591
45.1723,44.470387
37.8283,36.421734
28.549799999999998,29.641933
19.6911,21.503626
14.0521,11.6298485
5.9277999999999995,3.805047
4.0,3.3546648
4.0,3.1685658
4.0,3.1903276
4.0,3.0220556
4.0,3.047534
4.0,3.3247118
4.0,3.249319
4.0,2.6435041
4.0,2.5784197
4.0,2.7705421
4.0,2.9871988
4.918000000000001,2.869895
9.9211,6.406714
17.861800000000002,14.638912
28.694199999999995,24.309372
38.5168,38.075684
43.7035,43.477207
46.1821,44.84937
39.933,40.25302
36.8185,35.197796
28.8778,26.214565
23.278,19.522787
13.4554,12.231434
5.744199999999999,4.6815605
4.0,3.1202974
4.0,3.1735115
4.0,3.448615
4.0,3.4079905
4.0,3.1554985
4.0,3.0867672
4.0,3.1198263
4.0,3.1003046
4.0,3.2501945
4.0,3.515316
4.0,3.4606886
5.0098,3.308198
12.2161,7.352956
21.6256,21.159924
30.64423613402461,31.595898
35.93877106545312,39.29654
44.0707,43.95839
46.9165,45.529884
40.392,40.981976
34.9299,35.139305
27.4941,26.306353
18.1764,18.429111
8.5833,10.795437
5.6983,3.5353117
4.0,2.6256762
4.0,2.9533281
4.0,3.145093
4.0,3.2393475
4.0,3.0842543
4.0,3.1012754
4.0,3.170354
4.0,3.0099077
4.0,3.1538305
4.0,3.0817823
4.0,3.1989212
5.1015999999999995,3.4930563
12.3997,8.505043
22.5436,20.921597
32.2744,29.840916
40.1233,37.55769
41.61438959425693,42.979862
42.80022946079251,43.608418
43.015,42.892437
38.2873,35.803085
30.346600000000002,28.36124
21.3043,19.35593
13.3177,11.350053
5.7901,4.091385
4.0,3.0099382
4.0,2.4487333
4.0,2.5491037
4.0,2.1028967
4.0,2.0099115
4.0,2.5106287
4.0,2.309783
4.0,2.9229374
4.0,3.713643
4.0,3.6038952
4.0,3.4310455
4.5967,4.1090136
9.9211,6.8149176
22.5436,14.644095
29.841700000000003,29.11266
35.938093650793654,38.251415
42.448979673344006,43.095894
48.6148,45.646114
46.9624,41.83653
41.3626,37.22425
28.6875,27.068573
18.6354,21.729858
13.7767,13.033998
5.6524,5.087858
4.0,3.6423483
4.0,3.8449955
4.0,3.9145498
0.0,3.1693373
4.0,3.312788
4.0,3.293416
4.0,3.3679218
4.0,3.2227688
4.0,3.225278
4.0,3.3435268
4.0,3.800169
5.1015999999999995,3.9172
12.4456,10.919119
22.7272,21.80159
32.412099999999995,30.393959
39.22172224915434,37.309113
42.56060124305968,42.913986
44.805099999999996,44.598156
38.6086,41.507008
38.9299,34.612583
28.5106,28.867863
22.6354,20.466438
13.5013,13.410998
5.9277999999999995,5.0977974
4.0,3.3253527
4.0,3.3856173
4.0,3.6228514
4.0,3.395648
4.0,3.6419163
4.0,3.731844
4.0,3.6116447
4.0,3.650014
4.0,3.7748451
4.0,3.56816
4.0,2.6574335
5.147499999999999,3.3099194
11.514676059986968,7.7596245
19.16186249284997,20.95757
28.56914784289433,31.611439
37.92856225661536,38.488117
45.401799999999994,44.702396
45.6313,45.02065
42.3265,40.76168
36.2218,33.138508
29.8876,28.881607
22.4059,21.057915
13.7308,13.749692
5.9277999999999995,4.8883934
4.0,3.2686749
4.0,3.2100992
4.0,2.8432093
4.0,2.686535
4.0,2.555151
4.0,2.3983412
4.0,3.0627956
4.0,3.3665295
4.0,2.525837
3.8332385883554725,1.9951239
4.0,1.1904297
5.147499999999999,2.0250025
9.319577120074102,6.685567
17.90172724731988,18.847994
28.028456677678143,30.917576
36.0774,38.027737
40.62854941427575,43.359905
45.2182,45.433037
39.4348,38.67077
33.3301,33.626057
29.3827,27.360294
20.1568,21.363445
12.8587,12.756091
5.8819,4.2889843
2.9235140752966853,3.013731
3.202455348741637,1.6314287
4.0,1.5455551
1.9553966730066907,2.5584993
4.0,2.4527655
1.1192576692019376,1.6241369
0.11533687605807152,0.76882744
0.3812975257517284,0.42289352
0.651829183461599,0.16920185
3.596329832011854,0.44457245
3.8548964943437323,1.5439739
2.599250528951538,1.9229479
5.58842147332482,9.383847
13.4946,14.063009
23.1336,23.884022
36.0315,34.41036
41.37509687961315,41.458775
47.2837,45.792786
46.0444,44.12265
39.9397,36.60961
30.484300000000005,27.987827
22.6813,20.147604
13.2718,12.235054
5.8819,4.957732
4.0,2.7951622
4.0,2.1609144
4.0,2.2016735
4.0,2.606616
4.0,2.420104
4.0,2.2444906
4.0,2.3046598
4.0,2.4306364
4.0,2.5994215
4.0,2.2554502
4.0,2.189621
5.1934000000000005,2.2057447
12.0325,10.873965
22.2223,20.989388
32.2285,28.884789
39.8938,37.180943
40.79052328937602,42.189472
45.769,44.727596
43.9789,44.686512
38.9299,36.92681
30.7138,28.056244
21.1207,21.004992
13.6849,12.586514
6.019600000000001,5.020113
4.0,2.9441786
4.0,2.9334288
4.0,2.9907446
4.0,3.0489273
4.0,2.9507656
4.0,3.1112375
4.0,2.8499517
4.0,2.8207483
4.0,2.5756521
4.0,2.1074114
4.0,2.1483383
5.147499999999999,3.3569794
12.3538,9.873034
22.4059,20.413837
30.210814580311244,29.423557
36.15633876030692,38.665913
40.54271518305328,42.82248
41.8216,42.744644
43.29039999999999,38.716446
37.6906,38.526104
28.1893,30.83677
23.6911,20.286104
13.7308,11.343168
6.019600000000001,4.329276
4.0,3.1737852
4.0,3.2617683
4.0,3.3594418
4.0,3.1728935
4.0,2.6361141
4.0,2.3410177
4.0,2.6473417
4.0,2.7659397
4.0,2.871376
4.0,3.0718489
4.0,2.9605246
5.1934000000000005,2.92659
12.4456,9.556484
20.25773095201556,20.035084
30.48640114689605,29.793686
37.966,38.30685
40.632420558461,42.25549
45.1723,43.865032
44.02479999999999,41.787807
39.343,38.410122
32.962900000000005,30.188889
22.4977,20.636927
14.0062,13.084893
6.065499999999999,5.1525764
4.0,2.6680355
4.0,1.8882208
4.0,2.1592312
4.0,2.6851273
4.0,2.9011698
4.0,2.9841642
4.0,2.7622395
4.0,2.5776844
4.0,2.6230078
4.0,2.9833097
4.0,3.2308836
5.2393,5.283634
12.6751,11.2937355
22.40416875086631,21.3539
31.304985920669417,30.502808
36.928660455502325,37.808655
43.40841339300261,40.007168
46.4116,39.857025
41.7298,40.018234
36.6349,34.75815
29.749900000000004,27.651897
21.5797,19.29139
12.8587,11.859339
6.019600000000001,4.821368
4.0,2.8409004
2.761634010938783,1.9128151
1.9207383087200185,1.2962523
3.6854250071207204,1.0699768
4.0,1.3840723
2.9000272848587905,1.8468599
1.6549089394423468,1.3036604
2.419058355239226,0.97682285
3.4490014634542927,1.4573393
2.7095536519376164,2.1710453
1.041073479515008,1.802186
1.5226314897421194,1.7844572
8.275262781634483,6.3798504
17.630889902006263,16.583515
28.05283148974212,29.909046
35.331022222222224,36.136894
43.749399999999994,43.56653
43.7953,44.57376
44.392,42.02005
39.1594,37.064518
33.0088,29.248543
24.1501,21.681564
14.557,13.418757
6.157299999999999,6.39452
4.0,2.860918
4.0,2.2425604
4.0,2.512351
4.0,2.0874367
4.0,2.288845
4.0,2.2644634
4.0,2.2088013
4.0,1.6220102
4.0,1.5442648
1.9521382198774777,1.8611374
2.4575591350333976,1.1012344
4.642400541625793,1.507206
9.408898774030137,8.200091
18.69853375268196,19.615229
28.53449867518598,30.21878
37.31256935940222,36.57243
44.5297,42.56818
46.5034,45.242424
43.6576,41.888306
38.3791,37.591434
33.376000000000005,31.620335
24.5632,23.516129
14.4652,13.351201
6.157299999999999,5.164404
4.0,3.17836
4.0,2.3285847
4.0,2.0656204
4.0,1.8894968
3.083332698502284,1.538662
2.384230236665557,1.1993122
1.6734723581721838,1.0476189
2.263628237062836,0.80727386
2.820151095491097,1.0550127
1.7483821576035812,1.2340021
0.507312840013455,0.8341627
2.0941494090426165,0.5799303
8.726693519037864,7.608624
17.229790452386485,18.542791
27.07199674248874,26.329813
35.052865362601125,36.904305
40.0774,42.261078
42.2806,42.849693
42.6019,40.97234
38.5627,36.906445
31.172800000000002,30.41846
22.6354,20.978434
13.0423,12.205979
5.6524,4.7555857
4.0,2.9892054
4.0,2.0748205
2.5718651700778654,2.6526394
4.0,1.4569645
2.6314417414173388,3.2008228
4.0,1.3178177
4.0,3.362338
4.0,1.823925
4.0,2.9661818
4.0,3.2897816
4.0,3.3487034
5.2393,3.5885696
8.59,10.342699
14.338812355662816,14.371558
20.308490810896465,21.780495
9.674238842320923,27.449501
13.250365362601125,24.36132
16.0774952810593,24.200747
23.3698,24.65098
30.163000000000004,25.019062
25.021813217133182,23.530972
19.111649542352414,16.100777
8.1769,9.932028
5.744199999999999,4.2587137
3.536892634069199,3.1313257
4.0,1.942893
4.0,2.4956503
4.0,2.9348516
4.0,3.1234674
4.0,3.1043482
4.0,3.469862
4.0,3.3321571
4.0,3.591796
4.0,3.1629639
4.0,2.9649153
5.1934000000000005,2.4815855
10.62529606107686,7.9297433
18.1831,13.711074
25.9861,24.739027
33.9268,31.318253
38.4709,32.07353
32.2744,33.247833
33.651399999999995,27.676392
37.0939,27.972507
26.2156,26.9706
19.9732,20.042704
13.0882,12.713148
5.377000000000001,4.843934
4.0,2.36271
4.0,2.958644
0.1226486448639168,2.8892756
4.0,1.211998
2.3415004639830688,2.2760677
4.0,1.5987654
3.783305846809105,2.6055222
4.0,2.076209
3.661418448158132,2.743372
4.0,2.5565395
4.0,2.483881
1.876183373698046,3.631339
3.1620135591603304,5.271406
6.6622,8.548941
6.4327000000000005,9.93825
7.370969987695749,9.410293
28.0516,11.855814
30.189176845594524,21.636692
33.465093512749675,25.478409
28.668882424102115,25.933853
24.109478358372183,21.912346
18.61941565871795,18.188587
8.989693460134514,13.063494
3.0936142139608602,3.982193
0.0,2.4121819
0.08299047827919814,0.8833084
1.8275271663891175,1.1876678
3.40727894755347,1.9720964
3.8847420330972238,2.7867928
4.0,2.6483212
4.0,3.0429192
4.0,2.86275
4.0,3.317729
3.0493902222222236,3.0403557
4.0,2.7810822
1.4430652746397126,3.8882904
3.1368254769650914,5.6577225
9.034429783825914,9.307819
14.071091199866878,15.420207
20.264327281234287,19.56285
14.51172951307394,23.149122
21.31684463076065,22.876192
25.35143834769348,26.11737
21.109585708462227,27.376316
16.8061,22.058563
14.6947,18.327724
9.967,12.266593
6.065499999999999,5.296836
4.0,3.382596
4.0,2.6669998
4.0,3.14497
2.1060186815782735,2.5944147
4.0,1.8609276
4.0,2.644081
4.0,2.802289
2.218222222222222,2.7791033
4.0,1.5604057
4.0,3.201765
4.0,2.9678097
5.147499999999999,2.5174656
10.426,7.5509124
15.7045,14.593774
26.3074,22.705917
34.890699999999995,31.724216
35.9005,37.250687
35.303799999999995,34.19686
36.13,34.51266
31.723600000000005,33.047806
19.66350697347812,25.426418
15.57209303786431,16.511673
11.4358,10.210954
1.9470945197136,4.4693413
1.2449935190378643,2.2576532
2.218222222222222,2.0897007
2.7349481811669474,2.3814526
4.0,2.7009144
4.0,3.1073751
0.0,2.695528
0.0,2.0901508
4.0,2.4981623
4.0,3.6996508
4.0,3.9920006
4.0,3.904727
5.147499999999999,3.843052
9.8293,10.340247
17.999499999999998,16.942236
29.704,24.88656
38.5168,33.240765
41.71334334172489,39.791367
41.77299051912424,41.1984
37.1857,39.366344
27.1795,32.265976
20.68207024922089,24.380922
16.1176,16.216288
10.9309,11.207801
6.019600000000001,3.1745253
4.0,2.0522594
0.0,1.6750927
0.0,0.81798077
0.0,0.5307617
0.0,0.53486633
0.0,1.0605278
0.0,0.76085854
0.0,1.1930294
4.0,1.5343227
4.0,2.3971872
4.0,3.394495
5.331100000000001,5.182173
11.7571,10.331748
21.6715,18.415874
31.585900000000002,28.370872
39.5266,36.957848
44.5756,42.346764
46.4575,44.160828
45.2182,42.394947
39.6643,35.62388
31.2646,26.205492
18.36,18.677956
12.8128,11.281832
2.2032000000000007,4.4431133
0.0,1.0199594
0.0,0.98130035
4.0,1.76509
4.0,2.5925283
0.0,2.450286
4.0,1.5199308
4.0,3.2862082
4.0,3.5155668
4.0,3.6444645
4.0,3.8780565
4.0,3.8912563
4.963900000000001,4.3235216
8.8195,9.635286
10.0588,14.903057
17.48788966566464,18.306652
37.3693,22.060879
35.3956,35.41502
33.5596,38.12741
45.0805,35.811737
37.966,36.01434
27.5008,28.383492
10.7014,20.628199
7.8556,9.7609005
4.6426,4.835492
4.0,2.9280167
4.0,2.7315178
4.0,3.6100998
4.0,3.2601805
4.0,3.1395445
4.0,3.131032
4.0,3.6074352
4.0,3.5958195
4.0,3.7973528
4.0,3.4602833
4.0,3.5458717
5.0557,3.6823215
7.5343,9.147993
16.4389,13.707157
31.6777,23.526222
31.6777,35.48062
35.671,36.33831
40.4446,36.588783
45.4936,36.13822
38.22596339763215,39.091114
31.723600000000005,28.851273
14.7865,20.082382
11.0686,8.468795
4.7803,4.7151604
4.0,3.039898
4.0,3.3426647
4.0,3.021675
0.0,3.0577383
0.0,2.711318
4.0,2.1680899
4.0,3.7023344
4.0,3.9035969
4.0,4.113474
4.0,4.2606907
4.0,3.8702517
5.1934000000000005,3.6101055
10.8391,11.872146
12.1243,18.101425
10.7014,21.218159
14.5111,22.496742
22.9567,22.862034
30.163000000000004,26.643196
20.3796,30.470226
11.016,24.310293
14.7798,16.36916
14.0913,14.771992
7.7571,8.649498
5.331100000000001,2.6865969
4.0,3.3494081
0.0,2.008626
0.0,2.30935
0.0,2.1699705
0.0,1.8165846
0.0,1.3829727
0.0,2.2917452
0.0,2.3410015
0.0,3.261733
0.0,3.0370035
0.0,2.3332682
5.1934000000000005,2.614335
12.4456,8.679407
13.4028,19.980097
7.6653,22.389858
11.4291,21.322643
21.2976,25.973928
30.202200000000005,31.600193
27.6318,31.896069
24.1434,27.124138
18.4059,19.484112
12.1635,12.49944
5.691600000000001,7.7676506
6.019600000000001,3.2885523
2.0176251312083,2.3590097
4.0,2.6765203
4.0,2.609498
4.0,3.3137093
4.0,3.870245
4.0,3.6750193
0.0,3.311102
0.0,0.7516918
0.0,0.87219334
0.0,1.3703308
0.0,1.3639612
1.147499999999999,1.3863411
10.8391,5.665573
16.3404,18.913057
24.8778,24.227211
29.7432,28.331192
23.5467,29.943153
33.5529,31.599998
30.9825,35.920486
30.707100000000004,32.379932
20.3337,23.451208
10.885,15.190307
9.1867,9.234711
5.2852,3.8975868
0.5837814952022722,2.4905853
0.396471192290651,1.9126406
4.0,1.5981159
0.0,1.786932
0.0,0.6130047
0.0,0.6323681
0.0,1.3202152
0.0,1.1104364
0.0,0.88561153
0.0,0.6809912
0.0,0.858057
4.918000000000001,1.6830568
7.213,8.509915
11.6653,12.881478
14.7339,21.057407
28.3662,27.365898
38.6478,32.674973
40.1166,34.934807
40.9036,36.435226
32.2677,31.576477
22.9959,25.080107
15.7045,15.575992
9.9211,8.385789
1.8360000000000003,4.8108864
4.0,1.2210159
4.0,2.2293644
4.0,2.0620203
4.0,2.2255726
0.0,2.0875568
0.0,2.0812454
4.0,2.2350502
4.0,2.4928675
4.0,2.2669525
0.0,2.100544
0.0,1.8594627
5.147499999999999,2.2105837
10.4719,8.148191
14.9701,15.1725235
18.1831,21.753452
34.753,25.859962
39.9856,34.653934
40.0315,36.566536
30.667900000000003,36.163044
20.2945,26.968676
13.04775184902003,18.840872
6.858649922330722,10.048586
8.727699999999999,5.1642447
5.147499999999999,4.3301687
4.0,3.9620838
4.0,3.006257
4.0,3.1992702
4.0,3.105486
4.0,3.2302046
4.0,3.4985952
4.0,3.6450539
4.0,3.9695997
0.0,3.4371033
0.0,2.9490576
0.0,2.8480158
0.6884999999999994,3.7574167
4.452299999999999,7.971188
16.3012,13.488387
30.346600000000002,20.391516
36.1759,31.608742
38.6545,37.997326
42.7855,38.103996
40.29044334172488,37.612312
31.754929783825915,31.20097
28.62455052895153,22.873287
21.442,16.878017
13.8226,10.357521
6.340900000000001,4.765258
4.0,2.7735376
4.0,3.0518208
4.0,2.887496
4.0,3.0347738
4.0,2.6492138
4.0,3.2232208
4.0,3.285799
4.0,3.5649776
0.0,2.895586
0.0,1.1369734
4.0,2.122345
5.377000000000001,5.184084
12.721,11.306109
21.6256,19.912266
31.2646,29.163105
39.343,35.58514
44.7133,41.467625
47.0542,43.450478
45.7231,42.55415
36.179653854804585,40.07649
31.54,29.799099
19.4616,21.078054
9.8226,11.996542
6.340900000000001,4.057721
4.0,2.3154774
0.0,1.6922245
0.0,0.8917694
0.0,1.2192221
0.0,0.5428066
4.0,1.6753979
0.0,2.5704107
0.0,2.1499338
0.0,1.1193304
0.0,1.0559626
0.0,1.149375
1.3310999999999993,3.7097416
12.4456,12.376721
22.36,21.484406
29.4745,29.56449
37.6906,35.724068
41.26120931459023,41.412556
45.0346,44.080883
41.4085,42.43725
38.0119,34.686886
27.5926,28.223366
20.4322,20.61557
9.028181687676996,12.634383
2.0196000000000005,4.696309
0.0,0.1796875
0.0,1.7387724
4.0,2.0039845
4.0,3.0775099
4.0,3.393733
4.0,3.589593
4.0,3.447524
4.0,3.1405582
4.0,3.0964184
4.0,3.6193361
4.0,4.3390656
1.2851999999999997,4.9783096
11.5735,10.9019785
21.5338,19.048899
30.9433,29.163757
38.2873,36.8108
44.1625,42.32806
46.3657,43.383186
43.152699999999996,42.981434
39.1594,34.240013
31.494100000000003,29.687595
13.9995,19.38812
6.748996651184815,11.914324
2.737078861684761,4.732505
0.25853618947872903,2.7882185
4.0,1.8093529
4.0,2.735324
4.0,3.0112848
4.0,2.8398533
4.0,3.068614
4.0,3.2111902
4.0,2.9324522
4.0,2.8340368
4.0,3.1806564
4.0,3.272357
5.331100000000001,4.2724686
12.6292,10.58301
22.3141,19.671085
31.54,28.719465
38.884,34.77452
41.30683981334776,44.015667
41.980024335764725,44.233303
40.37462613314249,41.425117
36.5431,37.56175
29.0155,26.439064
18.0454,19.712267
5.243589153594323,12.1173315
5.7901,2.9702568
4.0,3.0631504
4.0,2.7776814
4.0,3.0874147
4.0,3.3073502
4.0,3.3019104
4.0,3.0475407
4.0,3.110488
4.0,3.4548445
4.0,3.710517
4.0,3.6437836
3.626834227006553,2.5576487
3.1865303954857147,2.7866907
10.179498387399091,7.5168056
21.2584,19.999939
29.933500000000002,27.491783
36.81940358412039,34.287403
40.22856537537113,41.340622
40.92197101595247,41.84828
42.07132402745111,41.030163
36.77665122599224,39.389862
31.8613,32.032475
22.9567,22.30229
14.2357,13.177409
6.4786,5.3046474
4.0,3.255743
4.0,2.6854076
4.0,2.6859388
4.0,2.2953844
4.0,2.3236876
4.0,2.3990726
4.0,2.2815304
4.0,2.0294104
4.0,2.6142082
4.0,2.7699842
4.0,2.853055
5.2852,3.49539
12.4915,10.511691
21.2125,20.262165
30.071200000000005,28.340088
38.5168,38.09574
39.37206506794194,43.193768
40.8969,43.958004
40.77784320462459,41.47316
38.9758,39.860775
31.1269,31.347935
23.278,22.343422
14.6029,12.883364
6.6163,5.208089
4.0,2.6954126
4.0,2.7762766
4.0,3.1250048
4.0,3.2945976
4.0,2.9138489
4.0,3.1497478
4.0,3.0554771
4.0,2.9520035
4.0,3.1259756
4.0,3.1505003
4.0,3.3034163
5.147499999999999,4.7532434
10.7473,9.938141
20.2945,16.19272
24.9304,26.351532
37.2775,32.696815
43.474,41.105125
45.5854,41.94983
39.99403581453191,41.87893
34.7004,36.069927
29.528453679468527,29.831848
22.9108,23.122944
10.087058919299585,11.630693
3.409018461367765,4.798521
0.09912951307394202,3.078493
1.030430031558522,2.3505135
4.0,2.3499079
4.0,3.3218927
4.0,2.9701128
4.0,2.9985495
4.0,3.1378021
4.0,3.1135635
4.0,3.2384548
4.0,3.5580196
4.0,3.472065
5.2393,5.110162
12.1243,10.119704
20.910804865955644,19.065994
30.4384,28.039803
35.5792,33.132656
39.84139245510027,39.08571
41.99987061534991,41.058163
40.17812547696509,42.054985
34.3642033904644,36.60728
26.69468788279595,26.41383
20.92947106545312,18.340265
14.6029,11.869035
6.2032,5.5373898
4.0,3.0644636
4.0,3.0815783
4.0,3.2305012
4.0,3.1208763
4.0,3.2024632
4.0,3.084753
0.0,3.2300406
0.0,2.5699787
0.0,1.8282108
0.0,1.7975235
4.0,2.5010633
5.1934000000000005,5.567135
11.2522,9.572327
16.6684,17.129955
23.5534,23.520445
28.3729,29.742683
35.441500000000005,35.074146
42.42725024728473,38.008186
40.72096238499358,37.630215
33.73559023626018,30.906448
20.845042813108584,23.523724
18.680079870159844,14.518504
11.507238330081282,11.6926985
4.891770475843931,4.4938803
4.0,3.0861883
4.0,2.4576902
4.0,2.9904757
4.0,3.3494844
4.0,3.529809
0.0,3.3065014
0.0,2.603345
0.0,1.8532639
0.0,1.3969393
4.0,2.5033817
4.0,2.6687746
1.3310999999999993,5.8719397
12.262,7.47864
21.9928,18.6251
31.172800000000002,28.52436
39.1594,37.564125
43.3822,39.483356
43.39217576927726,40.621677
39.6576,39.496178
37.0021,34.576828
28.7401,25.903177
21.1666,18.676859
13.1341,13.230438
6.295,5.309099
4.0,2.1171036
4.0,2.6642227
4.0,3.4673672
0.0,3.1019344
0.0,1.0524197
0.0,1.0006399
0.0,1.1171579
0.0,0.41376305
0.0,-0.22253227
4.0,1.3120842
4.0,3.557952
5.2852,5.2888985
10.8391,12.293385
18.4585,18.292181
27.0877,24.727196
38.3791,32.57605
43.933,39.257755
43.21933872336672,41.274837
24.13595541816025,39.046177
20.7076,24.34099
22.7731,22.08532
13.240287550791257,18.977188
9.016245223540592,10.804642
5.7901,4.834775
4.0,3.651722
4.0,3.493782
4.0,3.521987
4.0,3.5761929
0.0,2.5501041
4.0,1.7654505
4.0,3.67093
0.0,4.0921135
4.0,3.9324226
4.0,4.556327
4.0,5.261134
4.8721,5.240511
10.0588,10.061845
12.0784,15.869839
21.1666,18.731527
35.0743,25.143227
43.015,36.019028
44.11339190304472,41.29293
40.32950249144458,40.869762
35.716899999999995,33.37761
31.494100000000003,21.355925
18.9567,18.141098
7.6653,11.521331
6.5245,5.197789
4.0,3.834404
4.0,3.4324265
4.0,3.5291643
4.0,3.4219847
4.0,3.9651194
4.0,3.1734514
4.0,3.0663776
4.0,4.2270336
4.0,4.3062706
4.0,4.2226343
4.0,4.1345015
5.0557,3.937128
11.2981,8.447955
21.0748,16.354
30.897400000000005,24.969772
38.6086,34.004402
43.5199,39.761536
44.5756,41.46353
39.343,42.04335
37.8283,33.552174
29.3368,25.402678
22.4059,20.213018
14.098,13.908354
6.6622,6.528608
0.0,1.8044662
4.0,2.0877695
4.0,2.6519442
4.0,3.672532
4.0,3.6858025
4.0,3.7002764
4.0,3.6602402
4.0,3.8677168
4.0,3.908122
4.0,4.018628
4.0,3.777298
5.2393,4.194627
12.262,10.422267
21.4879,19.910463
29.4286,29.10701
34.710464747235875,34.989227
40.3528,40.834393
40.8577,41.533745
40.4446,39.00701
37.9201,34.463146
30.346600000000002,28.926632
20.7994,19.696264
14.1898,12.368443
6.4327000000000005,5.5666075
4.0,2.2597675
4.0,2.8582754
0.0,2.5793886
4.0,2.9795713
4.0,3.2899818
4.0,3.6370134
4.0,3.6301813
4.0,3.6698866
0.0,3.168088
4.0,2.6724663
4.0,4.3205595
4.6426,4.6255236
6.9376,9.375788
13.0423,14.253279
21.3502,21.152802
29.7958,25.240263
23.5075,30.918179
30.576100000000004,29.349003
38.1888,32.368088
30.1563,32.96237
21.4812,27.345463
15.1078,18.544004
9.4621,9.502169
5.5146999999999995,4.7492876
4.0,2.964345
4.0,3.2358208
4.0,2.9867382
4.0,2.6003256
4.0,3.1881742
4.0,2.8959198
4.0,2.7141762
4.0,3.5223942
4.0,4.167672
4.0,3.4571686
4.0,3.4461784
4.550800000000001,4.392008
7.9015,10.518953
13.5472,15.230054
21.3961,19.836613
31.2187,24.361382
32.7267,29.851322
32.0841,30.25766
26.5302,29.422134
15.9732,29.486431
17.1207,20.506495
14.0913,14.908685
6.242400000000001,9.607074
1.4687999999999999,4.266012
0.0,1.6894865
0.0,1.554102
0.0,1.9596653
0.0,1.7133131
4.0,1.7044735
4.0,2.8878431
4.0,3.4890394
4.0,3.4039364
4.0,3.4917498
4.0,2.837801
4.0,4.2164583
5.1015999999999995,4.0238
10.7014,8.795509
11.5735,16.893402
19.9732,20.204277
22.4059,27.112349
34.1104,30.321976
40.6282,33.98752
39.2053,35.633076
33.651399999999995,30.045273
25.6122,21.871506
17.861800000000002,17.426657
13.1341,10.550721
6.4327000000000005,4.3680735
4.0,1.9776621
0.0,1.7813139
0.0,1.2777586
0.0,1.1834764
4.0,1.8099899
4.0,2.7566557
0.0,2.3347378
0.0,2.0528002
4.0,1.919138
4.0,2.4547796
4.0,2.325611
1.1934000000000005,2.8323517
12.0784,8.802555
20.9371,19.902992
30.3925,27.262144
36.13,35.958466
42.7855,39.781418
43.474,42.440056
39.6643,39.92932
38.0578,34.067795
32.549800000000005,28.6628
23.4616,20.58294
13.8226,12.251926
2.9375999999999998,5.9157896
0.0,0.3799219
0.0,-0.22713947
0.0,2.2058487
4.0,2.048172
0.0,2.9926481
0.0,1.8695927
4.0,1.8215475
4.0,2.4511995
4.0,3.7047462
4.0,4.118617
0.0,3.1692915
5.1934000000000005,3.0318298
11.4358,8.297583
19.5142,18.374176
26.9041,26.060757
33.3301,33.153133
37.4611,38.421406
41.2708,40.56455
39.4807,40.298195
33.5596,33.5514
27.3631,27.48259
18.9567,20.077374
13.3636,11.718114
6.6622,5.0131617
0.0,2.00768
0.0,1.3275213
0.0,1.6894398
0.0,1.0838547
4.0,0.64468765
0.0,2.5409641
0.0,1.6829481
4.0,2.1721354
4.0,2.8970222
4.0,3.4100103
4.0,3.9564
5.147499999999999,4.3130655
12.1702,10.502812
20.8453,21.25174
30.9433,29.470913
38.7463,38.37451
41.3167,42.88503
42.3724,42.881126
40.3069,41.306942
34.41852575541818,36.247356
26.98046242300349,28.879986
23.8747,20.467924
8.3997,11.488993
2.7081,4.549158
4.0,0.97764397
4.0,2.328946
4.0,3.1965094
0.0,3.0537663
4.0,1.7777834
0.0,2.1054382
4.0,1.7052784
2.8520141452258,3.055232
3.2203226149505557,2.3829584
4.0,2.4024296
4.0,3.0841808
5.1015999999999995,3.9231586
11.344,10.103433
18.1831,17.6733
25.1599,23.874
34.064499999999995,31.025826
39.1135,38.395077
42.5101,40.102226
38.425,39.17999
28.1068365376716,34.154484
24.03443385442803,25.452282
17.602812277898682,16.881363
13.2259,10.77729
6.386799999999999,4.53743
4.0,3.4261494
0.0,3.1574402
4.0,2.557537
4.0,3.038206
4.0,3.174241
4.0,3.4492874
4.0,3.4252167
4.0,3.3517866
4.0,3.3699408
4.0,3.7077913
0.0,3.3701162
0.9639000000000006,4.2248526
11.2981,9.61854
19.8355,19.595238
30.0253,26.4652
36.9562,35.748783
41.4544,41.43017
41.2249,42.363033
30.0253,38.708424
26.7205,30.085304
11.1145,21.626677
9.5998,12.845228
10.7014,6.546411
5.6983,3.5762072
4.0,2.8416586
0.0,2.2765884
0.0,0.51524353
0.0,1.6916656
0.0,2.0146294
4.0,2.7839518
4.0,2.804264
4.0,3.3772345
4.0,3.6311207
0.0,2.9686747
4.0,2.6273518
0.6425999999999998,3.269762
4.865399999999999,7.6045203
13.4946,13.79754
20.1568,23.055538
12.721,26.392113
19.9732,24.1931
33.3301,25.958927
26.3992,30.172276
21.0289,24.352156
20.3863,19.56218
12.9505,13.340069
8.7736,9.147692
5.6524,3.9007788
4.0,3.3183374
0.0,2.8009892
0.0,1.603302
4.0,0.8845787
4.0,2.4919672
4.0,3.5137339
0.0,3.1022205
0.0,1.1277857
0.0,0.75354195
0.0,0.6238165
0.0,1.5315571
5.0098,2.723548
9.8293,8.430738
13.4095,15.018669
17.0815,21.5072
30.8056,25.406075
31.3497,31.855198
28.917,26.358353
36.4972,30.695927
29.1006,28.711473
21.8943,22.148964
17.999499999999998,16.243542
11.1604,11.11036
6.7081,5.3637543
4.0,3.0572758
0.0,1.5532427
0.0,1.2272339
0.0,1.053935
0.0,1.4593649
0.0,1.258995
0.0,1.0428896
0.0,0.7334757
4.0,1.5233097
4.0,2.4338179
4.0,3.3692226
4.550800000000001,3.5402632
8.3605,7.07152
13.2259,15.064317
16.1635,19.859592
21.9928,23.067276
26.3466,28.405504
29.6122,31.114437
28.694199999999995,31.310986
28.7401,28.9184
21.6256,22.943295
13.9603,15.625094
10.6555,9.474415
5.835999999999999,3.8563623
4.0,2.0127811
0.0,1.5709763
0.0,1.6169815
4.0,-0.17970276
4.0,3.3784122
4.0,2.7440987
4.0,3.3855124
4.0,3.441904
4.0,3.906168
4.0,3.7127333
4.0,3.6854343
4.550800000000001,4.1378727
7.8556,8.5179205
10.1965,14.030418
13.0423,16.978561
25.9402,19.681274
23.0418,28.472702
21.8025,30.840778
35.5333,30.182781
36.6349,30.57711
20.7468,27.571861
18.229,17.69664
9.639,10.290373
7.0294,4.6319485
4.0,1.3777208
0.0,1.6852007
4.0,1.2316809
4.0,2.7666464
4.0,3.0657558
4.0,3.1615553
4.0,3.2443619
4.0,3.3721952
4.0,3.4660263
4.0,3.6060858
4.0,4.2035484
5.0098,4.512787
10.6096,9.5438
17.586399999999998,17.364887
27.5467,24.329323
35.0743,31.807999
34.294,39.26046
38.9758,37.181736
40.8577,37.119835
35.58268158741614,34.93932
30.897400000000005,29.663921
22.2682,18.771202
13.967508615021108,11.390959
2.295,5.786997
4.0,1.8953304
0.0,2.4757786
4.0,1.7818422
4.0,3.2194538
4.0,3.054326
4.0,2.9013805
4.0,2.8506498
0.0,2.8002806
0.0,2.1605244
4.0,1.9557562
4.0,2.4834385
4.8262,4.4078417
8.2228,8.670078
18.5503,13.255702
26.6746,23.35539
29.4286,30.168606
29.244999999999997,34.561306
20.6617,34.30732
31.508737259174204,28.755577
37.03194727077668,30.927853
22.819,32.336327
14.1439,19.076128
12.0784,10.587463
6.983499999999999,4.788926
4.0,2.6347647
4.0,2.2296915
0.0,1.9094725
4.0,2.187811
4.0,3.2427406
0.0,2.336255
0.0,1.8851166
0.0,2.2355204
0.0,2.4837208
0.0,1.8908558
0.0,2.1876373
1.0098000000000003,3.6121006
11.8948,9.630768
17.2584,17.347815
26.7597,26.85352
34.2414,34.702972
43.3363,40.813816
45.9985,39.206425
44.851,35.92288
39.7561,34.50029
26.12711614324993,30.385937
14.3275,20.016598
7.7638,9.0994625
2.8021329810081106,4.648773
4.0,2.5551834
4.0,1.6510315
4.0,2.6074533
4.0,2.033391
0.0,1.5415678
0.0,0.9377823
0.0,0.3993826
0.0,0.15907669
0.0,0.49279308
0.0,1.2393179
4.0,1.4774456
4.550800000000001,4.044035
8.1769,9.343632
17.586399999999998,15.994838
20.6617,23.41961
22.0387,27.727024
27.0877,30.28902
32.5039,31.559406
34.9825,32.82776
36.77232427852687,31.912037
29.2909,28.819466
18.229,19.569908
8.4982,11.129078
5.640776082843247,4.9156523
4.0,3.3019638
4.0,3.431015
4.0,2.3828955
4.0,3.2307596
4.0,3.3615656
4.0,2.9987555
4.0,3.328538
4.0,3.9738808
4.0,4.7290764
4.0,3.8608084
4.0,4.37671
4.8262,4.6567545
9.6457,13.885522
15.6127,17.325191
19.4224,22.40429
21.8551,26.218184
27.0877,28.008514
34.3399,30.129215
37.3693,32.440716
32.0449,31.33252
21.5797,26.655188
9.4554,17.66866
11.124757060329078,9.747554
3.0782916868617534,5.2459574
3.473852420849786,2.287346
4.0,2.7853565
4.0,3.494007
4.0,3.4894075
4.0,3.4025831
4.0,3.4413261
4.0,3.037797
4.0,2.7021484
4.0,4.183935
4.0,3.9763622
4.0,3.5836916
4.7803,4.1355667
8.7736,10.944421
14.8783,16.036146
23.4157,20.135666
30.3007,25.299854
33.0547,31.518005
34.3399,33.13461
34.5235,31.275703
19.12963884232092,29.232552
16.9897,19.18233
11.2914,13.942768
7.8556,8.174732
2.026551951051948,4.444598
4.0,2.0657482
0.0,1.8920479
0.0,2.3220491
4.0,1.6460171
4.0,3.312477
4.0,3.50776
0.0,3.2669592
4.0,2.3782568
4.0,3.3326302
4.0,3.7867641
4.0,4.332924
4.3672,4.8259287
10.2883,7.5275292
18.5044,15.437136
24.196,24.4584
27.2254,30.06453
29.933500000000002,30.629505
28.5106,30.62962
23.0026,27.080803
22.2223,22.781105
17.586399999999998,19.5634
14.6029,14.441748
10.9768,9.654096
5.560599999999999,4.6744413
4.0,3.4394054
0.0,2.6446772
0.0,1.7642918
0.0,1.642312
4.0,2.3587656
4.0,3.0882502
4.0,2.7359667
4.0,3.14186
4.0,2.952692
4.0,2.7549238
4.0,3.4628172
0.8720999999999997,4.484563
9.8293,8.2161455
17.5405,17.091534
27.6385,25.647146
32.549800000000005,33.264088
37.2775,38.404568
41.179,40.15772
42.6019,38.45589
38.884,34.303432
25.658024602191016,27.27465
20.62822182312683,17.483635
9.795759570083518,8.62286
6.7081,5.6864567
4.0,2.3452768
3.481712168762181,3.3356266
4.0,3.2853212
4.0,3.159686
0.07535667767814402,3.298277
1.9034834057232093,1.7935162
3.3049924551002707,2.3406105
4.0,2.9348316
4.0,3.487337
4.0,2.0877714
4.0,2.740653
4.963900000000001,4.5295153
10.8391,10.225841
18.7339,17.303146
27.5008,24.528584
37.3693,30.251919
41.4085,38.674923
43.88709999999999,41.49119
34.3332,40.047424
32.283586049740585,29.453781
31.184380411305412,26.417774
23.9665,20.851295
14.4652,13.524849
7.0294,5.5173874
4.0,2.4844084
2.954509827210334,3.1911182
4.0,3.2482338
4.0,2.8769436
4.0,3.2755318
4.0,2.9594393
0.0,2.925023
0.0,1.928833
0.0,1.842947
0.0,2.0946188
0.0,2.1212149
0.7803000000000004,4.3669186
9.508,10.269086
9.1341,17.516962
22.2682,22.553837
30.5302,28.480185
20.6091,35.032883
29.238299999999995,32.78742
38.1037,35.249855
33.6055,34.30396
26.163,28.494717
17.204604203051197,19.055756
9.573299681494158,8.988836
6.4786,4.1160793
4.0,3.5445547
4.0,2.7385244
0.0,2.0223875
0.0,0.57582664
4.0,1.7563057
4.0,2.6217232
4.0,2.8763638
0.0,2.1038647
0.0,1.4688005
0.0,1.5482578
0.0,1.654172
0.8720999999999997,2.3912277
6.7014,8.146915
15.1929,17.296745
24.1893,22.422651
35.1661,31.32306
34.2873,37.726414
34.0578,34.919174
32.3136,34.91887
29.6055,33.804268
25.2976,28.04102
18.7731,19.97327
13.5931,11.052909
6.754,5.3412685
4.0,3.031744
4.0,2.8153543
4.0,3.136098
4.0,3.3520145
4.0,3.2467756
4.0,3.5159187
0.0,1.9942713
0.0,1.423852
4.0,1.0740585
4.0,1.9179277
4.0,2.3937101
4.963900000000001,3.1900215
11.8948,11.129798
21.7174,21.181707
31.172800000000002,28.661936
38.9758,36.205677
44.3002,39.559093
46.4575,41.27033
43.8412,41.58899
35.50829526644593,35.37468
16.7535,25.770485
14.7798,16.816515
8.0784,8.1796875
3.1212,3.901804
0.0,0.3185768
4.0,1.797925
4.0,3.2569017
0.0,3.3138142
0.0,0.51665115
0.0,0.03939247
4.0,2.7497416
4.0,3.9598637
4.0,4.3578434
4.0,4.3155394
4.0,4.410118
4.8721,4.8542204
11.0227,7.4261765
19.6978,16.997719
27.4549,28.058884
35.3497,34.700737
42.1888,39.82505
45.3559,42.4799
41.155665717308,40.05579
31.542638248127048,34.848534
27.464796737699103,26.798573
23.8288,18.75259
11.97897106545312,13.014081
6.295,5.9172153
4.0,4.2243233
4.0,4.141986
4.0,3.2521324
4.0,3.5050507
4.0,3.7869987
4.0,3.7012072
4.0,2.9188404
4.0,3.1096191
4.0,3.5056362
4.0,3.3030252
4.0,3.4260197
4.918000000000001,4.6650124
11.3899,9.46368
21.3043,20.253729
30.3007,30.852875
33.651399999999995,35.425797
36.8185,38.590942
35.9005,38.453842
35.6184,36.10082
36.0841,32.630745
25.9335,27.615116
22.819,19.660004
13.7767,11.992138
7.0753,5.717029
4.0,3.544877
4.0,1.901164
4.0,2.4822617
4.0,3.5037546
4.0,3.2652807
4.0,3.1771069
4.0,3.205388
4.0,3.4774818
4.0,3.106657
0.0,2.1859713
0.0,1.7598686
0.8720999999999997,2.7649775
11.6194,8.436697
21.2125,18.54257
30.7138,27.211384
38.425,38.599823
43.3822,42.13162
43.49809365079365,43.49042
38.6937,41.44079
34.5694,34.88511
24.7927,26.04276
21.2584,18.371977
15.2914,12.59355
7.1212,4.4703836
4.0,2.5496645
4.0,1.610074
4.0,2.644661
4.0,2.6378899
4.0,3.264451
4.0,2.7454338
4.0,3.0057535
4.0,3.1020308
4.0,3.402485
4.0,3.6944485
4.0,3.8281116
4.8262,4.9468966
11.2063,8.933208
19.9273,17.877155
28.4188,26.63136
37.9201,33.64586
42.96909999999999,40.413387
44.5756,41.990997
43.6117,42.44891
35.39098731025446,38.588993
25.829882298284257,29.4166
12.1176,18.692087
8.865400000000001,5.519885
7.0294,3.70288
2.685439595587125,3.6460123
0.7637024914445742,2.8423777
4.0,2.2517748
4.0,2.9888906
4.0,3.2863722
4.0,3.4670496
4.0,3.4691944
4.0,3.4444017
4.0,3.7739763
4.0,3.990182
4.0,3.920477
0.6884999999999994,4.2072506
10.885,8.896162
19.3306,16.000093
28.0057,25.539673
33.4219,33.825996
36.9562,38.70086
37.5988,40.2279
40.6282,36.184685
31.67081741034623,32.977154
25.0681,25.913
19.0552,17.270424
11.9866,11.945673
6.754,6.179592
4.0,3.9451551
4.0,3.4056559
4.0,3.3682165
4.0,3.4505825
0.0,3.5226994
0.0,2.0334873
4.0,2.711687
4.0,3.584817
4.0,4.078272
4.0,4.105383
4.0,3.9316664
4.8262,5.1310606
11.1145,11.641295
20.8453,20.046774
29.841700000000003,29.443047
38.0578,37.089737
42.96909999999999,42.57331
40.0315,42.890194
37.6447,38.146572
32.9103,33.408585
26.44545802448545,25.584143
18.7731,19.40884
11.6194,10.064133
7.3048,5.8110275
4.0,4.612994
4.0,4.045107
4.0,2.7828197
0.33997910655871166,2.9533815
4.0,2.8208084
4.0,3.7849054
4.0,3.7001143
4.0,3.6200304
4.0,3.233305
4.0,2.9972677
4.0,4.0114555
4.7803,4.672659
10.5178,11.460918
17.6782,18.617615
28.786,24.869545
35.5333,32.507652
41.7757,38.550053
42.3724,41.025295
41.4544,38.93596
37.4611,34.48938
23.4549,27.6777
21.220490571629483,17.771645
8.198726133142495,12.8862295
3.3400820320387012,4.4762144
4.0,2.5656843
4.0,2.832696
4.0,3.6825352
4.0,3.60843
4.0,3.468439
3.225433692449826,3.16335
4.0,3.0986948
4.0,3.3551092
0.0,3.260869
0.0,1.5580444
4.0,1.402317
4.8262,4.9606943
11.4817,12.486513
20.983,20.79359
30.667900000000003,28.445675
38.1955,36.053368
41.208121520069255,41.3842
41.3292945197136,42.36436
43.6117,41.699814
34.5235,34.975353
32.0908,27.343292
22.819,20.113033
14.2816,13.682201
7.0753,5.338052
4.0,1.813859
4.0,3.0598679
2.5280650408168963,2.6231518
4.0,2.4149408
0.6502927069993714,2.279232
4.0,1.8468084
4.0,2.6301966
4.0,3.0700283
4.0,3.458129
4.0,3.2893324
4.0,3.776452
4.6426,4.0205355
10.426,12.663182
19.2847,16.313889
29.0155,25.658802
36.9562,35.366837
41.5462,39.391205
35.20581045201276,40.36401
29.246719978542004,34.329845
21.3043,26.335718
15.1996,20.318558
19.1929,13.332311
13.5013,10.9134655
5.6065000000000005,4.8996925
4.0,3.5587654
4.0,2.8474226
4.0,3.11382
4.0,3.2977314
4.0,3.6086016
4.0,3.5919838
4.0,3.9751186
4.0,4.028677
4.0,4.141344
4.0,4.2243633
4.0,4.33051
4.4131,4.329712
9.9211,5.5824175
18.214404203051195,16.195772
23.7829,25.902468
28.312427849178924,29.817238
32.34383335196518,34.373272
33.17548318914413,35.33941
29.05256293270275,34.437355
27.441661427039303,29.312122
25.3435,24.849865
19.77277966195422,18.390997
11.27867764592506,13.77194
5.387209827210333,6.3037987
4.0,3.410737
4.0,3.6793013
4.0,3.4926167
4.0,3.5260992
0.0,3.4888468
4.0,2.6853113
4.0,3.6569986
4.0,3.7283134
4.0,3.8500843
4.0,4.1869345
4.0,4.1806297
0.1836000000000002,4.461273
5.7901,5.7165923
8.3146,9.374878
12.7669,13.090413
17.6323,19.103764
15.9799,21.912756
23.6452,20.258114
26.248173953711103,20.066032
25.31796780104741,20.23398
26.20016242300349,18.583977
21.410449246240667,17.29694
11.8948,12.239555
5.8819,6.0861855
4.0,3.6244707
4.0,3.7361698
0.0,2.7165346
0.0,1.4389639
0.0,1.9880142
0.0,0.5347643
0.0,1.9540215
4.0,2.6850796
4.0,3.859826
4.0,3.3950672
4.0,3.129799
0.6425999999999998,4.8606024
8.865400000000001,6.805451
14.7406,16.093971
16.4389,21.959694
22.9567,23.252335
21.19955282933629,26.623722
24.24811537709813,25.113308
23.20261227789868,26.804283
25.50350996342394,25.223347
32.17322518267939,24.313526
24.1042,21.752146
13.735792354955136,13.18781
6.019600000000001,6.0316935
4.0,3.289384
0.0,1.2558994
0.0,0.69253445
0.0,0.8362503
4.0,1.0008955
4.0,2.0761967
4.0,2.2128706
4.0,4.2367992
4.0,4.680067
4.0,4.112525
3.7242082642642433,4.4828453
4.1836,3.8832788
5.6983,9.706342
13.7767,13.868609
15.3832,19.80703
14.0521,22.462276
28.7401,21.94056
30.622,24.929022
29.7958,24.10764
14.3275,21.627026
13.78882645998132,15.160576
17.5405,13.2500725
10.8391,12.452124
5.147499999999999,8.073475
4.0,4.161648
4.0,4.177436
4.0,3.8746939
4.0,3.490468
4.0,3.5062323
0.0,3.1047926
0.0,2.340166
0.0,2.1053839
0.0,2.0188637
0.0,2.233243
0.0,3.4119816
0.45899999999999963,4.103634
8.9572,8.4297085
17.0815,16.309338
25.8484,24.608639
35.212,29.792507
33.9201,34.524998
22.7664,32.045246
30.4384,27.326561
29.972700000000003,28.152739
23.4157,20.06216
25.9861,17.560713
14.4193,13.413939
2.799899999999999,5.2481947
0.0,1.1016283
0.0,0.30519676
0.0,-0.40455055
0.0,0.82758045
0.0,1.5366001
0.0,0.09711647
0.0,0.6254921
0.0,-0.020756721
0.0,-0.10086632
0.0,-0.27973652
0.0,0.5786371
0.4131,1.2090311
5.829300000000001,6.016137
13.4946,16.511513
16.4389,23.188175
22.6354,25.444118
25.3827,26.630295
25.2517,24.470737
23.5993,22.613201
15.6586,19.319117
16.393,14.869745
16.0258,12.052503
10.6555,9.881472
4.604823310268449,5.7993765
4.0,4.7064466
0.0,2.5453978
4.0,1.6003494
4.0,3.250722
4.0,3.539136
4.0,3.8381004
0.0,3.0891533
0.0,1.7880783
0.0,0.44865417
0.0,1.3582535
0.0,3.082592
4.275399999999999,2.6966639
6.386799999999999,5.1792107
8.1769,10.888432
18.0454,14.947833
20.6617,20.791977
19.5601,24.795158
26.1171,23.53136
30.254800000000003,24.48502
25.245,24.810322
16.524,19.604092
15.9799,15.781488
11.8948,10.193327
3.888048121791739,5.067692
4.0,3.8386354
4.0,3.6673355
0.0,3.6753874
0.0,0.08979988
0.0,1.3365622
4.0,2.2116137
0.0,2.884263
0.0,1.5549297
0.0,1.5020933
0.0,1.0443573
0.0,0.84423065
4.550800000000001,3.092929
7.9933,9.493649
13.8226,14.451947
26.1697,22.621216
29.658100000000005,30.737938
28.602400000000003,32.16861
29.5596,28.567554
30.3007,28.41885
27.7303,28.14685
25.1991,24.623281
16.9438,18.10175
9.508,9.828015
5.2852,6.093538
0.0,0.69173336
0.0,0.6362219
0.0,-0.37778187
0.0,0.4922123
0.0,2.0342607
0.0,1.3742666
0.0,0.59327316
0.0,2.5566597
0.0,1.9400387
4.0,0.38337612
0.0,3.741971
0.4131,3.6969185
2.2032000000000007,8.573267
8.3538,12.295253
22.3141,19.051277
29.4219,26.578518
35.6643,28.861149
34.425,31.215073
27.4941,30.325691
19.5075,26.3625
18.9567,21.063023
14.526396709839537,15.284848
11.9866,9.487223
6.4327000000000005,3.7383633
0.0,1.1982212
0.0,1.2710543
0.0,1.111228
0.0,-0.7172394
0.0,-0.83699226
4.0,0.68585014
0.0,2.5627165
4.0,2.4847708
0.0,3.5388994
0.0,1.573947
0.0,0.82513905
4.2295,1.9692287
6.386799999999999,9.373627
9.2326,13.132223
12.6751,18.030415
13.7241,21.153355
23.868,19.861813
36.72,25.069443
34.9758,27.21192
29.146500000000003,27.168217
28.3729,21.436607
15.9732,17.064087
10.1439,9.413141
6.8917,4.727415
4.0,2.6018715
4.0,2.1946106
4.0,3.6434917
4.0,3.7597113
0.0,3.4441643
0.0,1.8327179
0.0,1.2377205
4.0,0.971797
4.0,2.4148207
4.0,4.006034
4.0,3.5421762
4.6884999999999994,3.3714266
11.0227,7.698197
20.7076,19.55251
30.9433,28.917257
33.5529,35.787224
26.4384,33.69889
28.6416,33.011806
29.467799999999997,36.377785
34.3858,33.92224
32.917,29.693375
20.655,25.074688
13.927951095491096,12.909658
4.47353902779656,5.9075627
4.0,3.646305
4.0,3.3535748
0.0,2.1106405
0.0,0.2711258
0.0,1.288723
0.0,1.276886
0.0,1.5293741
0.0,0.5511408
0.0,0.8005047
0.0,1.2483492
0.0,1.00984
0.6884999999999994,3.4150457
11.3899,9.96637
21.3502,18.010155
31.1269,25.763962
35.4348,36.48864
37.3626,33.949192
35.6643,36.746765
29.467799999999997,34.265156
35.2971,30.43684
30.7138,30.222332
23.5993,22.077702
9.9144,12.818954
7.255547525553595,5.440297
1.9207383087200185,3.3489885
3.6401229634817636,3.1000767
4.0,3.0929108
0.0,1.8947887
0.0,1.0059557
0.0,1.2066402
4.0,1.045497
4.0,2.0504303
4.0,1.9224663
4.0,2.387412
4.0,2.627324
0.6884999999999994,3.4834385
11.344,9.615147
21.2125,17.198826
30.9433,26.731766
39.0217,36.33783
44.5297,41.521584
42.1888,42.473114
39.9397,40.2335
35.82262750425571,35.186104
29.13304812179173,28.405415
20.524,21.384365
14.8324,12.265908
6.983499999999999,5.7499475
4.0,3.3871717
4.0,3.2920656
4.0,3.3105946
4.0,3.0231266
4.0,2.6805573
4.0,3.2547884
4.0,3.3865175
4.0,3.7472668
4.0,3.982957
4.0,4.0654087
4.0,4.432703
4.6426,4.875622
10.5178,10.261606
19.1929,19.195017
29.2909,26.339573
35.854600000000005,35.197857
39.107048377235245,40.365105
43.0609,40.375042
31.120200000000004,39.11447
33.376000000000005,27.560589
22.08466827067804,26.477901
17.618051182268665,16.68984
11.673532319465576,11.851373
4.3045883919945656,5.073329
4.0,2.745925
4.0,3.2479343
4.0,3.09659
4.0,3.5278473
4.0,3.7286062
4.0,3.3743
4.0,3.4691133
4.0,3.7649517
4.0,3.838543
4.0,3.980648
4.0,3.9907627
4.6426,4.2280884
10.5178,8.100227
19.606,16.033138
29.4745,28.731678
38.1496,37.178684
43.1986,42.44018
46.5034,42.688572
39.68390221151611,41.206875
36.66909781549376,33.230816
33.3301,30.85445
24.6091,21.483164
13.4554,13.816584
7.0294,5.859273
4.0,3.598053
4.0,3.5603132
4.0,3.479457
4.0,3.4497614
4.0,3.693019
0.0,3.0074873
0.0,3.0216665
4.0,1.9945602
4.0,3.4081526
4.0,3.5763083
4.0,3.7132568
4.5967,3.7591267
8.55193422429522,9.09044
12.598889637542303,14.087768
24.28091741034623,19.741869
35.0450914666136,31.505848
38.02001976250019,38.618496
37.75487101595247,39.89779
40.5756,38.86238
38.0426472003723,37.1309
33.792240994681244,33.17714
25.0681,22.813892
14.116696415378804,14.040519
7.1212,5.5781765
4.0,2.9652586
4.0,3.2125568
4.0,3.0868158
4.0,2.8840027
4.0,3.0751143
4.0,3.2270708
4.0,3.1985188
4.0,3.7106133
4.0,1.8938179
0.8918495533672122,1.4828358
4.0,0.6525154
4.6426,3.018034
10.7473,9.603861
19.9732,20.410038
27.0418,29.214638
26.2801964153788,35.378387
24.026390810896466,35.946346
24.76752433576473,32.302956
35.4120634571673,28.430565
38.36738394547568,27.790592
33.6055,26.822926
19.6519,21.925156
11.4817,11.53294
6.6622,4.9799786
4.0,3.7136393
4.0,2.616105
4.0,2.3542624
4.0,2.607232
4.0,2.64221
4.0,3.0457916
4.0,3.5572424
4.0,2.4989223
4.0,3.207262
4.0,2.9791374
4.0,3.7168055
4.459,3.557538
9.8293,9.885853
19.2847,17.217155
27.8221,28.004087
35.441500000000005,35.77704
38.06768248674109,39.513077
33.956647270776685,36.140667
31.325428672957102,34.227306
23.770875487663712,29.230444
24.862183243009564,22.565512
18.688,18.450527
12.3079,12.322809
6.0727086150211065,6.271623
4.0,3.0021
0.804366407120126,2.988536
4.0,2.0861893
2.1956307835352717,2.4516535
4.0,2.1991549
4.0,2.9799929
4.0,3.0127125
4.0,3.0518503
4.0,3.5149956
4.0,3.8318233
4.0,4.135481
4.504900000000001,3.7634497
9.5998,9.046236
16.62262934766772,16.895842
27.76033528994568,26.284313
34.16005385480459,35.98015
38.11738465546803,40.695343
39.315395243224906,42.860504
41.7298,41.313763
40.4905,37.98126
32.917,28.466951
25.8484,23.91359
15.7045,14.8462925
7.0294,7.1707625
4.0,3.569584
4.0,3.7991037
4.0,3.589324
4.0,3.5782814
4.0,3.3686638
2.777443518626665,3.697569
3.5447994656700086,2.883788
1.8916503744904052,2.956748
1.1274469665728475,2.6470547
0.17594745731623718,2.3309078
0.6688053063360258,1.6044502
3.9624239365079355,1.991209
8.976137814473127,8.919815
18.98961267048837,19.941933
29.08331356521633,27.164314
35.29268565079365,36.76887
40.33729041176492,40.899906
41.76129264408087,43.72959
44.32429365079365,43.74049
40.8118,40.86475
31.280088469963673,30.23888
24.3337,23.032349
15.2914,15.182251
6.252241900966997,6.6881742
2.890157531155168,3.0636969
3.360540994681246,2.4245281
0.8216383030793626,2.5777912
0.9560297838259135,2.02567
4.0,2.0134764
4.0,2.8379364
4.0,3.1882915
4.0,3.5741282
4.0,3.243888
4.0,3.6289492
4.0,3.922721
4.504900000000001,3.6562405
9.5998,9.047296
18.94671419195089,18.28573
27.326511693135007,27.97482
35.03515918970155,35.36495
41.70618959425693,41.505516
45.99822427852686,44.374653
45.1264,44.972954
39.4348,39.356033
33.1006,33.14229
23.3698,23.492493
15.0619,14.162714
6.8917,6.196275
4.0,3.9700012
0.10006862239274916,3.67445
4.0,1.8012333
4.0,3.2261438
0.7468184613677646,3.2312632
4.0,2.3707113
4.0,3.2988415
4.0,3.2235832
0.12658810143186727,3.5619097
3.360540994681246,2.2414827
1.7841218668530754,2.1007166
4.550800000000001,2.0882215
6.217621352405954,7.5364137
15.5601,13.946451
26.539350764930724,23.955166
33.74358338917089,33.276638
29.8051365376716,40.046402
36.72496875086631,41.394806
43.933,40.83442
35.441500000000005,35.913338
30.071200000000005,30.368729
19.491832846822348,22.562916
11.10896288048513,10.195768
3.3854451535632872,3.8760881
0.5711846554680307,1.897912
0.11051682364348281,1.721633
4.0,1.0456228
4.0,3.2022228
4.0,2.8604193
2.0671966511848137,3.3275852
4.0,1.8319216
2.477470441780353,3.0031376
1.0588888965600116,1.7508574
2.0088527770540363,2.6725645
3.93101505681571,1.7207441
4.550800000000001,2.177126
9.0031,8.154001
11.22788919578379,14.2226925
19.5954824906984,20.632418
25.9728614270393,28.092594
28.670454524232362,33.81936
27.592213217133185,37.01343
31.1269,35.92341
23.3239,30.684196
20.2027,23.692413
15.8881,15.948351
13.1341,8.7624
5.744199999999999,3.9519567
4.0,3.0877352
4.0,3.1250534
4.0,2.725729
4.0,3.2416115
4.0,3.2816105
4.0,3.4350376
4.0,2.562581
4.0,2.9858456
4.0,3.3414955
4.0,3.0698013
4.0,3.9450283
4.3672,3.8162508
8.424559135033396,9.2141075
18.98698324300956,17.612997
27.9598,28.740515
31.723600000000005,36.72222
32.4119005416258,39.782883
37.051305067511045,39.95392
31.69493984185145,39.64284
35.7628,35.811504
27.1336,27.864065
20.1568,19.833073
11.9407,13.6402645
5.2852,4.9750395
4.0,3.4297543
4.0,3.3551083
4.0,2.9725351
4.0,2.5943756
4.0,3.0388012
4.0,2.5622091
4.0,3.386488
4.0,2.9695263
4.0,3.2673407
4.0,4.004422
4.0,4.3394585
4.321299999999999,4.2864885
7.672000000000001,7.744291
13.9603,11.261064
19.8814,21.767525
35.441500000000005,25.296696
43.2445,34.83969
41.6839,38.21761
33.7432,33.620552
27.4549,26.539314
26.2615,21.637695
15.934,18.34466
10.6096,10.233381
6.295,5.3372936
4.0,3.967307
4.0,4.0767384
4.0,3.8388062
4.0,3.6366806
4.0,3.306777
2.4809894937677655,2.7938566
4.0,2.6738167
4.0,2.8345175
4.0,3.0755692
4.0,2.9426746
4.0,2.553769
4.275399999999999,3.0352564
5.8819,9.600625
10.6096,13.220786
9.7834,16.815012
15.1537,19.674835
22.2223,21.265627
19.9273,22.470722
14.6947,20.181992
17.4028,15.248407
22.5436,13.691142
22.6354,14.322031
14.8324,12.242536
5.4229,5.6500425
4.0,3.191967
4.0,2.9378643
4.0,3.271924
4.0,2.8604507
4.0,3.0668821
0.0,2.1331387
0.0,1.9223881
0.0,1.8387871
0.0,1.6628036
0.0,2.0987787
0.0,2.6333876
4.137700000000001,2.4308195
6.386799999999999,8.607729
11.3899,12.580036
17.77,16.655237
18.2749,22.404472
17.8159,24.115788
19.147,23.637234
23.6911,22.397305
23.8288,21.169317
15.475,19.777218
11.5735,14.530658
9.1867,9.66652
5.0557,5.3225584
4.0,3.6864595
4.0,3.0587626
4.0,3.0250454
4.0,3.7084532
4.0,3.5301666
4.0,3.1903124
4.0,2.5918674
4.0,2.681344
4.0,3.057891
4.0,3.644024
4.0,4.1034307
4.4131,4.4208155
8.5441,8.588095
16.0717,14.486754
25.0681,24.528019
34.202200000000005,33.08415
43.5658,38.58916
42.8773,38.669296
35.3497,34.304314
31.081000000000003,29.806568
27.984710148430302,26.10771
22.7272,19.46487
11.2522,11.511906
4.5652250930758775,5.680885
4.0,2.9658442
4.0,3.3097372
4.0,3.4261684
4.0,3.414095
4.0,3.572404
4.0,3.6113758
4.0,3.8154173
4.0,3.3913755
4.0,3.345274
4.0,2.6941357
4.0,2.848629
4.275399999999999,4.4064846
7.5343,9.519978
12.9046,15.431753
23.8747,20.938602
31.172800000000002,26.02938
32.0449,30.160126
27.8221,28.669273
36.8644,28.548246
35.9005,29.033775
30.071200000000005,24.509266
24.3337,20.239864
8.181675997050668,11.451417
6.157299999999999,4.2773104
4.0,1.5690241
4.0,2.4854336
4.0,3.3071299
4.0,3.3953705
4.0,2.7745018
4.0,2.9949703
4.0,2.9216166
4.0,2.950014
4.0,2.8806868
4.0,3.1507168
4.0,3.501399
4.321299999999999,4.7584476
8.131,8.074547
12.4915,13.671292
18.4126,18.512684
31.7695,22.942791
39.5725,31.03326
17.4028,32.850716
24.14738972255288,23.08802
21.366739595587124,18.189789
14.818638308720018,16.642181
21.10736723290236,13.027068
14.1439,11.052876
5.835999999999999,4.1428814
4.0,2.2286072
4.0,3.659892
0.0,3.60079
4.0,1.8141384
0.0,2.6071625
4.0,2.553316
4.0,3.252924
4.0,3.9674778
4.0,3.888382
4.0,4.055378
4.0,4.6668262
4.1836,4.8526354
5.6524,7.1027584
9.0949,10.607924
10.0588,13.787626
15.832433463129718,13.897444
18.571809094748925,16.836498
14.877141701076605,18.910538
19.563581587416145,16.911722
20.7994,17.341253
15.9799,17.336145
18.5044,14.219438
11.5735,11.9769945
4.7803,4.9602013
4.0,3.9654598
0.0,1.8972654
0.0,1.2348566
4.0,1.4516573
0.0,2.543065
0.0,1.8257399
0.0,1.1653004
0.0,1.2356787
0.0,1.3118
0.0,0.9121628
4.0,2.539135
0.1836000000000002,3.7914696
1.8819,5.064622
7.1671,9.089813
10.8391,15.179183
19.4224,19.616941
28.9696,25.88907
22.4518,28.490585
26.95,22.536385
27.3631,21.077908
20.065,18.517292
22.9567,13.242534
6.7932,13.404405
4.6884999999999994,3.7222052
4.0,3.8435678
4.0,3.5801687
4.0,3.6073847
0.0,3.130702
0.0,0.61697197
0.0,0.7079544
0.0,1.6697817
0.0,1.6913795
4.0,1.8137379
4.0,2.9799232
0.0,2.314455
0.3672000000000004,1.7840853
2.799899999999999,4.5763254
8.4982,11.108938
14.2816,18.256378
21.0289,22.728691
19.0093,28.390121
21.2584,26.736877
21.9928,24.661827
20.8453,21.4327
17.77,19.02435
19.9273,13.436096
12.671168632852066,12.321233
6.295,5.335881
4.0,2.8496046
0.0,2.5796099
4.0,0.46345425
0.0,2.3236036
0.0,1.2471447
0.0,0.09491062
0.0,-0.10118675
0.0,0.16629124
0.0,1.3436098
4.0,2.1090946
4.0,3.0115185
4.4131,3.2767458
10.0588,9.892654
18.7798,18.057108
21.8092,27.629244
20.9371,30.67667
28.5106,31.912594
43.6117,34.896126
37.7365,37.48471
38.0119,29.345211
29.658100000000005,28.284206
23.3698,21.058517
14.9242,13.063994
3.750859296809585,5.130207
4.0,3.3702078
3.7886927674737,3.5688953
4.0,3.8443708
4.0,3.0585194
4.0,2.825078
4.0,2.942379
4.0,3.2299662
4.0,3.4304972
4.0,3.5826616
4.0,3.6858692
4.0,3.7872934
4.550800000000001,4.6881084
9.4162,9.011857
17.6782,16.268047
27.5926,25.906967
35.441500000000005,34.02496
42.7855,39.14001
44.05333755752975,42.570423
39.54533081682283,43.009262
35.7102,37.669025
28.81855270026404,31.116283
22.20375772616564,25.014652
14.8324,14.885279
6.1114,6.376493
4.0,3.2865229
4.0,3.2343998
4.0,3.4197989
4.0,3.6326542
4.0,3.8475256
4.0,3.8901176
4.0,3.7942514
4.0,3.6449728
4.0,3.6262045
0.0,3.8037949
4.0,2.8693886
4.3672,4.434289
9.8752,8.73561
17.861800000000002,15.664003
28.786,25.350327
37.1857,34.16631
38.7463,40.558445
40.6282,41.985188
40.19567764592506,39.457706
35.35888604974059,35.099884
31.3564,29.338518
24.0583,21.156128
13.5013,13.316519
1.606843937699443,5.4551477
0.2763691121945424,2.091587
0.6921671999068248,1.5698061
2.5091990260599797,2.1395264
4.0,2.9318628
0.0,2.7210836
4.0,2.2616348
0.0,2.7685556
4.0,2.125063
4.0,3.5293484
4.0,3.5405092
4.0,3.884612
4.091800000000001,3.7878103
4.6426,3.806139
5.331100000000001,6.0839252
8.5441,7.1294713
20.065,14.63036
26.8582,21.773869
28.1893,27.975138
25.7107,26.007254
33.376000000000005,20.87406
26.899789493767766,21.703968
19.5601,17.302896
12.0784,10.532536
5.8819,4.118099
4.0,2.8517265
4.0,2.510974
4.0,2.69516
4.0,2.8038282
4.0,3.1663876
4.0,3.3564444
4.0,3.1846437
4.0,3.615964
4.0,3.3607197
4.0,3.566306
4.0,4.010269
4.550800000000001,4.104539
10.9309,9.034288
21.1666,19.21962
31.4482,30.841774
39.8479,36.700317
44.851,39.2899
46.6411,40.99917
42.55206863285206,40.234512
36.54821417642086,35.55974
30.711150826190405,32.169735
24.4714,25.905102
11.803,14.046348
5.4229,6.5109425
4.0,3.8685408
4.0,2.9180021
4.0,3.6535416
4.0,3.2767277
4.0,3.6739702
4.0,3.7080574
4.0,4.0688686
4.0,3.9987001
4.0,3.8825855
4.0,4.299327
4.0,3.9490328
4.504900000000001,5.4370623
10.1506,9.201805
21.2584,16.86578
22.7272,29.339615
28.8319,32.361862
35.671,35.7835
40.4905,37.071075
38.17672182250582,35.081417
34.36979052355095,31.224781
32.3662,24.10468
22.7272,21.122814
12.9505,13.958985
6.048445059161868,6.1861725
4.0,3.4621572
4.0,3.6490707
4.0,3.3597126
4.0,3.8428469
4.0,3.5462294
4.0,3.488762
4.0,3.5088997
4.0,3.6137066
4.0,3.6618853
0.0,3.2300081
4.0,3.2765093
0.45899999999999963,3.9497128
9.3703,8.944903
17.7241,15.803567
23.5993,23.838104
29.6122,30.228928
38.6545,33.35167
37.507,37.61947
23.9206,35.108856
24.8386,26.8031
19.5601,23.629522
21.4879,16.83755
13.9144,12.698159
5.4688,5.7355886
4.0,3.3070803
4.0,3.6639977
4.0,3.7458382
4.0,3.3355656
4.0,3.1980906
4.0,2.977189
4.0,2.893094
4.0,3.2969742
4.0,3.903098
4.0,3.075572
4.0,3.960085
4.275399999999999,4.566496
6.754,8.724037
12.3997,14.91308
20.4781,20.990108
25.3435,25.907831
24.7927,31.405968
25.3435,30.284248
25.9861,27.67753
27.16222920195177,22.39047
25.8484,19.218693
12.654747880675457,14.997299
6.170853385448088,7.211761
5.4229,4.404011
4.0,2.3743296
4.0,3.3069563
2.120498937056677,2.5672836
4.0,2.489666
4.0,2.7399187
4.0,2.555008
4.0,2.4360018
4.0,2.6985674
4.0,2.830555
4.0,3.267376
4.0,3.292656
4.3672,4.4301853
8.3146,7.6550574
13.7308,11.656255
23.5075,15.359995
29.5663,23.490225
37.5988,30.524624
39.6184,34.430016
40.3528,33.744774
38.7922,30.667889
29.658100000000005,27.692066
18.8716,20.760412
10.1965,11.1156845
5.4688,3.22398
4.0,3.332283
2.9235132478681063,3.1009655
2.685439595587125,2.786419
3.5329421488287647,2.5871592
4.0,2.927477
4.0,3.3873396
4.0,3.2100782
4.0,2.6551275
4.0,3.437789
4.0,4.0758295
4.0,3.670537
4.275399999999999,3.3955803
9.1408,7.6914945
17.311,14.166327
20.983,22.899736
24.3337,27.625134
41.4544,30.001225
45.5854,38.013947
40.5364,37.752712
39.1135,32.906715
33.5137,28.806522
23.0485,22.163488
12.9046,12.591155
5.6983,5.504198
4.0,3.3740568
4.0,3.4942217
0.0,3.47009
0.0,2.2526217
4.0,1.7734642
4.0,2.7834816
4.0,3.6366243
4.0,3.718626
4.0,3.8133736
4.0,3.8630362
4.0,3.6559734
4.550800000000001,3.885188
10.7932,11.015731
19.8355,20.856518
29.933500000000002,30.380432
39.1135,38.10732
45.26409999999999,42.83052
46.7788,44.821407
44.805099999999996,43.190563
34.15481817754293,38.246716
24.9696,28.863995
17.9536,19.595232
12.3538,11.361919
2.9536365376715974,6.237221
2.074941969918722,3.0688992
0.08983831673653597,2.6448755
0.9233379204510062,1.6881018
4.0,2.5169153
1.5864039371000196,2.7340317
1.9553966730066907,2.6758413
0.9430827644367081,2.024455
0.595712690408563,1.7842369
0.8473412143488126,1.5885029
4.0,1.4459152
4.0,3.208685
4.137700000000001,4.0659103
6.6163,7.5673876
12.3079,10.220508
15.7963,16.47384
28.1893,22.98904
39.7102,30.920837
45.3559,36.568596
45.0346,37.26566
39.7102,34.50283
30.4384,30.140285
22.18852645998132,20.655107
10.670506183405587,11.902321
5.6524,4.113554
3.272835423974305,3.3542833
1.614919978542007,2.7632036
4.0,2.06954
0.0,2.5256014
4.0,2.2461805
0.0,3.1034126
4.0,2.6423588
4.0,3.2354088
4.0,3.4096775
4.0,3.8616543
4.0,4.2601376
4.459,5.002879
8.1769,9.425615
12.1702,15.339962
16.8979,19.924572
25.7107,24.55328
12.262,25.262257
14.356580680628785,21.78673
23.3698,19.671837
24.7927,22.020185
21.084205344217168,20.032005
19.70399199795192,14.367832
11.329427849178929,11.097233
5.147499999999999,5.312456
4.0,4.384742
4.0,3.334651
4.0,3.2187033
2.477470441780353,3.156086
0.8348738097442592,2.2815676
2.5033139095046177,2.4413462
4.0,3.3529596
4.0,3.948822
4.0,4.370219
0.0,3.5095034
4.0,3.9914865
0.4131,5.411852
7.7179,10.557153
11.344,16.156342
19.8355,19.079596
26.5828,24.671432
39.9397,29.43853
40.9036,29.738651
42.0052,28.84933
36.0382,29.49945
25.31531861453456,23.383804
16.834188101431867,16.296764
8.597157385537189,9.602258
3.6601822982842567,3.399025
0.15079365079365026,2.6934185
4.0,2.0119228
4.0,3.107872
4.0,2.687934
4.0,2.4771147
4.0,2.7001
4.0,3.188961
4.0,3.1089096
0.0,2.0173368
4.0,1.4949856
4.0,2.4163675
4.459,4.1628685
8.3146,9.817935
13.9603,15.422719
26.6287,20.30338
32.825199999999995,30.146252
39.7561,35.637634
40.5364,32.44587
40.7659,32.591908
35.70713346312972,30.70021
29.7958,26.210415
11.803,11.128137
9.7375,7.7426243
5.1015999999999995,3.7565346
4.0,3.276165
4.0,2.3852606
4.0,2.7402983
4.0,3.7062454
0.0,3.4060888
0.0,0.4233179
0.0,1.0806818
0.0,1.725461
4.0,2.9839954
4.0,3.4164257
4.0,3.35396
0.4131,4.818778
10.3801,8.439587
19.7437,18.027094
28.1893,29.310362
36.7726,37.981068
44.4379,42.858047
43.7035,43.91997
40.8577,40.179417
30.42534288193525,34.582035
24.3729,26.093102
19.019460211087257,16.63872
11.269544375192568,10.08995
2.698088391994567,3.7872906
4.0,3.1276588
4.0,2.8199196
4.0,3.3616095
4.0,3.3809214
4.0,3.6168318
4.0,3.8278608
4.0,3.789178
0.0,3.3968592
4.0,2.7282925
4.0,2.8676367
4.0,3.5698118
4.504900000000001,3.6014156
9.0031,9.578476
18.5044,16.895657
31.585900000000002,29.55561
40.3069,38.066975
45.4936,44.21616
47.08540078488656,43.499496
40.8051,41.983265
36.18549036714017,35.43027
32.962900000000005,31.256878
23.2321,21.464088
13.0882,11.578114
5.4229,4.581167
4.0,3.4652405
4.0,3.1742764
4.0,3.20187
4.0,3.2904482
4.0,3.0551872
4.0,2.9167395
4.0,3.173195
4.0,3.1897678
4.0,3.1883364
4.0,3.08632
4.0,3.4550333
4.504900000000001,2.6849365
10.9309,7.721404
20.16605494309849,18.817759
28.82542495526385,28.789833
36.2533045030627,37.587746
39.90862367353144,41.280872
40.27889020425159,42.957253
41.89397825506788,41.63403
39.7561,38.343643
32.2285,28.171696
23.1403,20.625208
13.4095,11.987322
5.4229,5.4828663
4.0,3.44845
4.0,3.1105518
4.0,3.22972
4.0,2.7110863
4.0,2.8197079
4.0,3.4444504
4.0,3.447878
4.0,3.085575
4.0,2.9328527
4.0,3.4134684
4.0,3.312892
4.459,4.195404
9.967,6.898968
17.109083361527755,17.639662
24.45134447498544,28.37108
33.23867386908252,33.831287
39.95217876877966,39.374207
43.29370500819675,41.73302
38.47550124305968,40.188553
37.4152,35.95876
30.667900000000003,28.866901
22.6354,20.070412
12.5833,11.848589
5.331100000000001,4.776367
4.0,3.3369045
4.0,3.250825
4.0,3.0369778
2.9781374994964445,2.52382
4.0,2.1636276
4.0,2.9304695
4.0,3.8280935
4.0,3.8962212
4.0,3.5604925
4.0,3.477234
4.0,4.3649416
4.459,6.383735
8.452300000000001,5.757784
16.642095702822274,14.83304
25.776967476602703,26.573738
36.43279613072566,35.499996
41.47722296993466,40.74035
41.43125667767814,43.48871
38.96333573073654,41.98324
37.4152,37.31482
32.136700000000005,27.21702
21.6715,20.557533
13.1341,12.520121
5.0557,5.931897
4.0,3.61312
4.0,3.0981846
4.0,2.9766998
4.0,3.054038
4.0,2.9475307
4.0,3.1955776
1.0472978658695915,2.5915174
4.0,1.7932024
4.0,3.0232353
4.0,2.8710403
4.0,3.473898
4.504900000000001,5.3551006
11.4358,6.315558
21.43205057689996,20.978767
31.54,30.395535
35.89588624404728,38.49337
39.015,43.526577
42.75630180935689,43.64215
39.710586391425615,42.873787
36.13,37.464085
31.9531,30.057377
22.1764,21.253733
11.9866,12.319459
5.220307141372874,4.6762066
4.0,2.9641504
4.0,3.1464128
4.0,3.559124
4.0,3.4766436
4.0,3.5266342
4.0,3.317071
4.0,2.9491072
4.0,2.509325
4.0,2.8675585
4.0,3.0679283
4.0,3.2710018
4.504900000000001,4.9581213
10.7473,8.683143
20.524,19.348003
31.1269,31.373974
39.6643,38.35357
44.2543,43.061916
44.0707,44.91184
44.1166,43.47656
38.5168,39.98083
30.576100000000004,31.12928
21.442,20.520414
12.5374,10.509902
5.1934000000000005,5.0660067
4.0,3.0295172
4.0,3.0965872
1.9826123224089098,2.9903584
4.0,2.0261908
4.0,3.0297422
0.0,3.2630692
0.0,2.433793
0.0,2.935029
0.0,2.9989948
4.0,1.5514212
0.0,4.130294
4.550800000000001,4.7734995
10.885,9.566927
19.96333981334777,19.4081
30.8515,29.2978
37.1857,38.18693
43.3363,41.60243
40.79971868157827,42.13895
37.01330886239597,38.519417
33.16903260213471,31.863823
21.68151526369207,24.628778
17.586399999999998,14.577196
10.426,9.026541
1.236672837922999,4.718857
3.837295266445926,3.0211134
4.0,3.160594
4.0,3.319169
4.0,3.3957682
4.0,3.3912773
4.0,3.4317646
4.0,3.9544497
4.0,3.808895
4.0,3.9963303
4.0,4.6532707
4.0,3.8725834
4.275399999999999,4.125025
7.3048,6.8808537
10.9768,13.340272
25.8025,20.222174
33.9727,31.6025
42.4642,36.690308
43.72564684027943,40.176014
39.83227231688956,38.73777
38.8381,33.359734
23.5075,27.843033
14.1439,17.292173
8.066176014493925,9.378648
5.0098,3.8706121
1.5168304734504883,2.885398
3.111079661954223,2.538433
4.0,2.7855158
3.2433438581961465,3.0869856
4.0,2.7796268
4.0,2.855011
4.0,3.110732
4.0,3.4511433
4.0,3.594839
4.0,3.4975367
4.0,3.7584162
4.459,3.8797922
6.4719,8.16541
13.5931,16.636238
18.5962,19.49998
26.3533,26.867767
34.89552105627943,30.503944
36.25641162141293,34.13672
28.91976989245949,33.488815
24.464517410346232,27.423422
24.44203959558712,19.630705
17.6323,16.508907
8.131,9.921392
0.7830698924594941,4.308222
0.5793261331424961,2.050147
2.911144582150502,1.36127
3.0230758143310155,2.2992144
4.0,2.4761686
4.0,2.6398354
3.1553910883993854,2.766943
0.9250494142757493,2.2797165
2.2738856240471126,1.2728338
2.914853489006605,1.7463055
1.8073709366978044,3.0641747
0.5711846554680307,3.2020807
2.4653966441728326,1.4137869
4.66722328937602,6.6941404
9.13527848225302,10.6920595
24.55284825362576,18.432861
37.96269517621121,29.163149
42.44305486926993,35.790157
42.96686214309519,40.376396
40.904592706999374,39.06242
39.9856,34.609425
29.933500000000002,29.669582
21.6256,20.516294
12.9046,11.733845
5.0557,4.966056
4.0,3.0237322
4.0,3.0351906
4.0,2.921898
4.0,2.8684788
4.0,2.812088
4.0,3.053671
4.0,3.4051094
4.0,3.0747662
4.0,3.1858416
4.0,3.8587236
4.0,3.8964252
4.550800000000001,4.0331793
10.9309,8.962242
20.43971033215497,19.046436
29.67825095239582,27.50747
38.44712345951522,35.28125
44.314625093075875,40.521694
43.92882718759909,42.2303
39.1986,40.27484
36.984560073084005,33.500916
28.9696,29.136568
21.3043,19.827745
12.6751,12.632708
5.0557,4.6359024
4.0,3.8056192
4.0,3.9491587
4.0,3.9884777
4.0,3.7778788
4.0,3.8317251
4.0,3.0720654
3.3333747428293545,2.8550005
1.70040060215325,2.5216503
2.2898723024686127,2.055417
3.989794967592447,2.3805676
4.0,3.0666475
4.1836,4.4323378
4.568518614534561,9.229578
5.79710288339306,12.293513
11.764831427208302,16.018463
25.573,22.613895
37.00809284756441,29.055748
45.5854,37.252373
43.03589603574958,39.37455
34.84401054328772,37.191147
30.3925,29.73767
19.9732,21.209236
11.7112,11.360319
4.093714580311239,4.543976
4.0,2.873331
4.0,3.0373049
4.0,3.288312
4.0,3.2333574
4.0,3.3404875
3.995277005630161,3.3690777
2.513912540877781,3.0630808
2.061669151830511,2.8492556
4.0,1.9065104
2.8421981344460043,2.499422
4.0,2.4626179
4.550800000000001,3.7107992
11.4358,8.343833
21.8551,18.517048
28.945613565216323,27.692184
36.13487568071363,33.991005
39.74239511591964,39.082714
39.57501576987557,41.578987
37.35391556702062,41.486164
37.6447,37.48864
27.9139,22.944517
23.0026,20.966286
12.1243,12.920273
4.918000000000001,5.633089
4.0,3.4895048
4.0,3.6021833
4.0,3.7269049
4.0,3.841879
4.0,3.5918093
4.0,3.7500038
4.0,3.2980442
4.0,3.727808
4.0,3.0616837
4.0,3.2099066
3.1757145803112383,2.7803164
3.3765805425486146,3.0317898
10.691194967592448,9.180492
20.854192141504,20.832527
31.55025706032908,30.645351
38.38106574807117,36.83779
40.63184789731473,41.477455
41.4477,42.087822
38.9691,39.604183
40.9495,37.50895
23.278,25.504215
20.7535,16.776186
11.7571,12.504882
3.182685376396625,4.609456
1.3324195311782354,3.4174805
4.0,2.5609713
4.0,3.6565742
4.0,3.8308573
4.0,3.6529522
4.0,3.4841852
0.0,3.7918358
4.0,2.9404135
4.0,2.8333807
4.0,3.8924904
4.0,2.5965643
4.504900000000001,2.9468546
10.4719,10.091749
18.688,17.132866
23.9206,29.255003
24.4714,34.071053
23.67739511591964,35.199703
23.15332999163424,33.520164
16.491362727257343,29.701447
23.08111040970859,21.464703
28.694199999999995,18.667797
18.688,19.340755
8.233039184144015,9.318081
4.6426,4.024312
4.0,2.9553223
4.0,2.944521
4.0,3.061348
4.0,3.289938
4.0,3.0304432
4.0,2.654191
4.0,2.272046
4.0,2.656598
4.0,3.7914143
0.0,2.6335993
4.0,2.1872892
4.2295,3.8352003
5.8819,6.396677
10.5178,11.490708
18.8257,17.796757
24.7468,25.246166
38.884,29.121914
27.5467,34.82248
26.8582,29.16472
28.635789303288497,24.803003
27.18238157752884,22.247646
22.105495266445924,17.040924
11.2981,10.761099
0.6445720417824781,3.8827791
4.0,2.3033934
4.0,2.931181
4.0,3.01793
4.0,3.0630178
4.0,3.2407446
4.0,3.226695
4.0,3.3091679
4.0,3.4882536
4.0,3.0828037
4.0,3.3097763
4.0,4.0978117
4.321299999999999,4.4589653
6.9376,7.731713
6.7081,13.411128
15.655950826190397,14.823172
20.60891741034623,21.92017
13.43952443036915,27.078632
21.54311169313501,22.905306
34.21613957521472,23.80968
28.381213097036408,29.509403
21.0681,24.72573
17.019590523550953,15.447472
11.1145,10.162777
4.6884999999999994,5.0441513
4.0,3.609704
4.0,3.6874905
4.0,3.2540598
4.0,3.4701338
4.0,3.2629633
4.0,3.328885
0.0,3.4632025
0.0,2.5635567
4.0,2.8210936
4.0,3.4272175
4.0,4.0487785
0.5048999999999992,5.611265
6.012900000000001,9.429571
17.3569,16.121021
24.2419,24.342075
32.3203,31.462723
37.8283,36.90956
38.5627,35.881702
42.556,33.588757
38.3332,31.5733
28.917184610137305,27.151817
15.421553404346003,19.886454
9.2785,9.662737
3.03648338917089,4.193307
0.23987085745386771,3.3242292
1.2122312664382289,1.9672489
4.0,2.7177124
4.0,3.6267042
4.0,3.4039717
4.0,3.7625027
4.0,2.6347294
4.0,2.9008617
4.0,3.2957277
4.0,3.317543
4.0,3.7201004
0.2753999999999994,4.9058676
7.4425,9.311207
15.0619,11.968839
21.5338,22.02398
27.5926,27.901842
29.1532,31.768398
30.5694,32.063587
33.1924,30.18753
30.1171,26.21711
26.032,21.996647
15.5209,17.612883
9.049,8.810573
4.6426,4.1525745
3.7711927689848963,2.9719038
3.8657400786958807,2.5934124
4.0,2.7170572
4.0,2.9795446
4.0,3.324706
4.0,3.21733
4.0,3.478735
3.111079661954223,3.5936098
4.0,3.0199947
4.0,3.484046
4.0,3.4397345
4.3672,3.9720411
8.8195,8.5483265
15.1078,17.327156
26.9041,24.385277
35.6251,32.88243
41.1331,39.721977
45.8149,41.812656
43.7953,40.060078
38.9758,35.901558
28.694199999999995,28.441036
17.202035835633126,19.444134
7.22231169313501,10.368859
4.4131,3.0566149
4.0,2.9693956
0.0,2.5086317
0.0,1.0788612
0.0,-0.1697197
0.0,-0.29883766
4.0,0.8370352
0.0,2.5410948
0.0,1.824461
0.0,1.6353416
0.0,1.8996687
0.0,1.2070217
4.550800000000001,1.9548149
10.1965,9.058861
20.1568,19.383766
30.4384,29.943829
40.1692,37.972176
44.7133,42.25541
45.0805,42.09485
44.851,40.084465
39.6643,36.24044
29.483278827587668,28.57311
19.8814,20.800722
5.5998,9.091461
4.550800000000001,2.550622
4.0,2.555787
4.0,3.676629
4.0,2.76291
4.0,3.1417007
4.0,3.6117687
4.0,3.5292025
4.0,3.5198765
4.0,3.6399384
4.0,3.644146
4.0,3.368925
4.0,3.604766
0.45899999999999963,5.283736
9.7834,10.480818
18.0454,18.492767
25.573,28.08598
37.048,33.71698
45.31,40.535492
46.9165,41.504173
39.3363,39.018135
35.1594,32.459103
29.3368,26.12027
19.9732,18.517735
10.3801,10.6118145
4.5967,3.4873085
4.0,3.5557413
4.0,3.0543041
4.0,3.1782646
4.0,3.4664497
4.0,3.3718262
4.0,3.5915823
4.0,3.604618
4.0,3.4175987
4.0,3.6686192
4.0,4.0728455
4.0,3.9953346
0.45899999999999963,4.2299633
10.1965,9.312172
19.1929,18.904518
31.9531,28.752485
40.1233,37.16031
41.31,42.876366
39.8412,37.256046
43.3363,39.68445
35.4807,35.54564
25.2517,28.606133
16.4389,17.979708
4.166881541099345,7.594198
0.5048999999999992,3.7437
0.0,0.73183537
4.0,1.78234
4.0,2.374588
4.0,2.8079166
4.0,2.709858
0.0,2.858899
4.0,1.8740339
4.0,3.2903566
4.0,3.695136
4.0,3.656869
4.0,3.3566465
4.459,3.5442448
9.8293,8.3148775
20.065,14.661355
31.6777,29.43624
40.0774,36.819504
44.9887,43.42494
42.097,40.667786
39.6184,37.26488
31.371718244488562,32.206738
29.4745,23.75776
19.9273,20.01371
10.1047,10.594638
4.504900000000001,3.9578981
4.0,2.4764204
4.0,1.9540606
4.0,3.5775728
4.0,3.7235785
4.0,3.378643
4.0,3.3796434
4.0,2.8668413
2.1674979458604167,3.1104774
2.0671966511848137,2.1299543
2.6135224140339908,2.1428213
4.0,2.8894548
0.22949999999999982,5.312481
2.9375999999999998,9.7428
11.5735,11.341445
17.1274,17.172775
26.2615,21.520803
35.5792,28.704807
37.4611,35.227055
33.6973,34.19521
25.7107,28.603271
19.8355,22.920572
13.5472,16.538635
8.5441,8.647011
2.8501825508987206,4.2797794
4.0,2.6454144
4.0,2.925128
1.8659162770036541,2.9891062
4.0,2.4226046
3.0606910450719997,2.8075476
3.7027946165080188,2.9485207
4.0,2.7435389
4.0,2.7767525
4.0,3.5378609
0.0,3.2220478
0.0,2.86372
4.321299999999999,3.8360395
6.249099999999999,10.473117
12.0784,14.487572
18.7798,19.516167
22.7731,25.600483
28.2352,28.606476
23.2321,28.033352
28.602400000000003,23.707184
23.14874174141734,22.409105
14.857481687676996,17.907633
7.531136810979395,11.313013
4.619897439741978,6.853565
2.257175742431574,3.5897636
2.533969069198866,3.0981464
1.0118862440472807,3.0396147
1.041073479515008,2.5202112
4.0,2.1564207
4.0,3.378027
4.0,3.2556553
2.766495281059301,3.2279634
1.3758633967832967,2.2608356
0.27098565079365144,1.7492027
1.2751883919945666,1.383112
4.0,2.4337997
4.1836,4.177397
2.386799999999999,7.5990925
9.2785,12.599656
14.4652,17.889328
19.3765,20.989037
24.655,23.996235
24.9304,24.887554
19.3765,23.740555
17.0815,20.448332
14.07743456001747,16.253042
8.676417962056906,10.941663
3.115926780382642,5.183443
2.430166008175906,3.4085283
4.0,2.5567608
3.2369432737603514,2.8019361
3.637464004664528,2.5231752
4.0,2.3072205
4.0,2.781022
4.0,3.2587051
0.0,2.6665983
4.0,2.1928005
4.0,3.005498
4.0,3.026908
4.0,2.534975
4.275399999999999,3.8597574
8.3605,7.731989
14.6029,12.912053
25.0681,19.091724
32.3203,29.152695
38.425,35.285168
29.3368,37.564754
27.7303,30.655807
22.45380310857465,25.791294
21.11185598788439,19.839823
14.175651653094686,15.4212055
6.650329693424718,6.9579754
0.43549745820726216,1.6378031
4.0,1.0328884
4.0,3.081664
0.7790781421288173,3.1547632
4.0,1.9444208
4.0,2.4948301
4.0,2.9452047
3.094674251819219,3.0592585
1.864846222222221,2.4951515
1.135654886265641,1.6128502
3.4333352899456724,1.2401848
4.0,1.8733358
4.3672,4.1292334
7.9933,4.896118
12.4414926340692,11.732228
21.69538188358944,19.502205
27.26578592066941,29.80157
24.236517962056904,34.4536
35.56859272986608,32.25937
29.41078810143187,33.258076
28.466419978542007,28.175781
29.520400000000002,23.948599
19.2388,17.891388
9.6457,10.489445
4.4131,4.097537
4.0,2.8865128
4.0,3.052206
4.0,3.6178474
4.0,3.294177
4.0,3.193737
4.0,3.1093712
0.0,3.5333729
4.0,2.340334
4.0,3.3581133
4.0,3.4636564
0.0,3.2139006
0.09179999999999922,2.7229996
1.6524,3.859192
6.5637,5.1529913
14.5962,13.312065
25.1599,23.516079
39.343,30.404789
38.9299,38.624813
43.749399999999994,37.54273
39.1594,35.516243
30.897400000000005,28.668734
21.2125,19.84263
7.9542531215986525,10.835279
0.7537560705602342,4.1690493
3.2741200397620496,2.5011015
4.0,3.4225826
3.9460241338378683,3.6764565
4.0,3.2804327
3.93101505681571,3.2572012
4.0,3.1961546
4.0,3.0603247
4.0,3.5598927
0.0,3.3498306
4.0,2.6659937
0.0,3.4328022
4.550800000000001,4.2374907
11.5735,9.853563
21.9469,21.472233
32.2744,30.705982
40.0774,37.32165
44.392692768984894,41.44392
42.10947876877966,43.017197
34.84156762657817,39.57241
32.14384584664965,35.350403
24.3796,30.489616
16.01382678038264,18.051872
8.644023310268448,10.241319
4.321299999999999,4.206132
4.0,3.121376
4.0,3.6220255
4.0,3.2361498
4.0,3.4179792
4.0,2.9566908
4.0,3.5108938
4.0,3.2800083
4.0,3.469036
4.0,3.5337133
4.0,4.491187
4.0,4.280073
4.550800000000001,6.586162
11.5276,9.359543
21.77670383726136,20.543142
29.188328821965612,31.150597
36.20398810143187,36.85412
41.19016285329153,39.83578
41.23753433095961,41.601795
41.83402182312683,39.76397
30.903793650793652,27.007439
22.980598675185977,21.790028
13.055445223540591,15.016399
6.310790193137216,7.569259
2.0759725348143405,3.0182772
1.3324197803211,2.5089073
1.1374815410993442,2.77954
0.08299041176491606,3.0224237
0.1627303656319654,2.0216513
2.0671959906134045,1.742835
0.08299047827919814,2.814725
3.873880411305409,1.819025
0.27337475869302885,3.4166107
1.1374815410993442,2.2293959
1.589451086665747,2.7382984
1.2951288177883828,2.7260208
3.260352864509125,3.4675207
10.114909827210331,7.1353135
21.6715,16.741993
25.39191576987557,26.96307
34.84351663021608,32.275074
38.27262254626596,36.502983
39.9789,37.37517
39.077058140215854,36.745644
32.034368482105194,34.589214
23.8109430310278,19.903208
20.14685057689996,16.820375
8.171896651184815,9.542656
3.539250563473436,3.660472
4.0,2.9139738
2.6314417414173388,2.7504883
2.6374243193615943,2.5930252
2.4248795842797275,2.6300478
1.2998905716294828,2.6187801
0.396471192290651,2.0422049
0.5418723168895614,1.4636068
0.5682325583037091,1.4096537
0.7532370042897494,1.3973694
1.0993189819429965,1.4407349
4.0,1.5237751
4.504900000000001,3.3633518
8.690717539649976,8.053642
17.51717119229065,18.498835
27.65198313232252,27.976274
31.650110953384548,33.97187
41.86625355832081,37.60396
42.50590893944235,41.130604
37.74837610978396,38.404865
30.3925,34.649208
28.1434,25.895388
19.298209381615937,17.624655
10.1047,9.685738
2.372524825356937,4.2996635
1.2951288177883828,3.1337204
2.137246527789877,2.7547464
2.257936538037608,2.6925192
1.672438975346104,2.9098015
3.844061991678009,2.7683105
2.685439595587125,3.19835
3.0908921415040016,2.653534
2.120498937056677,2.4582148
1.7139175396499748,2.022585
4.0,1.8890123
2.2374840568420815,2.8517323
4.4736372591742,3.0847788
11.0686,8.668745
21.9928,20.34805
27.80795541816025,29.533737
35.41729724797895,36.466293
40.88785033326147,39.650093
43.533305830003876,41.324894
32.820196651184816,40.836105
25.87474790766592,33.20087
23.5701082455754,24.871311
19.3765,17.721254
9.7375,8.930405
4.2295,4.4322968
2.208047110536169,3.738779
4.0,2.9717875
2.7288951709034173,3.4394999
3.5237287345232176,3.254959
4.0,2.778925
2.2227499223307206,3.0584507
4.0,2.8464289
4.0,3.0407305
4.0,3.160634
4.0,2.7592335
4.0,3.1381092
2.2232389753461046,3.0818577
8.159043031027794,6.78019
17.975789356545643,16.4361
27.44524729019104,27.068108
32.70983618947873,33.806816
40.40801169313501,38.80968
40.9622445821505,40.506298
42.5101,40.170906
33.5137,34.947327
29.4286,25.531366
20.524,17.97628
9.9211,9.080402
4.2295,3.775959
4.0,3.046321
4.0,2.9527254
2.8655298664812605,2.8790436
1.306566792724686,2.3394737
4.0,1.9142876
4.0,2.868371
4.0,2.9847631
4.0,2.8490667
2.0671966511848137,2.6220703
4.0,1.4352074
4.0,2.9271374
4.049699465670008,3.0613327
7.8743306224914384,5.605959
17.627796794488646,15.984899
27.712488101431862,25.229496
33.57813935617842,33.45504
39.23507872558216,35.452263
41.3167,40.512764
39.3889,40.858997
30.0253,31.876366
25.5271,25.132284
18.8257,17.183477
9.5998,9.183277
4.2295,3.562069
4.0,2.8230581
2.8716805425486136,2.4877234
1.2019919088724365,1.827631
1.2094365376715963,1.1863289
0.5425993687595749,1.1434975
0.3374415362933849,0.7575617
0.08983831673653597,0.61085606
0.028626702239842317,0.27617455
0.2763691121945424,0.27782154
0.9560297838259135,0.62137985
1.9207383087200185,1.2809811
3.6159796619542224,2.2256317
8.987047270776687,6.786004
19.06465358630526,15.393229
28.93070288339306,25.94616
36.5431,33.946854
40.80372413383787,37.980648
42.4642,40.415585
41.7298,40.61016
35.854600000000005,37.24465
28.9696,27.621168
19.2847,17.994358
8.8195,8.952056
4.2295,3.9782677
3.552711285768776,2.5985842
2.2636289376342518,2.1394653
1.1530454624897075,1.857543
1.2412353818974946,1.4777937
1.617984639690114,1.5035172
2.276167801047407,1.6850386
2.0484234595152166,2.0181332
2.0176251312083,1.9783325
2.831167509019563,1.9782839
0.0,2.1542482
0.5252281103275003,0.046503067
1.610550826190396,1.5521603
7.183257033748805,6.132713
17.414937004289747,18.527044
24.6024,28.662998
33.825019125002726,34.230217
39.72117971538263,40.192356
39.32331339300261,41.98378
38.1037,40.276253
32.1826,24.379784
28.8778,23.970041
19.147,19.38684
9.0949,9.614488
4.1836,4.2796316
4.0,3.1732416
4.0,3.2355947
4.0,2.8983755
4.0,2.8041534
3.7550624230034924,2.3511562
0.8381930378643094,1.7127581
1.526851305477166,0.92853546
1.0277742824696947,0.8578129
4.0,1.7884598
4.0,1.6169491
3.543481951985621,2.2215996
4.504900000000001,3.0234594
10.7473,6.195587
19.165310953384548,17.02007
27.54883653803761,25.208546
37.13456517007786,31.81134
42.2347,39.262245
41.4085,40.30681
41.4544,38.969296
37.1857,36.837574
30.254800000000003,28.95076
19.6519,19.117676
9.5539,9.505396
4.1836,3.966117
4.0,2.597808
3.2638505634734365,2.7752113
3.692101738637094,2.5804043
0.37867599705066723,2.274353
0.7782666275060777,1.281291
2.383071829638096,1.4632025
4.0,1.7502127
2.574239887397649,3.0049067
4.0,1.735548
4.0,2.5966454
4.0,2.7947712
4.321299999999999,2.3287935
3.0327951762112146,2.690753
6.650222764387703,4.6752205
12.548357669201938,7.8625903
15.463973752796344,18.485683
25.114,25.030563
16.739210148430303,26.973894
26.3992,25.227417
24.655,25.632292
13.9077,18.576588
11.6653,11.076312
6.6622,5.5079145
4.137700000000001,3.7223616
4.0,3.287757
4.0,3.300126
4.0,2.7953844
3.837295266445926,2.7180424
4.0,2.4415216
4.0,2.3301754
4.0,2.7368631
4.0,3.1560917
4.0,2.509654
1.041073479515008,2.1662092
4.0,1.9616785
1.2076479060664624,3.8162823
10.2424,3.1355982
17.4946,12.76302
26.1697,18.202076
33.5596,25.990997
39.7561,30.436874
36.9103,34.32875
25.11648195198562,29.567623
30.163000000000004,22.999369
17.1274,23.474005
15.5209,12.158791
6.216538975346104,8.128347
4.091800000000001,2.9992123
2.9781374994964445,2.5843477
1.0911950513299011,2.1692152
3.88610051566336,1.604804
4.0,2.3840885
3.799476780558786,2.6336365
0.1038429934437648,2.3755817
3.638792847564412,0.6807165
0.9508439953595449,2.4099522
1.4226905314578833,0.8804722
4.0,0.7883673
4.0,1.8830967
4.091800000000001,3.822215
6.5245,3.8456345
10.8391,5.421669
20.065,13.652095
32.3203,22.85889
28.3729,29.69442
29.4286,27.710249
32.825199999999995,28.232067
22.5895,25.098427
22.2223,19.912209
9.6916,11.607163
7.9015,6.0675025
4.091800000000001,3.1917152
4.0,2.8497953
4.0,2.4256134
4.0,2.1677876
0.7532370042897494,2.4499674
0.8893112210181275,1.4236937
0.8842414708822091,1.3757668
1.7347787255821512,1.3532333
2.1004589192995837,1.6356983
0.6403311924818897,1.4284782
0.2969633717922573,0.36314392
0.1528540767699944,-0.002538681
2.4116116454868255,-0.23043919
2.2282302197160693,3.477024
4.498199999999999,2.5939455
11.584774282469697,8.244391
16.53614147088221,16.117035
22.3474273042304,23.318756
12.89793616159993,25.477139
10.907154659546643,19.239109
9.539547457316235,12.995234
5.9681784822530215,7.595049
6.0598289000929615,5.7751756
4.0759951578638205,3.4471836
3.498241900966997,2.9057274
1.463083373698046,2.8655825
1.4551734095461928,2.0269566
1.0375217291101464,1.8358164
1.0277742824696947,1.6833448
4.0,2.9345722
0.179692807580361,2.5917654
0.06829745820726174,1.0921717
0.4966525957485892,0.42895222
0.7945479060664624,1.2227411
1.7462873102544627,1.3516855
0.3476236339435328,1.7109699
0.2753999999999994,1.6036491
5.435556070560233,2.9083881
12.07915946768026,9.993431
12.400049414275747,10.79804
26.870475123270467,18.20223
22.07376935940222,24.94477
33.00970358412039,23.411932
31.908919415113495,23.816465
26.10854364182912,21.717804
20.0308160520694,16.717224
13.033432270656371,10.343189
7.9015,5.2602835
1.9278361615999309,2.4853506
4.0,1.6861448
4.0,2.5618296
4.0,2.8931599
4.0,2.9350214
4.0,2.7132406
4.0,3.0577707
4.0,3.230052
4.0,3.2213135
4.0,3.153717
1.7546725348143415,2.69812
4.0,1.2001429
0.6160560705602336,2.2734127
1.938410225094497,1.8867893
7.703630783535271,3.8206482
13.5931,13.170026
20.3404,19.37629
16.46875291772708,20.572002
27.439035289945675,20.238295
34.753,23.587215
29.8876,24.54301
23.3239,20.666492
16.393,15.55354
8.6359,9.19966
4.091800000000001,3.6525555
4.0,2.8746643
4.0,3.098796
4.0,3.0953684
4.0,3.0709
4.0,3.08399
4.0,3.3535366
4.0,3.3922653
4.0,2.9335852
4.0,2.9480534
4.0,1.7121382
4.0,2.4199305
4.2295,3.5436316
6.570399999999999,4.7778463
4.452299999999999,6.7473106
11.0227,9.139732
15.1537,14.394291
17.1274,20.128128
21.6715,15.955847
16.9438,21.44345
14.7406,16.5927
13.5013,11.800919
11.0686,11.2245865
6.4327000000000005,7.341904
4.091800000000001,4.25566
4.0,3.1916494
4.0,3.3491268
4.0,3.4581337
0.0,3.0230885
0.0,2.2176228
0.0,1.7208929
0.0,1.7973394
0.0,2.2082624
0.0,0.93921757
0.0,2.1790714
4.0,1.5688639
4.2295,3.0989237
7.672000000000001,4.2823143
8.3146,5.502246
21.8092,13.573937
25.4812,19.20045
36.4972,24.74161
32.3203,32.5755
36.4513,28.151602
27.868,27.004635
23.278,20.429441
14.5111,11.845907
8.131,8.306126
4.091800000000001,3.3078613
4.0,2.8544073
4.0,2.9354153
4.0,3.1899738
4.0,3.1373243
4.0,3.3943224
4.0,3.1336498
4.0,3.461009
4.0,3.5061607
4.0,3.9067554
2.584934224295221,3.8053198
4.0,1.6740465
3.432379661954222,2.3858166
2.8609540767699944,3.8554325
4.681800000000001,7.847739
7.344,10.386744
15.850190571629485,14.408307
22.13963095201555,21.367281
28.18241741034623,27.694988
29.80151846136777,17.903019
30.7032824906984,30.745152
22.29209867518598,25.858215
13.676062932702752,17.06273
3.6699746621216125,6.847931
0.3184865116991453,2.4013863
0.220450333261466,2.0126286
0.5209116931350106,2.0039148
1.0975119389549448,2.1876917
1.2150286729571,2.4047947
2.5422435689872227,2.3711681
0.0,2.9098911
1.051750861964818,1.8030033
2.7579905191242347,2.3451157
4.0,2.7681437
4.0,3.494627
4.0,2.8875313
4.137700000000001,4.4322186
6.065499999999999,6.0831637
12.6751,9.329852
10.9309,13.272383
10.909303390464396,16.821886
11.119308734778675,19.77351
7.830282424102115,18.046099
6.279924434749402,15.127738
7.9115242615281405,12.558179
11.830777650793651,11.477682
6.658269892459493,10.747613
2.5046785112962375,5.3607883
1.255336537671596,1.5408459
0.0,1.9393063
0.0,0.8577204
0.06007562122891308,0.8026571
0.0,1.1089125
0.20422745454143332,1.178175
0.8850858384468374,1.5411873
0.7252819991673025,1.6296072
1.667277058604407,1.5246916
4.0,1.7281752
4.0,3.0029945
4.0,4.0829725
2.073835535623079,3.2727518
9.1867,5.0042753
12.658736283990072,13.745411
20.710050764930724,21.1901
18.21529511591964,24.84045
27.9139,24.042568
26.450431889472814,15.500907
23.572337814473126,15.857958
31.54,16.84646
21.79889813444601,18.921762
13.04393553562308,14.427564
4.495572837922998,6.968665
4.0459,2.2531023
4.0,2.7391148
4.0,2.5410595
1.617984639690114,2.3803768
3.4699241304781907,1.5070734
4.0,2.2833958
4.0,2.634859
4.0,2.8666391
4.0,2.70638
4.0,2.5656128
4.0,3.1100636
4.0,3.6083918
4.4131,3.3351393
10.426,6.819097
18.229,16.243141
21.7633,21.905027
18.273407300730018,24.309341
35.54911101589254,26.910662
39.25245229048631,32.498104
38.2873,32.903454
28.0516,29.660393
20.0191,22.635971
14.1439,13.669518
3.089938347693474,5.647153
0.49989781549376033,1.921093
2.885226575760905,1.5763464
4.0,2.0505257
4.0,2.9624043
4.0,2.9858265
4.0,2.9379072
4.0,2.986227
4.0,3.2763834
4.0,3.223009
4.0,3.391758
4.0,3.798871
4.0,3.8160992
4.091800000000001,3.7419882
0.9179999999999993,4.6296883
2.2032000000000007,6.0780883
7.258900000000001,8.133287
9.5998,10.326964
11.8489,13.117367
6.8391,14.966243
5.645699999999999,10.680631
7.2063,9.405863
7.4817,8.895042
1.6982999999999997,7.3847127
0.3213000000000008,4.0478487
0.0,2.2968235
0.0,1.2787256
0.0,0.26661777
0.0,0.30115128
0.0,-0.13273525
0.0,-0.4673376
0.0,1.2787075
0.0,0.5981884
0.0,-0.31783962
4.0,2.3972006
4.0,2.3674726
4.0,2.1980028
0.0,1.8159142
0.2753999999999994,0.9670019
0.9179999999999993,0.7652569
1.3770000000000007,2.742548
3.0294000000000008,2.4599638
5.3703,3.5210686
1.3770000000000007,2.4338522
3.3048,2.2657824
4.131,2.8230171
4.8195,1.7442312
3.5801999999999996,1.8738728
5.9277999999999995,1.2746143
0.0,1.86837
4.0,0.4138155
4.0,0.9843254
4.0,1.9952602
4.0,1.3105116
0.0,1.273365
0.0,0.076081276
0.0,0.6930933
4.0,0.82802105
4.0,1.0868835
4.0,1.2488556
4.0,2.266858
0.4131,1.325491
6.5637,1.7570381
20.2945,9.669406
29.4286,25.790558
38.1955,34.254944
42.831399999999995,34.955452
43.2445,32.247158
40.5823,30.509624
30.254800000000003,26.057816
25.7566,20.07842
17.999499999999998,15.136597
8.268699999999999,7.464736
0.04589999999999961,3.2799892
0.0,1.2896538
4.0,0.58417606
0.0,2.7717056
0.0,1.636878
0.0,1.3230696
4.0,1.9686937
4.0,2.8115473
4.0,3.5385075
4.0,3.4574814
4.0,3.603837
4.0,4.1016693
4.4131,4.019805
10.3801,9.207226
20.77631505681571,20.38035
29.246635010483658,29.60664
36.77665122599224,36.158108
42.35889718657221,40.714893
43.88709999999999,42.85085
40.3528,42.797165
31.907592827936583,38.18316
25.146397186572216,28.465357
16.7143,18.760307
8.2228,8.982685
4.0459,3.7212124
4.0,2.2005472
4.0,3.5725698
4.0,3.7612104
4.0,3.6841002
4.0,3.797369
4.0,3.6757336
4.0,3.5958252
4.0,3.6477785
4.0,3.8708477
4.0,3.3261843
4.0,3.4112768
4.4131,3.6393776
10.9309,8.081785
18.122792644080864,19.540283
28.853508852396214,29.037857
35.955351069765314,36.196136
43.07032983201185,41.20611
44.4379,43.10064
41.28661101589255,42.42644
33.612265771363184,38.400665
25.21155125732016,29.501564
18.05241764467816,18.52953
8.6359,8.8787155
4.0459,4.577958
4.0,2.9005404
4.0,3.8710032
4.0,3.711071
4.0,3.6552582
4.0,3.545436
4.0,3.0952663
3.3553614671012166,2.8934746
2.0484234595152166,2.5914068
2.373812670488368,2.0425282
3.0493902222222236,2.0268812
4.0,2.3657856
4.321299999999999,3.610361
10.0588,6.661144
19.00204620862237,16.985836
30.401928884583427,27.348312
36.75802784917892,35.4181
37.08207230246862,39.88804
37.353377759164864,39.979378
33.71259670983954,37.92626
32.04043298100811,32.933193
26.4868926340692,26.230206
18.2749,16.143745
8.3605,8.242242
4.0459,4.227994
4.0,3.53934
4.0,3.4969711
4.0,3.5378036
4.0,3.3260136
4.0,3.4506865
4.0,2.8940296
3.4124860497405862,2.782237
4.0,2.545577
4.0,3.4421186
3.93101505681571,2.4928608
4.0,2.260293
4.321299999999999,4.508338
9.5998,6.6393237
17.808420185886533,15.26391
28.2811,24.794926
34.61778195198562,33.80054
42.2347,38.063885
31.925491408062044,40.23544
36.93742182250582,29.11277
31.435985206052457,32.465816
26.1697,26.334633
10.4193,18.38299
5.936717539649975,4.8023615
3.279005830003877,3.4763155
1.9358757424315751,2.9835339
2.061669151830511,2.6425724
0.7252819991673025,2.2954426
0.5209116931350106,1.7609158
3.2818293057993895,1.6681232
4.0,2.437934
4.0,3.1023817
4.0,3.6851091
4.0,3.62047
4.0,3.697754
4.0,4.018347
4.275399999999999,4.208601
8.3146,7.6369963
11.3373,14.033856
14.3275,11.226232
26.894387139679985,12.493268
29.81375070028379,32.266888
40.7828902630784,36.3741
37.2998487777615,35.075966
30.92598244127015,32.816315
21.84083078353527,25.204632
13.178993519037864,14.536607
8.3146,6.672487
2.0635251312083014,3.2700567
1.7557210562794303,2.7727242
0.8117548692699295,1.9933338
0.7444161432499321,1.6994057
2.518627304230396,1.5882378
4.0,2.217063
4.0,3.261467
3.4961364277864053,2.837573
4.0,3.2502394
4.0,3.323782
4.0,3.7243881
4.0,3.183302
4.275399999999999,5.1804743
7.8556,7.4131284
10.658935243452214,13.105075
13.28988562404711,18.936108
20.8912,20.753553
28.5106,27.521896
35.441500000000005,32.696205
37.966,34.966225
33.77182873452322,32.021935
24.60127044178035,26.141655
16.550304865955642,16.292126
7.5343,7.038603
4.0459,3.3935146
4.0,2.9655972
4.0,2.7488155
4.0,2.7398586
4.0,2.7826166
3.70279365079365,2.71912
2.4400352857576504,3.2315273
1.149377120074103,2.7069988
0.0,2.1081057
4.0,1.5510387
1.36713925030333,3.3553925
0.0,2.1020193
0.31465270026404113,1.4006357
8.009721414868608,4.802006
16.356690367140175,17.248838
24.33242583027766,27.054972
31.918548172474118,32.90868
38.51155365193762,37.82584
35.7561,39.807594
35.94043389032202,37.217487
29.733572537338134,35.85116
25.04678533823776,28.682018
13.817157890341536,19.461647
3.855600000000001,7.4186606
0.8209227643877028,1.681634
0.220450333261466,1.413332
4.0,1.5585632
4.0,3.759201
4.0,3.08813
4.0,2.583375
3.8413547590203727,3.4116201
4.0,2.6201353
0.6711304953678177,1.8298597
0.23125022052224153,1.2813978
0.5645492207357137,0.9485264
0.0652477920371961,1.2923603
0.2792862222222219,1.2212791
6.330903014074162,4.374777
19.02717184780676,14.119183
23.09069154971892,23.841389
29.55127930287616,28.6749
28.94223935617841,32.91717
36.43655577396651,34.497673
37.92728914061451,35.046803
32.895691045072,32.991016
22.159839250303328,27.049795
10.386865771363183,13.84774
7.7099469704348,4.116435
4.0,2.5946608
1.4779507649307249,2.762826
3.18080288339306,1.9309082
4.0,2.6662846
4.0,2.8992434
3.682754029873694,2.7967234
2.078264478490121,2.543272
3.3088576627105724,1.9863892
4.0,2.215581
3.600303837261359,2.1860704
3.3553614671012166,2.4429655
2.2374840568420815,2.349471
3.5280528293362963,2.3586035
9.15628534150218,5.1641417
16.1070824906984,15.435569
22.95008665640163,26.485401
25.70197466212161,23.040646
39.2971,31.389763
39.598643995359545,37.355865
41.2249,36.600693
33.8809,35.09477
21.274939595587124,25.945713
13.302527166389115,13.758687
8.131,5.796999
4.0459,2.9558544
4.0,2.1102676
4.0,2.4483843
3.6228505768999604,2.110155
2.477470441780353,1.849163
1.8520241029743456,1.5811815
1.7546725348143415,1.2547226
1.0911950513299011,1.1639156
0.0,0.6419859
1.058888594960008,0.4371662
2.8520141452258,0.9692831
2.584934224295221,2.1392107
1.800243531235484,2.7364159
7.217601243059684,5.544139
17.921972017782352,17.483767
29.520400000000002,25.775787
34.9366,29.663155
35.441500000000005,33.475536
39.343,39.869663
38.0578,37.65812
34.294,35.146843
26.491,27.322601
17.0815,15.488736
8.039200000000001,8.118298
4.0459,3.852273
4.0,3.4983215
4.0,3.2692146
4.0,2.888071
4.0,2.8765154
4.0,2.7886992
4.0,2.8189735
4.0,2.2363052
3.6640831121531097,1.5057821
2.8495601075860773,1.0845385
4.0,1.496335
4.0,2.2673788
4.275399999999999,4.2439127
9.6457,7.6287365
18.0454,16.540068
27.2254,26.101658
33.8809,33.570187
34.1563,37.655586
40.5364,36.8374
37.7824,36.892498
33.2842,32.142467
25.9402,24.830143
16.9897,15.514349
7.9015,8.295723
4.0,3.8811846
4.0,3.1249723
4.0,3.1229925
4.0,2.9640942
4.0,3.0229511
4.0,3.0706663
4.0,2.6833992
4.0,2.820094
4.0,2.5731688
4.0,2.7291899
4.0,2.315115
4.0,2.4725552
4.275399999999999,3.6568851
9.3703,6.5411286
19.0552,16.046143
29.1532,25.282156
32.825199999999995,33.228462
38.5627,37.629704
41.3626,37.46494
38.3332,37.66886
33.2842,32.914696
22.3141,25.58271
15.4291,15.337038
7.396599999999999,7.52566
4.0,4.3935394
4.0,2.9992695
4.0,3.2029524
4.0,3.3620424
4.0,3.4196253
4.0,3.3162966
4.0,3.2846413
4.0,3.4139252
4.0,2.969347
4.0,3.317315
4.0,3.6018085
4.0,3.8238745
4.2295,2.916829
8.8195,4.7000856
18.7798,15.0031595
27.2254,26.409096
32.6416,33.638702
37.2775,39.99694
37.8742,41.48134
35.0743,39.88063
29.1073,33.4946
26.2156,23.692274
16.6684,15.899576
7.9015,8.602027
4.0,3.3957396
4.0,2.9729757
4.0,2.863391
4.0,2.5259705
4.0,2.4170914
4.0,2.618267
4.0,2.9817867
4.0,3.0284605
4.0,3.0523043
4.0,3.011365
4.0,3.2735825
4.0,3.9036732
4.2295,4.690071
9.8752,6.338187
19.0552,16.708912
28.097499999999997,24.58379
34.3399,32.49187
38.5627,37.935608
41.5462,40.68081
38.6545,39.39887
29.8876,33.859512
24.1501,24.271215
16.347099999999998,15.110771
7.9933,7.348249
4.0,3.9083834
4.0,3.164918
4.0,3.1204176
4.0,3.303977
4.0,3.5311785
4.0,3.4903994
4.0,3.1325407
4.0,3.1862392
4.0,2.742301
4.0,2.1305952
2.468093770539337,3.676237
4.0,1.8770313
4.2295,2.9244442
9.1867,5.819837
18.939905967936067,15.658548
25.7566,25.857224
26.3074,28.769253
36.2677,35.954224
38.2873,39.2972
37.6447,39.366493
28.1434,34.946922
24.9304,23.674704
16.0258,15.405822
3.7179,7.5608263
0.0,3.3939753
0.0,3.119566
4.0,3.407114
4.0,3.2149086
4.0,3.3959684
4.0,3.4878893
4.0,3.4521456
0.0,3.3434162
0.0,3.0743437
4.0,3.1921425
4.0,3.4919424
0.0,4.190648
0.22949999999999982,4.189435
6.1965,5.599431
16.3404,14.26775
25.6122,21.271706
33.0021,32.04993
35.8938,36.15902
36.4446,39.10442
35.0217,39.18755
30.477600000000002,35.204193
22.3533,25.476803
12.4389,15.836442
7.672000000000001,6.592757
4.0,3.5579596
4.0,2.7961712
4.0,2.867878
4.0,3.5588179
4.0,3.6118727
4.0,3.383152
4.0,3.3486805
4.0,3.7174625
4.0,3.7512474
4.0,4.0515623
4.0,4.319434
0.0,4.320594
0.22949999999999982,3.506424
9.4621,6.2049365
17.448700000000002,15.149104
25.6189,23.98946
34.615300000000005,30.876762
30.5235,37.20836
37.8675,36.557606
31.8087,34.564976
17.7633,30.697262
14.2749,18.71569
7.4817,9.486376
6.249099999999999,4.4851036
4.0,3.7947216
4.0,3.3011475
4.0,3.3807917
0.0,2.954403
0.0,2.4258223
0.0,2.4514093
0.0,2.0195541
0.0,1.9487276
0.0,2.6474476
0.0,1.8351717
0.0,1.7112179
0.0,2.2786512
0.1836000000000002,2.31779
4.7277000000000005,4.34873
13.4028,9.787691
14.4585,17.911478
9.2259,22.659286
13.0815,21.529287
24.5106,19.530586
22.8582,22.775173
18.5436,19.844465
11.6127,12.972204
5.1867,7.4260707
2.0196000000000005,3.407321
0.0,0.6913614
0.0,0.8785448
0.0,1.0596056
0.0,2.3651028
0.0,2.4761171
4.0,2.7049932
0.0,3.516037
0.0,1.5137196
4.0,2.455039
4.0,3.4574833
4.0,3.4066095
0.0,2.1829338
4.0459,1.7498913
5.1934000000000005,3.9350052
8.2228,5.6583095
7.809699999999999,9.304182
8.3079,11.054071
12.4389,13.106348
13.1274,15.628004
8.9964,16.221573
8.3538,10.340598
5.2326,7.351642
3.5343,3.019762
1.1015999999999995,0.6764889
0.0,1.5650349
4.0,1.4948244
4.0,1.7887774
4.0,2.253478
4.0,2.2172976
4.0,3.1834679
4.0,3.2648048
3.9829450591618674,3.4181633
4.0,3.2086353
4.0,3.5200224
4.0,3.0893593
3.225433692449826,4.3458767
4.091800000000001,2.6591167
7.7179,5.7684045
14.03666339763215,10.991941
19.9273,19.016872
31.6777,24.116714
29.704,30.140614
39.4807,28.467087
31.2646,30.142578
28.2811,24.422287
24.6091,19.459778
14.2816,13.917479
6.983499999999999,7.8999147
4.0,4.392763
4.0,3.5457392
4.0,3.2765799
4.0,3.0853748
4.0,3.375269
4.0,3.0614185
4.0,3.2453299
4.0,3.2320604
4.0,3.6172314
4.0,3.4126568
4.0,3.5843058
4.0,3.798398
4.137700000000001,4.209502
8.681799999999999,5.7303658
17.999499999999998,13.669148
27.2254,25.280855
34.202200000000005,31.378906
36.0774,38.7459
37.5003,38.706154
34.9299,36.766838
28.9629,31.337914
21.4353,24.0658
12.0258,15.1827
3.442500000000001,6.2397513
0.0,2.128932
0.0,1.5277901
0.0,1.9101601
0.0,2.749092
4.0,3.357195
4.0,3.323924
4.0,3.4125109
4.0,3.460579
4.0,3.5077925
4.0,3.7656765
4.0,3.6809206
4.0,4.14888
4.1836,3.9343596
8.4982,5.2080784
17.9077,13.0584545
21.3043,25.164494
22.5369,30.304455
22.2615,32.0169
22.0779,30.27641
24.1434,27.262903
24.4188,24.94623
18.7731,20.127811
11.1996,9.958578
7.213,4.51989
4.0,2.4951391
4.0,2.4415512
4.0,2.9330397
4.0,2.7403564
4.0,3.0484734
4.0,3.0954266
4.0,3.1156979
4.0,3.333109
4.0,3.7334623
4.0,3.5898228
4.0,3.6757889
4.0,3.8177376
4.137700000000001,4.6445436
8.039200000000001,4.677289
14.6488,10.26838
24.655,18.437096
30.8056,27.989048
28.694199999999995,36.633125
32.6416,33.599854
29.658100000000005,35.631424
27.3631,27.43243
19.5601,23.623325
10.011407300730015,12.85765
6.295,4.6606026
4.0,3.2375164
4.0,3.100196
4.0,3.1038418
4.0,3.288581
4.0,3.6113777
4.0,3.4936657
4.0,3.4364977
4.0,3.5205708
4.0,3.3441334
4.0,3.0820103
4.0,3.2544975
4.0,3.3510752
4.137700000000001,2.0155907
8.268699999999999,3.9912748
14.850118614534562,9.963718
19.7896,19.478106
29.0155,24.76136
37.048,32.31748
33.8809,34.862534
27.4482,32.40319
27.6777,28.367737
19.5601,19.534962
16.5766,11.645577
7.258900000000001,6.0416317
4.0,3.2622194
4.0,2.7606344
4.0,3.3134775
4.0,3.67943
4.0,3.5989075
4.0,3.3684587
4.0,3.0845222
4.0,3.3902407
4.0,3.435175
4.0,3.6840248
4.0,2.2529335
3.2677011468960515,2.6040525
4.091800000000001,1.2679186
6.340900000000001,2.8683624
12.1702,4.929102
17.311,12.781242
22.0846,20.053032
31.172800000000002,30.392849
29.6122,35.361164
30.622,34.08779
20.065,29.654114
19.2847,16.894562
14.098,10.851025
7.3048,5.681153
4.0,2.5931587
0.0,2.608204
4.0,2.3468714
4.0,3.2501078
4.0,3.2957802
4.0,2.6965141
4.0,2.9395685
0.8850858384468374,3.420082
4.0,1.479291
4.0,1.849886
2.4575591350333976,3.0152454
4.0,2.867073
4.091800000000001,3.7790003
6.983499999999999,6.261137
10.7932,10.517801
20.1109,13.703597
26.0779,21.467314
28.4121,28.227066
32.6349,32.019554
24.9696,31.501896
16.8912,26.082397
11.7045,18.085188
10.3342,10.797418
6.1114,4.575371
0.0,2.255169
0.0,2.264185
0.0,2.2185316
0.0,2.3577213
0.0,2.5338755
0.0,2.4796104
0.0,2.4038286
0.0,2.3262072
4.0,2.3898296
4.0,2.6303463
4.0,2.7332973
0.0,3.0840168
0.09179999999999922,2.4492865
3.855600000000001,3.7798014
12.2094,10.398176
19.9206,25.387897
28.917,32.89344
30.5694,35.931473
35.2053,39.366356
33.2775,38.760513
28.4121,33.488995
21.8025,24.118124
12.9897,13.84243
3.9932999999999996,7.7759595
0.0,2.2975702
4.0,2.3255024
4.0,3.4906301
0.0,2.996706
4.0,2.9990454
4.0,3.044835
4.0,3.5450935
4.0,3.671235
4.0,3.679369
4.0,3.8278408
4.0,2.9606867
4.0,2.5934296
4.091800000000001,2.6235733
8.4064,4.7236166
13.77,12.019301
23.3172,22.080147
32.825199999999995,30.010227
29.6973,37.604908
31.5792,38.894764
25.1532,36.173496
19.0485,27.936447
15.6519,18.372238
9.5013,10.263318
3.212999999999999,4.729457
0.0,2.1415014
0.0,0.9347019
0.0,2.0578814
0.0,2.0104294
0.0,1.9704208
0.0,1.8822985
0.0,1.7579136
0.0,1.8775072
0.0,2.2803288
0.0,1.5590067
0.0,1.8391838
0.0,1.7760935
0.09179999999999922,3.2152271
4.681800000000001,2.7965622
11.475,10.066424
19.5993,15.804522
27.9531,26.433216
33.3693,34.12657
33.6447,37.96052
32.6808,31.766533
27.9072,29.122944
18.5895,20.453606
10.557,11.645487
2.5244999999999997,5.3036184
0.0,0.9049187
0.0,0.19331837
0.0,0.19000816
0.0,0.12611008
0.0,0.56577206
0.0,0.679368
0.0,1.6850939
0.0,0.9511061
0.0,1.0225134
0.0,0.76996994
0.0,0.87045383
0.0,1.2865896
0.04589999999999961,1.3676882
2.8458000000000006,1.6511774
13.4028,5.3360767
20.2419,17.416248
25.7499,25.740578
35.5266,31.417358
37.4085,36.466106
29.0547,35.43203
28.8711,27.115383
22.6287,21.19492
12.5766,11.570916
3.1212,4.1687994
0.0,0.8284235
0.0,0.962142
0.0,0.4197855
0.0,0.7893524
0.0,0.6435032
0.0,1.0465431
0.0,2.3529472
0.0,2.009386
0.0,0.29404736
0.0,0.40341377
0.0,0.9853115
0.0,0.20847034
0.04589999999999961,1.3788986
0.6425999999999998,1.7177773
3.6720000000000006,2.11512
9.639,8.391778
23.2713,16.373144
30.707100000000004,22.19366
17.2584,25.544325
25.4286,21.80445
17.3502,20.75885
11.475,12.977425
4.911299999999999,6.897319
1.147499999999999,2.5373316
0.0,0.3333168
0.0,-0.6597824
0.0,-0.62460136
0.0,0.27450562
0.0,-0.10266495
0.0,0.95068073
0.0,-0.5939932
0.0,0.93773556
0.0,-0.6163006
0.0,1.2017488
0.0,1.8568144
0.0,1.3975105
0.0,1.0141516
0.6425999999999998,0.8581648
2.799899999999999,1.5785885
13.5405,4.549593
15.6519,7.518393
28.1367,13.556847
18.6354,20.937187
12.2553,17.41985
5.7834,9.605975
6.5178,5.4426956
5.2326,3.6819773
1.6524,2.6653519
0.0,0.66041756
0.0,0.7315788
0.0,0.8298521
0.0,0.6792488
0.0,0.69631004
0.0,0.6201458
0.0,1.125926
0.0,0.6521778
0.0,1.2467165
0.0,1.742526
0.0,1.0844975
0.0,0.8690529
0.04589999999999961,0.23466396
1.0098000000000003,1.1591787
2.6163000000000007,0.64570713
5.278499999999999,2.5708027
9.9603,3.496441
11.3832,5.3927383
10.2816,7.7565866
5.8752,4.2896423
2.6622000000000003,2.4608774
1.1015999999999995,1.0863514
0.04589999999999961,1.3022385
0.09179999999999922,0.7381401
0.0,-0.45086765
0.0,-0.4604311
0.0,-0.9243202
0.0,-1.1190596
0.0,-0.95265007
0.0,-0.8952646
0.0,-0.99773693
0.0,1.1166248
0.0,0.33309078
0.0,0.26275635
0.0,0.6098919
0.0,0.7937813
0.0,0.9216728
0.9179999999999993,2.100542
1.3770000000000007,3.9394588
1.1934000000000005,4.81269
0.2753999999999994,3.4902573
5.094900000000001,7.117983
2.0655,7.066392
4.452299999999999,5.883171
7.5735,5.4291096
8.2161,4.8061543
3.6720000000000006,3.9596128
1.4229000000000003,3.4104052
0.0,2.7125044
0.0,2.1143484
0.0,2.2432613
4.0,2.3515263
4.0,2.478797
0.0,2.5431995
0.0,1.6576042
0.0,2.104206
0.0,1.9384623
0.0,2.7889957
0.0,2.6363268
4.0,3.6556835
4.0,6.627586
4.6426,4.695134
6.6622,5.6176558
8.727699999999999,7.536822
10.7932,11.166019
7.528470021319775,14.265619
9.4095,15.049556
13.0356,14.423147
10.939077058604408,14.665463
9.603017953253955,11.085346
6.293533312027572,9.599855
5.560599999999999,6.182221
0.0,4.026314
4.0,2.628046
0.6342244347494024,3.264202
0.050362143095190604,1.9936047
0.056667008614793346,1.2729111
1.1374819918421917,1.7669363
2.542243191272977,3.018237
4.0,2.9887714
4.0,3.546342
4.0,3.759698
4.0,4.005146
1.574232278996318,4.178587
4.0459,3.9656525
5.9277999999999995,4.903242
7.7179,7.8938403
19.147,11.419062
24.7468,17.964157
21.3961,20.75211
21.6256,20.451902
7.0294,15.399765
17.5405,9.568609
17.2192,10.617327
10.9309,11.860185
5.578792767473699,6.0660205
4.0,2.7542076
4.0,2.5465508
4.0,3.0376978
4.0,2.7586632
4.0,2.8035145
4.0,2.6055984
4.0,2.5870075
4.0,2.704342
4.0,3.0878124
4.0,3.0558014
4.0,3.5508404
0.0,3.4160376
0.04589999999999961,2.84276
3.3048,4.2974443
11.1537,10.975969
20.2878,19.329185
27.8154,28.192684
31.9005,33.09741
29.4219,31.930897
31.671,31.061481
25.7958,23.279171
20.0583,19.834087
11.7963,12.525874
3.5343,5.177416
0.04589999999999961,1.7592707
0.0,1.6544151
0.0,1.3603735
0.0,1.753665
0.0,2.1964045
0.0,1.0494375
0.0,2.074646
0.0,1.816783
0.0,1.6038027
0.0,2.1432514
4.0,2.186676
4.0,2.7991486
4.0459,3.4585676
7.809699999999999,5.6433845
16.4848,12.280004
25.9861,23.843426
29.1006,30.974255
33.376000000000005,33.91012
39.343,40.097088
36.4972,39.495136
28.1367,33.38522
19.6911,23.82462
11.3832,12.998441
7.8556,5.15856
4.0459,2.9698687
0.0,2.700633
4.0,2.674492
4.0,3.344921
4.0,3.7018757
4.0,3.775238
4.0,3.650051
4.0,3.6681213
4.0,3.68427
4.0,3.8227339
4.0,3.5743723
4.0,3.813755
4.0459,3.7339478
7.5802,4.0752096
11.2455,9.191521
21.0222,19.392845
27.8613,25.439615
29.3301,31.88974
26.0253,32.425343
26.5761,28.07729
22.7205,26.77882
18.4977,19.774006
11.1078,10.932053
7.5343,3.3945274
4.0459,3.38375
4.0,3.2549906
4.0,3.3218403
4.0,3.277852
4.0,3.4457502
4.0,3.4607716
4.0,3.7620506
4.0,3.774746
4.0,3.845272
4.0,3.987628
4.0,4.326412
4.0,4.8368206
4.0459,5.3338833
7.5343,5.902108
15.2455,12.271147
23.7829,22.124004
30.7138,28.666716
36.7267,34.845585
31.028400000000005,38.836353
28.6416,35.531437
26.0253,29.630474
20.6091,22.004326
11.016,13.321733
7.1671,5.404052
4.0459,2.6975546
4.0,2.6991978
4.0,3.0094643
4.0,3.953494
4.0,3.7946014
4.0,3.0216494
4.0,3.2320518
4.0,3.232421
4.0,3.1377096
4.0,2.8687496
4.0,3.475501
4.0,2.9915504
4.0,4.2888327
7.258900000000001,3.5264711
10.7865,9.231459
19.5075,19.801254
26.5761,23.918243
32.4054,34.31943
34.1955,39.64564
32.4513,36.402275
27.7695,31.720016
21.573,23.052286
12.6225,13.692099
7.1671,6.275147
4.0459,2.6618462
4.0,2.8696356
4.0,3.2932587
4.0,3.6983519
4.0,3.5676804
4.0,3.848402
4.0,3.99224
4.0,4.024126
4.0,3.997157
4.0,4.079488
4.0,3.9629412
4.0,3.2970781
4.0,3.028739
7.3048,3.9556932
15.2914,10.815339
25.8025,20.905867
28.1367,30.26617
29.3301,36.711777
25.5204,35.743565
29.5137,32.221233
28.458,30.861187
22.0779,23.125824
12.7602,13.678552
7.7638,6.2862167
0.04589999999999961,4.0332537
0.0,2.6811619
0.0,2.8147163
0.0,3.0812283
0.0,2.9753332
4.0,2.8297682
4.0,3.4937115
4.0,3.4786072
0.0,3.5735083
0.0,3.5717201
0.0,2.904768
0.0,2.4375858
0.0,3.8783388
3.7179,4.29403
13.311,11.541307
23.0418,19.972372
30.9366,29.362722
36.0774,35.61055
37.6839,39.514145
33.8283,35.7417
30.4317,31.12955
23.0418,23.567532
13.9536,14.456557
4.268700000000001,6.4393554
0.04589999999999961,2.6616344
0.0,1.517293
0.0,1.9680157
0.0,2.0893373
0.0,2.499404
4.0,3.0392084
4.0,3.582345
4.0,3.4125605
4.0,3.471774
4.0,3.6860828
4.0,3.279729
4.0,3.2193308
4.0,3.3340158
7.5802,4.324464
12.3012,8.845019
21.3894,19.70488
28.458,25.98029
34.425,32.43683
37.5921,34.94033
36.4446,37.31701
31.028400000000005,32.637184
23.6385,24.498047
14.2749,14.904129
8.6359,5.9535546
4.0459,3.435008
4.0,3.2333097
4.0,4.06178
4.0,4.154131
4.0,4.0338907
4.0,4.0741825
4.0,4.0551834
4.0,4.058255
4.0,4.096368
4.0,4.3028355
4.0,4.277109
4.0,4.471471
4.0,4.913784
7.9474,5.7347307
17.6782,14.7504835
26.95,23.445736
33.6055,32.182434
39.0217,38.781635
40.72,40.560997
40.2151,38.800762
35.4874,34.26743
28.0516,26.446966
18.3667,17.348019
8.681799999999999,8.79151
4.0459,4.3901443
4.0,3.8865423
4.0,3.870532
4.0,3.797286
4.0,3.9160576
4.0,3.7949429
4.0,3.8056774
4.0,3.826436
4.0,3.8208656
4.0,3.9907866
4.0,4.3256054
4.0,4.688155
4.0,4.687215
7.396599999999999,5.2879896
15.7504,12.358943
25.4812,23.310072
32.917,29.803223
38.3791,34.631874
39.802,36.449802
38.9299,36.46786
34.7071,32.673733
27.5008,26.296104
18.3208,17.605806
8.727699999999999,8.576923
4.0459,4.5597343
4.0,3.7806787
4.0,3.6799297
4.0,3.779045
4.0,3.7791615
4.0,3.799344
4.0,3.875474
4.0,3.8038158
4.0,3.759879
4.0,3.8676739
4.0,3.8087378
4.0,4.2958546
4.0,5.0339603
7.1212,6.4045973
16.0717,12.161049
26.7205,21.93556
31.6318,29.775536
38.0578,34.538574
39.5266,37.56173
38.3332,36.99787
34.1563,32.794117
22.3992,26.17997
13.8618,17.118395
8.6359,7.8328
4.0459,4.4746885
4.0,3.5036898
0.0,3.6435556
0.0,3.2674322
4.0,3.2976894
4.0,3.7638779
0.0,3.694766
0.0,3.6366158
4.0,3.6400995
4.0,3.613019
4.0,3.4597569
4.0,2.8928852
0.0,3.3101368
2.5244999999999997,3.3804226
9.5013,9.8430395
7.1145,15.485997
15.2847,17.134361
20.2419,21.19576
25.4353,25.525467
22.0846,22.539474
20.2027,18.340544
17.5405,13.996283
11.6194,8.785271
1.9277999999999995,5.236636
0.04589999999999961,2.10038
0.0,2.3977299
0.0,2.0870142
0.0,2.4220257
4.0,2.6051674
4.0,3.1753292
4.0,3.6804476
4.0,4.010828
4.0,3.463997
4.0,3.7419195
4.0,3.8418245
4.0,4.232561
4.0,4.7489586
2.9834999999999994,4.9116983
10.6947,8.504517
19.1862,16.926327
27.7236,23.215103
33.4611,30.436195
37.6839,35.951797
36.2151,37.506355
31.716900000000003,30.981022
24.3729,24.644527
14.8257,15.953413
4.9572,7.4406724
0.09179999999999922,3.5704336
4.0,2.961399
4.0,3.738759
4.0,3.7368708
4.0,3.6855145
4.0,3.8184233
4.0,3.9702368
4.0,3.8830023
4.0,4.0134535
4.0,4.1152334
4.0,4.272003
4.0,4.4331255
4.0,3.1283789
6.8458000000000006,4.2691135
15.1537,10.841838
24.196,22.595463
31.3564,32.532063
33.3301,38.537495
39.2512,39.812305
35.671,39.3594
27.7303,32.8593
21.8092,23.01295
14.6488,13.429337
8.039200000000001,6.9822583
4.091800000000001,4.1192713
4.0,3.680441
4.0,3.7431946
4.0,3.9048605
4.0,3.7563677
4.0,3.8403978
4.0,3.7649403
4.0,3.5850897
4.0,3.2659826
4.0,3.5002642
4.0,3.8706808
4.0,4.222007
4.0,5.213913
6.8917,5.8931193
14.817804203051196,9.385895
25.8943,23.105537
33.651399999999995,33.56444
39.0217,39.440952
40.4905,41.2695
38.0119,38.89768
34.0186,33.080105
26.7664,25.90456
18.5962,17.252632
9.049,8.810126
4.091800000000001,3.7837076
4.0,2.9258642
4.0,3.205553
4.0,3.4502392
4.0,3.4347591
4.0,3.3289928
4.0,2.8471003
3.4059777564813487,2.7431688
4.0,2.4229422
4.0,2.5368671
4.0,3.373248
4.0,3.8469534
4.0,3.973177
7.3048,5.364358
15.475,11.85751
25.7107,22.203436
33.4678,29.050514
36.4513,35.591644
36.8185,37.877575
36.6349,36.56198
34.615300000000005,32.20804
27.4549,26.733334
17.6323,18.115887
8.7736,8.843082
4.091800000000001,4.3735256
4.0,3.5399761
4.0,3.0819397
4.0,2.9831972
4.0,2.9113188
4.0,2.8825598
4.0,3.0910978
4.0,3.1023455
4.0,2.9570093
4.0,3.5457258
4.0,3.7753305
4.0,4.254224
4.0,4.7790833
6.7999,6.8797455
13.779377756481349,12.816738
20.7076,22.659838
30.576100000000004,27.177914
34.3399,34.60516
35.1661,35.642265
28.0057,29.751595
28.5106,26.065697
21.3961,21.847488
17.9536,15.435493
9.1408,9.580351
4.091800000000001,4.0957737
4.0,3.2366047
4.0,3.2452974
4.0,3.3570242
4.0,3.1851425
4.0,3.3710518
4.0,3.3866663
4.0,3.460122
4.0,3.386095
3.8657400786958807,3.069128
4.0,1.9510288
4.0,2.5301552
4.0,3.561285
6.295,4.555748
11.2981,10.388905
19.9732,18.82684
27.1336,24.5708
33.0088,29.19111
31.8613,31.136395
31.402300000000004,30.612057
33.1465,26.26208
20.0191,24.857122
14.2816,13.378224
7.9933,7.390425
4.091800000000001,4.4460955
4.0,3.328024
4.0,3.5862312
4.0,3.6927176
4.0,4.354398
4.0,4.690235
4.0,4.4038973
4.0,4.0455513
4.0,4.0496264
4.0,4.251257
4.0,4.5863647
4.0,5.3071823
4.0,4.3779783
7.1212,5.6661296
16.4389,13.88827
26.2156,24.363884
34.1104,30.590118
38.5627,35.96455
37.8283,37.882805
34.753,35.418324
33.4219,29.499706
26.3992,24.833366
18.5503,15.454958
9.2326,9.169153
4.137700000000001,4.2816963
4.0,3.6841564
4.0,3.4852896
4.0,3.7625418
4.0,4.1100225
4.0,3.9342813
4.0,4.066079
4.0,3.9040918
4.0,3.8616114
4.0,4.0701523
2.276167801047407,3.5053158
2.477470441780353,1.7471647
1.7767444749854384,2.302209
6.7081,2.4989805
12.970494671297528,9.091639
21.504390902523497,20.008244
31.815400000000004,28.845842
36.2218,37.294067
40.3069,39.197422
39.5266,36.692307
35.3497,32.213078
28.6483,26.324173
19.4224,17.909243
9.5539,9.380162
4.137700000000001,4.5613394
4.0,3.490244
4.0,3.766551
4.0,3.9065866
4.0,3.8404999
4.0,3.7105923
4.0,3.648878
4.0,3.6697483
4.0,3.3397827
3.225433692449826,2.5292664
4.0,2.480607
4.0,3.3407717
3.3916760828432455,4.459503
6.065499999999999,4.3082304
11.5735,11.553219
17.035600000000002,17.320496
13.8226,22.173298
29.658100000000005,22.991703
39.7102,26.386566
32.6875,29.803082
28.2811,27.9017
22.1305,20.887352
17.999499999999998,12.695789
8.59,7.5006876
4.137700000000001,3.611477
4.0,2.9997368
4.0,3.001769
4.0,3.42241
4.0,4.0615606
4.0,4.0878143
4.0,3.8983698
4.0,3.7700071
4.0,3.836051
4.0,3.809328
4.0,3.6335897
4.0,4.1616583
4.0,3.9708738
6.5245,6.3323274
15.3373,11.42892
24.9304,21.130087
29.1006,28.582962
34.2414,31.942242
35.7102,34.120552
34.1037,34.91953
33.5596,31.700752
27.3631,24.791946
17.4946,16.564066
9.1408,8.470151
4.1836,4.154439
4.0,3.3759441
4.0,3.4783335
0.0,3.5754566
4.0,3.540162
4.0,3.928463
4.0,4.155181
4.0,4.1689215
4.0,4.0752325
4.0,3.4271593
4.0,3.478797
4.0,3.9596138
4.0,4.537282
6.8458000000000006,5.2511206
15.475,11.902264
23.5534,21.998486
28.8319,29.531727
35.2579,37.41276
37.6447,39.557076
36.6808,38.85908
29.467799999999997,33.623272
21.4812,25.788063
19.0552,15.761962
9.5539,8.621173
4.1836,4.6245327
4.0,3.5796595
4.0,3.6473427
0.0,3.749961
4.0,3.316721
4.0,3.5899916
4.0,3.746007
4.0,3.6877403
4.0,3.705885
4.0,3.8021622
4.0,4.234043
4.0,3.8997355
4.0,4.374694
6.6163,6.0184445
12.7669,11.1618805
25.114,20.44501
33.2842,28.98534
38.1496,34.340332
40.4905,36.011986
38.2414,35.62303
29.1991,31.984818
25.114,23.6725
17.861800000000002,15.335189
9.508,8.193783
4.1836,4.134078
4.0,3.1977663
4.0,3.6805878
4.0,3.8977175
4.0,3.8087807
4.0,3.895833
4.0,3.880413
4.0,3.8385906
4.0,3.9833746
4.0,4.0006533
4.0,4.3404655
4.0,4.8713017
4.0,5.2977724
6.570399999999999,6.0277166
15.1996,12.105756
24.5632,22.320896
32.6416,30.033363
37.8283,34.524395
40.3528,36.999416
39.343,36.817432
35.671,33.102333
28.0516,25.778461
19.0552,16.69267
9.4162,9.332491
4.1836,4.4370365
4.0,4.018689
4.0,3.999524
4.0,3.8352585
4.0,3.930214
4.0,3.9030514
4.0,3.799655
4.0,3.7445946
4.0,3.6340294
4.0,3.6626358
4.0,3.2211123
4.0,3.4739866
4.0,4.4443216
6.386799999999999,6.5493884
14.8783,12.465952
24.3796,22.124743
31.723600000000005,30.040203
33.5596,36.427803
28.694199999999995,37.449947
27.5008,31.537605
28.1434,26.535526
23.5075,22.72979
13.7767,16.387814
9.049,8.327692
4.1836,4.215827
4.0,3.4821568
4.0,3.6231747
4.0,3.662139
4.0,3.6122713
4.0,3.543829
4.0,3.4753008
4.0,3.038372
4.0,3.0415983
4.0,3.1769915
4.0,2.9811573
4.0,2.8974552
4.0,3.0943136
5.9737,3.3318434
12.9046,10.474612
17.7241,19.566593
17.586399999999998,24.305971
22.1305,26.834461
34.3399,26.208418
24.655,30.811855
24.4255,22.997288
20.9371,17.762264
15.1078,13.516604
8.6359,7.0244155
4.1836,3.450141
4.0,3.3835268
4.0,3.6611328
4.0,3.5528116
4.0,3.8635426
4.0,3.6808367
