Actual_Power_MW,Predicted_Power_MW
4.0,3.4824352
4.0,4.2736197
4.0,4.30525
4.0,4.0455027
4.0,3.2148514
4.0,3.267973
4.0,2.8257608
4.0459,3.7025328
7.1671,4.570685
14.098,9.276635
20.95428670873395,21.0098
25.501567801047408,27.828371
28.806150952395825,26.485382
29.319518448158135,25.87675
26.123799999999996,23.517242
20.2945,18.043396
13.2259,11.241777
6.4327000000000005,6.205242
4.0,4.0627594
4.0,3.2534485
4.0,3.4676065
2.428373752796345,3.3990278
1.6230967376991021,2.5222034
1.4620934601345148,2.205062
2.3449559365079367,2.1322203
3.4059777564813487,2.5158358
4.0,2.8620834
4.0,3.4954853
4.0,3.1740398
4.0,3.6753674
4.0,3.6502151
4.0459,2.7361279
6.5245,3.579052
11.2981,8.369892
14.956221759365135,15.235868
20.35526337179225,21.481169
25.15392724731988,23.89383
25.427051699171,25.169577
21.72793375268196,22.334003
16.618543540567558,15.798193
10.051607027176043,9.943881
5.355667509019564,5.182723
1.70040060215325,4.1208315
1.237480644121698,2.8348522
1.0920962896970714,2.8906784
1.0277742824696947,2.7537231
0.9568951159196342,2.7504616
1.343960845750786,2.7239103
2.4657521017828294,2.9664974
3.7027946165080188,3.3614025
4.0,3.64853
4.0,3.715539
3.71483346312972,3.2488136
3.0908921415040016,2.4655266
0.20700185941403504,2.2612848
0.04589999999999961,0.88252354
2.305767008614792,2.02421
7.804257890341534,8.012919
15.232821866853076,15.75246
20.90305516417837,24.559303
26.27542750425571,26.90641
26.70644645095312,28.50678
23.52977898008476,25.66706
17.849016264760973,19.162012
11.334779033592302,12.293289
6.7999,6.6850367
4.0,4.4935765
4.0,3.969761
4.0,3.953373
4.0,3.9487915
4.0,3.9350853
4.0,3.8555117
4.0,3.7880783
4.0,3.7663822
4.0,3.7895575
4.0,3.803237
3.6760826183489854,2.5261593
4.0,1.9434795
4.0,2.1204386
4.0459,2.331171
5.7442,5.0270877
9.2785,7.8537936
14.6488,12.764175
22.8103251312083,22.00383
27.48499515786382,28.979555
27.23351932867162,29.740137
24.34265106976532,26.047943
18.903103974605617,19.702148
14.0062,13.109749
6.8458000000000006,6.8043795
4.0,3.697609
4.0,3.0144558
4.0,3.252738
4.0,3.4172516
4.0,3.5157375
4.0,3.6726475
4.0,3.8275948
4.0,3.8921518
4.0,3.8390427
4.0,3.9494047
0.442997439741978,4.032736
0.0,0.9238186
0.0,0.45735168
0.862377756710865,2.0225363
2.9934288177883825,7.0527353
8.4915,8.838451
13.7241,14.414773
21.6648,22.59779
25.984689902006266,27.168478
26.139590193137217,27.625114
24.10457386908252,25.468868
20.52648195198562,20.39675
13.7767,13.39943
6.7999,5.988671
4.0,3.7373638
4.0,3.9535122
4.0,3.8022327
4.0,3.2945995
4.0,3.1939297
4.0,3.2705345
4.0,3.3140678
4.0,3.159812
4.0,2.7387285
4.0,2.5968256
4.0,2.632145
4.0,2.1372356
4.0,2.2405806
4.0459,3.9696217
5.881899999999999,5.8538055
9.2785,9.455494
12.4456,15.336553
16.1635,20.026077
19.5601,21.863142
21.7174,23.12949
25.7566,26.309383
21.5797,23.974194
14.2816,15.729612
7.0294,7.5662575
4.0,2.9655724
4.0,3.985753
4.0,3.7608728
4.0,3.3177547
4.0,3.1738873
4.0,3.1848993
4.0,2.8649502
4.0,2.3877754
4.0,2.5235481
4.0,2.2501898
4.0,1.6804132
4.0,1.5054703
4.0,1.4455605
4.0459,2.3295126
7.5343,5.018044
15.0619,12.941828
22.4977,20.571812
28.0516,27.117437
30.989200000000004,30.99141
30.897400000000005,31.393234
27.8221,27.707294
22.0846,21.657583
14.5111,14.35128
7.1212,6.913664
4.0,3.777749
4.0,3.4962149
4.0,3.799552
4.0,3.9971104
4.0,3.981246
4.0,3.9312496
3.02057317653915,3.9101143
1.481923054388405,3.4725351
2.145075337922533,2.8475723
3.2677011468960515,3.1837025
2.6950768455945173,3.398076
1.7599197687295085,3.054617
0.5645492207357137,2.6817265
0.680124434749402,2.7092094
3.812691686861754,5.348375
10.439927504255708,11.600932
18.35255165309469,18.144686
24.414222285558623,25.412287
27.13597462830472,28.994888
26.993436222557254,28.503565
23.868,24.353056
18.148475344490983,17.67607
10.62087534449098,10.88876
3.323996879613153,4.5721264
0.3465394375498452,2.7506523
0.16377851129623622,2.5713568
1.051750861964818,2.074234
0.7436159082070031,3.099162
0.22896541957537053,2.8077755
0.08299041176491606,2.2584372
0.23125022052224153,2.0545206
0.20256755679682925,2.4210615
0.16535365052020445,2.3891897
0.15079365079365026,2.2506123
0.07535667767814402,2.1530638
0.20422750425570868,1.8816738
4.0,2.1714544
4.0459,3.967063
6.7081,4.186654
11.8948,8.430275
16.025223109056252,14.468412
23.85975259574859,23.934896
27.597442427959862,28.42969
27.7151472003723,29.02316
24.683538842320925,25.760612
19.19918583844684,19.0395
12.400658864206475,12.378085
7.3048,6.095433
4.0459,4.3208385
4.0,4.0248566
4.0,3.9119768
4.0,3.9433908
4.0,3.9593954
4.0,3.916729
4.0,3.8443632
4.0,3.7576628
4.0,3.6327229
4.0,3.4345856
4.0,3.2917051
4.0,3.1993647
4.0,3.0816288
4.0459,3.1393242
7.258900000000001,5.0788307
13.1341,10.048918
19.4224,14.715284
24.041245059161863,21.795303
19.027630365631964,23.747423
18.1305,19.023357
12.393,17.429533
8.1702,12.111338
8.180343531235483,8.598782
5.6565334213764835,5.6519427
0.0,3.7782974
4.0,1.1696854
4.0,1.9235058
4.0,3.213069
4.0,3.4561033
4.0,3.141821
4.0,3.2178555
4.0,3.0643177
4.0,3.5127296
4.0,3.2002583
4.0,3.1540442
4.0,2.7458706
2.9297042030511964,2.9375362
2.615391117785963,2.9571075
6.350519581249504,4.3930736
10.077049190045123,11.51563
16.745988063029525,16.685873
20.304737223495884,19.825298
23.46195802448545,24.48
22.50134314913723,25.513367
18.97589687961316,18.852913
13.0356,15.264359
9.1341,6.637355
4.920398937056678,3.9935122
1.4803756807136228,4.4555426
4.0,3.0229282
4.0,3.7328796
4.0,3.8508167
4.0,3.9470882
4.0,3.975235
4.0,4.0470915
4.0,4.0335846
4.0,3.9845295
4.0,4.1569805
4.0,4.118905
4.0,3.9067812
4.0,4.262535
4.0459,4.376981
7.1212,5.7709894
14.098,13.454604
20.32471534361224,21.304428
26.187655990333308,27.725018
28.792122869208335,30.829361
28.5796674503134,31.30778
25.872982933915413,27.835043
20.92118860875579,22.113235
14.808942033097225,14.219041
7.5343,7.2036195
4.0459,3.9741201
4.0,3.2968397
4.0,3.346815
4.0,3.1571941
4.0,3.2954283
4.0,3.400548
4.0,3.8129425
4.0,4.0965214
4.0,3.916257
4.0,3.8481455
4.0,3.7184439
4.0,3.567975
4.0,3.8614254
4.0459,4.56999
7.5802,7.1225824
14.9701,15.255272
19.20658465546803,21.945683
24.82194641921522,27.17055
27.673792807580362,30.1425
27.60702135240595,29.961145
24.56549252440571,26.478855
19.04946911219454,20.739746
11.552910930628546,12.952933
4.798535950358835,5.8446918
1.4852947190189152,3.7271318
1.574232278996318,3.1236725
1.3487797153826246,2.8459082
4.0,2.7500944
1.2412353818974946,3.7428703
1.2544050740319346,2.7027874
0.2244135591603289,2.9859629
0.0,1.9746637
0.0,1.2357616
0.0,0.6822128
0.0,0.839406
0.08163343130524225,0.9646406
0.8473415892059624,0.6710863
1.0860846990879356,1.9066553
3.514203937100019,3.051054
7.854434798547827,7.9748797
13.015380513362787,14.147137
22.0672547855093,18.89381
27.59728181102443,26.423195
27.374714213960857,27.624615
24.711411221018125,24.240683
19.8448365376716,18.873337
12.153488391994566,12.889624
5.895382862859921,5.6287403
4.091800000000001,4.1321774
4.0,3.85668
4.0,3.8896952
2.903731889472814,3.8297377
4.0,3.421997
2.0088527770540363,3.8918705
1.0939007447311937,3.249424
0.17808520605245803,2.6213512
1.2685636296669482,1.59898
3.891534568903575,2.4198656
2.1060186815782735,3.036334
3.054410953384549,2.2389936
4.0,2.8572836
4.0,3.9847956
2.7979251312083004,4.4153028
6.9376,6.4529123
13.826043531235484,11.610158
24.765946966572848,21.847975
22.95346762657817,26.761402
19.646378482253024,23.063105
19.777729637081865,18.92966
15.823894222222224,16.81475
9.386441331667038,11.93971
3.6435325583037095,6.4811726
1.0582271875990852,3.18672
2.513911790934925,3.178337
4.0,3.7498035
4.0,4.0664587
4.0,4.206931
4.0,4.1706543
4.0,4.2532034
4.0,4.371209
4.0,4.2323465
4.0,3.9974766
4.0,3.6209602
4.0,3.4669561
4.0,3.501299
4.0459,3.993002
7.672000000000001,6.961519
15.4291,14.027155
20.2801007447312,20.840965
26.376833351965182,27.239086
30.400822222222224,30.369251
30.88979111778596,30.901
29.336800000000004,28.194317
23.5993,22.188354
15.934,15.1975155
8.039200000000001,7.2691736
4.091800000000001,3.761774
4.0,3.081149
4.0,3.2497187
4.0,3.3306074
4.0,3.899372
4.0,4.172758
4.0,4.242158
3.3333747428293545,4.1904993
2.8520141452258,3.3424788
4.0,3.2866278
4.0,3.70162
4.0,3.1571531
4.0,3.1820002
4.0459,3.054184
5.508734227006553,3.7834826
6.973136188741149,7.8109217
12.717190639403633,13.388966
16.065,20.041046
23.797574617912208,24.010319
29.165216823643483,29.341482
26.00866790849992,27.48716
16.26922750425571,18.018278
12.127943149137232,10.3072605
4.282165771363184,5.233114
0.3973600586510049,2.9357128
0.09214398387086398,1.9185667
0.0,1.2308855
0.0,0.7823963
0.3682414747313807,1.25074
0.6804557739665089,2.2364826
2.11158461013731,2.4385366
2.1138128401327947,3.0008688
1.1374819918421917,2.7187548
0.5360653626011231,2.0530415
0.3450700904279511,1.4760141
0.32232890009296256,1.2151222
0.7896526250746358,1.3742867
1.1253933433426866,2.1008263
2.77123393780197,3.2291536
7.256086222222223,6.132651
13.1274,12.107426
19.933693650793654,22.23529
26.65387204446921,24.420303
27.62898654667057,25.9076
25.0988472003723,23.901768
19.664037004289742,18.835297
12.109224434749402,11.814988
5.572641153319291,5.7639008
4.137700000000001,3.699481
3.3981747001620963,3.7311964
2.613523183176831,3.0954046
1.501838760306919,3.0003233
1.7066355356230787,2.7297812
4.0,3.046054
4.0,3.8111076
4.0,3.9660778
4.0,3.921894
4.0,3.8618402
4.0,3.740715
4.0,3.3893423
4.0,3.3115177
4.0459,3.3657827
7.3507,4.865653
14.6488,13.1538515
22.1305,21.44812
28.62484203309723,26.843775
31.8613,31.769585
31.999000000000002,33.417027
29.1532,30.290716
23.5534,23.878887
16.0717,15.641205
8.2228,8.014618
4.137700000000001,3.6900444
4.0,3.077261
4.0,3.12082
4.0,3.3019724
4.0,3.2812223
4.0,3.4488716
4.0,3.5440931
4.0,3.9156513
4.0,3.7186623
4.0,3.8063211
4.0,3.5105038
4.0,3.4408665
4.0,3.5118198
4.091800000000001,3.861884
7.7638,6.6517506
15.5668,16.201124
23.3239,23.397663
28.40920931459023,29.581623
31.369690222222225,33.21735
32.458,33.41693
29.520400000000002,30.402328
23.8288,24.563541
16.2553,16.115473
8.3605,7.8096533
4.137700000000001,3.5348053
4.0,3.1440887
4.0,3.152935
4.0,3.1585732
4.0,3.3944225
4.0,3.4881516
4.0,3.441576
4.0,3.7169552
4.0,3.6447935
4.0,3.847598
4.0,3.8607168
4.0,3.8944216
4.0,3.817542
4.091800000000001,3.6816607
7.784430910077543,6.421537
14.556152205959483,14.695753
20.025674988153284,22.492924
25.274456677678145,28.762594
28.311296742488743,31.688765
28.352441934326244,31.554115
24.983775621228915,27.809517
19.27135270026404,21.09114
12.572747499265416,13.464343
7.9015,6.4191303
4.1836,4.094116
4.0,3.6612797
4.0,3.4905453
4.0,3.824273
4.0,3.7117891
4.0,3.8923597
4.0,4.0829725
4.0,3.9079542
4.0,3.621745
0.6433914936474583,3.8907156
0.9847070854276065,0.75224304
3.3709084735017054,2.0115824
2.9297042030511964,3.2593956
3.605009737854857,3.344036
7.7638,5.262213
15.3832,14.542706
21.8732591350334,22.823463
27.61068632667565,29.6082
32.27412427852686,33.40967
33.0547,34.013
30.254800000000003,30.464293
24.6091,24.214905
16.622500000000002,15.877717
8.681799999999999,7.2242627
4.1836,3.2675133
4.0,1.8243971
4.0,1.8994055
4.0,2.2482233
4.0,2.4368172
4.0,2.6211748
4.0,3.1226225
4.0,3.5169764
4.0,3.5584364
4.0,3.4987822
4.0,3.4546566
4.0,3.1574202
4.0,2.768385
4.091800000000001,3.378662
8.039200000000001,6.1127343
16.1635,15.384945
24.196,24.056982
30.3007,30.669449
33.6055,34.410965
33.7432,34.776474
30.759700000000002,31.626858
24.9763,24.97255
17.173299999999998,16.229815
8.9113,7.694923
4.2295,3.2041569
4.0,2.2007704
4.0,2.0616417
4.0,2.1096344
4.0,2.359867
4.0,2.630498
4.0,2.7380018
4.0,2.6555462
4.0,2.863718
4.0,2.5145245
4.0,2.0852985
4.0,1.4947157
4.0,1.6175699
4.091800000000001,2.6269188
8.2228,5.281043
12.5307,14.89537
24.7468,23.553268
30.897400000000005,30.442831
34.294,34.416855
34.477599999999995,34.533134
31.494100000000003,31.596745
25.6648,25.015163
17.6323,16.732265
9.1408,8.589794
4.2295,4.354389
4.0,3.1552877
4.0,3.2536144
4.0,3.2835207
4.0,3.1433554
4.0,3.3825798
4.0,3.4395542
4.0,3.4680195
4.0,3.4338446
4.0,3.2613993
4.0,2.9143229
4.0,2.7123976
4.0,2.8229227
4.091800000000001,3.3385868
8.3146,5.7762237
16.760199999999998,14.992415
25.0222,23.637505
30.92149461650802,30.16844
34.615300000000005,33.99044
34.7989,33.941216
31.723600000000005,30.731243
25.8484,24.133385
17.8159,16.426441
9.2785,8.775468
4.275399999999999,4.632107
4.0,3.8604088
4.0,3.7640371
4.0,3.866664
4.0,3.929986
4.0,3.9777527
4.0,3.9377422
4.0,3.9652958
4.0,3.9359484
4.0,3.8806343
4.0,3.7365065
4.0,3.429307
4.0,3.2367802
4.091800000000001,3.9667788
8.3605,6.334011
16.8061,16.468346
23.1360128401328,24.846806
29.306942675779915,30.66017
33.538814075296685,35.019104
34.8448,35.423622
31.8613,31.722267
26.032,25.332554
17.999499999999998,17.048126
9.4162,8.848778
4.275399999999999,4.2265987
4.0,3.5803118
4.0,3.4314365
4.0,3.2686567
4.0,3.0834713
4.0,2.9675617
4.0,2.7661457
4.0,2.795908
4.0,2.9097013
4.0,2.7414846
4.0,2.5528278
4.0,2.7911482
4.0,3.0949259
4.137700000000001,4.1088753
8.452300000000001,7.35081
15.404869398871105,16.551346
21.64174133166704,24.133713
27.94697923790215,29.851952
31.61757050187945,33.527504
32.27536238499358,33.49141
29.53378341666042,30.526148
23.305396130725665,24.528534
15.210557669201936,16.41977
8.411732713244266,8.493978
2.722923310268449,4.2130947
1.2196957028222748,3.5420637
0.36111626476097314,2.5797396
0.021729251120945037,1.9039831
0.6649354127734295,1.3931522
2.849559293871776,2.5254517
4.0,3.4747286
4.0,3.595193
4.0,3.6444845
4.0,3.5591488
4.0,3.208724
4.0,2.7923288
4.0,2.8053303
4.137700000000001,3.7430162
8.2228,6.591288
16.4389,15.643351
24.2419,23.728937
30.7138,29.483412
34.202200000000005,34.345497
34.4317,34.40159
31.494100000000003,30.527845
25.7107,23.546965
17.8159,15.687244
9.4621,8.483404
4.3213,4.2395887
4.0,3.6426907
4.0,3.6727648
4.0,3.4670982
4.0,3.5222578
4.0,3.6645107
4.0,3.7176714
4.0,3.6179228
4.0,3.534459
4.0,3.417677
4.0,3.205864
4.0,2.8506126
4.0,2.747363
4.137700000000001,3.3397903
8.3146,6.7022257
16.393,16.082878
22.406009164103693,24.036074
28.77069441329416,29.696657
31.864041969918723,33.858353
31.506849050924842,33.64108
28.281162765798506,29.631233
22.63188859496001,23.122154
15.0123188003536,15.480221
8.293267509019564,8.344144
4.3671999999999995,3.9445772
3.7282267598056436,3.3535814
4.0,3.3541346
4.0,3.48777
4.0,3.7108374
4.0,3.7939482
2.7325262452004164,3.7649775
0.9908240274511044,3.2934132
1.040184699087936,2.4441586
1.167753385448087,2.5728083
1.4001903882378084,2.586999
3.6760826183489854,2.5549583
1.5058323021678621,2.9322119
2.9376779751137594,2.1676712
7.1212,3.078311
12.8587,8.916437
17.22735635457686,16.577768
27.147753990357664,25.359673
30.399265771363183,30.960749
30.953833937801967,31.797668
29.257041153319292,29.503572
24.57308248674109,24.001842
17.470733854428033,16.143547
9.5998,8.511609
3.1118419704699267,4.013281
0.20422750425570868,3.2440214
0.34061438816037715,1.5021591
1.9358757424315751,1.8489237
2.3013132171331847,3.1571712
4.0,3.2799263
4.0,3.5478325
4.0,3.5704489
4.0,3.347742
4.0,3.0599775
4.0,2.8955984
4.0,2.8173113
4.0,2.8530436
4.137700000000001,3.990821
8.4064,8.133953
16.4848,16.520063
21.40206944814361,24.184374
28.82262951209414,29.31103
32.75355095239583,34.566444
32.54629193245375,34.930847
26.95832222222223,31.282495
22.17650916410369,23.048363
15.583253489006603,15.853065
8.7736,8.265818
2.5414391841440143,3.9022903
0.004236235814396139,3.2254438
1.7014398074929655,1.1110525
0.0,2.6776276
4.0,1.6608582
4.0,2.4251137
4.0,3.4471102
4.0,3.549716
4.0,3.4304733
4.0,3.1935453
4.0,3.773903
4.0,3.7902985
4.0,3.907465
4.137700000000001,4.03203
8.4064,7.379989
14.995658355239224,16.217243
21.772636537671595,24.017048
28.533816277003652,31.258524
33.94228534150218,35.411125
34.5235,35.951538
31.723600000000005,33.210407
26.123799999999996,26.030014
18.3208,18.047985
9.8752,9.720722
4.459,4.705405
4.0,3.312025
4.0,3.6193924
4.0,3.9286842
4.0,3.9925709
4.0,4.098794
4.0,4.0970907
4.0,3.67278
4.0,3.9201384
4.0,4.0226564
4.0,4.023924
4.0,4.073017
4.0,4.376964
4.1836,4.974647
8.8195,8.044222
16.114091932453746,17.25916
22.611295752103448,25.269459
29.305828672957105,32.06733
32.96768463969011,37.152565
33.127245001899645,38.117428
29.833459799057202,34.323013
23.45698624404728,26.877674
15.05282717647038,17.586857
6.273793568507943,8.711938
2.0251347985478283,3.551053
4.0,3.5404425
4.0,3.634985
4.0,3.8810759
4.0,3.7643604
4.0,3.4366817
4.0,3.8533297
3.7362713041574303,3.9189873
2.355331427208302,3.3578577
2.074941969918722,2.715989
2.2864429366862957,2.4960423
1.058888594960008,2.0774822
1.1374815410993442,1.2696772
1.8532712395549567,2.6619387
6.7999,5.7732944
9.775800230744206,13.169714
14.714850952395825,17.619535
21.578545462489707,24.786438
25.55568253375014,28.46173
22.3533,28.301256
20.2419,22.250057
12.4848,17.7335
10.0521,9.271159
5.3163557739665075,5.7164955
4.459,3.847784
2.4435358939314256,3.8632193
3.7027946165080188,3.2915192
3.45814932385624,3.7469006
4.0,3.5598602
4.0,3.8625774
4.0,3.9790993
4.0,3.3723392
4.0,3.710226
4.0,3.998108
4.0,4.049077
4.0,3.8667374
4.0,3.9719887
4.1836,4.075938
8.9572,7.6365547
16.121867257116836,16.31519
24.549697186572217,24.972591
32.2744,31.812744
35.854600000000005,35.680435
36.1759,35.78705
33.1924,32.81926
27.409,25.680317
19.2847,18.185116
10.426,10.051996
4.5508,4.630759
4.0,3.8782768
4.0,3.9311657
4.0,4.0716505
4.0,4.186466
4.0,4.280217
4.0,4.276394
4.0,3.9964104
0.0,2.325776
0.0,2.0363894
0.0,1.2568846
0.0,0.9517069
4.0,1.6921387
4.2295,3.4749155
9.1408,8.068605
17.999499999999998,18.224056
26.5369,26.364948
32.917,33.138817
36.4972,36.588066
36.8185,35.967476
29.835,32.19918
23.868,25.411674
15.6519,17.04382
10.6555,7.9867764
4.5967,2.5854425
0.0,1.8502245
0.0,1.1240244
4.0,1.1742134
0.0,1.7376404
0.0,1.5963211
0.0,0.85457706
0.0,0.78945446
0.0,1.1378899
0.0,1.1386938
4.0,1.582241
0.0,1.737793
0.0,1.65907
0.22949999999999982,2.6493301
5.2326,5.6826825
18.0454,15.447556
26.5369,25.237785
32.917,33.64792
36.4054,37.45319
36.6808,36.376076
29.7432,31.99973
23.8221,24.810535
15.6519,16.709023
10.7014,8.042445
4.6426,2.7706633
4.0,1.7820005
0.0,1.4922152
0.0,1.4342556
0.0,1.2397919
0.0,1.2350979
0.0,1.2370939
0.0,1.4992323
0.0,1.2634859
0.0,1.5585852
0.0,1.674243
0.0,1.8081112
0.0,1.8957071
0.22949999999999982,2.9857826
5.1408,6.474839
17.8159,15.954161
26.123799999999996,25.027882
32.458,33.33004
35.9923,37.24981
36.3595,37.343105
33.4678,33.403458
27.5467,26.68961
19.4224,18.129269
10.1506,9.546775
4.6426,4.305872
4.0,3.7106352
4.0,3.5771923
4.0,3.7814255
4.0,3.7782516
4.0,3.6651554
4.0,3.7651882
4.0,3.633747
4.0,3.6464462
4.0,3.5676546
4.0,3.663704
4.0,3.9114037
4.0,4.181034
4.275399999999999,4.2484303
8.679761467101216,6.6257005
15.134776014493925,15.806921
21.28618370385653,23.943169
28.990059571306745,30.654728
33.6325740662256,35.950798
34.38985122599224,37.401775
32.23847576927726,33.90622
26.98412679483005,26.864742
19.435804785375662,18.30569
10.9309,10.9839
4.6885,4.8898344
3.4490005416257947,3.8624372
2.277309094748924,3.5907736
1.8498891406145166,3.1511965
1.526851305477166,3.1030397
0.8674082108408161,3.052146
0.8019081486439905,2.7265177
1.97824965079365,2.8771944
3.8698103321549695,3.7910137
3.8698103321549695,3.9746046
2.9297042030511964,3.9913034
3.0606910450719997,3.5707092
3.8427082189928825,3.6696615
2.906841741417338,4.526766
7.986877965630207,7.539533
16.03347020875845,16.85349
22.637340145010484,25.32891
29.1150372286858,32.436584
33.17018469908794,38.471172
30.547672081422647,37.198997
28.83111054328773,33.36631
26.20797106545312,27.079231
17.64993885644886,19.561865
9.613895170903415,10.831698
4.7344,4.5200887
2.8115923549551347,3.6711645
2.3495657480711696,3.473627
3.3916760828432455,3.360815
4.0,3.6610298
2.9445792617743844,3.8709202
2.1551559878843882,3.5761957
3.1300448558528355,3.2091284
2.1956307835352717,3.6041927
0.39183526244103994,3.012846
0.5418723168895614,1.4780636
1.026889735319367,2.3280735
4.0,2.387105
3.1917507002837873,4.356408
7.607633810331414,6.7231264
15.39087020875845,15.28036
22.47117851129624,24.686827
28.82607002131978,32.155376
32.66822654725836,36.400734
33.592178564333366,36.76042
31.91146725711684,33.98664
27.363100000000003,27.144777
19.1011,18.709148
10.402336134024605,9.670075
4.437193650793651,4.266824
2.346107300730017,3.5672064
1.4690249552638495,3.1590986
4.0,2.674265
4.0,3.6239843
4.0,3.8582354
1.1020308514739199,3.7689133
4.0,2.1743279
4.0,3.9984617
4.0,3.6182165
4.0,3.7002497
4.0,4.139307
4.0,3.79819
4.3213,3.9439554
9.6457,8.269724
18.5962,19.340006
26.862254029873696,28.246696
33.5596,35.504765
37.0939,39.08322
37.507,35.472946
34.615300000000005,32.206318
28.786,25.798088
20.5699,17.327353
11.4358,9.155345
4.8262,3.0778332
0.0,1.1464987
0.0,0.34502888
0.0,0.3108139
0.0,0.53028107
0.0,0.8704624
0.0,0.7630234
0.0,0.80502224
0.0,0.5655546
0.0,0.56261253
0.0,1.2672043
4.0,1.6197042
0.0,2.202653
0.3672000000000004,2.883974
5.967,7.2339997
19.1011,17.640076
27.7303,27.257336
34.202200000000005,35.372208
37.7824,38.706867
38.05779999999999,38.46284
34.9825,34.507885
28.923700000000004,27.259253
20.6617,18.587654
11.4817,9.836726
4.8721,3.6184196
4.0,2.0218897
0.0,1.6081886
0.0,1.161293
0.0,1.407649
4.0,1.485363
4.0,2.126975
4.0,2.845871
4.0,3.2237873
4.0,3.0632734
4.0,2.7640743
4.0,2.7103958
4.0,2.743455
4.4131,3.2508354
5.9211,7.724982
18.8716,17.903511
27.2713,27.242191
33.6055,35.457615
37.1398,39.003677
37.4611,38.26226
34.477599999999995,34.146484
28.418800000000005,26.154537
20.3863,18.933025
11.4358,10.213413
4.918,4.78784
4.0,2.7411146
4.0,2.6470585
4.0,2.4762897
4.0,2.7956448
4.0,3.4672155
4.0,3.6655684
4.0,3.6458063
3.70279365079365,3.2868214
0.8825536625760133,2.9617481
2.782313288848096,1.3322067
2.7095528645091242,2.5443802
2.3415004639830688,2.876131
1.6750496879876113,3.6945639
6.103151699170999,6.7805305
14.82179280758036,15.617535
21.8943,24.977768
29.327727176470383,31.200933
36.24544385819615,35.752922
37.1398,35.829376
34.3399,31.512619
28.510600000000004,25.364632
20.4781,18.184647
11.5276,10.30375
4.918,5.0753226
4.0,3.6497126
4.0,3.4381552
4.0,3.5613356
4.0,3.5434675
4.0,3.4815168
2.2284131109305108,3.6730804
0.5793261331424961,2.7427607
0.009917953253957279,2.1552382
2.014334470869814,1.4241686
1.3487797153826246,3.068674
1.9358757424315751,2.4530897
4.0,2.8080025
4.459,4.092947
9.47062003976205,7.958866
15.576241536293384,17.413015
23.7655820320387,25.110723
29.99405134381817,30.997292
31.7628,32.455944
30.55888763315445,32.439537
27.3946007447312,27.907888
23.41975122599224,23.040485
16.67061232240891,16.59209
8.452300000000001,9.001614
4.9639,4.296686
4.0,3.464635
4.0,3.350236
4.0,3.396885
4.0,3.4583673
4.0,3.680481
4.0,3.7132044
4.0,3.8885517
2.120498937056677,3.8682642
0.8817100685308024,2.5213318
1.1862217593651376,1.9910307
0.9838338326959235,1.9575853
0.30988370385652964,2.2144222
0.41548576888315836,2.3417768
6.613134150029215,5.520813
15.059086222222222,17.101416
23.495629637081866,24.762312
29.9268,31.340233
32.7726,35.009995
33.0939,36.525
29.376000000000005,33.420364
24.93065195105195,25.970547
18.22995886420648,19.233383
11.23561436311249,11.373548
3.4872696989232566,4.2809305
0.2763691121945424,3.3817291
0.01686021108725555,2.1801987
0.2715824906983997,1.5362015
0.7750227643877032,1.974266
3.18080288339306,2.7303286
4.0,3.8903217
4.0,3.9569492
4.0,4.0082636
4.0,3.9240036
4.0,3.2732706
1.7014398074929655,3.2619133
0.8817100685308024,1.8891802
0.95889781549376,4.098675
6.619069823027378,6.812731
9.508,13.649487
13.0423,17.491581
20.2486,21.98839
21.71936574807117,26.452679
24.01617253481434,27.869
34.0978893032885,33.362125
29.107300000000002,32.098454
20.983,22.355518
11.35948846996367,12.687486
5.0557,5.034267
4.0,3.7257328
3.3670195812495045,3.6340904
3.3605419009669966,3.6928797
4.0,3.7284584
4.0,3.9222078
4.0,3.869111
4.0,3.8352108
4.0,3.9160461
4.0,3.8354092
4.0,3.7420464
4.0,3.5866947
4.0,4.3663697
4.5508,3.5473528
10.1506,6.484856
16.97269838739909,18.997313
22.724167199906827,27.477257
30.439362384993572,32.807373
32.846833722267846,36.92466
32.40447106545312,35.271576
30.477877965630206,31.902048
28.510600000000004,25.514761
19.6978,18.406836
9.6584445821505,9.976512
3.3225431912729757,4.3770785
2.0671966511848137,2.5499382
1.3613333519651807,2.5645943
4.0,2.502964
2.257936538037608,3.5211897
0.6734580623631832,2.3262358
4.0,1.5368395
0.3944824241021152,3.553835
4.0,1.1565351
4.0,2.857603
4.0,2.6348486
4.0,2.6854763
4.0,1.6847467
4.5049,3.315113
5.6916,7.2760434
16.760199999999998,15.735892
21.9469,25.832193
18.9175,26.985489
28.1434,29.954285
35.212,37.105843
33.8809,35.368797
28.4647,25.961853
19.6978,16.993021
11.2981,9.703901
1.0556999999999999,4.039235
0.0,1.1190863
4.0,0.5367861
0.0,2.9694433
4.0,1.1476965
4.0,3.3565693
4.0,3.2627087
4.0,3.7118263
4.0,3.8991442
4.0,3.8406134
4.0,3.945406
4.0,3.5737333
4.0,3.7705479
3.156512540877779,6.175501
7.518915567020624,10.295101
15.606,17.925268
23.9139,25.316673
30.4317,31.545752
33.966,35.82704
34.27551377688777,37.08177
31.12543311317046,34.22319
26.07880358412039,24.864916
19.2847,18.331917
8.8195,9.987379
5.1016,3.7775984
4.0,3.3704433
4.0,3.4015083
4.0,3.4162169
4.0,3.7173939
4.0,3.7846289
4.0,3.9908266
4.0,3.677064
4.0,3.3353014
4.0,3.8142881
4.0,3.4340372
4.0,2.9686108
4.0,3.391016
4.6885,4.2603683
10.8391,7.421405
19.63009365079365,18.350891
27.19557656126011,27.582653
34.8448,33.61492
38.1496,37.90553
35.212,33.787224
32.0449,30.522734
29.015500000000003,27.655542
21.3502,20.550085
12.2161,12.123777
5.2393,5.0173783
4.0,3.9457808
4.0,3.8565655
4.0,3.9011574
4.0,4.005265
4.0,4.08101
4.0,4.1202116
4.0,4.143525
4.0,4.184285
4.0,4.096299
4.0,3.9873133
4.0,3.7138977
4.0,3.7586832
4.7344,4.3424783
11.0686,9.035128
18.09717117026877,19.054274
26.34682495526385,27.496069
33.30827229801382,34.848244
37.15775599033331,38.92617
37.5698902630784,39.417656
34.97587797511376,37.11869
30.1171,30.2168
21.8551,20.53125
12.5374,11.942397
5.3311,5.2632847
3.480400784886564,3.9283094
2.849559293871776,3.7313242
2.9607214148686065,3.656519
3.70279365079365,3.821989
2.6386214320648502,3.9650517
3.008071847806759,3.738636
3.536892634069199,4.089056
3.661418448158132,4.2134657
3.3088576627105724,4.3329754
3.5659101484303033,4.1620064
4.0,4.0317
4.0,4.0640373
4.7803,4.987896
10.82577621333134,8.808422
17.893555418160254,18.857183
25.6852596723353,27.770252
32.31362598382973,34.988365
36.7643597990572,39.385284
39.31258534150218,40.29711
36.4513,36.466026
30.5302,30.116947
22.1764,20.960037
12.7669,11.505884
5.377000000000001,4.7223587
4.0,3.7979612
3.262567695377438,3.8479795
2.816482486741089,3.5131254
1.996812277898682,3.6089935
2.959478499553633,3.2342844
3.0808147144319573,3.8505402
3.3088585598534017,4.05579
1.121075900818422,4.170602
2.645806110071037,2.8368435
2.9793825917315733,3.5497665
4.0,3.0407572
1.058888594960008,3.0515556
4.530331323415296,2.3459558
11.2522,9.366354
18.192119768729512,19.735426
24.872285206052457,26.890894
30.858642263306784,33.77204
34.60657466212161,38.328087
35.47023583563313,33.67015
30.062147208283456,31.106262
18.79478004084928,23.641521
17.136853586305257,13.432108
10.022305344217166,10.435687
2.4980759008184226,4.560898
1.1862217593651376,3.7123556
2.246566008175906,3.3161755
1.3478152636920697,3.3737383
0.41853646119752064,2.8947868
4.0,1.7076292
4.0,3.7337742
4.0,3.8013525
4.0,3.9531918
1.6734723581721838,3.2363071
2.6890532801479896,1.7145443
0.47413581453190545,2.6860304
1.0277742824696947,0.624279
1.0242372286857968,3.0382185
7.224312355662818,5.8149514
16.393,14.253465
24.770332846822345,24.108265
32.00519199795191,32.644554
35.95115470556965,36.138702
35.06365086196482,36.741714
31.210987179004647,30.279272
23.75610393710002,25.749548
19.024478499553634,17.11167
11.6653,9.306572
2.077918461367764,4.8538194
0.056667008614793346,2.158661
0.08299047827919814,1.4542418
0.44025957130674165,1.5206318
2.1104710654531207,2.168851
4.0,3.1739721
3.564590326425602,3.6488695
0.6960844759950717,3.4694805
0.07093021971606994,1.4658566
0.9096793028761532,0.44864082
1.189926882625329,1.6457567
4.0,1.4709234
1.7599197687295085,3.3596354
0.4131,1.6309128
5.0557,6.1896763
7.258900000000001,7.9227543
4.452300000000001,11.97728
4.865399999999999,10.641328
13.5472,19.865007
23.0485,21.83287
27.9598,21.737324
15.3373,21.316929
7.7638,12.026796
7.1212,7.304616
4.5967,4.097004
4.0,3.869505
4.0,3.276371
4.0,3.0472898
4.0,2.936036
4.0,2.2372522
4.0,1.5169287
4.0,1.7723532
4.0,2.9219027
4.0,3.239828
4.0,2.357665
4.0,1.4421768
4.0,0.8478832
4.275399999999999,1.818366
5.1934000000000005,4.331826
7.6261,7.219349
10.426,11.216032
19.0552,13.398892
16.4848,22.934103
23.5075,21.503336
26.9041,24.114328
29.4745,29.59281
21.0748,20.923769
10.566213475919849,12.100716
5.1934000000000005,4.602024
4.0,3.4836597
4.0,2.9917202
4.0,3.4433918
4.0,3.1456213
4.0,3.8765965
4.0,3.7289228
4.0,3.6384878
4.0,3.4380245
4.0,3.6259794
4.0,3.6433582
4.0,2.9729614
0.0,3.113348
0.5508000000000006,3.2953434
10.3342,5.735391
15.7963,15.818384
17.448700000000002,20.313702
22.218591549718923,19.859262
30.705879870159848,31.738194
32.34692654725836,28.917807
29.780050333261464,29.681187
23.64757462830472,20.849133
15.151045838435945,16.608389
8.305874662121612,9.215176
4.777658559853401,3.37599
4.0,4.211894
4.0,3.8999062
4.0,4.0951395
4.0,3.9320784
4.0,3.70469
4.0,3.9645271
4.0,4.084423
4.0,4.156994
4.0,3.9933147
4.0,3.5160265
4.0,3.768402
4.0,4.181738
5.1475,5.8882174
11.960730406183432,10.124256
20.01920916410369,19.369768
28.692953246892273,28.92156
37.3693,34.245056
40.94949999999999,38.666634
41.178999999999995,39.30504
38.0119,36.181313
31.907200000000003,29.231503
23.4616,21.650589
13.7308,13.979886
5.7442,6.4223647
4.0,3.8411808
4.0,4.002434
4.0,4.0540876
4.0,4.1708384
4.0,4.225092
4.0,4.188367
4.0,4.239334
4.0,4.2333117
4.0,4.1453648
4.0,3.6254253
4.0,3.7166357
4.0,3.6531906
5.2393,5.8822618
9.993338222478366,11.075113
18.0387,18.951618
26.5302,26.334404
32.87347462830472,33.931442
36.42377101595247,37.897594
37.22082882196561,39.0315
35.755846697520305,36.66855
25.370991088399386,29.628763
19.48437656126011,18.188679
12.5374,10.867077
5.5147,5.0645356
4.0,2.822812
4.0,2.8653154
4.0,3.358737
4.0,2.8391037
4.0,4.04585
4.0,4.126487
4.0,4.071347
4.0,3.7584438
2.219353586305255,3.434989
1.574232278996318,2.6710663
4.0,2.7303305
4.0,3.8167133
5.3311,4.73236
12.7669,10.904132
22.2682,21.36486
31.0351,30.226025
37.2775,37.7105
39.6184,41.597134
35.3497,39.796288
32.1826,34.50274
26.9959,28.489862
20.983,20.609638
8.8587,11.024949
1.7441999999999993,3.038763
0.0,0.37444687
0.0,0.78265953
0.0,0.45208263
0.0,0.9982605
0.0,0.9706087
0.0,1.0392838
0.0,0.6784878
0.0,0.35362244
0.0,0.16571903
0.0,0.30392933
0.0,0.563756
0.0,1.1682177
1.4229000000000003,3.21488
9.2259,9.40742
19.1862,20.574572
27.999,28.78779
34.6086,35.152054
38.1429,37.24488
38.3724,36.95456
35.1594,32.295605
28.8711,26.273333
20.1501,18.697025
10.1898,10.525719
1.9277999999999995,3.063795
0.0,-0.2041502
0.0,-0.15254402
0.0,-0.19312286
0.0,-0.4516039
0.0,-0.52770615
0.0,0.027147293
0.0,0.5544052
0.0,0.80413723
0.0,0.30853844
0.0,0.32174587
0.0,0.74310875
0.0,1.6551495
1.4687999999999999,3.6444101
9.2718,9.732306
23.2321,18.16082
32.0449,29.00324
38.56269999999999,37.62299
42.1429,40.742317
42.3724,40.4925
39.1594,37.13028
32.825199999999995,31.023546
24.1042,22.926338
14.2816,12.908705
4.061942675779916,5.6743793
0.7628957521034447,3.6412134
0.9362000261360102,2.648306
0.44025957130674165,2.8022318
0.5979578903415348,2.5159168
2.004472298013818,2.8461714
3.1693597241731855,3.6847906
2.7349481811669474,3.897048
4.0,3.8263397
4.0,3.5582457
1.651822427950222,3.4819412
0.02477268451458947,2.4555798
3.376096415378802,2.1962624
5.560600000000001,4.9320397
13.4554,9.64383
21.6792314272083,20.324265
28.92228020814529,29.162743
35.56842882196561,36.44718
39.1546353818975,40.635406
39.96891419195089,41.025253
38.4709,38.23149
32.1826,31.43967
23.6452,22.246223
13.9603,13.223039
5.9278,5.839902
3.70279365079365,3.8197565
4.0,3.740755
4.0,3.7912846
3.501386388631241,3.9001598
4.0,3.76058
4.0,3.837659
4.0,3.931899
4.0,3.974677
4.0,4.036703
4.0,3.950163
4.0,3.6011343
4.0,4.20586
5.6524,5.4806514
13.639,11.6688385
23.5075,23.367973
32.2744,32.231552
38.792199999999994,39.65794
42.3265,42.959328
42.3265,42.93974
38.9758,39.951756
32.6416,32.269955
23.9206,22.775047
14.1898,14.321289
6.0196000000000005,6.221067
4.0,3.5614014
0.8850858384468374,3.536149
0.4734372286857962,2.4416342
0.4931141363393703,2.3729563
0.966427187599086,2.7223597
0.0,2.7314262
0.0,1.1667385
0.0,0.94093704
0.3944824952106849,1.0250387
0.6921671999068248,1.7237549
4.0,1.7931604
4.0,3.3833666
5.698299999999999,5.117476
13.4554,11.883921
21.904769679551887,22.106571
31.7695,30.08121
37.65098638863124,37.902916
40.20623227065637,41.097527
40.55427184780676,41.167747
37.04529051912424,38.48114
31.26139190304471,31.90259
23.5534,22.582136
13.9603,13.798975
6.0196000000000005,5.7968154
4.0,3.788868
4.0,3.7188158
4.0,3.7435331
4.0,3.5570498
4.0,3.4157572
4.0,3.8250666
4.0,3.6066818
4.0,3.0994759
4.0,2.633479
4.0,3.0433645
4.0,3.1353664
4.0,3.5813131
5.698299999999999,5.7549853
13.3177,13.286985
22.7731,22.6596
31.2187,31.363548
37.5529,38.534626
39.8938,38.594032
40.99539999999999,41.623688
37.8742,38.115356
31.7695,30.732061
23.4616,21.93198
12.8128,12.811734
5.716667458612626,5.079611
2.2454308971014836,3.6510534
2.6314425139886737,2.7500181
4.0,3.2287836
4.0,3.8293343
4.0,3.8822346
4.0,3.8597565
4.0,3.5619326
3.779266629195181,3.7623224
4.0,3.8649817
3.831885341502179,3.7921886
0.9908240274511044,2.710723
0.18941228138151267,1.73456
2.0314141764208618,4.681708
10.91496737791876,11.330106
19.239051951051948,21.604412
27.612253125462395,27.991001
33.6906,35.01631
37.0872,37.718704
35.44022577450624,34.955605
28.152990367140177,32.487953
22.847735835633127,25.505817
16.343588896560014,20.534248
8.163138308720018,12.492901
5.9737,5.943298
3.3670195812495045,3.862317
4.0,3.632925
4.0,3.360506
3.1553910883993854,3.5261946
3.024326794830051,3.2847195
4.0,3.6261482
4.0,3.9487524
4.0,3.664012
4.0,3.8640985
4.0,3.8711157
4.0,3.858779
4.0,4.2258024
5.9278,5.0262218
13.9144,12.162928
23.5075,23.809437
31.723600000000005,33.910248
37.5529,38.292732
40.1692,42.901443
41.178999999999995,44.5065
37.8742,39.824116
31.6777,29.567087
21.7174,19.382063
13.5013,11.725243
5.881899999999999,4.9791675
4.0,3.8019686
2.9607222491543403,3.4891129
2.074941969918722,2.6683207
3.8535412115731376,3.3205547
4.0,3.5291977
4.0,4.004387
4.0,3.27804
4.0,2.9402428
2.219353586305255,2.6058922
0.10526577136318416,0.9063864
1.6323124647666472,1.2386065
4.0,2.1647034
6.0196000000000005,5.001337
12.975091045072,13.1842985
19.77681626476097,22.667812
23.81279052355095,30.453249
31.999000000000002,37.01146
37.91419149364746,32.978683
38.37782577450624,39.027916
35.58562305438841,38.42277
31.3564,33.049007
17.19244696657285,20.134777
11.2981,10.567906
4.933998295093726,2.4327621
4.0,3.1483002
4.0,3.8586369
4.0,3.7778387
4.0,4.023511
4.0,3.9507961
4.0,4.1061354
4.0,4.1320753
4.0,3.796877
3.4333352899456724,3.0505219
0.9908240274511044,1.6474285
1.1283584476155983,1.3898811
0.6182784225091531,1.0197573
4.0931757424315744,4.584139
11.932459799057202,12.46228
20.58604133166704,22.496021
29.81738919578379,31.643976
36.37047971538263,38.612514
38.84921111453771,41.105858
38.61668817926012,40.865116
34.86972482535693,38.244896
30.4384,31.32668
18.7339,20.250046
12.4456,9.890315
4.842429305799389,4.4331923
1.7820124612325845,2.8118496
4.0,2.400218
4.0,1.9980907
4.0,3.0978813
4.0,2.177229
4.0,1.8162203
4.0,2.7674112
4.0,2.9051409
4.0,3.188468
4.0,3.6509066
4.0,3.4079819
0.0,3.694479
2.2032000000000007,5.2491846
14.3734,11.229206
23.8747,22.175156
31.310500000000005,28.823574
35.854600000000005,37.25252
38.1955,38.92594
38.4709,38.135628
35.9464,34.760155
27.07814758272448,30.277369
18.8257,20.652845
11.103850861964816,11.502899
4.3240419699187225,5.013863
4.0,3.4602957
4.0,3.769495
4.0,1.9659023
4.0,2.6504745
4.0,2.8260746
4.0,3.2827024
4.0,2.9305668
4.0,3.2165966
4.0,3.477888
4.0,3.748951
4.0,3.9444733
4.0,4.026519
6.3409,5.519361
12.490253246892271,13.06858
21.197712461232584,22.50642
29.27022744502751,31.469397
35.51407315228651,36.189888
38.40903765079366,39.425114
38.84528914061451,40.735962
33.4678,39.105423
31.402300000000004,29.226027
23.8747,22.401756
14.7865,14.323981
6.3868,6.9730573
4.0,3.860258
4.0,3.6738052
4.0,3.7416143
4.0,3.942155
4.0,4.020547
4.0,4.1041546
4.0,4.0704756
4.0,3.992216
4.0,4.1292763
4.0,4.207346
4.0,4.380068
1.3324197803211,3.7892456
6.4786,5.126736
12.503541153319292,13.463118
22.38027061512431,22.486702
32.89876199167801,31.923132
38.1037,39.509827
39.1594,43.011658
39.6643,41.47283
38.1955,37.130943
31.4482,30.237797
24.1042,21.645908
14.6488,13.52024
6.4786,5.3907833
4.0,3.266615
4.0,3.7141085
4.0,3.7843199
4.0,3.8883448
4.0,3.8903065
4.0,4.0835648
4.0,4.100707
4.0,4.0664854
4.0,4.048586
4.0,3.6802359
4.0,3.0886536
4.0,3.7863522
6.7081,6.3545785
13.646828237062836,14.040186
24.413726794830048,23.197716
34.1104,33.21415
40.3069,40.443985
43.5199,43.66877
43.474,43.31108
40.0774,38.75962
33.6973,32.488388
25.0222,23.674664
15.1537,14.311977
6.570399999999999,5.6912575
4.0,3.784811
4.0,3.5816288
4.0,3.655013
4.0,3.9104595
4.0,3.9855251
4.0,4.0670223
4.0,3.9329681
4.0,4.0190935
4.0,4.1101303
2.355331427208302,2.9124212
1.4690249552638495,1.9260082
0.8158683428021263,2.2377949
6.524108264264243,4.5328474
15.475,14.235049
22.66174790766592,24.285236
31.72765122599224,32.26756
39.13728212103524,40.360313
43.7035,43.402477
43.61169999999999,43.226074
40.0315,39.2759
31.7695,32.849125
23.5075,23.65421
14.6029,13.635555
6.5245,5.3418384
4.0,3.6895218
4.0,3.5092535
1.6077757231312901,3.5305243
0.32232890009296256,2.5394592
1.0481880630295244,1.7243357
4.0,2.8469791
4.0,3.6362553
4.0,3.7383966
4.0,3.7785397
4.0,3.9635763
4.0,4.103407
0.6243386332574694,3.6452742
2.9763549383841266,4.592582
11.58919745820726,12.054933
21.3435,22.48562
30.42706409943036,31.586868
37.95828717900464,39.446793
43.5199,42.693306
41.8675,42.502007
37.048,37.59368
30.759700000000002,31.023415
23.6911,22.09124
14.6488,13.306342
6.6622,4.7875943
3.111079661954223,3.884839
4.0,3.5122662
4.0,3.752493
4.0,3.6004353
4.0,2.576765
4.0,3.5476856
4.0,4.0090685
4.0,4.14635
4.0,4.119213
4.0,4.07724
4.0,3.9678993
4.0,4.2886496
6.983499999999999,6.1190357
14.31802241403399,14.297845
23.29437364860608,24.455694
32.9764510954911,34.6821
40.4446,41.462242
43.7035,44.1145
41.2708,43.351524
37.2316,38.23548
33.0547,30.119654
25.0681,22.502062
15.1996,14.019375
6.754,5.777505
4.0,3.2775278
4.0,3.1033592
4.0,3.7475681
4.0,3.6118994
4.0,3.904007
4.0,3.8892584
4.0,4.037138
4.0,4.1922417
4.0,4.2068157
4.0,3.7093458
4.0,3.302247
4.0,3.7098808
7.1212,6.7791805
15.7504,15.225476
23.65804992233072,25.758188
33.09254214882876,34.768684
40.0774,41.711796
41.683899999999994,44.0407
39.5266,39.197403
35.8087,36.70192
30.759700000000002,30.709871
23.1862,22.073479
13.9603,13.813547
6.754,5.518427
4.0,2.990327
3.70279365079365,3.6696463
1.589451086665747,3.723835
4.0,3.233945
4.0,3.919345
4.0,3.9092255
1.5530046150026457,3.8737507
0.7725926440808646,2.7880697
0.6129903671401724,2.36374
1.27992678038264,2.2210922
2.1004595867281726,2.809451
1.0490785643333655,3.38733
4.956622427950221,4.4918694
13.382746966572848,13.93483
22.56617119229065,24.306602
32.66481565871796,32.84929
39.614891547310876,40.05609
42.625799775088375,42.53425
41.60647235817218,42.20215
38.167072081422646,38.880653
33.04010420305119,32.817974
25.4353,23.937897
15.5668,14.724547
6.8458000000000006,6.4229064
4.0,3.889966
4.0,3.7819014
1.2770829900472673,3.7315187
3.45814932385624,2.764948
1.4541853382377585,3.6732368
0.6688053063360258,3.1797266
1.0939007447311937,2.6343803
0.7572568938630813,3.0388002
0.01686021108725555,2.515438
0.0,1.3405533
0.2573587018296628,1.4303827
4.0,2.491107
7.396599999999999,6.5626736
16.2553,14.945857
24.4791314272083,25.074232
34.7071,33.259453
40.2124585598534,41.139687
41.97956998769575,43.60059
41.086045007861095,43.034706
37.55750124305968,39.395386
31.177481811024435,33.07916
23.04912641987534,24.03848
13.06140393710002,14.408129
3.6806738097442597,5.6623073
2.8054840553241274,3.4554777
3.3049924551002707,3.5270233
4.0,3.524805
4.0,3.8195143
4.0,3.6529312
4.0,3.8996878
4.0,3.9351225
4.0,3.861497
4.0,3.683611
4.0,3.670206
4.0,3.6747637
4.0,3.2079544
7.4884,5.7561755
16.347099999999998,15.705975
22.972427281234285,25.723595
31.75872882196561,33.0887
37.59341993603391,40.20616
40.48679168686175,42.376312
40.27586337179226,41.776405
37.58547856433336,38.23187
34.1104,32.30466
25.4812,24.373276
14.240692354955137,15.149557
6.9376,6.1914477
4.0,3.9140272
4.0,3.520688
4.0,3.5514812
4.0,3.580638
4.0,3.545514
3.901053403308442,3.6377325
3.2331058300038773,3.4376535
4.0,3.303958
2.5091990260599797,3.5482473
0.8315588098717406,2.6812372
0.6182784225091531,1.5885172
0.05581795325395689,2.1012335
4.036572837922998,4.0553284
15.042352101782829,13.448465
23.268287139679984,24.944603
33.00117106545312,33.168114
39.11956447849012,40.754932
41.159243995359546,43.367104
40.895678142128816,42.241478
38.70490553662155,38.41809
34.294,32.214622
25.527100000000004,23.821575
15.6127,14.357529
3.3805974397419796,5.93514
3.094674251819219,2.5755415
3.4124860497405862,3.171505
4.0,3.2056427
4.0,3.3719912
4.0,3.4980726
4.0,3.6278992
3.963786588690189,3.6335611
4.0,3.2062006
2.8128153770981363,3.2930632
4.0,1.8997393
4.0,3.280014
4.0459,3.7103739
7.672000000000001,6.6415253
16.5307,16.13731
25.710501463454293,27.017178
34.6612,35.418285
40.8118,42.336617
44.070699999999995,44.636536
43.88709999999999,43.801563
40.4446,39.36166
33.8809,31.437517
22.955360250598048,23.056871
11.78497173490795,14.094037
4.911483940423148,5.7932158
4.0,3.5666313
4.0,3.3461819
4.0,3.447402
2.40162331026845,3.5914183
0.472738958611032,3.0508986
4.0,2.4124746
4.0,3.5185957
4.0,3.3226814
0.0,1.5515003
0.0,0.17141533
4.0,0.6370821
4.0459,1.8443022
7.9933,5.3938828
17.2192,16.17782
27.2713,27.172564
35.9923,36.55777
42.3724,42.141647
45.8149,44.95768
45.8608,44.413452
42.3265,41.151176
35.671,34.21795
26.628700000000002,24.505455
16.393,15.929048
7.213,7.0066547
0.0,2.332384
0.0,1.0767355
0.0,0.8558216
0.0,0.6073322
0.0,0.96464825
0.0,1.3173838
0.0,1.3475399
0.0,1.3280191
0.0,1.3158226
0.0,1.7366648
0.0,1.4923973
0.09179999999999922,2.9625416
4.222800000000001,4.90013
17.586399999999998,13.36177
27.409,26.73596
35.3956,34.1566
41.22489999999999,40.03353
41.178999999999995,41.72348
41.4085,39.195274
36.0841,34.889526
31.7695,28.940657
21.0289,23.09113
12.7669,14.143342
6.7999,5.517128
4.0,4.1584225
0.0,2.8299818
0.0,1.8456135
0.0,1.880847
4.0,1.9821548
4.0,3.0690699
4.0,3.02907
4.0,2.845852
4.0,2.787487
4.0,2.8440056
4.0,3.392541
4.091800000000001,3.6298504
4.3146,5.398167
17.8159,15.241889
27.9598,26.404469
36.6349,35.957058
42.8314,41.114502
45.8608,43.020966
44.392,43.03476
42.0511,39.384735
34.615300000000005,32.595474
26.032,24.408363
16.2553,15.22612
7.3048,6.917396
4.0,3.7466297
4.0,3.3499918
4.0,3.5368214
4.0,3.786024
4.0,3.8147202
4.0,3.666894
4.0,3.5282078
4.0,3.5809746
4.0,3.4988708
4.0,3.6021442
4.0,3.9225454
4.091800000000001,5.1477947
8.452300000000001,8.162944
17.9536,17.036116
26.38389441329416,27.032701
36.6808,35.186775
42.9232,41.78438
46.0444,44.68109
45.6772,44.557602
41.913399999999996,41.374443
35.303799999999995,34.239464
26.353299999999997,24.885626
16.2553,15.068125
7.3048,6.1487107
4.0,2.9311743
4.0,2.8211832
4.0,2.9935703
0.0,2.947505
4.0,1.5458956
4.0,3.1841974
4.0,3.9130373
4.0,3.9990082
4.0,3.921751
4.0,3.9477158
4.0,4.428396
4.137700000000001,5.2292204
8.59,8.664471
17.27210288339306,16.948736
26.852304370031643,26.561848
36.9562,35.84049
43.1986,42.31208
46.2739,44.654945
45.9067,44.0354
42.1429,40.28515
35.441500000000005,33.487682
26.491,25.230259
16.4389,15.685537
7.396599999999999,6.8121777
4.0,3.741479
4.0,3.650834
4.0,3.7874308
4.0,3.8991547
4.0,3.9135857
4.0,4.043172
4.0,4.07714
4.0,4.0665665
4.0,4.0998745
1.651822427950222,3.9783812
0.34570808677965204,1.7029037
0.4853236339435334,3.9356556
5.798332319465577,6.5939355
16.31928562404711,15.642204
24.729438842320924,26.120285
33.096643540567555,34.373585
39.78483583563313,41.138374
44.40304356898722,44.183548
45.5395,44.105232
41.8675,41.490158
35.2579,34.855797
26.3074,26.161533
16.2553,15.749527
7.396599999999999,6.730048
4.0,4.0437927
1.709754705569651,3.8080597
0.5837814952022722,2.7158403
0.2733746621216113,2.1945763
0.06394817247411133,2.13342
1.6149194151134907,1.6595001
0.5245076565079803,3.9780722
0.0,2.9633055
3.783305846809105,1.7104406
4.0,3.3093204
4.0,3.5374002
1.5789142139608607,3.8107147
7.485690519124234,4.5135846
18.0454,16.647524
25.26670618340559,27.134533
33.80123126643823,34.735374
39.12373722349588,41.152245
42.0630791065587,42.90599
35.62696103175723,41.014313
37.51177599705067,37.33631
30.19145277705404,34.29725
19.14048394042315,23.041233
6.951539575214717,12.031513
6.5245,3.7816744
4.0,3.3740969
4.0,3.4714918
4.0,3.0576916
4.0,3.7684689
3.8847420330972238,3.9033089
4.0,3.6395016
2.9198004606883288,3.989521
3.8847420330972238,3.0800686
0.4246137893219917,3.4918976
0.0,1.5166807
0.0,1.1865826
0.6465935127496802,1.4576902
7.170581587416145,6.469559
17.999499999999998,15.959629
24.736247499265417,26.452215
33.145080458545294,35.299965
39.95575775300574,41.504112
43.90445198875572,43.516487
45.0346,43.59066
41.45439999999999,40.27686
34.890699999999995,33.10222
26.0779,23.381487
16.1635,15.184025
7.396599999999999,6.756159
4.0459,3.0410748
4.0,2.9032784
4.0,3.6706047
4.0,3.1380806
4.0,3.1238308
4.0,3.333706
4.0,3.9648361
4.0,4.320492
4.0,4.4537687
4.0,4.0318527
4.0,4.6607256
4.1836,5.3313494
8.9572,8.288497
18.229,17.6451
27.96324007869588,28.771729
36.5431,37.440414
42.6478,42.93345
45.6313,44.70523
45.2641,43.719746
41.638,40.530334
35.0743,33.408592
26.2615,24.4106
16.3012,15.928141
7.5343,7.492411
4.0459,3.7089481
4.0,3.249446
4.0,3.7647886
4.0,3.9713764
4.0,3.5127525
4.0,3.9024906
4.0,4.072487
2.4575591350333976,3.6971445
1.7557210562794303,2.5099468
4.0,2.4313345
4.0,4.2798777
4.2295,4.671067
9.049,7.005808
18.3208,17.241377
25.697413130839376,28.990631
34.945378827587675,36.029694
41.13348338917088,42.374138
43.8585794486042,44.238922
43.7675591350334,43.50776
41.31408261834898,40.9963
35.028400000000005,34.929295
26.2156,25.84372
15.917414363112488,16.0402
7.5343,7.1043983
4.0459,4.097785
3.951487302202951,3.7487411
1.0118862440472807,3.7388449
0.21538168767699695,2.9259853
2.4400352857576504,2.6043224
4.0,3.6784363
3.1604672329023575,3.770792
2.7640647472358726,3.6039524
3.4490005416257947,3.3596735
4.0,2.9972458
4.0,3.3898716
4.275399999999999,4.467464
9.049,8.012632
18.1831,17.794785
24.44643863325747,27.337944
32.70389183400808,34.002243
38.55581741034624,38.886345
41.35260301407416,41.933517
40.90207612405151,42.08824
37.388923633943534,38.457466
30.998079495857624,32.02245
22.01797204446921,23.730392
12.1176,14.678209
7.005533854428032,5.875851
4.0459,3.5226831
4.0,3.6507654
4.0,3.7165709
4.0,3.569293
4.0,3.8228807
4.0,3.9135628
4.0,3.8448095
4.0,3.8630733
4.0,3.817995
4.0,3.5336447
4.0,2.8126936
4.275399999999999,3.2689075
9.1408,7.823971
18.229,17.559576
27.7762,26.323381
36.0382,35.216263
41.913399999999996,41.3184
44.7592,43.36232
42.41614965079365,42.28047
38.27646935940222,38.631607
31.769886391425615,33.009743
23.002667827249475,24.539825
12.441312840013454,16.31915
4.593188594960009,7.328041
4.0459,3.5272589
4.0,3.9238968
3.901053403308442,3.4502573
2.273886326675653,3.400257
2.6950768455945173,3.2979212
4.0,3.5901651
4.0,3.7314625
4.0,3.721508
4.0,3.3995056
4.0,3.3220758
4.0,2.992012
4.3213,2.8628082
9.1867,7.5170183
18.1831,17.409573
27.684399999999997,26.607565
35.854600000000005,35.815434
41.27546400466453,41.54537
41.66535533655132,42.99814
38.79011451361586,40.58943
34.425,37.31653
27.523365717308,29.145035
18.077155418160256,20.715754
14.4193,13.250696
7.258900000000001,7.0651126
4.0459,2.9632702
2.4213864880512403,2.8797636
4.0,2.5933285
4.0,3.4913216
4.0,3.6442795
4.0,3.0866175
3.0493902222222236,3.4404478
0.6680306224914396,3.0420637
3.225433692449826,1.81184
0.6250972479789496,2.7104006
0.030965336158512713,1.2087708
4.275399999999999,1.3589916
7.3048,6.288445
14.0062,11.1350355
21.758686244047283,21.160868
31.876935412773435,31.00654
37.0514726322093,38.921257
40.59520785250793,40.984604
41.8675,43.33027
25.9861,30.423975
18.917562765798507,24.612003
16.0191,17.462868
8.55568041130541,5.542272
7.0294,4.591919
1.7587763673057673,4.23407
1.1815961307256657,2.559289
4.0,2.2002
0.0,3.0618439
4.0,1.5968313
4.0,2.079915
4.0,1.7209568
4.0,3.0610905
4.0,3.2847471
0.0,2.5261707
4.0,1.1890917
4.3671999999999995,2.3975773
9.049,4.9102488
17.9077,16.544725
27.363100000000003,26.431133
35.7628,36.05031
41.638,41.99263
44.392,43.46644
44.11659999999999,41.534836
40.3987,38.26088
13.028181047749692,20.434143
20.065,15.5029335
12.262,12.726469
3.3965999999999994,6.542759
2.772576109783964,2.0906963
4.0,2.4900885
4.0,3.0478563
4.0,2.9840736
4.0,3.7177496
4.0,3.5519896
4.0,2.307723
4.0,3.3752356
3.4229048659556423,2.9879408
4.0,2.5665283
4.0,3.7230043
4.4131,3.8270397
7.58241232240891,8.662872
14.785225830277662,15.713934
24.11813957521472,24.897354
32.26647987015984,33.777824
38.34682811032749,39.199436
41.25343884232092,41.619297
40.556002211516116,41.00059
35.97500325291652,38.17004
25.56456479701966,30.33062
19.50535598788439,20.323593
10.605132981008111,13.883297
3.6644046150026472,5.410195
1.2609286729571014,3.2391663
4.0,2.6083174
4.0,3.772747
4.0,3.912959
4.0,4.033868
4.0,4.1493273
4.0,4.151354
4.0,4.257146
4.0,3.7053518
4.0,3.9877377
3.564590326425602,3.6402836
0.7379341500292149,3.6499233
6.052070497655654,4.7169943
15.080439437549844,15.215866
24.621756070560235,24.71279
33.304424027451105,32.751823
38.69898045854529,38.986805
39.401176119858,40.83628
40.382372537338135,39.84587
35.0676,36.97246
29.6973,29.590086
21.2058,20.635117
12.35479270699937,13.982849
4.708095702822275,7.695732
1.7436224279502213,3.4957457
3.3605419009669966,3.359933
3.8372962550173053,3.6062202
4.0,3.7054996
4.0,3.9961996
4.0,4.035054
4.0,4.122799
4.0,4.1268415
4.0,4.112673
4.0,4.0008965
4.0,3.863862
4.459,3.974782
9.8293,7.6568937
16.822060500396354,17.444746
26.83865210178283,25.767082
34.91705210178284,34.61827
40.6004591350334,40.55724
42.75232976965725,42.86222
41.43929786586959,42.343422
37.17436409943036,38.713715
30.583242263306786,32.313267
21.477027772882707,23.60194
12.74877765079365,14.763702
7.104534568903576,7.2944803
4.091800000000001,3.9401598
4.0,3.7178183
4.0,3.506754
4.0,3.67692
4.0,3.560666
4.0,2.9906235
4.0,2.997797
4.0,2.953868
4.0,2.8997498
4.0,2.7882614
4.0,2.8892488
4.5049,3.4459562
9.8293,7.778092
18.8257,19.16332
28.1434,26.373611
36.0841,34.76676
41.683899999999994,40.55686
42.65408638863124,41.871536
39.00425277705404,41.209385
35.374273479515004,36.232838
29.447330816822834,31.325687
19.883850764930724,23.530735
11.459958062363183,15.335098
7.5343,6.3332586
4.091800000000001,3.4771585
4.0,3.4219112
3.471233854428034,3.6683922
4.0,3.6023836
4.0,3.8602295
4.0,3.9811392
4.0,3.9968195
4.0,3.8936749
4.0,3.527008
4.0,3.1622553
4.0,2.7719326
4.5508,2.8324232
9.9211,8.125277
17.30868255089872,17.941282
27.642220691706367,26.513014
36.1759,35.359894
40.7364214148686,41.12035
41.18614584664965,42.920425
36.69545134381817,39.27912
34.04601377688777,34.57465
28.269229637081864,30.29297
19.386660211087257,22.663187
13.5367718296381,13.611679
5.8495510954910985,7.786584
4.091800000000001,3.559433
4.0,3.270383
4.0,3.4727755
4.0,3.441988
4.0,3.7066221
4.0,3.807105
4.0,3.8458366
4.0,3.7734222
4.0,3.644638
4.0,2.9166393
4.0,3.0459461
4.5508,3.4892855
10.0129,7.2638507
18.9634,17.745459
28.327000000000005,27.578068
35.8087,36.652706
42.097,42.322594
44.119113475919846,43.836617
43.1068,42.43976
35.6251,39.695496
30.5302,30.98846
20.1568,21.694874
11.4358,11.352652
7.7179,4.873231
2.943814145225801,3.4692192
4.0,2.464038
3.1642772969141326,3.3239746
4.0,3.1754084
4.0,3.5555344
4.0,3.5864182
4.0,3.6183596
4.0,3.609665
4.0,3.5347595
4.0,2.9668484
4.0,2.7630205
4.6426,3.007083
10.2424,7.6344185
19.3306,17.592033
27.895485696749976,27.822548
34.61029665118482,36.739838
38.88944147088221,42.03153
40.85275022052224,42.797546
40.23339140806204,41.506596
36.85161626476097,38.149307
30.574737801822444,32.061253
22.161829783825915,23.773804
12.786958447615598,14.704797
3.1670999999999996,5.916049
0.09179999999999922,2.091836
0.0,1.917841
4.0,0.11586952
4.0,3.626647
4.0,2.7896118
4.0,2.935668
4.0,3.287816
4.0,3.2750864
4.0,2.6294737
4.0,1.683239
4.0,1.368598
4.6426,2.1929321
10.2424,6.626798
19.1929,17.302814
28.4647,28.295515
36.4054,36.863075
42.0511,41.944046
44.2084,43.319443
41.683899999999994,40.651726
36.2677,37.73587
30.0253,32.493427
21.0748,22.357632
14.0521,15.089714
3.9474,7.466927
0.1377000000000006,1.5965242
4.0,1.5148745
4.0,1.9601669
0.0,2.3056526
0.0,1.4664879
4.0,1.7791557
4.0,1.9955912
4.0,2.0454512
4.0,1.7324762
4.0,1.3041716
0.0,1.0771608
4.6885,1.8639278
10.426,6.500998
19.4683,16.946299
27.6520510954911,27.360703
35.19165835523923,36.264194
40.48122951209414,41.23111
35.94984353123549,41.64514
37.4965718296381,39.575043
35.25333047345049,36.802822
30.111852864509125,30.79053
19.0485,22.965195
15.5668,12.142256
7.9474,7.1987553
1.1965888965600122,3.729003
4.0,2.1568222
4.0,3.0962458
4.0,3.4291344
4.0,3.42284
1.7820124612325845,3.4732018
2.64700414690404,2.6871138
4.0,3.2325048
4.0,3.4162846
4.0,3.4297724
2.6386214320648502,3.5946608
0.7344000000000008,3.2226458
7.789936618337055,7.559678
16.497159570083518,17.976698
25.416026547258355,26.305058
33.91960702717605,34.632412
40.54962076218262,41.10885
44.53480109807962,43.565
45.8608,43.06833
41.913399999999996,38.711357
34.5235,31.23481
25.4353,24.635584
16.73711455464436,14.905333
8.131,7.8697987
4.137700000000001,3.5148668
4.0,1.418025
4.0,1.4635859
4.0,2.6530657
4.0,2.9549475
4.0,3.5530329
4.0,3.7927952
4.0,3.7282906
4.0,3.2624006
4.0,3.5066223
4.0,4.192502
4.8262,5.1982427
10.9768,10.751667
20.524,20.006828
30.346600000000002,29.262573
38.7463,38.08364
44.6674,44.07534
47.5591,45.315063
46.9624,44.289364
43.0609,41.385544
36.13,35.97174
27.087700000000005,26.734127
17.173299999999998,16.554432
8.4064,8.422301
4.137700000000001,4.1223392
4.0,3.441721
4.0,3.649682
4.0,2.309184
4.0,2.8988705
4.0,3.4311209
4.0,3.8406134
4.0,3.864359
4.0,3.6340914
4.0,3.7009983
4.0,4.032178
4.8721,5.212509
11.1145,9.92872
20.6158,19.437191
30.3007,30.032738
38.516799999999996,38.32235
44.3461,44.223747
47.1001,45.657524
46.5493,44.15019
42.6937,39.993546
35.9464,32.72184
27.087700000000005,24.684376
17.2192,16.184658
8.4064,7.812946
4.1836,3.880947
4.0,3.687108
4.0,3.6621933
4.0,2.6756792
4.0,2.7938976
4.0,3.6775312
4.0,3.763628
4.0,3.8252888
4.0,3.9314613
4.0,4.1652565
4.0,3.8885164
4.918,4.0944014
11.1604,9.754208
20.6158,19.457602
28.40115958672817,30.576647
35.35598583844684,38.21616
41.20773583563313,43.076614
44.86588340572321,44.804474
46.3198,44.213875
42.4642,40.639854
35.7628,32.085793
26.95,24.782595
17.173299999999998,16.43635
8.3605,7.6321554
1.5323797153826249,3.886691
0.0,2.653243
1.6879552737311112,1.2460394
0.2427627816344824,3.1531172
4.0,1.9969015
4.0,2.2751493
4.0,3.0726204
0.0,3.5368233
0.28057612405151744,0.7748833
0.4678588255476548,1.1803255
4.0,1.9600611
4.918,4.2824287
11.1145,9.367974
20.524,19.291851
27.040458809871744,30.116882
35.564800744731194,37.12139
41.302300744731184,42.906235
46.16881040970859,44.290848
46.1362,44.176544
42.4642,41.334534
35.3956,33.22087
24.5632,24.367126
16.8061,15.204876
8.3605,7.00296
4.1836,3.367341
1.497848777761499,3.4629526
0.804366407120126,2.3538303
0.9028742129636473,2.3673992
4.0,2.5984793
4.0,3.349656
4.0,2.6880608
4.0,3.2468567
4.0,3.8512049
4.0,1.9630909
2.2284131109305108,3.9944525
1.8898058037354364,2.7079906
9.199415166902307,6.5492697
19.688209314590228,19.387049
26.61084515356329,30.341124
34.40673863325747,36.844063
39.23539515786382,41.375923
43.97300437003164,39.307396
43.7953,42.550774
23.7303,33.450302
24.3796,21.95565
22.9108,22.766846
12.6684,14.366704
4.085099999999999,5.785746
4.1836,1.6977749
4.0,2.3168592
4.0,3.112999
4.0,3.2842798
4.0,3.34299
4.0,3.2655888
4.0,3.2617445
4.0,3.2164078
4.0,3.3093567
4.0,2.9134579
4.0,4.6862297
0.8879460142833793,5.937275
7.310251305477166,5.753219
16.813573938144057,18.283298
25.444062076235387,29.162413
32.73058622222222,35.54295
38.82943831673654,39.533913
39.93589063940363,41.809433
41.14796249284998,40.72269
37.003819978542005,40.477295
29.558051699171003,33.492825
22.10867421296365,24.485516
16.0258,15.673407
5.933251305477166,7.4141183
0.1836000000000002,3.8810816
0.24740886239597337,2.1042662
4.0,2.5278606
4.0,3.0735722
3.2638505634734365,3.488266
2.1138128401327947,3.1812582
4.0,3.1891565
1.969533316978044,3.5742493
3.989794967592447,2.860238
2.3738133930026084,3.6475124
0.16377851129623622,3.7899914
5.0557,4.8676534
11.1604,11.022224
20.2486,19.10018
29.5663,28.570717
36.50421764467816,37.167336
41.12425598788438,42.542046
42.444924456786545,43.998695
39.029437228685794,42.605354
37.0872,39.05995
30.354756354576857,31.588398
21.8092,22.25738
13.5931,10.944109
4.3146,4.9527955
4.2295,1.3389502
4.0,2.3853455
4.0,3.5250797
0.0,2.7156038
4.0,1.2042961
4.0,2.0356264
4.0,2.6516428
0.0,1.7812338
0.0,0.9955416
0.0,0.37647438
4.0,0.69313145
5.0557,2.255947
11.0227,7.6775393
19.8814,17.938488
28.9696,26.921951
36.6808,35.675804
42.097,41.79291
44.5756,43.43846
43.9789,41.850006
38.13017825506788,36.970238
29.935361031757232,31.454897
19.432713656991133,23.782288
13.868609164103695,15.388796
4.742835814531905,6.673205
4.2295,2.6217651
4.0,3.184142
4.0,2.5572376
4.0,3.3837757
4.0,2.93719
4.0,3.4718046
4.0,3.6197262
4.0,3.6073656
4.0,2.7712212
4.0,2.3469763
4.0,1.8428583
5.1016,2.4225616
11.0227,8.541813
19.6978,18.230925
28.6483,26.695099
36.2218,34.717323
41.45439999999999,40.815434
39.93619193245375,41.22662
38.60398731025446,39.64484
34.870943995359546,35.256172
22.18693375268196,29.949005
16.209400000000002,17.900026
13.6849,12.713278
7.8556,7.660287
4.2295,4.261074
4.0,2.7069426
4.0,3.1934624
4.0,3.2042923
4.0,2.1735306
4.0,2.751296
4.0,3.119154
4.0,2.867528
4.0,1.910243
4.0,1.935669
4.0,1.7084713
5.1016,2.3412685
11.0227,8.753397
19.6978,18.637358
28.602400000000003,26.150131
36.2218,33.83437
39.7561,39.953987
38.20777512327047,38.43067
33.52643039548571,34.103546
33.8283,35.751835
11.801533312027573,23.714672
19.03425475902037,14.692858
16.0717,14.9882965
6.402421432064851,8.618357
4.137700000000001,3.8741808
4.0,3.8016481
4.0,3.7390022
0.0,3.6554155
0.0,1.928379
0.0,1.1950445
4.0,2.0363207
4.0,2.3673744
4.0,2.4497786
4.0,1.9749432
4.0,1.4600973
2.8247591350333963,2.5223627
2.067377120074104,5.678835
5.698299999999999,7.7886887
5.2393,12.211155
10.5178,14.911977
21.9928,21.110977
30.071200000000005,28.382078
31.907200000000003,31.075409
34.4317,30.09206
31.47023385442803,33.06482
20.74893047345049,23.235287
13.757921822505818,14.17794
5.23578859496001,8.055733
0.5362935685079417,4.1344595
0.7000087347786774,2.6238594
1.4779507649307249,2.9755735
0.9908240274511044,2.9324017
0.7572568938630813,3.1108904
0.5331690776078055,2.6923962
3.3981747001620963,2.5499973
4.0,3.485879
4.0,3.5601606
1.5996228378064288,3.583764
0.5252281103275003,2.3087702
1.4951236339435336,2.97198
8.8195,5.550082
16.832243995359544,16.490196
25.3435,23.881866
31.93722443036915,30.069212
29.22016360691744,30.13898
35.79417958427973,30.52075
39.15796665678917,37.511185
31.527912930138278,34.253166
14.614916823643483,18.70295
19.645383940423148,14.793587
11.490135814531904,15.881812
7.0294,6.327633
4.2295,3.8191185
4.0,3.6918669
2.2590743444470363,2.9664783
1.864846222222221,2.635418
4.0,2.3458643
4.0,3.5417776
3.109815695029681,3.3841782
2.277309094748924,2.4346285
4.0,2.095295
4.0,2.6828861
4.0,2.722869
1.456764901844675,2.8726635
6.6827824952106845,6.005658
15.2808824906984,13.320245
24.91582978382592,23.921318
31.643988070476105,32.470173
36.5823,38.152817
33.120750952395824,37.17018
31.6318,29.519297
21.573,30.19296
15.483925650793651,19.092655
16.572891686861755,16.935661
11.949605454599885,13.551493
7.8556,8.387482
2.49814992233072,4.301652
1.1530454624897075,2.124426
0.0,1.8675871
0.9327647833529049,0.8328209
2.772576109783964,2.214736
4.0,2.8380508
4.0,3.5873737
4.0,3.8186798
4.0,3.976285
4.0,3.8072424
4.0,2.9590244
5.1016,3.7808619
10.9309,6.8137045
17.9077,17.408424
25.9861,25.435234
32.7793,32.867424
36.4972,36.558052
37.33624992233072,35.39115
32.3224595539706,32.25599
29.958941959354803,28.183834
26.858200000000004,24.873636
20.983,17.31006
12.2161,14.469045
7.7638,6.189899
4.275399999999999,4.70131
4.0,3.7402935
4.0,4.12545
4.0,4.353618
4.0,4.2631283
4.0,4.3074546
4.0,4.095127
3.966521823126829,3.4146423
3.5000738801926587,3.6203918
4.0,3.7004318
4.0,4.103815
4.552901146896051,3.7830286
8.696071719496661,6.499251
16.197426780382642,15.7916355
26.73567933361076,23.482779
33.07242624520042,33.459145
35.93571451791522,39.131805
39.825590326425605,40.278748
37.04760826426424,39.004734
33.1133445821505,34.489117
12.0717,30.43167
17.400182618348985,10.414691
14.6029,12.900314
8.039200000000001,7.593214
4.275399999999999,4.237934
4.0,3.664424
4.0,3.9235983
4.0,4.135504
4.0,4.089266
4.0,3.9802275
4.0,3.897088
4.0,3.9904222
4.0,4.0222263
4.0,3.6843624
4.0,3.6442747
5.1475,4.5149875
10.1047,8.018716
17.56049467129753,15.373379
22.240018614534563,26.069824
31.8613,31.545391
34.1104,35.527985
38.425,37.01831
38.05779999999999,36.975166
35.2579,34.738647
29.520400000000002,31.2765
22.0387,22.033447
13.18,14.159427
4.564484655468031,7.044396
1.2267244567865578,2.1640062
3.40727894755347,2.2885704
4.0,3.9853563
2.384230236665557,3.998969
2.552894860373746,3.4046326
1.8841329810081096,3.3899708
1.9826123224089098,3.02839
2.6230757408889467,2.7454805
3.6122345600174715,3.1047993
4.0,3.4805107
4.0,3.9815063
2.0439006596845104,4.697737
8.2228,5.251177
14.4652,12.265673
27.6385,23.51691
34.064499999999995,31.640343
39.8479,38.806564
35.4874,40.97523
37.0939,33.868076
27.937799775088376,28.675488
23.90693804783384,23.78635
16.782765717307996,17.844955
9.792317539649977,11.873788
4.175351699170999,6.049904
1.4801818110244316,2.3485441
3.4581502472847347,2.6288013
3.552711285768776,3.7106876
4.0,3.7788906
4.0,4.004451
4.0,4.0870504
4.0,3.906352
4.0,3.8152466
4.0,3.94141
3.4961364277864053,3.2623272
3.3916760828432455,2.9170513
4.618574742829353,3.190792
9.01598419367564,9.948482
14.763356677678145,17.757055
23.607353679468527,22.407146
31.37834940904262,32.596703
37.9114251312083,38.39019
40.34071935014957,40.30683
39.29920495058784,40.221573
35.88015835523923,37.753418
29.327322414033993,32.51554
18.1831,23.67722
10.55383981334777,13.609125
5.185266078457197,7.7059364
3.7402960610768616,2.0438757
3.376096415378802,3.3684082
0.9995831891441327,3.0708265
1.2951288177883828,2.1674843
0.2266865116991461,2.695283
0.0,1.8402109
0.6937333120275717,1.2032614
0.7015801192828466,2.4525766
2.386546697520302,2.201087
4.0,2.8847723
2.6314425139886737,3.3301992
3.373812277898681,2.5663176
7.672992706999372,7.799585
15.5103824906984,16.402681
23.91851451361586,25.590805
31.340772316889563,32.72323
36.06673884232093,37.859215
37.65185738553719,39.776093
18.08410702717604,29.441824
16.2027,22.865337
22.36413928554533,15.238674
23.4616,22.668892
14.1439,14.972197
4.911117410346232,7.618003
4.3213,2.1254911
1.8275271663891175,4.139287
0.7758332580427698,3.4691648
0.16377851129623622,2.3427687
0.22668654667057453,1.7356443
0.2341145136158609,2.0899668
0.08163343130524225,2.1276064
1.0057288219656133,1.7417116
1.589450528951538,2.7595596
2.0176251312083,2.8461876
2.020917962056904,2.908658
4.3540257554181805,3.0552683
8.73931421396086,7.7017183
16.003360058651005,16.909554
25.41909628969708,25.497534
32.98903661833705,33.9457
38.6648906405898,39.46337
40.01481419195089,40.24243
40.958392141504,40.945564
36.3595,36.58203
30.071200000000005,29.30553
23.28768658869019,22.051191
15.8422,15.962784
4.805472044469211,8.083825
0.3672000000000004,2.720972
0.0,2.268364
4.0,2.2022057
4.0,3.4663277
4.0,4.09062
4.0,3.93962
4.0,3.3135433
3.989793953421069,4.0864735
0.47833433095961375,3.5464745
0.7637024914445742,1.5337639
3.2638505634734365,2.746687
5.5147,3.9916973
11.4358,9.167356
17.26600557712629,19.054237
27.476405194425787,25.526016
35.716899999999995,34.690197
40.94949999999999,41.13736
43.38219999999999,43.37697
42.4642,42.558983
37.9201,38.243904
31.081000000000003,31.994858
23.4616,23.453514
15.6127,15.122459
8.55464854006676,7.295968
1.1217652746397118,3.7821617
0.0,2.59507
0.0,1.3783054
2.40162331026845,1.7110252
4.0,3.482934
4.0,3.699483
4.0,3.7864447
4.0,3.7124434
4.0,3.2721806
4.0,2.2289991
4.0,1.3933325
5.3311,2.622756
11.1604,9.019682
20.0191,19.149618
28.740100000000005,27.645824
36.1759,36.174793
41.45439999999999,40.54654
43.88709999999999,41.8471
41.95929999999999,39.805035
39.5266,35.764427
28.1434,28.321821
22.0387,21.19156
10.8783,13.921911
7.9474,4.7114034
4.4131,4.1014175
4.0,2.202631
4.0,3.6904116
4.0,3.8113918
4.0,3.785842
4.0,3.8728895
4.0,3.5564442
4.0,3.086544
4.0,1.6731777
4.0,2.3892326
4.0,1.3223047
5.6065000000000005,2.4810858
11.7112,11.034285
19.655041900967,19.235868
29.0614,28.020782
36.4972,37.51081
41.638,43.1411
43.7953,43.929626
42.18879999999999,42.10672
37.8283,38.19771
32.3662,32.421143
25.4812,24.074463
16.5766,15.662899
8.7736,6.4014525
4.4131,4.0056477
4.0,3.5560474
1.1530450078610937,3.5790796
3.4594570603290773,2.543542
0.1764812387034933,3.480833
0.5101668495891563,2.0465307
0.2585360770215974,2.7862139
0.5979578903415348,2.2722578
0.11533687605807152,2.7435808
0.0,2.2694912
0.0,1.4538507
5.6524,2.8746328
11.7112,9.776532
17.95737253481434,18.545792
26.57449365079365,26.69268
36.4054,35.9747
41.638,41.906487
44.11659999999999,43.403145
43.5199,42.29866
39.9397,38.74176
33.6973,32.418076
25.527100000000004,24.235643
16.622500000000002,15.757045
8.865400000000001,7.7825136
4.459,3.9773445
4.0,3.0770082
4.0,2.8677092
4.0,3.3200874
4.0,3.9108582
4.0,4.0648394
4.0,3.9201078
4.0,3.9260712
4.0,3.8834372
4.0,4.03909
4.0,4.317139
1.9219671798931248,5.106754
11.7112,7.7120056
20.2027,19.732378
28.923700000000004,27.82454
36.3595,36.049522
41.5003,41.927536
39.84119999999999,42.84502
36.5823,39.619972
29.3301,32.682976
26.9892,28.383741
23.4616,22.203194
15.6127,16.240232
8.4064,6.929883
4.459,2.0491543
4.0,3.6378517
4.0,3.7516909
4.0,3.7532568
4.0,3.387927
4.0,2.703744
4.0,3.6262293
4.0,3.8826237
4.0,3.3792143
4.0,3.6927538
4.0,3.1576157
5.468800000000001,3.6495924
6.63799724797895,10.954548
19.2388,15.055088
22.521298222222224,26.164467
34.5235,33.890785
40.94949999999999,41.49649
43.2904,42.25553
38.792199999999994,40.264748
33.376000000000005,33.658623
22.2615,26.755232
17.8092,18.23706
10.8783,11.83264
7.676054992159441,5.273517
4.459,3.6702814
4.0,1.6746044
4.0,3.5172796
4.0,3.4176474
4.0,3.8191433
4.0,3.6970568
4.0,3.7482862
4.0,3.6418543
4.0,3.5255537
4.0,2.42167
4.0,1.8715639
5.611601098079619,4.094594
7.629317953253957,9.547805
15.87239671663731,14.157949
25.297949414275756,26.31497
35.716899999999995,34.736855
40.8577,41.295265
43.2445,43.32446
42.6019,42.196877
37.048,37.870457
27.409,28.637094
22.4977,21.086582
15.5668,14.6809435
8.4064,7.0049453
4.459,2.6658602
4.0,3.7109509
4.0,3.0706701
4.0,3.7841253
4.0,3.8658485
4.0,3.6696033
4.0,2.8282127
4.0,2.7153082
4.0,3.0327377
4.0,3.183466
4.0,3.067397
5.6065000000000005,3.6701927
11.4817,9.336685
19.0093,16.926176
26.25367044178035,24.518826
30.04428481538183,33.45196
36.53027937378786,38.801277
38.905589195783776,40.184296
38.07172750425571,38.377563
35.028400000000005,34.893654
29.3827,29.529512
22.63788195198562,23.32728
14.092617962056906,15.05
8.681799999999999,8.793722
4.5049,3.0007792
4.0,4.018758
4.0,3.1920185
4.0,3.9796467
4.0,4.0010624
4.0,4.004443
4.0,3.7466326
4.0,3.9065847
4.0,3.8476553
4.0,3.332368
4.0,3.0103846
5.698299999999999,3.3240929
11.6194,9.882341
18.870752205959484,18.17239
26.22172286920834,25.965174
31.85069280758036,33.82112
36.82984817247412,37.381584
41.89150414690404,39.70086
41.95929999999999,40.40369
37.5529,34.612244
30.3007,29.216873
15.5601,19.702723
12.4915,9.148346
8.1769,7.9900126
4.5049,4.0759506
4.0,2.776207
4.0,3.6906652
4.0,3.8099651
4.0,3.8210526
4.0,3.0603867
4.0,2.4594765
4.0,2.1869211
4.0,2.9725208
4.0,3.5094652
4.0,3.267686
5.7442,4.014574
10.7014,8.50543
19.7437,16.779184
28.327000000000005,26.125238
33.285919978542005,34.296494
37.09605955397059,38.15254
39.49501776810331,38.731125
38.96755169917101,38.90159
34.427196794488644,35.583923
26.44831795325396,29.960321
15.9273,20.895092
9.0031,9.140438
8.5441,6.3989797
4.5508,3.0055876
4.0,1.7653332
4.0,2.4649172
4.0,3.180606
4.0,3.569501
4.0,2.6188812
4.0,2.911334
4.0,3.1630898
4.0,3.207035
4.0,2.874813
4.0,3.002059
5.7442,3.2959461
11.6194,8.049587
19.6978,17.896006
26.858200000000004,25.7682
34.5694,32.680122
38.287299999999995,37.66552
40.6741,41.199448
41.638,38.920135
38.425,36.0607
32.5039,30.310894
24.7468,23.893639
16.347099999999998,15.430908
8.865400000000001,8.347428
4.5508,3.679533
4.0,3.3118792
4.0,2.79912
4.0,3.2173061
4.0,3.1187916
4.0,3.461567
4.0,2.8097944
4.0,2.246109
4.0,2.1771154
4.0,1.9594431
4.0,2.0095768
5.7442,2.5781527
11.5735,9.870301
19.6978,18.323967
28.0516,26.107084
35.212,32.927685
40.2151,40.30975
42.6019,41.585823
42.0052,40.080124
38.56269999999999,35.890053
32.458,31.05603
24.0583,23.328953
14.7406,15.542603
8.681799999999999,7.90424
4.5508,4.004839
4.0,2.0177717
4.0,2.8179092
4.0,3.2019167
4.0,3.1131449
4.0,3.7668657
4.0,3.1251345
4.0,2.5627174
4.0,2.6004276
4.0,2.583027
4.0,2.3755388
5.6524,3.080267
10.5178,9.320227
18.6421,16.466991
23.5008,24.468227
34.890699999999995,30.440382
39.2512,37.54029
39.021699999999996,39.16788
38.287299999999995,31.44465
33.5596,34.355743
29.015500000000003,27.29092
16.845046697520303,19.937857
15.0619,12.425965
8.8195,9.410402
4.5508,2.1765194
4.0,2.9517088
0.0,1.9587965
4.0,1.3140726
0.0,1.794157
0.0,1.6130142
4.0,0.7320852
4.0,1.6986485
4.0,2.21072
4.0,1.2157621
4.0,2.2112722
4.8262,3.360443
9.024713288848096,5.456731
18.8716,15.424957
19.6519,18.916555
18.9175,24.190506
24.422857662710573,26.9133
16.024366849589157,30.36486
33.2686904782792,25.761047
24.125360531227862,30.008244
18.11652744502751,23.408213
18.30125210178283,18.035208
11.348842427959864,15.018777
8.6359,5.9332895
4.5508,4.4971924
4.0,3.5463972
4.0,4.190256
4.0,3.482522
4.0,3.570856
4.0,4.0029697
4.0,4.1699657
4.0,3.019023
0.0,2.4580173
4.0,0.5464344
4.0,1.6215878
1.4229000000000003,1.6019707
9.7375,5.6056557
17.4946,15.654217
25.9861,26.689228
31.1269,32.530903
31.38388569674997,37.369293
38.21639603574958,36.33058
37.31801993603391,36.981087
33.59598654667058,33.192986
28.308513759973494,27.753777
20.6091,19.708109
12.756368482105197,13.352918
6.864737814473126,7.6816573
4.5967,4.1528635
4.0,3.860714
4.0,4.363297
4.0,4.3218217
4.0,4.3526382
4.0,4.4396834
4.0,4.4047966
4.0,4.4121537
4.0,4.3088083
4.0,4.043235
4.0,3.8837528
5.836,4.2637205
11.7112,10.073852
17.96644992233072,17.688787
28.0057,24.52444
33.324865170077864,33.05068
34.933567199906825,37.17568
36.61182296993466,37.872643
36.904470021319774,35.972717
34.03782309237714,32.955376
28.50500797042973,27.72176
20.95517268451459,20.98221
12.76195022052224,13.917409
5.664537004289749,6.31899
4.6426,3.0255003
4.0,3.942027
4.0,3.6665936
4.0,4.126419
4.0,4.204649
4.0,4.2747364
4.0,4.21795
4.0,4.2094736
4.0,3.9545221
4.0,3.756939
4.0,3.1439743
5.881899999999999,3.4550133
8.355057950912963,9.70191
16.205825858125582,15.970546
24.18321626476097,24.299496
30.294936733034447,31.332937
34.84262302856408,36.637405
36.5823,37.879745
36.1692,36.021515
32.7267,31.979195
27.01204622222222,27.052029
23.1403,21.588676
14.1439,16.431221
5.191968948913141,8.710514
4.207189384482788,2.017147
2.088242675779915,3.6140814
3.963786588690189,2.8292208
4.0,3.622713
4.0,3.8511248
4.0,3.8483686
4.0,3.8704453
4.0,3.925602
3.5329421488287647,3.574007
4.0,2.6359901
3.7228687508663114,2.9165945
3.064955273731112,2.8926792
8.978709094748924,7.630208
13.704046527789878,14.677922
24.5632,19.183676
27.317592827936583,23.73228
37.74269199795191,34.768936
34.923779237902146,36.32775
34.23514770201249,29.155113
30.421398387399094,28.72873
13.691060845750783,22.811705
10.963370497655651,15.356083
6.506421473324819,10.127432
7.5343,5.4208546
4.4131,3.9052467
4.0,3.7074766
4.0,3.4329567
4.0,3.5484972
4.0,3.469368
4.0,3.7502708
4.0,3.73413
4.0,3.507616
4.0,3.6045427
0.07225312546239593,3.7487936
0.5187573855371888,1.1472626
4.8262,2.43433
6.001249255899389,6.627849
11.626165771363183,12.83419
23.296159135033395,19.014656
29.8876,30.708103
21.3043,26.585388
15.230712461232583,27.622005
26.930359296809584,29.279387
12.91948340572321,28.150604
19.97514014501048,18.871124
19.980411688093387,17.55094
10.5111,12.056236
8.727699999999999,5.245566
4.5508,3.8187418
4.0,3.2896595
4.0,3.3673124
4.0,3.3366604
4.0,3.5268564
2.6482033126331803,2.9749365
2.6950768455945173,2.4698591
4.0,2.5755987
4.0,3.1340637
4.0,3.1254091
4.0,3.3663864
5.9737,4.1268044
12.1243,10.283791
17.388921759365136,19.160072
24.848837223495885,27.591396
31.179565771363187,34.222847
36.87116577136319,39.532837
38.462174662121605,39.791016
36.22992331026845,36.998405
25.4812,33.796577
24.93389794586042,24.984772
20.2027,22.081856
4.865399999999999,12.9873085
4.8262,5.0586076
4.0564495423524125,2.656021
4.0,2.8985157
4.0,3.9006395
4.0,3.520112
4.0,3.3988724
3.3049924551002707,3.478095
4.0,1.9512291
4.0,2.7137814
4.0,3.4820948
4.0,2.0766592
0.0,2.1913538
5.9278,2.251504
11.5276,9.067623
20.1109,19.322378
20.4714,26.685528
23.5008,23.116762
22.1764,26.234755
26.509249190045125,24.403236
39.064955936507936,36.949715
14.207272081422644,25.02494
23.11164327376035,22.304214
12.6751,15.336
9.3244,11.10769
0.5508000000000006,6.207019
4.091800000000001,2.3589745
0.0,2.8386374
4.0,2.0921993
4.0,3.5892515
4.0,3.6130323
4.0,3.8741217
4.0,3.8506365
4.0,2.932661
4.0,1.0392351
0.481841331667038,1.6350164
0.24276272725734316,1.202712
1.9385670086147933,1.561554
8.254995115919634,8.423167
15.34617949585762,16.736898
22.830791163543985,24.109577
31.0743,33.518497
36.320811688093386,37.42587
37.40981953117823,38.367844
34.3399,32.486137
30.667900000000003,35.662163
23.599929513073945,27.910374
15.710251257320154,21.129116
10.256507085427607,9.778306
5.881899999999999,6.186805
4.275399999999999,4.4246726
4.0,3.8095531
4.0,3.7323303
3.2331058300038773,3.8628798
0.20422750425570868,2.7965612
0.1385700213197758,1.3941135
0.4347991269155074,1.4977674
2.603981786465333,1.4132519
4.0,2.703003
4.0,2.2009773
4.0,2.463213
4.7344,4.6834564
6.624176367305767,6.4946747
16.495779715382625,15.556928
24.64085165309469,25.19571
28.538013759973495,28.181398
32.64853227899632,24.252663
26.8123,28.852106
24.0124,28.433294
27.684399999999997,28.284306
13.571294616508018,26.027393
11.49809183400808,16.975088
13.59086214309519,13.3574095
9.508,7.445498
4.7803,4.207637
1.1964188003536016,4.088279
1.5540136805536147,2.527196
1.5996228378064288,2.9281301
4.0,2.591754
4.0,3.9779892
4.0,3.8078985
4.0,3.517765
3.811620281996678,3.658928
2.999330952015553,2.4800224
1.463083373698046,2.5747623
1.9826925244057083,2.0828857
5.434174282469694,5.5282903
11.07545269988446,10.452282
12.189705306336023,17.471087
30.34336762657817,24.829437
36.12092717647038,35.019295
38.6478,39.150486
36.8118,37.28913
29.1006,30.962385
18.0618909025235,15.026778
16.919695752103447,15.6540165
11.446901375785671,12.249154
8.9113,7.4682164
4.7803,3.9154577
4.0,3.4804916
4.0,3.972803
1.6077757231312901,3.8276196
1.7820124612325845,2.546032
3.5791269217556643,2.3851986
4.0,2.9831095
4.0,3.5991287
4.0,3.351695
4.0,3.5012217
3.1642772969141326,3.5191717
1.8360000000000003,2.8816404
8.321638958611032,7.9581456
17.545005536621552,18.11089
23.968440145010483,26.262463
31.441500000000005,30.94099
36.5823,37.456078
39.03748677360162,38.11807
38.08737253733813,37.07531
34.384369060433144,35.728508
27.632769112194538,30.148235
20.44484784289433,23.211468
13.26532495526385,13.974287
9.1867,8.343081
4.7803,4.14944
0.7750227643877032,3.6767511
0.442997439741978,2.2364693
0.7244879169606158,2.0280657
0.0,2.3967857
1.27992678038264,0.70876884
4.0,2.7193518
4.0,3.7353535
4.0,3.8010206
4.0,3.474059
2.968181883589441,3.7424326
2.8103536625760146,2.9299011
8.559080040849281,8.181876
15.7896,17.494701
24.2811,23.833023
31.2579,31.280224
34.194363396783295,34.617622
39.7102,37.94358
40.1233,38.361103
38.05779999999999,36.513306
31.2187,30.053741
23.386221414868608,24.020224
15.379691547310886,16.01732
6.183443995359545,8.17576
4.8262,2.9787483
4.0,4.065172
2.495081774293597,3.9470186
3.1757145803112383,3.4031591
3.4581502472847347,3.8050032
4.0,3.8290873
4.0,4.0860767
4.0,4.0890274
4.0,3.856863
4.0,3.47752
4.0,3.1458368
5.9737,3.6588478
11.9407,11.081644
17.72892105627943,19.174923
27.017513288848097,25.941181
31.770259467680262,33.230045
36.538812840013456,38.631104
42.38788534150218,39.98333
38.31186750901957,39.622276
33.70336414706161,34.614143
27.53402186685308,28.822472
24.494989384482786,22.98064
16.31742930579939,16.009623
9.508,8.405302
4.8262,4.5510707
4.0,3.818492
3.1909867087339485,3.8971863
3.0343442661823072,3.3226166
3.3282082455754,3.4129696
4.0,3.5196123
4.0,4.0197716
4.0,3.9908047
4.0,3.9869795
4.0,3.635727
4.0,3.3881216
5.9737,3.6462889
11.803,10.164301
16.00749422222222,18.152105
24.270482441270147,25.28947
31.88299724797895,33.44474
37.17323573073654,38.21824
40.24749718657222,39.542324
40.261,38.780884
37.0939,37.272713
32.136700000000005,30.863827
24.7009,23.626476
16.8061,15.422148
9.3703,8.415569
4.8721,3.3554716
3.2318264599813187,3.7901258
0.2638524830618305,3.0753994
0.396471192290651,1.6442184
0.7252819991673025,1.9664831
1.667277058604407,2.3389444
4.0,3.2624645
4.0,3.0946627
4.0,3.5131636
1.793621125511402,3.6640596
4.0,2.4581785
5.774662423003491,4.486495
10.932528107944446,10.193307
17.65984925589939,18.380594
28.6483,26.344282
35.8087,33.985687
40.94949999999999,39.61078
43.474,41.79261
43.015,41.166473
39.6643,37.058804
33.835,30.864546
26.123799999999996,22.842659
17.5405,14.772512
5.7375,8.047432
0.8720999999999997,2.113676
4.0,1.457654
4.0,2.0972004
4.0,3.1179762
4.0,3.3594904
4.0,3.2729855
4.0,3.8180351
4.0,3.5924377
4.0,3.4627495
4.0,3.3672714
4.0,3.462739
6.0196000000000005,4.591258
12.0784,12.477642
20.3404,20.322697
28.786,27.616123
36.0382,35.337578
41.1331,40.86693
43.61169999999999,42.54308
43.1527,41.137596
39.8938,36.816532
34.0186,31.128962
26.3074,24.345634
17.7241,16.496021
9.8293,9.093073
4.918,3.8613005
4.0,3.6476545
0.6937333120275717,3.6604795
0.48676360691743525,2.377262
0.0,2.3653002
1.9826123224089098,1.3214903
1.8232782550678746,3.34445
4.0,3.0975103
3.030585920669413,3.4318352
1.058888594960008,3.0034428
0.5418723168895614,2.3033562
6.0196000000000005,3.2604675
12.0325,9.9815235
20.2027,18.48377
28.5565,26.821964
35.671,35.17417
40.71999999999999,40.282875
43.075537259174205,41.36911
42.58523456890357,40.069054
39.343,37.086403
33.5137,32.126007
25.8484,24.843489
17.3569,15.7899275
6.527152625074636,8.354342
4.8721,3.5795698
4.0,3.350893
4.0,3.457488
4.0,3.9097948
4.0,3.9941158
4.0,3.9842863
4.0,3.88105
4.0,3.769722
4.0,3.6828575
4.0,3.42025
4.0,3.5550165
5.9278,4.289198
9.647075742431577,9.016838
16.9602909025235,16.252647
24.971535381897496,24.589716
34.18667881480619,32.976765
39.802,37.93103
37.58197966195422,34.340206
36.73148463969012,34.343292
33.71629119986687,33.531364
27.88192750425571,30.326319
20.30950618340559,22.544836
13.141289140614516,15.22222
9.4162,7.487434
4.8262,4.5703387
4.0,3.269538
4.0,3.636569
4.0,3.508068
4.0,3.792366
4.0,4.025078
4.0,3.2392893
4.0,3.7028522
4.0,3.4392223
4.0,3.4073057
4.0,3.4138184
5.881899999999999,3.8934822
11.6194,10.322309
19.4683,18.652107
27.684399999999997,25.814
34.6612,32.327637
37.1398,36.962692
38.73889649434373,38.38868
36.7267,35.751724
32.1747633967833,31.005728
26.982613680553605,27.624884
21.99292934766772,23.099709
16.29099395342107,16.334408
9.508,9.838316
4.918,4.088867
4.0,3.9009275
4.0,3.892808
4.0,3.8885279
4.0,3.9578362
4.0,3.9944267
4.0,4.0192156
4.0,3.7842073
4.0,3.8006868
4.0,3.8654394
4.0,3.8451996
5.761209226565164,3.9621038
9.882931427208302,9.631036
17.09577171949666,17.554123
24.94287876877966,25.26059
31.30372460219101,32.569687
35.828355730675355,37.97979
37.757224335764725,39.178722
34.22438935654564,35.61536
30.643542295612924,32.579304
26.135797603982223,28.657663
21.444106344053687,21.72911
15.7963,15.334242
9.5998,8.20429
4.918,4.3874393
2.959478499553633,3.6570349
4.0,2.7313185
4.0,3.584507
4.0,3.697052
4.0,3.5904884
4.0,3.7099257
4.0,3.7295208
4.0,3.7730217
2.6698035841203893,3.0256758
4.0,2.1430655
1.6524,3.1562128
3.7638,6.516968
13.4095,11.282503
18.7798,21.17379
25.2058,24.49224
19.147,23.74584
34.294,32.36027
40.49049999999999,24.990604
37.0021,28.70147
30.959376561260115,31.894672
19.86931935014957,22.38478
13.848947907665922,14.16446
8.329778499553633,7.332722
3.3790693988711045,4.0887356
0.44025957130674165,3.0854797
0.21538168767699695,1.9036427
1.1631510697653145,2.3817616
2.959478499553633,2.4437504
3.069489303288499,3.2387295
4.0,3.713992
4.0,3.5002594
4.0,3.7054234
4.0,3.6706629
0.0,1.451047
4.8721,3.3088493
4.8721,4.6966596
6.692137650793651,8.489316
8.86169154971892,15.196793
6.446253385448087,17.372608
19.96536969892325,19.050587
22.191696709839533,27.080173
30.020052864509125,25.891165
27.01640995285429,26.508337
17.081306263214895,23.053247
14.92965184902003,17.2925
9.292872358172184,12.043435
5.321249000713743,7.9977174
3.1202911177859622,3.4458704
4.0,4.58738
4.0,4.536204
0.5137410192917233,4.421392
2.655397186572218,3.613635
0.8307305955097082,3.5771313
4.0,2.204976
4.0,3.4048862
4.0,3.7538462
2.405106973478114,3.6493168
4.0,4.159672
2.0695508261903957,3.8067274
6.345189153594323,5.3567395
7.362555164178366,10.066175
21.284536618337054,14.34311
31.231475900818424,27.023289
36.515495243224905,33.959415
37.467953121598654,37.903072
36.06987050187945,34.516293
31.831556893863088,32.094673
27.3946007447312,28.409649
21.35259893705668,21.964901
12.15811935014957,16.04757
3.8819022115161097,7.7763505
4.3671999999999995,2.788951
4.0,3.8796978
4.0,4.2264814
3.3140134759198485,4.0836067
1.5348831323225163,2.8297138
1.8616378144731272,2.2752857
0.7086652746397117,2.2885284
1.399215005135808,1.6433487
3.111079661954223,2.203741
4.0,2.7691574
4.0,3.5772686
1.3856738097442598,3.1851625
10.24991033215497,6.648287
14.857579785808513,13.798088
21.593384655468032,21.923058
29.02381309703641,29.3114
34.42109280758036,34.531708
35.72891682364348,35.728767
35.202347290191035,34.7434
31.685175621228915,30.952553
26.37557898008476,27.253813
19.771521473324817,21.059597
12.980072537338136,13.638812
7.198479584279727,6.133206
4.7344,4.873986
4.0,4.31324
4.0,4.1201706
4.0,3.9873018
4.0,3.3604631
4.0,3.5189037
4.0,3.07337
4.0,3.7691822
4.0,2.9812374
4.0,3.1483831
4.0,3.8800058
5.7442,4.325844
7.587597525751728,9.191974
15.102069112194542,15.54762
23.473959570083515,23.774647
26.893671829638095,25.32714
26.88455210178283,29.288733
34.5235,33.513924
34.5694,33.69372
34.5235,32.79322
28.1434,26.900372
24.4714,24.48187
16.4848,16.863577
9.2326,9.462278
4.9639,4.0136786
2.782313288848096,4.3363647
4.0,2.8943014
4.0,4.510262
3.963786588690189,3.686984
4.0,3.031104
4.0,3.0386791
3.225433692449826,3.5540676
0.0,1.942769
4.0,3.5805378
4.0,2.558299
3.7968521017828305,4.4618683
7.283523289376021,5.2263575
15.46377360415984,11.621364
18.9634,17.934687
23.1862,21.189102
29.7958,23.88711
30.163000000000004,27.022825
23.9665,25.736652
16.347099999999998,24.821796
15.8881,21.786552
14.098,17.43853
11.5735,12.671349
8.3605,7.959302
4.918,4.556813
4.0,4.0908833
4.0,3.6661596
4.0,4.380543
4.0,4.2860365
4.0,4.3328724
4.0,4.0449877
4.0,4.202716
3.7362713041574303,3.9291477
2.761634010938783,3.1377878
1.2271740662256025,3.0242891
5.001041211573138,2.429552
6.25963375268196,6.2830014
15.333788594960009,15.60486
24.37012241403399,25.257925
31.265503584120395,31.753899
36.09183142720831,31.518028
37.4744389753461,36.57634
34.110749414275745,37.319496
33.26245806236318,30.165066
27.77303415002921,29.385632
20.341029513073945,20.875835
12.82414817247411,12.68412
5.479333937801971,6.315359
2.125573938144056,3.146781
4.0,2.6476574
4.0,3.9654055
1.8498891406145166,3.6265345
4.0,2.8209162
4.0,3.9168272
4.0,4.310172
4.0,4.161626
4.0,4.030301
4.0,4.299762
4.0,3.3702955
5.7442,4.260541
7.168092706999372,7.8625956
12.7143,12.266723
20.634339437549844,19.391396
27.39660820788224,28.493061
29.234392807580363,33.82869
28.44629108839939,33.655685
27.0850508261904,29.362455
24.53388737084852,26.206184
27.100607656507982,24.467993
19.638465296433623,19.983253
13.053574282469697,13.6867
9.508,7.40991
4.9639,4.993363
4.0,3.861806
4.0,3.4063463
4.0,3.8898554
4.0,3.4901628
4.0,3.3939066
4.0,4.205928
4.0,3.977665
3.3282082455754,3.600483
1.526851305477166,3.477641
0.637275487663711,2.8520174
2.486322765972764,2.082837
9.543471829638095,6.897018
14.946536077021598,15.310539
21.7566,22.335258
27.4941,30.246218
34.09669511591964,35.18508
35.58815106976531,37.86801
35.518892644080864,36.98738
31.596709237273338,33.079155
26.02657572313129,28.52826
20.70653973673509,22.934883
16.209400000000002,15.926028
9.245405846809104,9.691305
3.733854943098491,4.3704295
1.9793397367350973,3.501338
3.996647525553593,2.9317055
4.0,3.9526844
4.0,4.192951
4.0,4.22604
4.0,3.8840618
4.0,3.9404602
4.0,3.9820166
4.0,3.7982082
4.0,3.1278496
4.4276448993258,3.4855509
4.908019125002724,7.396771
13.567782495210684,12.334366
20.94190873477868,19.346878
23.844527281234285,28.850685
24.93370500819676,27.71288
33.66727815628619,35.169422
35.77414817247411,38.14666
32.9103,34.102654
25.704,28.11916
19.996683613418647,19.224926
13.05798047998822,13.495021
6.889050826190397,7.593577
2.69867872558215,3.3450832
4.0,3.058444
3.837295266445926,3.8917418
4.0,3.5012655
4.0,4.1247244
4.0,4.1203623
4.0,4.088255
4.0,4.315862
4.0,3.7597685
3.1452443751925685,2.568307
2.5517099528542833,2.4158573
3.496432698502284,3.0946817
6.570399999999999,6.914483
12.8587,12.565278
15.7045,17.92332
14.3734,23.045315
12.2161,23.795174
14.1898,24.01685
20.3863,23.747576
25.0681,24.555134
22.6354,23.47985
20.3404,19.780983
15.7045,15.822268
8.492413625542284,10.074059
4.918,5.0212517
4.0,4.452232
4.0,4.192295
4.0,3.7322369
4.0,4.2320194
4.0,4.3004494
4.0,3.933238
4.0,4.640864
4.0,3.9247704
4.0,4.630956
4.0,4.585022
5.6065000000000005,3.909546
10.426,8.993642
16.75733988739765,15.195294
26.032,22.172884
31.8613,27.906628
36.1759,31.36068
39.9856,33.370464
39.3889,34.22294
37.3234,32.344967
32.6416,29.90803
24.5632,25.518581
17.1274,17.128557
9.7375,9.891386
5.0098,5.654041
4.0,4.2940683
4.0,4.0867453
4.0,3.892686
4.0,4.0490084
4.0,3.9236984
4.0,3.9683151
4.0,3.959755
4.0,4.0235167
4.0,3.8336296
4.0,3.9161139
5.468800000000001,4.594974
10.135078814806196,9.797878
16.418114075296685,15.220738
23.872082618348987,23.16381
25.31849603574958,29.154406
31.30653360335578,33.97782
33.33207380974426,34.60783
35.64740996342394,37.3115
35.819249542352416,32.97798
29.228543341724887,30.799294
24.434929832011854,24.286861
17.1274,16.951878
9.2326,9.489822
4.9639,4.9919586
4.0,3.7795372
4.0,3.6986685
4.0,3.6242895
4.0,3.5628042
2.4400352857576504,3.6380844
1.325701238866321,2.6367025
4.0,2.4165373
4.0,3.4503756
4.0,3.7305965
3.4333352899456724,2.3137035
1.8638587018296615,2.7541447
7.326989356545642,7.8383546
15.41781162141293,17.241962
23.24880185941404,22.520657
29.722984815381835,29.69691
32.85687050187945,32.20613
34.10896894891314,35.75964
34.70127002131977,34.446243
34.05009264035028,34.874847
29.539512464766652,31.860088
23.33011537709813,24.523521
12.515658062363183,17.054127
4.368405803735437,6.980045
1.6942288219656128,2.8178654
2.6950768455945173,2.0466213
3.054410953384549,2.8239298
3.7564056186460277,2.7344198
4.0,2.9360952
4.0,3.3844795
4.0,3.1856794
3.891534568903575,2.878336
2.332294413294159,1.7671127
4.0,1.6201859
4.0,3.1209526
5.2393,3.1500692
5.873659799057203,7.847041
7.9407,12.892356
10.8676820320387,17.14083
15.779588391994569,21.710342
19.62309334334269,24.160353
26.023759799057203,26.821356
27.016838633257468,28.645658
21.274898748790672,26.187786
14.555939736735096,15.636002
11.254852625074635,17.073774
7.959896941898871,10.583038
7.258900000000001,5.272021
4.5049,5.663928
3.5316251826793863,3.495164
4.0,2.8916216
4.0,4.2859974
4.0,3.5494127
4.0,3.5794725
2.505667476602701,3.8164015
4.0,2.8966503
4.0,4.2417135
1.4690249552638495,3.5463228
0.8348738097442592,2.1896067
1.8117083660154059,2.3673563
7.4425,4.842061
14.1898,8.235215
20.81703821987748,19.619553
24.034195962892007,24.856937
26.193026086710223,24.7539
31.0743,26.11219
27.60524784289433,31.061815
15.4224,22.275185
16.4848,18.665197
8.48358311215311,8.353054
3.8789914666136003,7.581256
4.814413559160329,5.644227
0.9179999999999993,3.4506989
2.495081774293597,1.9272299
0.34698481538183046,4.208644
3.1642772969141326,3.5152836
0.9803448507745038,3.9808788
1.2770829900472673,2.3434963
0.0,2.37811
1.399215005135808,0.9448738
2.9445792617743844,2.791627
1.9957188902027436,2.8474455
1.615941118142361,2.199995
5.2393,2.4164352
5.860591045072,5.294767
8.3958824906984,7.7074046
5.799119768729509,8.373835
11.513304615002646,10.110548
30.286127849178925,23.028034
38.32536969892326,33.29528
37.20151101589254,34.120758
33.35331565871795,31.090902
26.92950165079365,25.635141
19.913865296433627,20.806702
13.339333722267847,12.742835
7.28867872558215,6.7443814
3.02847106545312,3.8697433
0.7468184613677646,3.4036055
1.70040060215325,2.320386
3.3140134759198485,3.1328402
2.6099428819352557,3.9734612
2.584934224295221,3.5612383
2.4248795842797275,3.3995314
3.8413547590203727,3.1420727
2.9607214148686065,3.789256
2.772576109783964,3.2171545
2.822597486408103,3.1972094
5.3311,3.7466726
9.09711232240891,9.515436
16.25620557712629,16.789864
27.0418,24.748917
31.6777,29.85791
38.1037,33.926567
40.1692,37.210205
31.894689303288494,29.761147
28.02174267577991,27.664894
29.630228964164523,26.499306
21.877715439920955,22.858654
13.901226575760903,15.415914
9.9211,8.229954
5.0557,4.974537
4.0,4.1048727
4.0,3.9899788
4.0,4.118414
4.0,4.024846
4.0,4.096512
4.0,4.0696926
4.0,3.921587
4.0,3.7662268
4.0,3.7831154
4.0,3.3402061
5.2393,4.4364533
9.000390519124235,6.605982
18.27470146345429,14.158818
26.9959,22.194313
31.815400000000004,29.600075
35.1661,34.447945
39.0676,36.055275
36.46941164548683,37.82601
33.344325243924544,34.612892
26.12954526370838,27.621237
21.66964711053617,20.243935
14.323939807492966,14.760157
8.15489902605998,7.7269855
3.467359135033396,3.272149
4.0,3.3941832
4.0,3.5534449
4.0,3.5590544
4.0,3.9463863
4.0,3.9440355
4.0,4.041439
4.0,4.0867376
4.0,3.9208775
4.0,3.9075365
2.9445792617743844,3.6465082
5.5147,3.0621452
8.162755418160254,10.125502
15.010328900092963,15.81906
23.134536733034444,24.534733
29.840416630216083,31.819576
33.37815864234768,35.818428
35.94855864234768,37.296623
36.43497253733813,36.413647
31.3956,33.752922
27.233338347693483,26.609426
20.89601378932199,21.978392
14.067080040849282,15.842511
4.938459672335298,8.274187
2.3739382224783654,2.3109102
1.3953142139608605,2.3998976
4.0,2.2945042
4.0,3.370346
4.0,3.269908
4.0,3.9831133
4.0,3.9528656
0.44025967233529784,3.2374554
0.0,0.93870354
2.918563824504682,0.21508026
0.6342244347494024,2.2222147
1.6044746621216124,1.700674
6.83305026857651,6.864946
9.5472,11.498089
23.55213646119752,20.24739
29.591943326038873,29.305622
35.2053,36.449905
35.9856,35.987335
34.4709,33.068596
30.9366,27.760305
26.58305195105195,26.604103
19.42877995242573,20.374058
12.93013833008128,14.156927
4.668041934326234,6.233628
4.9639,1.4917593
4.0,3.515171
4.0,3.6220655
4.0,3.8619547
3.622851528900039,3.2360086
1.1083678272494737,3.3377962
4.0,1.9620314
4.0,3.1684217
2.655397186572218,3.2570162
3.5910334213764816,1.6205444
0.5309996814941584,2.8587513
2.676988179260123,1.0176783
5.845834222222223,5.1434445
12.320556070560231,13.868445
18.16178293391541,17.649912
28.93763003155852,26.013119
33.16572309237714,34.274403
33.925038086525795,36.02755
35.6184,35.371204
31.2579,32.735474
24.419736733034444,26.589203
18.54269023626017,20.06556
12.10067886168476,12.387705
5.508,6.042622
1.6702013757856715,1.3223753
1.179747880675455,2.1799307
3.2318264599813187,2.2390451
4.0,3.3325787
2.9099095144025338,3.5099459
1.8232782550678746,3.2129793
0.013911688093386942,2.736763
0.022486773601627874,0.9302521
0.0,0.85708714
2.0484234595152166,0.45268536
3.7564056186460277,2.3503675
0.3672000000000004,2.822545
0.6791905235509521,4.1502953
5.285200000000001,6.5279956
6.6555,9.379169
10.62425134381817,15.419071
19.70842672056364,20.920952
34.31322309237714,27.077595
34.61248622222222,31.866463
34.7526489799432,28.672611
30.043190204251594,29.027008
22.43398810143187,23.91658
13.53591162141293,13.458595
7.918039595587123,6.643228
4.918,4.3666644
3.360540994681246,4.020402
2.512733810331415,3.2136383
0.6804557739665089,2.9161797
0.0,1.8878899
0.005289902006266445,0.9230461
0.41047283792299893,1.2307491
1.0911950513299011,1.9875755
2.5280650408168963,2.4965086
2.7349481811669474,3.001399
1.7599197687295085,2.7784529
2.516800744731194,2.9676104
8.951304370031643,6.3177
14.87067106545312,13.141823
19.71963049536782,18.705673
27.275981811024444,23.67633
37.048,29.472591
38.1955,33.332382
37.3693,32.796417
34.7071,29.916195
28.2811,26.202616
23.36776146710121,20.899662
13.844395752103445,14.7371025
6.507335835633127,8.006138
2.563813680553613,3.3160706
0.7855804585452972,2.8174496
0.07093021971606994,2.123536
0.186158262355411,1.449707
0.09214398387086398,1.9139519
0.0,1.5731888
4.0,0.91511726
4.0,3.4697065
4.0,3.5503683
4.0,2.3332644
0.8943896375423037,3.3916578
2.8746505289515376,2.8213358
6.336943540567557,6.0894485
13.245555650446793,12.584824
20.16394584664965,18.194038
25.861056070560235,24.958553
30.071200000000005,32.476345
4.085099999999999,10.701358
16.4322,20.295998
18.36,25.665356
16.65028370385653,23.663403
12.42289743974198,19.335773
8.155465362601124,12.54133
4.183248979943203,6.0432467
0.9547244303691507,2.0994463
0.49877923790214673,1.9113789
0.13105270026404092,2.0052633
0.21257886168476148,1.4157124
0.5425993687595749,1.7038012
0.19104444124176112,1.7925911
0.24334226330678455,1.0275259
0.041322285558621275,1.0844021
0.012451257320153175,0.5566206
0.396471192290651,0.30667973
2.685439595587125,1.1749859
3.5688156950296808,2.8530264
3.9962916868617544,4.1319847
8.57187765079365,10.616715
10.7865,18.804564
10.300316823643485,23.100063
10.165463371792256,26.655191
24.41216723290236,20.222729
25.9402,20.124998
16.02592934766772,19.964119
19.156186049740587,16.58475
21.778889637542303,15.910329
14.142616630216075,13.08426
3.0480976039822245,6.9862175
1.0581128400134556,2.9230938
0.15699451971360112,1.9883842
0.28964869581179187,1.596158
0.32232890009296256,2.0101109
0.7628959628920047,1.8987341
0.6937333120275717,2.161314
0.04787204178247784,1.9901114
0.0,0.90063953
0.143125830277663,0.58679867
0.3977986751859799,0.83541584
0.17755022222222294,0.86572456
0.911916264760972,0.885025
1.7910367330344474,3.681202
3.8096999999999994,7.222224
8.464914388160377,11.696753
13.29407898008476,13.948184
18.66941587890694,17.242699
22.91410500819676,19.380503
24.26441257683968,25.727844
22.01706533615852,20.241772
28.641600000000004,20.966377
22.2156,21.60082
13.4487,14.639055
5.820250333261465,6.9561477
1.6055126904085633,2.5128145
0.7945479060664624,2.3335161
0.0,2.1136665
0.0,1.148799
0.0,0.6873417
0.15130806187473844,1.0745506
0.0038862222222224574,1.1471214
0.0,0.81711483
0.0,0.7349882
0.0,0.5943537
1.7232952432249018,0.303236
2.0748526250746355,2.2602863
6.2424,4.9808536
14.7201419593548,12.345991
18.1871670086148,20.884043
27.54,28.85538
32.7267,32.722008
37.1331,35.258312
37.7298,34.63444
33.3234,31.669813
28.458,25.72147
20.655,20.039942
15.4291,12.949001
9.6916,5.2477736
3.5997841936756387,5.0950103
3.2677011468960515,2.6713696
1.3180366183370555,2.8852615
0.6804557739665089,1.753418
0.5830383300812816,1.3279314
0.30063935617841686,1.2727137
0.6734580623631832,0.83650017
0.043762932702751556,1.0738974
0.25149320886067095,0.27480698
0.06007562122891308,0.56519794
1.7546725348143415,0.7947054
5.377000000000001,3.0302544
6.0129,8.788313
14.266976527911371,10.257578
19.29987933361076,17.025875
24.481713656991133,15.532658
32.048335243452215,29.16652
37.30531569502968,30.26403
37.3693,28.821524
34.29933271324427,27.282227
20.8912,25.482605
13.130965040816896,9.089327
6.361838633257468,10.088524
5.294454943098491,4.1139984
2.348975742431575,3.957018
0.5245078525079396,2.9043398
4.0,1.9338665
4.0,4.5918913
4.0,4.524252
4.0,4.3106008
4.0,4.244237
4.0,4.163952
4.0,4.146311
4.0,4.1994677
4.0,4.1392794
4.5049,4.373464
7.672000000000001,5.9143925
9.5931,10.967468
18.6813,20.044312
24.5565,27.367558
27.2646,32.23883
30.615300000000005,29.983496
34.1104,29.450998
25.0681,25.244823
24.5632,24.127274
20.7994,20.089182
10.7014,12.408332
8.131,3.056593
4.6426,2.8478384
4.0,3.2021933
0.0,2.5618963
0.0,2.0863857
0.0,1.8357391
0.0,2.4881783
0.0,1.8303499
0.0,1.9186668
0.0,1.9219732
0.0,1.6157866
4.0,2.576643
0.8262,3.3746233
5.0949,5.2445416
7.9866,11.543367
11.8489,17.572338
15.7963,23.150879
24.0975,25.717285
30.385800000000003,30.454737
37.0939,29.16624
37.1857,26.869896
31.310500000000005,28.423891
23.6452,22.531109
15.6127,15.2893305
8.727699999999999,7.7504826
4.6426,5.4156833
4.0,3.8155222
4.0,3.7712498
4.0,4.048276
4.0,4.0995293
4.0,4.1029415
4.0,3.7728024
4.0,3.3481588
4.0,3.7719507
4.0,3.72326
4.0,3.413725
4.7803,3.748537
9.2785,7.1733932
17.2651,13.030382
26.3074,23.341957
33.5596,30.154785
36.65848938448279,36.00105
36.2186650408169,35.992744
26.799126575760905,29.620468
15.679496255017304,25.42456
19.8355,21.96608
20.6617,20.01191
15.8422,14.55243
6.163680119282846,9.170637
1.1913746621216124,2.6076956
1.8488228692083357,1.5875807
3.4333352899456724,2.5958023
4.0,3.1235123
4.0,3.3949022
4.0,4.059024
4.0,3.8535872
4.0,4.0893936
4.0,3.8512945
4.0,4.115223
4.0,4.0213785
4.6885,4.116128
8.6359,6.5627756
15.3832,13.255871
17.9077,19.35512
21.9469,24.716564
26.2156,28.324705
23.1403,28.445005
15.1996,26.389662
21.2584,22.222668
25.2517,18.52494
26.1697,16.318102
16.5724926340692,15.483365
6.007183373698045,8.192322
3.5274971865722176,3.8503323
4.0,3.62352
4.0,4.17715
1.0118862440472807,3.889925
1.2094365376715963,2.122634
2.603981786465333,2.5861273
4.0,3.2110987
4.0,4.2131367
4.0,4.43935
4.0,4.387821
4.0,4.17227
5.2393,4.544216
10.6555,8.737649
18.7339,18.635372
27.2254,24.297432
28.5957,29.066542
33.9727,29.020819
31.028400000000005,34.298843
39.5725,33.895836
28.7793,33.481247
23.8221,23.874126
19.2388,17.761059
15.9799,13.1888685
5.0949,7.9371243
0.7803000000000004,2.1617136
0.0,1.3347101
0.0,1.1343508
0.0,1.3319645
4.0,2.333232
0.0,2.6542368
4.0,2.5529566
4.0,2.5814695
4.0,3.3933992
4.0,3.301752
4.0,3.1348314
5.1934000000000005,3.9293814
6.3342,8.096534
17.1274,15.892387
25.3435,24.198414
33.4219,33.633713
37.0021,38.721455
38.9299,38.605988
35.2579,32.61013
30.622,29.584383
26.9959,28.026493
23.0026,20.463165
16.0717,16.40939
9.322650563473436,8.446411
4.9639,3.8795567
4.0,3.9492865
4.0,3.7566633
4.0,4.080884
4.0,4.1158113
4.0,4.0790052
4.0,3.970314
4.0,3.5501814
4.0,2.765792
4.0,2.7228127
4.0,3.344818
5.2393,3.932006
10.7932,5.0520897
16.785442695496542,13.29721
24.40175052895154,20.290901
31.401053246892275,29.602152
36.7637559878844,34.64325
39.73599202325374,36.07211
41.95929999999999,35.682762
37.4611,36.04108
30.50538280934783,30.28091
22.062026086710222,21.765553
12.253018981942995,13.172995
7.026690519124235,6.037254
2.4025197687295083,3.344057
2.64700414690404,2.249343
3.8372962550173053,2.7768278
4.0,3.149108
4.0,3.348508
4.0,3.7857437
4.0,3.9002113
4.0,3.7307272
4.0,3.5805016
4.0,3.7918587
4.0,3.7403183
4.06212930579939,3.0772114
4.396068342802125,7.2986813
8.76002283780643,13.126008
13.972778768779662,17.232092
13.955730473450489,23.046309
9.246527454541432,23.606968
9.393497439741978,23.23648
16.03395635457686,23.025862
18.09165802448545,23.385433
18.33171590626793,21.057293
13.059001859414035,16.686775
11.212862727257344,11.260296
5.750579952425732,6.5066705
2.247963396783298,3.6642246
0.5418723168895614,3.2288628
0.2341145136158609,2.2729368
0.9525717349079503,2.0017548
0.4347991269155074,2.6956606
1.28372231977856,2.097766
1.9651796733440001,2.6047735
0.9742478973147275,2.8479357
1.8010205584609977,2.2223005
3.1439765612601107,2.7884521
2.608751182268664,3.0632668
4.7803,2.5671225
5.198208734778677,6.636331
11.556788391994566,14.506505
22.094837223495883,22.633396
28.854471192290653,23.898674
34.1496,29.374865
37.2708,31.673172
33.50334825362576,31.420654
33.70732426152814,28.259762
28.633903974605616,26.988342
21.97667872558215,22.079668
15.108758864206475,13.803931
6.207489153594324,8.308196
0.8773899020062661,2.2427034
1.0057288219656133,1.4586296
0.9672951762112145,2.3543968
0.7396183843543636,1.9628162
0.7436157698755714,1.5924044
3.3088585598534017,2.032689
0.17755026857651046,2.7900324
1.823277645925062,0.30548954
3.0305867677551266,1.8958664
3.054410953384549,2.2710934
2.677016452140487,2.2617798
5.1475,2.4422522
6.440753679468527,8.481518
15.8881,9.660793
20.9371,14.263761
25.93893646119752,21.41504
30.123493650793655,32.060207
34.62564507722867,36.30885
34.12842896416452,32.904533
28.8740963623814,29.563532
27.087700000000005,22.874132
21.3502,16.447403
14.9701,12.517252
6.677715005135807,8.054594
3.4501035841203898,3.3231344
4.0,3.1825237
4.0,4.034831
4.0,3.6710777
4.0,3.9153843
4.0,3.7557745
3.481712168762181,3.795248
1.28372231977856,2.6069994
0.16377851129623622,1.4749498
4.0,0.59619236
4.0,4.1084948
4.8262,4.656752
9.4621,10.415859
14.8324,16.293623
27.3172,23.091022
34.5694,32.95424
37.7365,39.555008
39.370661991678006,39.342598
40.49782296348177,38.94281
36.56698188358944,28.978003
33.0088,31.87133
25.4353,24.806135
17.586399999999998,15.816662
10.0129,9.032438
3.6495435186266665,4.6111035
4.0,3.1526213
4.0,3.7401314
4.0,3.1070461
4.0,3.7752476
4.0,3.5492287
4.0,3.840826
4.0,3.8336506
4.0,3.6738844
4.0,3.730073
4.0,3.345684
4.8262,3.4567919
8.9572,8.423038
16.12071858086211,14.481512
27.087700000000005,22.45408
34.064499999999995,32.40088
36.6349,38.976555
36.5431,40.830757
36.6349,39.13382
37.0021,33.886482
30.4384,26.918106
24.4714,22.733269
17.661145059161868,17.677956
9.9211,8.296533
2.499672358172182,4.3289647
0.32420733301627536,2.579154
0.0,1.882185
0.0,0.7318821
0.056667008614793346,1.7880163
4.0,1.1870451
4.0,3.6175165
0.7252819991673025,3.6929588
4.0,1.0326529
3.71483443090108,2.7448864
0.23987085745386771,1.6664248
0.5644080618747385,1.1766968
4.17466031613243,3.6654196
11.426472837923,8.650485
20.97976762657817,18.567081
21.573,23.675915
23.0877,25.384022
29.6973,29.063967
27.807951653094687,31.18616
30.998346014283378,33.423393
29.559600000000003,26.15693
21.717142813108584,20.765305
14.227566078457198,12.899917
7.529295990613406,6.9841504
4.067271833002746,3.5017672
3.967889904649505,2.9737015
4.0,2.940444
3.2677011468960515,3.0578957
0.2733746621216113,2.45298
0.0,0.8517132
0.6032062632148936,0.61421394
3.638792847564412,1.3412628
4.0,2.389678
2.964450952395824,2.2800226
4.0,1.6979532
1.7854082108408154,3.4698944
5.828453404346004,4.113142
16.554384980238517,15.949156
25.9402,23.299553
31.723600000000005,27.942196
37.8742,35.388603
41.06995622691308,30.876516
37.50199665118482,30.246746
35.850312840132794,32.049797
31.530996908165164,30.270247
24.650689493767764,23.548061
17.232601738637094,17.283669
9.6916,9.591517
4.7803,4.405896
4.0,3.5171232
4.0,3.2890806
4.0,3.0287323
4.0,3.047864
2.999330952015553,2.9602222
1.793621125511402,2.7241592
2.959479333610764,2.1357098
2.608751182268664,2.7679205
2.9781374994964445,2.4846678
2.903731889472814,2.718423
3.2662352857576504,2.997507
6.391584639690115,7.3192177
15.51738859496001,13.088426
22.61874641921522,23.870876
30.216838347693475,31.761974
34.335396794488645,37.04309
33.2316,38.5383
34.7004,34.100285
33.0021,30.336258
27.081000000000003,26.112038
21.4854362358144,20.288628
12.381621473324818,14.250145
5.602690639403633,6.426568
3.2435990260599787,1.6438894
4.0,3.170824
4.0,3.4499683
4.0,3.682742
4.0,3.7283697
3.0581774861730633,3.183999
1.27992678038264,2.164462
1.1631510697653145,1.2470293
1.325701238866321,1.1803389
4.0,1.1219959
2.561188608755794,2.3748703
1.1485289000929626,2.5129108
4.135523028564082,4.8258066
12.428881541099344,8.207129
17.4879,16.768194
23.844586773601627,23.455334
21.03105864234768,29.448965
22.996243937699443,28.36729
27.403407970429726,28.178589
29.3301,28.4768
22.697111015892546,24.125652
14.86472283780643,18.139172
11.595295752103445,10.965166
7.635881774293597,6.970161
4.163823283381003,4.544723
4.0,3.4412975
4.0,4.000654
4.0,4.0072355
4.0,3.7913723
4.0,3.389598
4.0,3.5834827
4.0,3.6272688
4.0,3.5215235
4.0,3.635028
4.0,3.3378859
4.5049,3.2668486
6.3868,6.0221314
10.255801738637093,9.250555
18.7339,13.44682
25.3435,21.660725
33.789100000000005,25.735645
30.3925,31.048134
26.242507141372876,26.959743
18.5962,22.471006
16.253960250598045,10.717359
23.724535730736537,16.24045
14.818000744731194,13.591984
7.396599999999999,8.3729515
4.1836,5.0595307
4.0,3.3810835
4.0,3.5080729
4.0,4.2835503
4.0,4.110593
4.0,4.3043976
4.0,3.8366756
4.0,4.193969
3.1909867087339485,3.3658981
4.0,3.7287903
2.619491932453748,3.737772
4.1836,2.6481667
2.4014905716294823,5.093512
6.0655,5.795075
10.2883,8.127468
20.983,15.802189
24.13282873452322,24.978867
28.9696,26.764297
22.4518,27.752792
23.516905344217164,22.583157
22.023912461232584,21.188074
18.86594147473138,16.065714
10.098,13.233299
1.8966536794685265,6.3093514
0.9840652746397112,2.27065
0.3298610317572308,1.7375088
0.9672951762112145,1.5965624
0.4678586423476787,2.2491617
1.2998905716294828,1.7101736
1.27992678038264,2.4143677
1.697287179004645,2.0784578
1.8498891406145166,2.449772
2.208047110536169,2.082387
2.900028107944445,2.0989237
1.4070260867102249,2.1880093
3.2413132888480956,1.0805836
4.344122969934658,3.467741
14.5770584476156,10.882935
22.244451086665748,23.102936
24.95968791696061,30.553463
31.931348644863924,34.42736
34.559048253625754,36.633316
35.925581687677,34.285538
25.54282728123429,26.097042
21.0289,21.258358
13.761547200372302,11.800784
7.830159672335298,8.236096
4.131,4.854645
0.6308137768877753,1.1893482
1.041073479515008,0.8888235
4.0,2.3459558
4.0,3.7291212
4.0,4.1434984
4.0,2.5624056
4.0,2.7691135
4.0,3.5648794
4.0,3.138013
3.637464004664528,1.5414419
4.0,1.4834518
4.6426,2.2422838
8.2228,4.32926
10.412713680553615,11.863554
13.12033830872002,16.303759
23.1403,21.356264
31.6318,29.313665
39.7102,32.391544
37.1398,36.111664
34.064499999999995,27.981718
30.897400000000005,23.74424
22.1764,18.771603
10.950046966572849,13.909215
7.809699999999999,4.6357775
4.5508,4.489504
4.0,3.7410011
4.0,3.4476871
4.0,3.71276
4.0,3.0514975
4.0,2.767171
4.0,3.3567772
4.0,3.7337542
4.0,3.5151796
4.0,3.4005423
4.0,3.2934055
4.6426,3.4332342
7.672000000000001,4.9283633
16.2553,11.325196
22.2682,23.005249
29.8876,26.49289
37.3234,32.18944
39.3889,34.971542
36.4054,32.7106
35.9005,28.783302
26.84137966195422,24.63878
19.147,18.294926
11.474790531457884,10.324078
7.982073604159838,5.7276793
3.4023391113548485,4.072463
4.0,2.6417313
4.0,3.5690746
4.0,3.8903008
4.0,3.61382
4.0,3.356595
3.8332385883554725,3.6490917
4.0,3.021513
1.68484812179174,3.891468
2.570677965630207,1.6599436
1.3478152636920697,2.6882725
4.3671999999999995,2.3401709
6.6622,6.361867
9.2785,10.113434
15.1078,15.619403
16.9438,22.207022
14.6488,23.672745
14.7406,22.198883
17.2192,19.544264
18.8716,19.145721
15.8881,18.04256
17.2192,14.487588
11.1604,10.810455
5.0373492558993895,7.6290164
4.5049,3.4197512
4.0,4.560546
4.0,4.3225894
4.0,4.277872
4.0,4.311484
4.0,4.2716026
4.0,4.331114
4.0,4.142502
4.0,4.2240047
4.0,4.066618
4.0,3.9471312
4.4131,3.5639582
7.9474,4.7277904
11.5276,12.528508
16.083371304157428,18.227985
18.034611938954946,21.684622
22.9567,21.896961
10.904653125462396,18.687756
11.190862423003493,13.162772
15.2455,12.135217
11.582958140215853,13.782029
9.755860455502326,10.506359
5.263565336158512,9.108783
3.240858701829662,5.1258507
4.204230910077543,3.3076954
4.0,4.330213
4.0,3.9812393
4.0,4.030389
4.0,4.028433
4.0,4.19283
4.0,3.9523811
4.0,4.044668
4.0,3.8147087
4.0,4.3768725
4.0,3.956521
4.1836,5.10432
5.6524,6.2718344
10.0129,11.956391
16.0258,17.395142
22.110723283381,20.905605
21.36224115331929,25.16735
23.28851122101813,23.713348
17.08003331202757,23.938822
18.118464901844675,19.132015
25.7392547855093,17.638197
20.0776477920372,20.473722
14.7865,11.777996
5.19088215760358,6.0492444
2.079132278996317,2.4401474
2.796939905337048,2.2291775
2.1138128401327947,2.7963057
0.9855800408492819,2.3728075
2.5280650408168963,1.9743948
3.6854250071207204,2.7040281
4.0,2.6855335
4.0,2.8675556
4.0,3.89929
4.0,3.7534962
4.0,3.4440765
4.7803,3.9038954
10.1506,7.8277864
18.6421,16.489758
27.5467,26.998089
35.0743,35.646423
38.884,40.28529
41.683899999999994,41.487217
42.0052,40.977386
38.792199999999994,32.727646
32.6875,31.09802
26.353299999999997,24.028336
16.760199999999998,14.98196
9.3703,7.440728
4.5508,4.598361
4.0,3.709794
4.0,3.8764439
4.0,3.5926075
4.0,4.051037
4.0,3.7703028
4.0,4.055725
4.0,3.9809952
4.0,3.830412
4.0,3.1341362
4.0,2.6205788
0.6425999999999998,3.0722904
8.865400000000001,7.5901027
16.0717,12.533769
23.9206,20.727764
29.2909,29.290808
26.0779,35.010178
22.0846,31.370892
27.454899999999995,27.665688
23.5534,26.513756
16.58459105275538,22.483337
10.574679715382624,16.147383
6.6562914936474575,9.826588
5.451540103693081,5.7702703
1.3765070271760447,3.842514
2.727684984532761,2.3924732
1.8916503744904052,3.1128054
3.3605419009669966,2.4588652
4.0,3.0296106
4.0,3.929412
4.0,3.384387
4.0,3.4483805
4.0,4.0255365
2.363411015892547,3.0987215
2.7579905191242347,2.2343845
4.459,2.533987
4.309219350149572,5.18553
2.5462292279438046,9.392044
4.488181541099345,13.090207
8.452300000000001,10.474675
13.734105008196751,12.535777
17.450858825547655,20.146002
21.39036911219454,23.11058
24.66293834769348,23.849575
19.265059296809586,24.66684
12.028934680149137,16.304644
10.94885599033331,7.911861
6.508932302167863,4.9788938
2.3635605003963533,2.3035803
1.3487797153826246,2.6231823
1.6230967376991021,1.8046865
0.8615401036930805,1.980073
0.31546717989312434,1.4918585
0.04294729019104082,1.2035017
0.15079365079365026,1.5698128
0.4966525957485892,1.1901674
0.3701916868617534,1.421462
1.463083373698046,1.5527754
0.6311776507936511,2.2517881
1.3512652746397116,2.222268
4.6080481724741125,5.3778143
13.25583765079365,12.289862
18.74782750425571,18.145779
24.426129513073946,28.288074
31.701848644863915,24.403606
35.90561417642086,33.195213
35.94512577450624,34.042435
32.036651699171,29.983599
24.916188063029523,23.051456
16.720491997951918,17.390255
10.131177645925062,10.543748
6.830542936686296,5.600845
1.6150919088724365,3.379777
0.5418723168895614,2.27419
0.04787204178247784,1.798296
0.13005759912301862,0.9138813
0.18453673303444695,1.454668
3.3670195812495045,1.142827
4.0,3.8003206
4.0,3.438016
4.0,3.6521378
4.0,3.5374107
4.0,3.6657124
4.6426,3.9413052
8.0851,6.162481
13.9144,13.804788
22.0846,21.038284
28.510600000000004,26.78283
36.3136,30.324884
37.1857,32.249863
36.2677,28.861614
34.202200000000005,27.080578
27.3172,25.218771
12.913005074031934,18.438053
3.5597308168228334,10.443081
3.8666825507305216,3.8192558
4.137700000000001,2.4185886
0.0,4.3067446
3.8548964943437323,1.0562487
4.0,3.905467
4.0,4.3489027
4.0,4.0019484
4.0,4.0277042
4.0,4.0477047
4.0,3.6492167
2.914853489006605,2.4671001
0.6433914936474583,1.987916
4.4131,1.1881113
5.836,6.5964737
8.3146,9.524052
9.2326,11.19248
16.7143,12.297749
22.932923459515216,20.281776
33.13922242795022,31.903059
39.35622076218262,34.45614
36.906734680149135,36.286354
32.12887044178035,26.103693
25.4353,22.473192
16.760199999999998,15.872182
6.123014213960859,6.2166123
2.13237201778235,3.525278
1.9826123224089098,2.7501984
0.8548494090426182,2.6659422
0.637275487663711,1.8798513
1.2751883919945666,1.8829288
4.0,2.4008846
3.25231040970859,3.826706
4.0,2.6784725
4.0,3.4142027
4.0,3.7121716
4.0,3.598837
4.5967,3.7606487
8.8195,6.1495037
12.2161,13.804402
19.3306,18.036901
29.6122,20.914585
37.0939,28.143902
31.1269,31.450373
31.204127849178924,25.740553
29.533909381615935,25.428192
25.66676574807117,23.400932
18.140250374490407,17.924805
10.71900065968451,11.241913
3.8865679373930018,5.3881025
1.483490571629483,2.7744188
1.7170411533192915,2.177371
1.0794933433426852,2.5183659
0.146692524405708,2.0249062
2.1238452637083807,1.1065702
4.0,2.6382637
4.0,3.5332966
4.0,3.2161179
4.0,3.3749619
4.0,3.5251236
4.0,3.0189495
2.521929512094136,2.624525
5.1475,3.6520596
3.3868777567108648,6.8965774
9.483609094748925,9.911236
16.578228107944447,16.594198
18.841427281234285,22.924839
25.343562765798502,25.382887
12.893782591731574,26.829369
8.039262765798506,19.718754
11.30500806187474,13.195847
16.136330816822834,11.246851
8.807083373698045,10.297588
4.650664783352903,5.637308
3.5851505634734373,2.8750868
1.589450528951538,3.6962194
1.1945628804851296,3.0032415
1.2047818110244322,2.6155567
0.8473415892059624,2.3905497
2.456390263078397,2.3860817
3.7927361340246044,3.2614746
3.682754992159442,3.4539022
3.8847420330972238,3.197136
3.7927361340246044,3.525117
2.772576109783964,3.378522
4.385567458612627,3.8601465
5.702981811024432,5.9433975
12.833524335764723,15.104331
21.99355946768026,23.374796
27.25795270026404,29.648142
29.449580355194804,30.288412
33.038372537338134,30.176683
31.671,35.649227
24.5106,26.902962
21.77579687961316,17.200596
19.145589902006265,15.142719
13.188925650793651,11.883395
4.956212690408563,6.780339
2.290833316978043,2.5777245
1.7767444749854384,2.65689
3.4699241304781907,2.1572685
4.0,2.8374653
4.0,3.3684578
4.0,3.4617195
4.0,3.2780952
4.0,2.9750185
4.0,2.851779
2.918563824504682,2.1906614
2.512733810331415,1.7642708
4.5508,2.3630457
8.3605,5.315541
9.67793804783384,12.509518
21.27281057337894,17.858812
18.85513087220197,27.515034
23.1862,18.223743
18.473174617912207,25.288338
27.392672537338136,25.21122
20.454956677678144,26.495499
20.75635840608632,19.742126
14.867185650793653,16.495502
10.46819154971892,11.340112
5.780624585241062,5.7405987
4.275399999999999,3.6795607
4.0,3.5843077
4.0,3.0623093
4.0,3.604725
4.0,3.5457764
4.0,3.4957294
4.0,3.7234907
4.0,3.5097895
4.0,3.1747713
4.0,3.27602
4.0,3.009533
4.0365251826793855,3.0970507
6.609848377235242,4.7765045
10.229452829336296,12.089929
19.316455418160253,17.319134
30.781313288848096,27.831188
34.1104,30.039986
20.4781,30.406641
14.413820778704268,19.581413
27.184342427959862,21.791435
27.637493519037864,23.944946
22.211650861964817,20.427572
16.209400000000002,14.179093
7.5802,8.312125
4.275399999999999,4.1314964
3.1757145803112383,3.3917942
2.7095528645091242,2.413622
4.0,2.4667025
4.0,3.1676512
4.0,3.7283392
4.0,4.2670975
4.0,4.122796
4.0,4.168728
4.0,3.924492
4.0,4.0594883
4.5508,4.449424
9.5539,8.0167885
17.8159,15.951065
14.533133854428032,9.2068405
27.2254,18.267107
36.2677,33.955975
40.49049999999999,35.53119
39.1135,32.477753
34.1104,29.892105
30.4384,26.887356
25.3894,24.038664
16.760199999999998,16.367579
8.131,9.026313
4.275399999999999,5.0622187
4.0,4.3572736
4.0,4.4231534
4.0,4.3924236
4.0,4.4487314
4.0,4.139427
4.0,4.460203
4.0,4.3783293
4.0,4.2599354
4.0,3.7787647
4.0,4.096965
4.5508,4.4072475
9.508,9.804118
17.67105340330844,18.248148
26.5828,25.163185
33.06495706032908,30.586481
37.4152,36.215576
32.71963830872002,24.900072
37.4611,30.72556
29.876338303079365,32.39984
25.892130595509705,25.69463
21.02765324689227,19.973694
16.57187700563016,14.386387
7.7179,8.106707
4.2295,4.6568465
4.0,4.111862
4.0,4.11446
4.0,4.3148236
4.0,4.3732095
4.0,4.152446
4.0,4.042611
4.0,3.995822
4.0,4.0092707
4.0,3.9743633
4.0,4.024455
4.5049,3.7444935
7.396599999999999,6.5929666
13.8685,10.6528635
18.7798,19.067627
28.602400000000003,27.422264
31.907200000000003,34.550507
38.884,32.95059
37.4152,35.703236
36.4972,31.081455
30.576100000000004,27.855259
22.2223,20.17869
15.0619,12.067776
8.039200000000001,7.0449433
4.2295,4.0650806
4.0,3.6730108
4.0,3.3658724
4.0,4.03166
4.0,3.989994
4.0,4.085067
4.0,4.010231
4.0,3.9964943
2.419058355239226,3.8225908
4.0,4.135869
4.0,3.7964516
4.459,3.112958
8.3146,7.748783
17.5405,13.874907
25.8943,22.718262
32.917,27.89532
37.2775,34.609962
40.4446,37.32101
38.884,36.474075
34.693926575760905,33.24951
29.17968621470905,29.03202
19.675226086710225,21.61727
10.121536876058071,12.943955
4.240708862395975,4.706521
0.23147204178247804,1.4364605
0.6773430310277941,1.2416725
0.6197918340080815,2.114132
0.1888689489131412,2.2388697
0.032141959354799354,1.7307062
0.453308207882241,1.5640078
1.7139175396499748,2.5610847
4.0,3.5783272
4.0,4.1134977
3.989793953421069,4.0300083
1.1603919979519155,3.3170567
0.5229481724741127,1.8964996
4.571259672335298,7.146532
10.7865,11.710973
19.8747,16.935226
27.98524193432624,26.378235
33.90559356850794,33.526047
35.8769360770216,36.383514
30.621806263214893,35.052578
23.69233148974212,29.797243
20.776322969934657,23.163765
15.344775621228914,17.602535
10.8783,10.686241
5.795833692449825,5.0007386
1.919712461232585,3.6398134
0.18886906043314156,2.1810808
0.360470497655653,1.1922646
3.6401229634817636,1.4786739
2.3495657480711696,2.9634066
3.995277005630161,2.1445398
2.5280650408168963,2.5074654
1.0057288219656133,1.8795261
0.7500254769650923,1.0513859
0.0,0.6522379
0.1038429934437648,0.9146404
1.2571111145377056,0.8603468
4.808903252916519,4.32003
13.00663722349588,12.115431
23.02068562404711,21.18197
31.24731254087778,27.322666
32.94240165079365,33.462242
35.322903937100016,34.592247
18.4585,33.738396
23.82609351274968,21.757063
23.226853651937617,22.475193
11.442559189701557,19.488394
7.002878511296237,6.641972
2.0144296370818626,3.9778194
2.6009997750883773,1.1822014
2.533969069198866,3.429739
4.0,2.872178
4.0,3.788186
4.0,3.6135645
4.0,3.682352
4.0,3.1946545
4.0,2.7075815
4.0,3.7100039
4.0,2.1645966
4.0,3.7118835
3.0042951709034167,2.8132153
6.831279584279726,3.6284552
15.6586,12.878082
24.7927,19.725243
33.1006,27.375992
39.3889,32.99099
37.3693,35.54046
30.60072328937602,20.756844
37.4611,27.4641
25.0681,17.939451
14.425878306712043,19.108196
7.9933,9.5062275
6.1573,3.3280592
4.137700000000001,4.065179
4.0,4.040539
4.0,2.8267603
4.0,3.8619442
4.0,4.0342417
4.0,3.466527
4.0,3.959735
4.0,3.8229465
4.0,3.6648035
4.0,2.9295502
4.0,2.3181057
4.1836,2.6442776
5.9737,5.0419965
3.1212,6.1683564
10.5637,12.183941
17.9077,21.766785
27.363100000000003,26.545013
19.9732,29.723228
14.4652,26.379065
18.0454,20.989614
20.3863,16.805466
15.475,14.224248
9.3244,8.42435
6.7081,6.0437455
4.091800000000001,4.385722
4.0,3.7239428
4.0,3.2833004
4.0,3.397417
4.0,3.123808
4.0,4.181221
4.0,4.058032
4.0,2.81503
0.0,3.3876657
0.0,1.5125923
0.0,0.9617138
4.3671999999999995,2.5594587
4.589999999999999,5.2513413
5.8752,6.4547377
18.4126,10.649801
27.1336,24.422146
25.1599,30.583498
20.8912,27.86624
24.0124,27.087494
24.5632,24.861132
23.3239,19.398407
20.6158,16.094769
14.0062,11.8750515
5.649459293871776,7.7891965
4.091800000000001,3.5648232
4.0,4.120573
4.0,3.9723482
4.0,3.7383451
4.0,4.1648483
4.0,4.169512
4.0,4.1411467
4.0,4.1384897
4.0,3.9900713
2.705932270656371,3.9872131
4.0,2.4194498
1.3074896375423055,3.8296432
6.287170441780352,4.9053226
13.423111815301242,9.976533
22.9567,16.855991
30.20164620862237,23.348997
34.575978306712045,31.957533
37.68559665118482,33.31179
37.53545277705404,32.832993
34.7017197803211,33.037598
28.44136790849992,27.768482
20.20973895861103,20.123917
11.56979154971892,13.124089
3.5664419593547994,5.7385426
0.1857967944886454,2.462122
0.381953679468527,1.6848259
1.0481880630295244,2.0605545
3.103505194425784,2.8798656
4.0,3.5038843
4.0,3.7493248
4.0,2.9194736
4.0,3.7902412
3.450307856480821,3.1993876
0.31546717989312434,2.142846
1.4611045030626997,0.9462633
4.3671999999999995,2.0310535
5.667718244488557,6.676441
11.424083945475685,11.715289
21.62986725711684,18.791805
29.734398312713303,26.899956
32.921875680713626,33.389885
36.66388318914413,34.75957
33.84650002613601,34.224117
28.045691493647453,29.743702
25.59372433576473,23.796137
19.57441776810332,17.588411
9.432901859414034,11.266465
6.0196000000000005,3.6071882
4.0459,3.890047
4.0,3.224884
1.3458881792601236,3.0482473
1.121075900818422,1.6267557
4.0,1.7134409
4.0,2.8343
4.0,2.8125582
4.0,3.8499584
0.472738958611032,3.6404457
0.9838338326959235,0.64425755
4.0,3.9463816
4.1836,3.3513498
6.5245,6.7040186
9.4162,9.196819
12.9964,16.2255
19.1011,20.671143
27.454899999999995,25.06156
34.1563,27.81041
29.75083401093878,28.017796
28.2352,24.009535
22.72520367189722,20.740559
16.5766,16.490534
11.2063,11.0930805
6.9376,5.8802
4.0459,4.4462123
4.0,4.1072063
4.0,4.175418
4.0,4.2287827
4.0,4.1971025
4.0,4.065613
4.0,4.1287374
4.0,4.104944
4.0,3.9074755
4.0,3.8103333
4.0,3.981511
4.2295,3.7943592
6.1573,5.968135
8.727699999999999,8.456535
15.1996,11.387533
20.3863,22.522064
28.74905024728473,26.302694
31.631413217133186,29.301596
32.21371246123258,26.758675
28.3948827539391,24.516304
25.181508852396217,20.742964
18.70963372226785,16.67618
12.39334777361072,10.873788
7.1212,5.9566097
3.6846928475644134,3.7576942
4.0,3.6317387
4.0,3.268609
4.0,3.8540478
4.0,3.9039278
4.0,3.92548
4.0,3.8123817
4.0,3.912074
4.0,3.7116861
4.0,3.854082
0.0,3.6229239
4.1836,2.8614483
5.560600000000001,5.665624
6.4786,10.055885
14.8783,9.570213
26.032,20.414665
26.4451,29.644447
17.547822963481764,29.14258
19.672359672335297,22.702085
24.959588391994565,22.259504
22.9108,20.12989
11.4817,11.035676
4.700216052069397,8.232759
3.435793460134514,4.0601654
3.8969736041598395,2.5230713
4.0,3.400507
4.0,3.5057707
4.0,3.694931
4.0,3.7915182
4.0,3.8414297
4.0,2.8477259
4.0,3.7062817
4.0,3.6940422
4.0,2.217618
4.0,3.001379
4.1836,3.2177887
5.698299999999999,3.945836
7.142282809347828,5.595803
10.079430910077544,8.820303
17.2651,13.182257
22.873175135332644,22.295845
30.455744375192573,30.235962
20.7535,25.385632
27.684399999999997,16.192165
23.9206,19.16507
15.5209,10.886223
7.0753,7.452548
0.5967000000000002,4.9112597
0.0,0.9937763
0.0,1.5487032
0.0,1.4519472
4.0,1.613904
4.0,2.617775
4.0,2.489831
4.0,2.4291725
0.0,3.693698
0.0,1.3732386
4.0,1.3740377
4.0,2.5748968
0.1836000000000002,2.0412817
6.2032,2.5663185
10.3342,5.4511323
12.1702,14.365375
13.1341,16.804405
13.6849,22.136665
20.8453,25.376507
19.4683,22.511261
18.5044,17.34547
16.4848,16.159927
12.7669,11.330987
9.508,6.6389084
4.3671999999999995,3.5145435
0.0,1.9992628
0.0,2.2655306
4.0,2.3565054
4.0,3.3867598
4.0,3.949277
4.0,4.251341
4.0,4.139353
4.0,4.017091
4.0,3.7616434
4.0,3.7763758
4.0,3.5584164
4.137700000000001,3.924883
2.2097062632148923,5.093707
4.380345223540594,7.1800666
9.241035814531903,13.088254
17.5797,18.27222
31.78001122101813,21.939526
31.815400000000004,28.098177
19.9732,26.756292
18.4585,24.554617
23.6452,22.496258
16.5766,16.827095
11.5735,9.694786
4.5508,5.798963
4.0,3.9191723
4.0,3.4970913
4.0,3.4214525
4.0,3.477293
4.0,3.3301907
4.0,2.9445353
4.0,2.6840115
4.0,3.420391
4.0,3.5249557
4.0,3.42175
4.0,3.324853
4.1836,3.470909
5.377000000000001,3.4663296
8.865400000000001,6.0865374
13.083586244047282,14.728579
20.33545022052224,20.558605
27.904572837923,25.89982
33.724952483061834,28.3893
34.262521352405955,28.689268
34.41867581433102,28.087282
24.462025182679383,23.405735
13.740595242447425,14.977177
7.889083373698045,7.6102304
6.356595409374835,3.5806208
4.0,3.19454
4.0,3.818265
4.0,3.882412
4.0,3.8811407
4.0,3.2236147
4.0,3.1916046
4.0,2.8877172
4.0,3.4944801
4.0,3.395854
4.0,3.6494112
4.0,3.2759209
4.275399999999999,3.9079657
8.3146,6.344806
16.1176,10.729439
19.5993,20.15554
31.0351,24.249271
35.716899999999995,32.43785
38.83809999999999,33.6495
38.9758,31.613132
31.54,27.293339
25.9861,26.541508
19.0552,15.261667
10.4719,9.554254
6.295,4.9724545
4.0,4.0955744
4.0,2.9678335
4.0,3.7884636
4.0,4.0259695
4.0,4.015376
4.0,4.0220003
4.0,2.7032661
0.0,2.456334
4.0,2.5106888
4.0,3.1011505
4.0,3.2148504
4.275399999999999,3.056138
8.5441,5.6315765
17.1274,12.917504
25.6189,22.122635
32.825199999999995,28.645344
34.753,34.56699
39.0676,33.810062
38.83809999999999,33.498795
33.8809,30.274208
25.6189,26.526321
17.311,15.715746
11.6653,9.011644
6.2032,4.597804
4.0,3.8530369
4.0,3.9731674
4.0,3.6009264
4.0,3.5916395
4.0,3.8294258
4.0,3.8372374
4.0,3.68707
4.0,3.2369099
4.0,3.4029303
4.0,3.4343433
4.0,3.9066343
4.275399999999999,3.640993
8.6359,6.1958847
17.448700000000002,15.520262
26.5828,25.327862
33.0088,32.549263
39.3889,36.136024
40.3987,37.736008
38.7004,36.71555
34.8302042030512,32.986973
27.1336,27.221672
17.035667827249473,18.042257
10.214795243224902,10.931178
5.836,4.9715385
4.0,3.2370071
4.0,2.9363947
4.0,2.9626293
4.0,3.272416
4.0,3.6445112
4.0,4.035844
4.0,4.1728525
2.428373752796345,4.0194407
1.68484812179174,3.5523825
1.68484812179174,2.7991638
2.890157531155168,2.6987534
4.258345059161867,3.2017956
6.626871239554956,7.699669
14.996745001899644,14.860329
23.60101941511349,23.561504
29.93547380974426,31.53253
34.563669112194546,35.960693
36.761485708462224,36.98187
35.87849867518598,35.467503
33.59267937378786,32.648846
26.32510808677965,28.068733
17.146623092377144,19.628208
9.59414147473138,11.077834
4.972342513988672,4.703665
1.1862217593651376,4.0410986
0.2715824906983997,2.675088
0.08299047827919814,1.8561077
0.0,1.2831535
0.10336965079365079,0.8668289
1.0083660784571968,1.3897886
2.0055668384851835,2.5528774
4.0,3.4810343
4.0,3.6793785
4.0,4.0564985
4.0,3.7231169
4.275399999999999,3.7809849
8.865400000000001,7.91017
17.448700000000002,17.03169
26.4451,24.725033
33.9727,32.001633
35.441500000000005,36.923344
38.28799276898489,38.417645
38.2414,38.095833
35.2579,35.08085
30.346600000000002,29.800665
22.2682,21.823952
13.639,13.289513
6.2491,5.38021
4.0,4.108968
4.0,3.6552134
4.0,3.6312685
4.0,3.7438889
4.0,4.1697035
4.0,4.224334
4.0,4.171818
4.0,4.233756
4.0,4.096898
4.0,3.9472494
4.0,3.5555172
4.2295,3.303708
8.8195,7.155523
17.4028,16.640026
26.491,25.56792
32.549800000000005,31.84924
38.1496,37.356007
40.7659,39.422478
39.5266,38.690506
37.1857,34.26145
30.897400000000005,28.37801
23.0026,20.73682
13.9603,12.7382
6.2491,4.9696016
4.0,2.5434952
4.0,2.87848
4.0,3.1994724
4.0,3.496091
4.0,3.7229595
4.0,3.9448729
4.0,3.8221931
4.0,3.8748093
4.0,3.2616472
4.0,2.816225
4.0,2.7856293
4.2295,2.3478098
8.4982,5.5336814
16.3012,15.001314
26.123799999999996,24.80959
34.5694,33.02776
39.1594,37.204247
37.8283,39.102608
35.3497,35.284508
32.6416,31.801353
28.327000000000005,27.2043
20.524,19.814934
13.2718,10.7168865
6.0655,4.932047
4.0,4.2710333
4.0,3.6806383
4.0,3.62716
4.0,3.6653433
2.9607214148686065,3.4217653
4.0,3.0207891
4.0,3.4835691
4.0,3.8700666
4.0,3.7826576
4.0,3.6947327
4.0,3.3894167
4.2295,3.271165
8.865400000000001,6.8531513
17.1274,16.261934
26.2615,24.509937
34.477599999999995,33.07051
35.8087,38.081512
39.4348,38.78954
38.1955,38.54332
34.753,35.066124
29.7958,29.163536
21.5797,20.278667
12.9046,12.030385
5.04017317653915,5.0781064
2.355331427208302,3.5949087
0.7500254769650923,3.326334
0.21257898008475884,2.453144
0.056667008614793346,1.658083
0.03214193432623347,1.3526125
0.3476236339435328,1.3465872
1.7232952432249018,2.1108913
2.7579905191242347,2.737379
1.1567170942076022,2.6518164
2.1361289641645183,1.5170631
3.3709093816159363,2.5049047
4.1836,2.8756533
6.704396362381402,5.5698047
9.096275742431574,13.581911
17.137194719018915,13.403428
30.615483940423154,27.618374
35.8993417010766,34.936493
39.31670486595564,38.0288
37.966,36.75419
34.294,33.44072
28.1434,26.798754
20.3863,18.245337
12.1243,10.937138
5.9737,5.1362395
1.8520241029743456,3.994646
0.5418723168895614,2.9393148
0.04663389032202225,1.8562288
0.0,1.3953991
0.15079365079365026,1.200428
0.5209116931350106,1.547533
1.756771170268772,2.2085266
2.1417188779208765,3.5977888
1.798904950587831,3.5379858
0.7855804585452972,3.0002546
1.2196957028222748,1.6180687
4.1836,2.1397839
7.138926245200416,6.7053204
13.429005306336023,14.159429
22.77045051627044,22.788692
32.13558405532413,30.341627
36.3136,36.29138
38.83809999999999,37.705124
37.3693,33.291237
35.2579,32.42223
30.1171,25.604164
21.2584,16.490816
12.9046,10.136176
5.7442,5.045687
1.5298622566153615,3.7700024
0.48676360691743525,2.6263075
0.16377851129623622,2.0175772
0.13055488489842126,2.3735447
0.6182784225091531,2.2205935
1.3142099634239433,3.2574024
2.3380475827244727,3.6673946
1.4611045030626997,3.7920628
3.755063397632151,3.2183447
4.0,3.8248901
4.0,3.9349298
4.1836,4.17395
7.602074742829354,7.772072
14.913514517915226,15.344547
25.6648,23.814396
34.2481,32.62137
39.6184,37.621292
41.638,40.308968
39.4348,39.214264
37.048,34.456318
30.2089,28.417435
21.3502,19.753887
12.5374,11.774602
5.6524,5.813627
1.3180366183370555,4.2865753
0.34061438816037715,2.9637556
0.0,2.1501656
0.0038862222222224574,1.6673508
2.3380475827244727,1.6311598
4.0,3.4969578
4.0,3.6352043
4.0,3.6048203
4.0,2.9091825
3.7671581298899195,2.7462692
4.0,2.4859238
4.1836,3.2622318
5.771274066225603,7.845538
13.643808734778675,12.385011
22.75815259574859,21.198215
31.52790123886632,33.35012
36.83287235817218,38.745316
38.20323142720831,36.208122
39.10390931459023,38.080574
32.8711,35.550972
27.684399999999997,25.308704
21.4879,18.46701
8.606463457167298,11.218597
1.6644429934437657,4.265525
0.0011079704297252135,2.330758
3.8089201858865316,1.721098
4.0,3.5730228
4.0,3.7397099
4.0,3.9764652
4.0,3.6987743
4.0,3.6434631
4.0,3.7006035
2.999330952015553,3.6871834
0.134048253625755,3.3215408
4.0,0.77655125
0.405746450953119,5.1069803
4.222800000000001,6.6905026
12.7602,13.975146
21.8484,22.775448
30.260518461367766,29.801924
32.16893804783384,35.458122
35.27025957008352,38.29418
34.683548777761494,37.67375
32.05302331026845,33.80571
27.9598,28.266891
21.1666,19.66613
11.826643858196146,12.393381
1.4229000000000003,5.5486546
0.0,1.7661343
0.0,1.2144861
1.3613333519651807,1.0547533
4.0,3.154873
4.0,3.739771
2.782313288848096,3.7611933
3.1553910883993854,3.4065351
3.513209737854856,3.4822044
2.7349481811669474,3.429925
3.552711285768776,2.705616
2.1956307835352717,3.0875454
0.6450128400134556,2.2386208
4.810572316889561,5.1473556
13.11342744502751,13.476835
22.033107970429725,21.50452
29.3087902042516,28.788836
32.454967199906825,35.26315
34.832719350149574,37.83058
29.584549190045124,36.503647
23.738568622392748,25.739235
18.51027117026877,21.240044
16.323802491444575,15.878658
8.438854474388538,10.454573
5.1934000000000005,4.9126987
2.0671959906134045,4.4271016
0.5484271764703799,2.9725428
0.48676360691743525,1.4500475
1.554013130839376,1.8969402
1.8147886039536267,3.0200396
0.8092895942569331,3.1464195
0.5557379491915455,2.2595415
1.0993189819429965,1.9780178
1.378775658015046,2.5668068
1.27992678038264,2.649211
1.116532319465577,2.3285923
3.9749952664459247,2.2079973
5.614905074031935,7.2321277
13.1643618333638,13.631434
22.507444850774505,21.854355
30.346600000000002,29.892056
25.73977966195422,27.638687
36.7267,33.398445
35.212,35.79776
33.5137,33.4056
29.428600000000003,28.776724
20.2486,19.278831
12.1702,11.999145
5.4229,4.5506573
4.0,4.0792694
4.0,3.3832636
2.7095536519376164,3.4800024
1.286570615349918,3.461813
1.6230967376991021,2.8529139
1.1274469665728475,3.1845903
0.052870470799545544,2.86275
1.7170411533192915,1.2797623
3.616214363112489,3.2781372
3.480400784886564,3.9158087
3.1909867087339485,3.7200737
4.137700000000001,3.6550455
8.5441,8.113813
17.2651,15.955339
26.353299999999997,24.916018
32.825199999999995,31.594473
37.4152,37.015297
36.589,39.32783
36.0841,35.899788
33.376000000000005,34.397175
27.5467,26.22297
20.6617,18.094378
12.262,10.961902
5.4229,4.647617
4.0,3.3676052
4.0,3.6428814
2.327696644172832,3.487567
2.1652522904863094,3.4177704
2.787186214709049,3.5012932
4.0,3.6415272
4.0,3.8870487
4.0,4.113057
4.0,4.1206713
4.0,4.1090736
4.0,4.109664
4.137700000000001,4.372814
8.11441436311249,7.4771767
15.021278358372186,15.375668
26.353299999999997,24.920176
33.5137,32.938774
37.3234,37.380505
38.05779999999999,38.902283
38.1037,38.287037
34.3399,33.637062
28.694200000000002,26.591282
20.5699,18.771904
11.9866,11.0145235
5.285200000000001,4.8098006
4.0,3.5304346
4.0,3.2994747
4.0,3.6514006
4.0,3.751751
3.251027849178927,3.8531199
4.0,3.5594463
3.5329421488287647,3.6805115
3.0606910450719997,3.5658789
3.069489303288499,3.5315228
4.0,3.3917646
4.0,3.667759
4.137700000000001,3.8414354
8.4064,7.7387505
17.0815,16.08383
26.2615,25.1023
33.9727,33.734245
39.3889,38.12632
41.3167,39.855515
40.1233,37.396854
36.3136,32.744476
29.5663,25.754982
20.7994,18.085762
11.8948,10.346206
5.2393,3.827839
4.0,2.6950932
4.0,2.7219067
4.0,2.7001505
4.0,2.9033852
4.0,3.1944304
4.0,3.4564753
4.0,3.8805513
4.0,3.7267942
4.0,3.6960487
4.0,3.7514868
4.0,3.7038183
4.137700000000001,4.155508
8.3605,8.683623
17.035600000000002,17.208809
26.2156,25.654922
33.8809,33.110626
39.0676,37.887142
39.1135,38.817547
38.33319999999999,37.066757
34.6612,30.468264
28.8778,26.072895
21.2125,18.408014
12.0325,10.98539
5.1934000000000005,4.6368117
4.0,2.6693773
4.0,2.6584177
4.0,3.218173
4.0,3.604619
4.0,3.6542473
4.0,3.5758104
4.0,3.775793
4.0,3.8517942
4.0,3.8064928
4.0,3.7321272
4.0,3.647973
4.137700000000001,3.8381195
8.3146,7.248157
17.035600000000002,16.326778
26.1697,25.906466
33.8809,33.39338
39.1594,37.728653
41.5462,39.27223
40.7659,38.075745
36.8185,34.239105
30.1171,26.695255
21.3961,18.99134
12.0784,11.477475
5.1475,4.9361844
4.0,3.738453
4.0,3.3543139
4.0,3.3593674
2.4248795842797275,3.4624853
4.0,3.3447828
4.0,3.479025
4.0,3.7102747
4.0,3.7037144
2.2374833615277545,3.6496859
3.626834227006553,2.8084116
4.0,3.4770708
4.137700000000001,3.8466625
8.268699999999999,7.4015503
16.8979,16.200119
26.032,24.948107
33.789100000000005,33.49369
39.0676,38.697235
41.4085,40.298904
40.4446,39.239
36.4513,34.71505
29.749900000000004,27.783073
21.0289,19.19724
11.803,11.447147
5.0557,4.6972322
4.0,3.6244345
4.0,3.4370537
4.0,3.5586739
4.0,3.6116428
4.0,3.7769184
4.0,3.9005404
4.0,3.9384193
3.591034367890787,3.880704
4.0,3.658328
4.0,3.9003391
4.0,4.018033
4.091800000000001,3.9051447
8.2228,7.6418176
16.534833421376483,16.099285
26.1697,24.716698
33.8809,33.146965
39.2512,37.372204
41.638,39.98094
40.71999999999999,39.174374
36.6349,35.093067
29.749900000000004,28.007305
20.983,19.195847
11.6653,11.295355
4.9639,4.8511586
4.0,3.8236208
3.3670195812495045,3.394578
4.0,3.3400316
4.0,3.5072765
4.0,3.6567545
4.0,3.7939062
4.0,3.886446
4.0,3.9692068
4.0,3.9873686
4.0,3.4865694
4.0,4.3030853
3.5879364277864045,4.538661
5.938190640589797,7.1007357
12.809007333016275,14.686901
21.76660506751104,22.002094
29.204214176420862,27.810116
34.29629252440571,31.971401
36.51307815628619,36.198006
35.179728110327495,35.54117
31.639790571629483,31.766891
22.481824430369148,25.326435
14.061934222222222,15.790649
7.0653030140741615,8.312839
1.3731684821051946,3.336604
0.7896526250746358,2.8533735
0.0,2.7362328
0.2969633717922573,1.0223188
0.5682325583037091,2.0821342
1.478943531235485,2.3020153
2.477470441780353,3.4407825
3.7711927689848963,3.6644335
4.0,3.7731829
4.0,3.852687
4.0,4.0104733
4.0,3.6153545
4.091800000000001,3.8425398
7.185796415378801,6.858243
16.1176,13.84381
24.8845,21.998203
32.2744,29.0195
35.9464,33.0187
37.8283,35.10069
37.048,33.67237
33.9268,30.503618
27.5008,24.185577
19.2388,17.591667
10.6555,10.731424
4.7803,5.1703463
4.0,4.0555773
4.0,3.808796
4.0,3.8288107
4.0,3.916978
4.0,3.9612484
4.0,3.882432
4.0,3.816534
4.0,4.024251
4.0,3.965395
4.0,3.8387394
4.0,3.7607336
3.875105846809104,4.483928
5.4584361887411506,7.9369936
15.03988188358944,14.919966
24.9763,23.21328
32.1826,30.36971
34.51017621333134,34.63793
35.042495170903415,35.882633
33.399532846822346,34.66107
30.217851069765324,31.419506
23.68973792045101,25.780102
16.17497428114876,17.905474
7.6576045030627,9.979681
3.9292828093478285,4.1960573
4.0,3.351531
1.8659162770036541,3.224368
1.3613333519651807,3.171404
1.7672736486060732,2.8948002
1.45714925589939,3.2327833
0.5101668495891563,3.1965027
0.054974628304719886,2.3022537
0.1888689489131412,1.4275236
4.0,1.8282366
3.7550624230034924,1.5412245
3.5237292019517756,3.3470974
0.1450295130739434,2.7119856
3.1370460142833796,6.585423
9.5931,11.265286
20.43584314913723,18.838654
27.048193650793657,26.565945
29.36995026857651,27.27445
27.685284475995072,27.37143
21.01650820788224,27.218332
21.0681,22.817844
10.8324,19.364489
7.764429513073943,11.741549
4.951685206052457,7.2478094
2.002551086665747,3.9544325
1.286570615349918,3.2556448
1.121075900818422,2.3457918
2.1506739537111006,2.7585564
2.355331427208302,3.0848808
4.0,2.90738
4.0,3.8450966
4.0,3.7059326
4.0,3.8560905
4.0,3.5802898
3.0230758143310155,3.4289122
4.0,2.9398508
0.29272672056363547,4.6031146
3.3965999999999994,3.6235466
11.1996,11.844565
19.166223092377145,19.854933
25.749900000000004,27.212662
32.114948644863915,32.5758
34.1955,35.55697
32.2677,34.966312
27.4482,25.364933
23.9665,23.670269
11.346292524405708,9.458996
5.42519252440571,5.789953
0.8394627272573434,3.8819237
0.5309996814941584,1.6178102
0.7500254769650923,1.8996801
0.6649354127734295,2.3610563
4.0,2.2683306
4.0,3.63243
4.0,3.9020424
4.0,3.8079357
2.191121822505819,3.4822197
0.46299351274968004,2.1839018
4.0,0.95634747
1.823277645925062,2.9701567
0.04589999999999961,2.9322567
3.2589000000000006,3.3354359
12.201355773966508,11.376057
20.398956070560235,20.762869
28.94193595035884,28.205254
33.179113130839376,33.777702
36.1063361340246,32.414146
32.58361935014957,34.79982
24.56647434444704,29.093876
21.36430708542761,22.23008
17.045028884583427,17.051744
7.67325229048631,8.844152
4.5049,3.6398172
1.27992678038264,3.6944866
1.317079785808513,2.3793497
4.0,2.200366
4.0,3.3811235
4.0,3.7358913
2.930943088194997,3.6434727
2.0971248253569374,3.5139303
2.088242675779915,2.5041513
4.0,2.7693415
3.3773946712975285,3.4997587
4.0,3.2392912
3.974187882795949,3.8374252
4.216065296433628,5.5707436
12.179928098583424,11.658134
20.768408366015407,20.788103
27.76993085147392,27.100214
31.264668270678044,25.49564
32.5527100685308,32.85218
30.96883818093844,31.040174
27.347281999167308,28.971815
22.964877058604404,22.798672
15.9507082455754,16.262491
6.293637920451007,8.242482
1.504483189144132,3.704298
1.2534629967443376,2.7079802
1.9358757424315751,2.9657183
1.5701815775288335,3.4808025
0.8249411284347179,2.5620842
0.9439442038670389,2.661869
1.5540136805536147,2.2009468
4.0,2.5808363
0.7173545242323609,3.3689651
0.28057612405151744,1.6458035
0.0,0.7557049
1.1815961307256657,0.17185307
0.6119217118456728,2.215417
3.90895946768026,3.827323
11.939416630216078,11.259046
22.75784293668629,21.244913
31.815400000000004,29.178392
37.048,34.639786
37.3693,37.453964
36.589,35.885
31.6318,30.927975
25.2517,23.400295
17.861800000000002,16.48938
9.7375,8.56721
4.5049,4.1256227
4.0,3.639101
4.0,3.5632954
4.0,3.7505922
4.0,3.805725
4.0,3.8831635
4.0,3.9158297
4.0,3.9817762
4.0,4.0254583
4.0,3.9690094
4.0,3.8879442
4.0,4.0130806
4.0459,3.9413729
7.5343,5.9021454
15.7045,14.074822
24.5632,23.410145
31.815400000000004,31.437387
35.5792,35.87153
31.85668624404728,36.568817
32.52304696657285,34.92295
30.10184364182912,32.16648
24.082891045072,26.037283
17.6323,16.968346
9.245630105700812,9.340261
4.459,4.324528
1.458137557529751,3.6275282
0.8490080950969787,2.6234808
2.246566008175906,2.4530535
0.4755342222222225,3.3980827
4.0,2.253354
0.0,2.6113014
3.638792847564412,1.0630379
0.8274207787042673,2.4902687
0.0,1.3218737
0.006348979943203048,0.22187805
1.189926882625329,0.21074486
0.4226132253550361,2.814764
3.470180355194797,4.862915
9.38083375268196,11.044422
5.1362116214129285,14.684477
9.199933832695924,15.966695
12.2161,22.264744
3.991866078457196,23.601559
10.901421414868608,17.112444
6.2491,17.407059
11.236763397632153,12.078379
5.2548896375423055,10.783284
7.5802,6.032481
4.4131,3.8484411
4.0,4.618449
4.0,4.400418
4.0,3.9349766
4.0,4.3358707
4.0,4.1039104
4.0,4.403334
1.0277742824696947,4.0021515
0.42867949585762055,2.4494457
3.747005967936067,2.0173597
4.0,4.004817
4.0,3.882081
4.0459,4.0521345
6.6163,4.707256
10.1506,10.921397
20.7535,17.611393
25.9402,26.670544
28.570094477318086,31.070948
30.961660455502333,30.223568
30.87306907760781,31.56034
29.576196737699107,28.233795
23.4616,21.776917
13.938985338237758,14.615633
7.6261,7.296786
1.421080644121698,3.4927998
4.0,2.2392569
4.0,3.8990364
3.2677011468960515,3.7986794
0.5101666567891829,3.7763472
1.4344756807136232,1.875164
1.9521388564488582,3.2249403
1.526851305477166,3.2092724
3.083332698502284,2.9429588
4.0,3.8899364
3.6640831121531097,4.214836
1.68484812179174,2.1756182
0.7727705018794442,1.2775888
2.759218384354364,3.1013746
7.445152625074636,8.440664
15.7450197803211,16.551125
22.13456700861479,24.345772
26.8515,25.86504
26.9892,30.19436
18.6599902042516,27.638355
17.448700000000002,23.174969
18.30747621333134,19.453327
14.632081541099344,17.300383
7.570647582724472,9.592256
4.3213,4.4001184
4.0,3.3985977
4.0,3.604147
3.480400784886564,3.6108894
1.7232952432249018,3.1607647
4.0,2.5277395
4.0,3.7595263
4.0,3.5604153
4.0,3.8671827
4.0,3.881815
4.0,3.369049
4.0,3.4073544
4.0459,3.5599442
6.67768846996367,5.977899
12.363136537671595,11.95153
23.09853928554533,19.87264
28.418800000000005,29.04351
33.8809,33.95041
36.3136,36.68828
34.94360288339306,36.0532
31.723600000000005,33.08427
25.4812,26.159378
17.4028,17.15844
9.3244,9.548811
4.3213,4.3070393
4.0,3.769267
4.0,3.6847658
4.0,3.2949677
4.0,3.5254278
4.0,3.9832392
4.0,4.348559
4.0,4.314188
4.0,4.3081656
4.0,4.302678
4.0,4.2692537
4.0,4.2180786
4.0459,4.179882
7.3507,4.9913263
13.804283361527755,13.122386
21.10867548766371,21.826517
29.037473733409044,30.52475
34.19868859496001,35.014206
34.99736249284997,37.090866
33.98229036714017,35.58943
29.755618461367767,31.694056
23.42381932867162,24.56033
15.642478725582151,16.307158
9.2326,8.233377
4.3213,4.19899
4.0,3.8641548
1.8873532468922711,3.630474
1.0233531215986513,2.609251
0.17755026857651046,2.3903475
0.20256755679682925,1.6638784
0.23125022052224153,1.9818192
0.7468184613677646,2.116664
1.68484812179174,2.8078976
2.5718651700778654,3.3729448
3.616214363112489,3.5945024
4.0,3.7241697
4.0,3.9585323
7.1671,4.983521
15.0619,12.344009
20.788628821965617,21.59116
28.792423054388408,28.82104
27.688620558461,32.116264
32.783748136467445,33.614628
31.71031368055361,33.97143
27.98841179093492,30.391766
23.737,23.313702
16.622500000000002,15.089253
8.066691088399386,8.202048
4.275399999999999,4.300231
4.0,3.9008589
4.0,3.775219
4.0,3.8098469
4.0,4.0355444
4.0,4.174947
4.0,4.1589813
4.0,4.1430807
4.0,3.9887352
4.0,4.129484
4.0,4.1596546
4.0,4.05575
4.0,3.9977074
7.1671,4.991865
13.763642881935256,12.16569
20.59159724797895,21.068985
28.540296289697075,28.750048
34.23197872558215,33.579597
36.719446208622365,35.96292
37.2775,35.547432
33.0088,32.46637
26.032,25.07294
17.448700000000002,16.92491
8.9113,8.744415
4.2295,4.4062347
4.0,3.8813229
4.0,3.7632246
4.0,3.9353876
4.0,4.0356674
4.0,4.0055027
4.0,4.0189514
4.0,3.9284716
4.0,4.025275
4.0,4.041342
4.0,4.0916653
1.4187693594022193,3.96807
1.0993189819429965,2.5608435
3.910852625074636,4.280628
11.878981999167303,11.711683
20.113192524405708,20.439106
27.59771417642086,28.298277
32.73211663021608,33.92557
34.79573415002921,36.409103
33.57446337179226,36.124443
29.259863371792264,31.9148
22.458838958611032,24.33987
14.301824027451104,15.775581
5.796069448143608,7.7724943
1.1188112210181274,3.719182
0.23296762657816927,2.942649
0.0,2.0014763
0.009558406086320304,1.5065317
0.14465195105194795,1.692771
0.8893112210181275,2.1946115
1.615941118142361,3.2446594
1.7546725348143415,3.5351315
2.4400352857576504,3.4317188
4.0,3.690792
4.0,3.8888884
4.0,4.0285263
2.4248795842797275,4.047846
4.137762765798506,4.723357
11.292336733034446,12.198185
20.013507970429725,19.96688
27.741508862395975,27.538258
33.076526133142494,32.575638
35.206557890341536,35.350433
33.987562492849975,35.06933
29.61934584664965,30.939095
22.68381576987557,24.03555
13.92154584664965,15.47392
5.050028900092961,7.8643866
0.4040503332614662,3.7191286
0.04828576888315794,2.7232208
0.0,1.8955317
0.01686021108725555,1.7318678
0.0,1.9496202
0.0,1.5219221
0.0,1.7846317
0.005289902006266445,1.2570105
0.06394817247411133,1.8270273
0.01686021108725555,1.8439159
0.0,1.491869
0.453308207882241,0.84689236
0.11243957521471692,2.9039383
3.0959395752147163,3.2834015
11.171438860906548,10.872308
19.834089902006266,19.43515
27.303051653094684,26.740067
32.72651741034623,31.954527
34.86695452423236,35.016953
33.58866506794194,35.077904
29.38133780182244,31.182371
22.823681811024432,24.403416
14.340249050924845,15.471459
5.4674378018224425,7.479839
1.555583945475684,3.9670181
0.1385700213197758,3.6572132
0.03411377688777506,2.1808472
0.5158891535943226,2.0277805
0.6618446307606494,3.0499
0.0,3.1093254
0.043762932702751556,1.7271461
0.7444161432499321,2.3614216
1.1056508261903968,3.4309568
2.9000272848587905,3.54982
4.0,3.9434414
4.0,4.1546774
4.0,4.2595434
6.482399465670009,5.9555535
13.35577044178035,13.211604
20.075237223495883,21.637127
27.50155946768026,28.648605
32.88304320462459,33.46698
34.95498276443671,36.08012
33.78448624404728,35.717957
29.598321759365135,31.901358
22.90022850988365,24.789597
14.845115166902309,15.571074
7.385782591731573,7.8071594
3.1021509523958226,4.2342587
2.5718651700778654,3.7080517
1.4888834166604177,3.6495724
0.8348738097442592,3.554636
0.45745169917099915,3.1022654
0.39912744502750996,2.7667065
0.2733746621216113,2.7876043
0.25149320886067095,2.5771856
0.4678588255476548,2.499442
1.1788232893760213,2.8357754
3.069489303288499,3.3521328
4.0,3.9228487
4.0,4.075346
6.252820691706367,5.648516
12.698718877920877,12.368066
19.45183087220197,20.920048
26.891316264760967,27.85622
32.595767827249475,33.198406
34.32487930287615,35.897728
33.160430031558526,35.308342
28.909300744731205,31.492975
21.95817428246969,24.286331
13.909830473450487,15.287408
6.297398937056677,7.540514
2.3559222222222225,4.1151695
1.9131829339154116,3.596178
1.8648468402794318,3.5412626
1.6807088523962133,3.5559597
2.7325262452004164,3.5742302
2.3495657480711696,3.7222242
2.1866154399209563,3.7692585
2.495081774293597,3.7869549
2.3196559903333096,3.8912144
2.074941969918722,3.7530088
1.9131829339154116,3.4826565
2.0352054545998826,3.2386427
3.7940832430095632,3.271079
6.304429832011854,5.403768
11.835493460134517,11.768355
19.26596490184468,19.953989
26.48526911219454,27.489454
31.263325830277665,32.58377
32.4972,34.594048
30.477600000000002,32.777992
25.9794,27.431057
20.105136733034445,21.272955
12.572528821965614,13.918506
3.9474,6.8340263
0.34446345716729887,2.67307
0.02592309237714474,2.738965
0.10526577136318416,2.0337753
0.5016191250027244,2.4378166
0.30556005865100566,2.888379
0.1674596778010784,2.5660362
0.13605372958804018,2.3481789
0.012451257320153175,2.305235
0.0,1.9497862
0.0,1.4875422
0.0,1.3332195
0.08435165309468573,1.1777239
0.016489635982223305,1.8096199
2.6622000000000003,3.4315853
10.306190204251594,9.879707
18.819,18.422575
26.0253,25.278076
30.890700000000002,30.089233
31.303800000000003,32.187706
29.789100000000005,30.033245
25.37974729019104,25.562641
20.260214213960857,20.059536
14.4193,13.4301815
3.5993969418988705,6.2552576
0.14216209623804588,2.568367
0.47623375268196,2.5967436
1.2610061834055895,3.1481543
1.8010205584609977,3.5282269
1.040184699087936,3.599783
0.6380390790820112,3.2452793
0.16377851129623622,2.9855156
0.009558406086320304,2.1410246
0.03371834021066178,1.7342806
0.0,1.798768
0.08662963708186311,1.2200994
0.12708244127014723,2.5442362
0.03371834021066178,2.6053658
2.5703999999999994,3.6984377
10.190143983870865,10.428847
18.66286475605069,19.000326
26.18167910655871,25.777817
31.879535950358843,30.941217
32.60020553662155,33.159943
32.43959108839938,32.574883
27.89665622691308,28.774773
21.386509314590228,21.739647
13.81307729691413,13.769513
7.4425,7.231859
3.54210785648082,4.1456776
2.1060193501495714,3.8323555
1.6734723581721838,3.487771
1.399215005135808,3.4530401
1.764120762182623,3.4488401
3.4961364277864053,3.5557308
2.783532000998246,3.8368378
2.685439595587125,3.8403015
2.3415004639830688,3.8647985
2.392341701076603,3.730342
2.277309094748924,3.685358
4.0,3.4117746
4.0,5.512371
3.104309963423942,4.742039
8.370660211087255,10.102669
17.748793568507942,17.29485
25.70531993603392,24.874096
31.00347201778235,30.320265
26.037099028137106,32.30751
27.216725131208303,29.076595
25.497160500396355,26.73947
18.702908366015407,21.428293
11.616750826190398,13.668812
3.476218340210661,7.0377965
1.102110452012763,3.1978388
1.7546725348143415,3.0468283
1.70040060215325,3.386281
2.3380475827244727,3.4671965
0.360470497655653,3.4963284
0.04828576888315794,2.371623
0.0,1.814744
0.20700185941403504,0.8723316
0.15543886090654802,2.293417
0.0,2.1553726
0.0,1.0258894
0.0,1.5392561
0.0,1.94308
2.2682968796131533,4.3723683
9.58254010369308,10.412475
18.13349154971892,17.715078
25.467770497655653,25.646294
30.639472081422653,30.51536
28.080605261522145,33.81472
29.85227123955496,29.627977
24.92053981334777,29.916975
22.13455499215944,21.465183
14.7865,14.592276
7.4884,6.9929996
4.0459,3.7495794
4.0,3.3719425
4.0,3.8353262
4.0,3.7899065
4.0,3.918189
4.0,3.987873
4.0,3.9778137
4.0,4.1759996
4.0,4.211649
4.0,4.2444735
4.0,4.4115815
4.0,4.5535607
4.0,5.022337
6.4327000000000005,6.673535
14.0062,13.016069
19.61196944814361,21.519444
27.27224370342641,28.870422
34.7071,34.162376
33.95542873452322,36.524242
31.7864902630784,35.49586
29.390534224295223,31.012594
23.8893372591742,24.26099
15.5209,15.60444
7.5802,8.053825
4.0459,4.3117704
4.0,3.9656725
2.026409164103695,3.6546125
0.9250494142757493,3.3327246
1.167753385448087,2.9375353
2.218222222222222,3.2518797
2.0055668384851835,3.7144318
1.0939007447311937,3.7669039
1.6807088523962133,3.21566
3.7228687508663114,3.5854502
3.0606910450719997,3.9632196
4.0,3.780797
4.0,4.159301
6.3868,6.1663194
11.541972358172185,12.478797
18.564453990357663,20.546139
25.728772684514592,27.852547
30.66946862239275,32.665344
32.67877466212161,34.89988
31.5067341983882,34.278183
27.292997247978946,30.271662
21.0100740662256,23.32085
13.319075742431576,14.365204
5.207671719496661,7.110601
0.36635340434600394,4.04659
0.0,2.920392
0.2427627816344824,1.2803545
0.530277343966171,2.7903223
0.37019154971891943,3.0651093
0.8027272812342883,2.7260036
2.346107300730017,3.1405048
4.0,3.7198696
4.0,3.945488
4.0,3.9885244
2.6386214320648502,4.011856
1.8073709366978044,3.5265589
0.6649354127734295,3.4360838
2.3213531254623962,3.7304401
9.791338347693474,9.447435
18.1764,18.376663
25.4286,25.853539
30.294000000000004,29.420301
32.142451257320154,32.198643
31.149722969934658,32.21347
27.27327380974426,28.760605
20.91350996342394,22.449345
12.230030031558522,13.684362
4.260379302876153,6.8025155
3.4753232833810035,3.952073
2.903731889472814,3.8401327
0.7945479060664624,3.7393017
0.7685478855506354,2.7389212
0.6921671999068248,2.8308258
0.44025957130674165,2.7929497
0.5711846554680307,2.579751
0.7173545242323609,2.7525768
1.5864039371000196,2.8618631
4.0,3.4254713
4.0,3.8693771
4.0,3.9050655
4.0,4.0489073
6.295,5.377933
12.819817644678162,11.385335
18.67457049765565,19.763882
25.972670497655656,25.808704
30.683193208860672,30.472925
32.292472684514586,32.406357
31.20918651169915,31.340364
27.53614749926541,28.306578
21.535904950587827,22.401836
13.025405261522144,13.662665
3.3048,6.801389
0.3782825507305212,2.858858
1.3180366183370555,3.0999584
0.8027272812342883,3.4783697
0.481841331667038,3.2073927
0.7532370042897494,2.885023
2.277309094748924,3.1104126
3.996647525553593,3.4208107
4.0,3.8362284
4.0,3.9166393
3.587063286237223,3.7640247
2.218222222222222,3.806631
1.6323124647666472,3.0388556
2.0561472707766857,2.7605467
3.853993650793651,5.112734
11.77561311093051,11.352354
18.68031269040856,19.6617
24.82365259574859,25.442722
28.671833351965184,29.09614
27.677924955263848,25.696306
22.868041900967,24.286915
15.4291,21.39069
10.1965,16.357065
7.0753,8.070586
4.6885,5.7550845
4.0,4.051547
4.0,3.4949331
4.0,3.883174
4.0,4.216199
4.0,4.1311235
4.0,3.850583
3.2677011468960515,3.9166155
2.145076014493924,3.501421
1.2751883919945666,2.9783068
0.0,2.374463
0.36111626476097314,0.53863907
0.06698755079125718,1.3529425
0.13005759912301862,1.1635656
1.3228525957485875,2.6847248
4.012544630760649,7.046687
6.189754474388537,12.111144
12.81403148974212,15.664468
13.607253990357666,20.871311
7.133197603982224,19.545263
13.40943346334096,17.268139
13.559241153319292,17.262894
12.288434839472853,13.176344
9.521594477318086,9.476505
4.943203312633179,6.2736573
3.0230758143310155,4.233122
4.0,3.8825684
4.0,3.9948826
4.0,3.8466473
1.149377120074103,4.0243807
1.7347787255821512,2.6681824
0.7701650679419352,3.1384697
0.03214193432623347,2.3710194
0.0,1.2873573
0.360470497655653,1.1789036
1.3953142139608605,1.9425573
1.478943531235485,2.7741632
1.651822427950222,2.7714205
3.5601039371000205,5.3062944
9.452119125002724,10.685071
18.233681811024432,18.150806
27.5926,23.645931
31.362615377098138,32.207447
31.269421056279434,32.52129
29.911132846822348,31.453318
21.47118199184219,25.464268
15.553513680553614,16.809809
8.44874565079365,9.686999
3.0534664071201263,5.520964
1.8648468402794318,2.7219448
2.452882862859923,3.389289
0.8977805133627879,3.4550896
0.30556005865100566,2.5315475
0.804366407120126,2.09865
1.2922738690825177,3.129632
4.0,3.6476145
3.405976842195807,3.768983
4.0,3.0512047
4.0,3.632492
4.0,3.7170382
1.764120762182623,2.6980782
0.5273901931372169,1.2277737
1.1302267022398418,1.2723751
2.6622000000000003,5.0580187
8.5374,9.870962
13.44656293270275,14.835522
14.723238842320926,22.29234
11.677488070476103,23.4684
9.043619936033917,20.735786
7.62012724731988,15.8602085
4.76851355916033,11.274017
3.2424566776781436,6.7366047
1.0754299916342411,3.740467
0.588992640350277,2.0636578
1.5540136805536147,1.7051601
3.6228505768999604,3.0571623
2.1674979458604167,3.3784437
2.061669151830511,2.6215286
4.0,2.6714096
3.3553614671012166,3.5196877
1.4099592968095855,2.892888
1.6879552737311112,2.0625286
1.2047818110244322,2.3536854
0.3374415362933849,1.976778
0.3578905235509531,1.0087776
0.38392426152813997,1.043438
2.005938180938438,1.7795811
7.537743531235484,5.9281573
13.015512464766648,12.096209
19.484027281234287,23.181087
22.644279495857617,27.592592
26.237142295612923,29.785162
26.082675997050668,28.955568
21.619627320417028,21.136818
18.164596361582777,18.103779
11.545686326675654,13.478468
4.12939365079365,5.6644883
1.9337105432877255,3.5996675
2.6314425139886737,3.2272167
4.0,3.4631472
4.0,3.7372274
4.0,4.013399
4.0,4.083061
4.0,3.8667545
4.0,3.919283
4.0,3.9997911
4.0,3.9641027
4.0,3.9856567
4.0,4.0869846
4.0,4.158149
5.698299999999999,5.6127176
11.45989365079365,10.327906
17.958201243059687,18.337597
25.369047880675453,27.27244
32.24062645998132,32.82474
34.8448,35.237663
33.4219,34.080296
28.8778,29.3962
22.2223,22.657513
14.098,14.832885
6.7081,6.9982643
4.0,4.142473
4.0,3.876913
4.0,3.8619862
4.0,3.964141
4.0,4.0006084
4.0,4.005164
4.0,3.8785343
4.0,4.121107
4.0,4.0504208
4.0,3.9400005
4.0,3.8135424
4.0,3.7258062
4.0,3.7548265
5.790099999999999,4.8568
12.6751,10.489095
19.62880611007104,19.89897
25.80312641987534,27.98991
32.7793,33.20067
34.615300000000005,36.016747
33.2842,34.518166
29.015500000000003,30.276472
22.2682,21.95392
14.098,13.833376
6.6163,6.7649746
4.0,3.5069265
4.0,3.3950777
4.0,3.3061066
4.0,3.172659
4.0,3.3744478
4.0,3.3606815
4.0,3.167389
4.0,2.759513
4.0,2.794057
4.0,2.5449104
4.0,2.477147
4.0,2.531046
4.0,2.985505
5.790099999999999,3.8087206
12.8587,11.074322
21.2125,20.955893
26.85036969892326,29.93964
31.97593200099825,34.110207
35.0743,36.69201
33.7432,35.30793
29.3827,30.188677
22.5895,21.559456
14.2357,13.194379
6.6622,5.9732847
4.0,3.0518417
4.0,2.7361584
4.0,3.4690619
1.0375217291101464,3.1151133
0.7758332580427698,2.101799
0.0,2.2159233
0.0,1.2250032
0.0,1.2906551
0.31546717989312434,1.0120573
1.2412353818974946,2.1530933
4.0,2.4351578
4.0,2.9606943
4.0,3.0796032
5.377000000000001,3.7402449
10.9309,8.405837
18.2749,18.07159
22.846413776887776,24.327768
28.652682550730525,27.986511
29.40527119229065,32.665226
32.3662,31.484913
27.5008,26.7161
21.2125,19.58077
13.3636,12.343917
6.3868,6.4652257
4.0,3.879589
4.0,2.6901836
4.0,3.6042995
4.0,3.4027653
4.0,3.8073444
4.0,3.6969576
4.0,3.8144836
3.376096415378802,3.7410202
3.501386388631241,3.7361383
4.0,3.449669
4.0,3.8428354
2.1776118153012423,3.6430273
1.4541853382377585,2.4812975
2.728353385448086,3.8006763
9.816013130839377,10.240014
16.57165022052224,18.986174
23.581488101431862,25.791927
29.054207027176048,31.07316
32.323441900967,34.415627
28.923700000000004,33.478928
24.9763,27.758072
19.7437,21.327122
13.0423,12.783416
6.3409,5.7716956
4.0,2.7283716
4.0,2.076767
4.0,2.2183218
4.0,2.6921215
4.0,2.9058113
4.0,2.96628
4.0,3.5397043
4.0,2.7019958
4.0,2.7696505
4.0,2.6716213
4.0,2.5093603
4.0,2.7509212
4.0,2.7513819
5.6524,3.9155912
12.8128,10.174414
21.3961,20.382841
28.6483,28.475609
33.2842,33.954567
35.1202,36.38752
33.7432,35.350594
29.3827,30.763601
22.4059,23.28139
14.0062,14.541029
6.4327000000000005,7.2613144
4.0,4.2387714
4.0,3.952941
4.0,3.7359333
4.0,3.521944
4.0,3.2310352
4.0,3.4781942
4.0,3.4751186
4.0,3.6746998
4.0,3.5992155
4.0,3.5013828
4.0,3.3388844
4.0,3.0998602
4.0,2.8644543
5.560600000000001,3.7741861
12.4915,10.039032
20.9371,19.593664
27.871626759805643,28.323252
33.0088,33.840553
34.7071,36.095776
33.376000000000005,34.87285
28.9696,30.402016
22.1305,22.757397
13.8226,14.049682
6.3409,7.073205
4.0,3.8163538
4.0,3.581213
4.0,3.697053
4.0,3.7027073
4.0,3.872139
4.0,3.902441
4.0,3.89392
4.0,3.7647343
4.0,3.7102222
4.0,3.503498
4.0,3.442463
4.0,3.4373512
4.0,3.5805216
5.5147,4.537684
12.5374,10.178537
19.646665170077867,19.513536
25.78593925030333,27.283157
33.18117360415984,32.207935
35.028400000000005,34.68779
33.5596,33.51487
29.0614,29.056614
22.1764,21.737408
13.7767,13.554594
6.295,6.9759665
4.0,4.231018
4.0,3.962842
4.0,3.935297
4.0,3.9718256
4.0,4.004261
4.0,4.0409317
4.0,4.0885124
4.0,3.9044113
4.0,3.7911081
4.0,3.7827978
4.0,3.7958736
4.0,3.7095861
4.0,3.8209457
5.468800000000001,4.5635614
12.262,9.816038
18.76087533792253,19.10497
24.76178004084928,26.377598
32.5957,31.57746
34.4317,34.28244
33.0547,33.226532
28.694200000000002,28.885626
21.8092,21.41541
13.5472,13.242683
6.2032,6.753046
4.0,4.2538385
4.0,4.024355
4.0,3.9076223
4.0,3.8996382
4.0,3.9669867
4.0,3.9958763
4.0,3.9946747
4.0,4.0529947
4.0,4.1081123
4.0,4.090288
4.0,4.018898
4.0,3.9608536
4.0,4.053543
5.377000000000001,4.3925376
12.0784,10.26101
17.718719531178234,19.45071
23.93628047998822,26.7523
29.277195115919632,31.591171
32.522059135033395,34.436916
32.66850714137287,33.92627
28.418800000000005,29.086376
21.4879,21.044697
13.2718,12.391431
6.153947525553595,6.026655
3.682754029873694,3.7166395
3.1439765612601107,3.3481722
3.501386388631241,3.464037
4.0,3.6693592
4.0,3.5286226
2.999330952015553,3.8315716
2.308185740864035,3.4412928
2.452882862859923,3.3711948
4.0,3.867529
4.0,4.044491
4.0,4.0877447
4.0,4.126978
4.0,4.1236277
5.3311,5.3987904
11.8948,11.14877
20.2027,19.789875
24.62504968798761,27.2289
30.660070441780356,31.49273
33.9268,34.608017
32.5957,33.4476
28.327000000000005,28.76002
21.5338,22.004688
13.3177,13.552657
6.1114,6.9020886
4.0,4.120739
4.0,3.9390974
4.0,3.7824469
4.0,3.8874006
4.0,3.7644377
4.0,3.9382973
4.0,3.8900213
4.0,3.842143
4.0,4.1737957
4.0,4.1912556
4.0,4.1988153
4.0,4.0264826
4.0,3.778902
5.2393,5.012834
11.7112,10.64643
19.8814,19.797138
26.340376059986966,27.747175
31.723600000000005,32.7444
33.5137,35.411957
32.1826,33.354507
27.913899999999998,28.496775
21.2125,21.585762
13.1341,13.55121
6.0196000000000005,6.8829103
4.0,4.1371355
4.0,3.8720684
4.0,3.795597
4.0,3.7661715
4.0,3.7355995
2.1506739537111006,3.7424603
4.0,3.4169388
4.0,3.820551
4.0,4.0474415
4.0,4.0725784
4.0,4.143179
4.0,4.0558853
4.0,3.7654066
5.1934000000000005,4.592582
11.5735,10.427486
18.614150700283787,19.323242
23.85248469908794,26.545424
31.24279365079365,31.570791
33.376000000000005,34.871536
32.0449,33.711857
27.8221,28.833336
21.1207,21.415363
13.0423,12.919514
6.0196000000000005,6.547197
4.0,4.2098904
4.0,3.9582872
4.0,3.8940363
4.0,3.917595
4.0,3.9706478
4.0,3.9546795
4.0,3.9273853
4.0,4.148655
4.0,4.2168303
4.0,4.261689
4.0,4.2303286
4.0,4.0006123
4.0,3.9666185
5.1475,4.7402554
11.4358,9.808706
18.036396908165152,18.882092
23.741601243059684,26.247536
29.597930783535276,31.220497
33.238299999999995,34.00709
31.907200000000003,33.00525
27.6385,28.254139
20.9371,21.142994
12.9046,12.823261
5.9278,6.471804
4.0,4.14137
4.0,3.9189053
4.0,3.908208
4.0,3.968563
4.0,4.0038233
4.0,4.0615387
4.0,4.116685
4.0,4.082344
4.0,4.1686077
4.0,4.2121725
4.0,4.244109
4.0,4.2696323
4.0,4.188839
5.1016,4.5328646
11.344,9.146578
19.4683,18.119884
23.76162328937602,25.768158
29.27713830872002,30.540442
32.08132458524106,33.492855
31.907200000000003,32.71762
27.6385,28.377644
20.9371,21.002869
12.8587,12.529361
5.881899999999999,6.296629
4.0,4.168191
4.0,4.023965
4.0,4.009218
4.0,3.9836998
4.0,4.032201
4.0,4.0899477
4.0,4.1461067
4.0,4.1946697
4.0,4.169876
3.3049924551002707,4.210231
3.272835423974305,3.8215818
4.0,3.8094854
4.0,4.108424
5.0557,4.452935
11.2063,9.060232
19.2847,17.708614
24.214937814473128,25.333183
30.399735423974306,30.128658
32.962900000000005,33.20948
31.6777,32.38349
27.454899999999995,27.776848
20.7535,20.404171
12.7669,12.446954
5.881899999999999,6.6175914
4.0,4.336375
4.0,4.1392946
4.0,4.0733366
4.0,4.066782
4.0,4.070531
4.0,4.05814
4.0,4.176564
4.0,4.2084646
4.0,4.196394
4.0,4.1812525
4.0,4.1815367
4.0,4.212573
4.0,4.124892
5.0098,5.0950904
11.0686,9.83085
19.0093,18.953754
22.749802491444576,26.13516
27.26441741034623,30.104769
29.945114213960863,33.161125
29.09212716638912,32.6095
24.522175680713623,27.723585
17.615581541099345,20.27767
9.774880644121698,11.608311
3.0652883919945655,5.7987
0.9370595700835178,3.7640982
0.1764812387034933,3.3550673
0.09214398387086398,2.1660194
0.052870470799545544,2.126937
0.0,2.177538
0.0,1.7967663
0.041322285558621275,2.18637
0.24799116354398798,2.5579882
0.27098565079365144,2.9641914
0.42055946768026153,2.8716917
1.121075900818422,2.9446697
0.06524784289432972,3.4788885
0.44025957130674165,2.22752
2.591090810896466,4.111952
9.420467257116837,8.7871685
16.845483940423147,16.342358
22.160772316889563,23.944885
27.3946007447312,28.768824
30.25829794586042,31.551048
29.736725755418185,31.159782
25.815174251819222,26.669403
19.523819581249505,19.70411
12.320321823126829,11.498783
5.7442,5.835869
2.096014222222223,4.1780434
0.8690871396799835,3.8133802
0.20256755679682925,3.1962328
0.0,2.433198
0.15079365079365026,1.3573799
0.3067935685079419,2.8449268
0.1405906394036336,3.0993233
0.09912951307394202,2.666893
0.6433914936474583,2.4255028
2.078264478490121,3.1303062
1.574232278996318,3.874444
0.9250494142757493,3.3705711
0.7396183843543636,2.9441128
1.3539413316670377,3.848484
6.669411688093388,8.152174
14.4126,14.917588
21.2976,21.418282
26.72315262507464,26.840279
28.83441709420761,30.380787
27.31000702717605,28.569033
22.87563255830371,26.105442
16.25159154971892,18.976963
8.714254474388538,10.745138
3.7159251312082997,4.9986963
0.8977805133627879,3.7867155
0.02135134381816961,3.4365673
0.0,2.093729
0.0449902362601744,1.9753656
0.0,2.2976322
0.0,2.1385994
0.056667008614793346,1.8622303
0.2969633717922573,2.4171762
1.2159617363017432,2.8265877
2.796939905337048,3.576212
4.0,3.8423767
3.75103375144524,3.9599848
3.3864806806287824,3.9783525
3.7262272848587923,4.0490828
7.880185338237759,7.9812183
14.485659571306742,15.946085
20.8386,22.509846
26.050861502679368,26.975441
28.183820778704273,30.613056
26.89871993603392,30.183538
22.6490281103275,25.707375
16.32080221151611,18.418308
9.119473479515008,10.832622
5.360543341724884,5.013979
2.782313288848096,3.9213324
2.219353586305255,3.6924143
0.9882006596845105,3.61133
0.11099687961315219,3.1562252
0.0,2.1076956
0.0,1.4663858
0.0,1.85073
0.0,1.5343323
0.0,1.547224
0.0,1.5006819
0.0,1.3709593
0.15079365079365026,1.3793612
1.0277742824696947,2.099244
3.6655265757609037,3.99156
10.2883,8.320204
16.479565170077866,16.69647
21.45413700428975,22.889372
26.652232846822347,27.761715
27.82309270699937,30.760513
26.22952745454144,29.795073
22.10289140806204,25.098316
15.768730365631964,18.067383
8.583117410346233,10.449283
2.353318461367765,5.007739
0.0,3.6823225
0.5209116931350106,2.302659
1.2685636296669482,3.2335463
1.5691696703020757,3.5825167
1.4393947190189156,3.696763
1.4462914666136015,3.6924458
0.9672951762112145,3.6731796
0.42935812265651485,3.246173
0.0,2.6812048
0.0,1.6892786
0.0,1.0035887
0.02592309237714474,1.5082855
0.2585360770215974,1.8282604
1.641840103693081,2.8376732
8.136278358372184,6.6573243
17.301409314590227,15.488468
21.74000249144457,23.128302
26.745073479515007,28.198982
28.896500063645057,30.975672
28.470764478490125,30.475138
25.31402224915434,26.290316
19.49363456001748,19.340399
12.1702,11.448803
4.472551095491098,5.5248756
1.9946252439245473,3.9606905
1.1020308514739199,3.715086
0.6129903671401724,3.3242207
0.5237880704761047,2.9834728
0.7628959628920047,2.9991884
0.651829183461599,3.1315956
0.966427187599086,3.0438232
1.0911950513299011,3.3044415
0.220450333261466,3.3140783
0.0,2.2899475
0.1796927298660851,1.9722023
0.197059189701557,2.421402
0.08983831673653597,2.4714756
0.839665771363185,3.1025133
6.547322969934659,6.4745092
14.317503014074164,14.964298
20.7927,22.547913
25.57706700861479,26.96195
28.26970821084081,29.827785
28.477549922330724,29.964762
25.045032000998248,26.040054
19.304304865955643,19.115772
12.1702,11.066471
5.6524,5.5767097
3.8548964943437323,4.147521
3.3333747428293545,3.8961725
3.3864806806287824,3.822957
3.682754029873694,3.855711
3.262567695377438,3.9097824
4.0,3.9250975
3.3049924551002707,4.083166
2.386546697520302,3.9782019
2.111583940423147,3.8899164
2.727684984532761,3.7910633
2.5422435689872227,4.0428734
2.637425093075878,3.830823
2.8225982950937265,3.8594904
3.0808417010766025,4.564995
8.675377965630208,8.279455
15.04992678038264,16.636366
20.63656475605069,23.292252
25.632540654388432,27.68503
27.826389153594324,31.587166
27.16233583563313,31.303741
23.693550764930723,27.19437
18.04354711053617,20.31485
11.180770249220892,11.691276
5.6065000000000005,5.6353097
3.1300448558528355,4.057869
2.4400352857576504,3.7424364
2.6374243193615943,3.6317358
3.18080288339306,3.6968346
3.2331058300038773,3.7981472
2.533969069198866,3.848835
2.612329650793651,3.8396254
4.0,3.8981056
3.3605419009669966,4.132948
2.9198004606883288,4.117694
3.3864806806287824,4.016348
3.1300448558528355,4.147397
3.3670195812495045,4.0788307
4.6885,5.02351
10.1047,9.4141445
17.782420812841284,17.476732
21.590211221018127,23.989107
27.610711645486823,28.487288
31.241515056815715,31.531708
29.946306336523364,30.763458
26.1697,26.246456
19.7896,19.727057
12.1243,11.728463
5.6065000000000005,6.0727916
4.0,4.2247
4.0,4.0240307
4.0,4.027545
4.0,4.083828
4.0,4.14106
4.0,4.164093
4.0,4.2056465
4.0,4.224351
4.0,4.2635517
3.966521823126829,4.2731695
2.419058355239226,4.0631037
2.257936538037608,3.4457483
1.9597426954965425,3.4413137
2.258541118142359,4.19862
7.374026086710225,8.24934
14.274925983829732,15.937314
20.6126368109794,22.78373
25.54192367353143,27.339323
27.71851355916033,30.42094
26.68989320886068,30.076834
22.688848695811792,25.939707
16.477917410346233,19.45277
9.45012678038264,11.198412
4.2152511822686645,5.471017
3.111079661954223,3.9358253
3.5804483772352427,3.6007776
3.1439765612601107,3.5652094
1.887353558320802,3.5316935
0.381953679468527,3.1549034
0.0,2.135497
0.0,1.552619
0.0,1.5023823
0.0,1.2908802
0.0,1.3063564
0.0,1.3712568
0.0,1.4379501
0.10907941767050922,1.6474304
0.8481932088606712,3.040122
6.485649220735715,6.388141
14.318213285965072,14.680829
20.69325759912302,20.859608
25.50057851129624,25.217747
27.37367941767051,27.386274
26.163,26.745186
22.1697,22.648716
15.812086773601628,16.180733
8.242178511296236,9.216772
2.5278951762112154,4.662663
1.8222161092601432,3.7951107
1.9013297696572522,3.6246128
1.823277645925062,3.5886116
1.881986345544533,3.6208563
3.7685036718972196,3.6753445
3.0493902222222236,3.9077768
3.9460241338378683,3.9549332
4.0,4.087595
2.9607214148686065,4.208499
3.3605419009669966,3.9468317
4.0,4.012597
3.2471856967499786,4.1054754
3.0908921415040016,3.8073397
3.540152205959483,4.070697
9.6457,7.5249157
17.173299999999998,15.98006
20.78214010369308,22.304447
25.449741589205964,27.003262
25.58450002613601,29.054897
22.098872017782348,25.798622
21.38079441329416,20.432194
17.772144855852837,18.102552
11.6194,11.232546
4.099634224295221,5.8248696
4.0,4.1050034
4.0,3.9629803
4.0,3.9852962
4.0,4.1176023
4.0,4.165165
4.0,4.1610737
4.0,4.1443806
4.0,4.2540913
4.0,4.1588354
4.0,4.0724125
4.0,3.8061228
4.0,3.579194
4.0,3.5928802
4.5049,4.169091
9.4162,7.4019904
16.6684,15.767915
21.83979441329416,22.862917
26.30239665118481,27.857582
30.054534568903577,30.719784
29.1991,30.69649
25.3894,26.033108
19.1929,19.061848
11.7571,11.467931
5.5147,6.0300074
4.0,4.0803156
4.0,3.8991976
4.0,3.8902702
4.0,3.947874
4.0,4.017475
4.0,4.063094
4.0,4.150177
4.0,4.042207
4.0,4.0505123
4.0,3.9791536
4.0,3.6088696
4.0,3.4184256
4.0,3.4618626
4.5049,3.2695312
9.3703,4.6787305
16.7143,12.766878
22.850327849178925,19.941994
27.7762,26.081387
29.4745,28.050465
27.363100000000003,26.311361
21.442,20.472084
17.7241,14.971226
11.8489,10.138736
5.560600000000001,5.914001
4.0,4.2162676
4.0,3.936695
4.0,4.01803
4.0,4.0085297
4.0,4.0107155
4.0,4.0295696
4.0,4.0755415
4.0,3.9400768
4.0,4.036722
4.0,4.0408554
4.0,4.0519876
1.3487797153826246,4.1096754
0.01797534449098137,2.8183594
0.5048999999999992,3.1168203
5.75059365079365,7.401101
13.656708086779652,16.14708
20.196,23.506893
25.05213765079365,27.901098
27.586691493647457,31.076498
27.149461736301745,31.4591
23.800888603953627,27.614988
17.421095243224904,20.46566
9.309582990047268,11.771979
2.128832558303708,6.0148664
0.5882472003723027,3.5853977
0.9847070854276065,2.8142977
0.8893112210181275,3.0538568
0.8893112210181275,2.993682
1.996812277898682,3.0618296
2.3415004639830688,3.5801134
2.0671966511848137,3.688696
3.0305867677551266,3.6620874
4.0,3.880437
4.0,3.9227352
3.5158387233667217,3.928153
2.246566008175906,3.4296303
4.0,2.8704786
3.507774251819219,4.1090603
7.226611815301243,7.7169647
13.631163396783297,15.452505
19.107493650793653,22.387878
24.03202363394353,26.893806
25.98286762657817,30.298674
25.08643036563197,29.094786
21.45202426152814,24.474487
16.006247907665923,18.005606
10.888141900966996,10.572975
5.468800000000001,5.141854
4.0,3.8008118
4.0,3.723341
4.0,3.6503124
2.761634010938783,3.659049
3.5910334213764816,3.5430956
3.8698103321549695,3.6441383
4.0,3.786973
4.0,3.9895544
4.0,4.110441
4.0,4.051159
4.0,4.111429
4.0,4.1869335
4.0,4.1588736
4.459,4.3793654
9.4162,8.123035
16.98094121157314,16.399113
21.32153984185145,24.00396
28.447880680628785,28.990183
30.84173346312972,32.54141
30.163000000000004,31.913784
26.2156,27.542358
19.8355,21.119741
12.1243,12.368371
5.560600000000001,5.9796147
4.0,4.042615
4.0,3.8422747
4.0,3.9742384
4.0,3.7814493
4.0,4.072776
4.0,4.1836176
4.0,4.18262
4.0,4.0800476
4.0,4.1346836
4.0,4.1246014
4.0,3.9759474
4.0,3.9015694
4.0,3.699543
4.4131,4.049758
9.3703,7.243213
16.8061,16.477173
22.90607700563016,22.253242
27.2713,25.912338
29.9794,29.366228
29.841700000000003,31.80747
26.2156,27.594074
19.8355,20.332886
12.1702,12.12664
5.560600000000001,6.0606494
4.0,4.1393776
4.0,3.8900213
4.0,3.8699312
4.0,3.966197
4.0,4.0317535
4.0,4.0908194
4.0,3.9778986
4.0,4.0370903
4.0,4.1241875
4.0,4.0992575
3.240782809347829,3.9539433
3.7550624230034924,3.6622753
3.1693597241731855,3.8039417
3.773177756481349,4.055396
7.760939887397649,7.753578
15.33768338917089,15.793873
20.33896684958916,24.053509
25.384019936033916,28.634686
27.637137920451007,31.920687
26.56554010369308,31.471767
22.83293003155852,26.805187
17.337478255067875,19.806515
11.89990109807962,11.154759
5.560600000000001,5.303448
4.0,4.2013416
4.0,4.0073175
4.0,4.000662
4.0,4.017112
4.0,4.083802
4.0,4.1451015
4.0,4.202244
4.0,4.148677
4.0,4.1408024
4.0,3.9457579
4.0,3.6245756
4.0,3.5651388
4.0,3.4002419
4.3671999999999995,3.74086
5.049000000000001,5.2677774
16.5766,14.672433
23.5534,22.898718
28.4647,28.766104
30.576100000000004,31.9846
29.6122,26.360775
25.7566,26.17852
18.7339,18.169516
11.5735,9.299956
5.468800000000001,4.71268
4.0,2.7629147
4.0,2.2896185
4.0,2.8085833
4.0,3.2383747
4.0,3.299653
4.0,3.441001
4.0,3.6147661
4.0,3.6285877
4.0,3.7998533
4.0,3.672246
4.0,3.294734
4.0,2.973319
4.0,2.7777529
4.3213,3.1792107
8.865400000000001,5.807263
16.2553,14.681036
23.0944,22.993153
27.913899999999998,28.44797
30.0253,31.198023
29.1991,30.862755
25.4812,26.50909
19.3306,19.443209
11.8489,11.599609
5.5147,5.867516
4.0,3.64431
4.0,3.5620718
4.0,3.5872183
4.0,3.6462831
4.0,3.9734316
4.0,3.9770403
4.0,3.815116
4.0,3.4691744
4.0,3.470786
4.0,3.5743608
4.0,3.7917986
4.0,3.739771
4.0,3.6045141
4.3213,4.128211
8.7736,7.1733437
16.209400000000002,16.7035
23.1403,24.246822
28.0057,30.355871
30.2089,33.48112
29.336800000000004,32.52012
25.527100000000004,28.206806
19.4224,21.096714
12.0325,11.844401
5.6065000000000005,5.5011854
4.0,3.425047
4.0,2.8892899
4.0,3.0042734
4.0,3.2346792
4.0,2.8421679
4.0,3.1983547
4.0,3.4875813
4.0,3.3101444
4.0,3.2902012
4.0,2.9604845
4.0,2.4561281
4.0,2.2793102
4.0,2.3855934
4.275399999999999,3.730814
4.865399999999999,7.0204096
16.4848,15.534464
23.4616,23.346302
28.3729,30.155865
30.4384,32.877544
29.5663,31.822165
25.8484,27.598982
19.6519,20.93893
12.0784,12.245267
5.6065000000000005,5.7391996
4.0,3.453559
4.0,3.1417742
4.0,3.123001
4.0,2.8283567
4.0,2.9121475
4.0,2.9978037
4.0,3.048441
4.0,2.7164516
4.0,2.5676107
4.0,3.159027
4.0,2.881112
4.0,2.8139086
4.0,2.8137207
4.275399999999999,3.3699608
8.727699999999999,6.3111424
16.209400000000002,15.600104
21.40392893763425,24.18091
25.23134788067545,29.134836
28.872553651937622,31.61958
28.355360073084007,31.180887
25.6189,26.640057
19.4683,20.139162
11.9866,11.900247
5.6065000000000005,5.875501
4.0,3.988656
4.0,3.8475685
4.0,3.7774134
4.0,3.7594872
4.0,3.7585087
4.0,3.870761
4.0,3.938818
4.0,4.0569468
4.0,4.0838394
4.0,4.104932
4.0,4.0851736
4.0,4.027156
4.0,3.7188597
4.2295,3.8225594
8.5441,7.115627
15.8422,16.18218
19.34019036714017,23.520592
24.440408366015408,27.891914
28.2741466975203,31.245577
29.107300000000002,31.055756
25.4812,26.49099
19.4224,19.874157
12.0325,11.633322
5.6065000000000005,5.7300982
4.0,3.8782969
4.0,3.6263037
4.0,3.5816221
3.837295266445926,3.6206102
3.4699241304781907,3.600297
1.1815961307256657,3.6003294
1.2913231090562505,2.8026962
2.6314417414173388,3.0817242
4.0,3.738781
4.0,3.9438524
4.0,4.017543
4.0,3.9549484
2.890157531155168,3.8875895
1.1665595700835176,3.5383015
5.806049687987612,5.688994
13.348976527911372,14.240108
18.93587101595247,22.26987
23.7214904782792,26.776587
26.03993834769347,29.839275
25.23835270026404,29.789642
21.630714176420863,25.642403
15.71814065438843,18.578663
8.594842427959865,10.431213
2.6369300315585225,4.986075
1.9099481062302406,3.6531
1.1815961307256657,3.0988846
0.9122357307365387,2.5479755
0.9603577744375968,2.5443783
1.3613333519651807,2.7231684
0.8893112210181275,3.0273085
1.4690249552638495,2.7763157
2.8225982950937265,3.2081604
1.7672736486060732,3.7991247
1.1603919979519155,3.2128134
0.6243386332574694,2.7299595
0.0,2.124691
0.0,0.4643879
0.22949999999999982,1.0931635
4.086357890341533,2.4326696
12.967866153711046,10.910186
18.661478511296234,20.491095
23.629450333261463,24.700668
25.7392820320387,27.78666
24.9237,27.380802
21.2058,21.986885
14.6421,13.84811
8.26177024696903,7.4365797
4.226639887397649,4.2266064
2.888924585241062,3.8473425
1.5378987487906723,3.4282303
1.325701238866321,2.7972507
1.6271908108964652,2.535244
2.954509827210334,2.8454647
1.9793397367350973,3.4779472
1.28372231977856,2.899763
1.0624627657985055,2.4361343
0.5418723168895614,2.250123
0.35724641921521894,1.7254038
0.20422750425570868,1.3541784
1.5108285098836518,1.3532591
2.3842295120941355,2.7344122
2.4116116454868255,2.8156385
5.652773869082517,5.387618
12.523965296433628,12.722263
18.6813,20.655178
23.5926,24.584114
24.0057,22.542316
23.0877,19.350323
20.2878,17.172176
15.3765,13.944078
7.9407,9.094696
1.908255650446792,4.643979
1.121075900818422,3.147931
2.096014222222223,2.9228392
1.8498891406145166,3.4657497
0.6380390790820112,2.7880144
0.16957204446921104,1.9185257
0.04663389032202225,1.5092964
0.043762932702751556,1.8102598
0.3323825507305216,1.9508667
2.4248795842797275,2.383584
4.0,3.6034718
4.0,3.786934
4.0,3.9804955
4.0,3.8157558
4.1836,4.722661
7.6261,6.0679274
13.3636,11.196277
20.2945,18.804062
24.681347907665923,27.028654
27.807312461232584,31.396263
27.47404652778988,32.343742
24.560260107586075,28.068127
18.61262141486861,20.746733
12.2161,12.378461
5.698299999999999,6.2933593
4.0,4.181321
4.0,3.9179153
4.0,3.9695063
4.0,4.151038
4.0,4.2550535
4.0,3.9560556
4.0,3.9088488
4.0,4.0378714
4.0,4.03959
4.0,3.8699522
4.0,3.5217295
4.0,3.1914415
4.0,3.19798
4.1836,4.328625
8.268699999999999,7.429353
15.6586,16.853735
22.6354,24.466022
27.684399999999997,30.471434
29.9794,32.496468
29.336800000000004,31.602682
25.7566,27.738071
19.6978,21.374245
12.262,12.626484
5.7442,5.536989
4.0,3.4493837
4.0,3.1441126
4.0,2.9960966
4.0,2.9269018
4.0,3.021308
4.0,3.1671982
4.0,3.8660984
4.0,3.8099518
4.0,3.8093185
4.0,3.3925638
4.0,2.9580765
4.0,2.3388977
4.0,2.7597847
4.1836,3.3549767
8.1769,6.2971163
15.475,15.911271
22.4518,23.522804
27.5008,29.430025
29.7958,32.244278
29.1532,31.49784
25.6648,27.219082
19.6519,20.56241
12.262,12.258563
5.790099999999999,5.9070125
4.0,3.6383705
4.0,3.2321062
4.0,3.1936436
4.0,3.5345545
4.0,3.8255453
4.0,3.9618378
4.0,3.9922314
4.0,4.082653
4.0,4.096924
4.0,4.2190466
4.0,4.0850544
4.0,3.994442
4.0,3.8340445
4.1836,4.182005
8.1769,5.2700043
15.1996,12.161318
18.930275900818422,19.893301
23.91708859496001,24.274996
25.85308181102443,26.774822
24.89611421396086,25.351833
22.20239664417284,21.36145
18.53872396238028,15.914335
12.0325,9.912813
5.790099999999999,5.198179
4.0,4.1627693
4.0,3.7001925
4.0,3.6274729
4.0,3.7729092
4.0,3.678381
4.0,3.521593
4.0,3.6067562
4.0,4.1335487
4.0,4.1622057
4.0,4.0768385
4.0,3.981287
4.0,3.8796597
4.0,3.867959
4.137700000000001,4.0915537
7.396599999999999,4.7532372
12.5374,10.317032
16.591508366015407,15.391246
24.223355336551325,24.947832
28.1970314272083,26.62682
28.4161585598534,26.895718
24.27893227065637,24.113575
18.35683981334777,18.004343
12.219726759805644,10.752707
5.881899999999999,5.448402
4.0,4.107973
4.0,3.9270306
4.0,3.8792238
4.0,3.9041739
4.0,3.9643984
4.0,3.9194536
4.0,4.0259943
4.0,3.9766102
4.0,3.9778051
4.0,3.8620758
4.0,3.8021584
2.820151095491097,3.7246552
2.111583940423147,2.5668335
1.3054533854480876,2.927268
3.6628244303691506,4.811515
9.411472041782478,11.113033
16.6617,20.05531
23.023553650520203,25.129616
25.056229637081863,27.307247
23.6385,25.834036
20.4255,20.849447
14.5962,13.97326
7.9407,8.3419
2.4581306224914385,3.5591831
4.0,2.2082224
4.0,3.2825613
4.0,3.4122028
4.0,3.5461102
4.0,3.6448517
4.0,3.8026485
4.0,3.7899761
4.0,3.6092377
4.0,3.5336666
4.0,3.5868425
4.0,3.0153847
4.0,2.485344
4.0,2.3575077
2.701742881935255,2.3400593
3.3971104520127646,2.0966702
7.345257950912963,5.5528307
14.690086244047285,12.923233
20.214679106558712,20.780807
23.288626720563634,22.343498
22.99467987015985,22.532799
19.153393650793653,19.30458
14.803201859414036,13.2659645
8.375133355165541,9.025358
2.5529957521034454,4.263776
0.9672951762112145,3.0682592
0.7244879169606158,2.4996853
0.9882006596845105,1.9809389
0.9233379204510062,2.125227
1.6765720814226466,2.2552586
4.0,2.6515923
4.0,3.7630205
4.0,3.8842936
3.7927361340246044,3.5480719
3.2985528293362965,3.63698
2.1821116454868257,3.3765144
4.0,2.4437408
0.929333409289022,3.4331684
0.5137586423476783,1.7335014
2.120913109926475,2.8697538
6.265241331667038,6.6634474
11.280288101431868,13.6683855
17.8092,21.920433
23.9139,24.515583
24.34504817247411,26.388605
21.46427886168476,25.446758
15.580739575214716,19.271229
8.413165771363184,10.550559
2.0347540767699943,4.839853
0.40245478550929903,2.8273726
1.0277742824696947,2.7092009
2.7579905191242347,3.0818243
2.542243191272977,3.663906
1.6487361887411502,3.6655226
2.145076014493924,3.1920424
1.9034834057232093,3.440361
2.111583940423147,3.3286142
3.480400784886564,3.4846725
4.0,3.812398
4.0,4.000744
4.0,3.5833158
4.0,2.9859047
4.091800000000001,3.5674372
6.3868,5.0415177
11.8489,9.701733
19.9273,18.563885
26.119868632852068,26.394798
28.697341900967004,30.29103
28.9696,29.884808
25.6189,26.41536
19.7896,20.601934
12.5374,12.247512
5.9737,5.3596315
4.0,3.1720934
4.0,2.9902897
4.0,2.769475
4.0,2.653534
4.0,2.799162
4.0,2.7235537
4.0,2.6058207
4.0,2.407754
4.0,2.749771
4.0,2.6033258
4.0,2.7386236
4.0,2.8299637
4.0,2.8738146
4.091800000000001,3.882883
7.8556,6.2863064
15.2455,15.0653305
22.36,23.384747
27.5926,28.738863
30.1171,31.484535
29.658100000000005,30.733057
26.2615,27.284576
20.3404,21.154995
12.8587,12.751659
6.0655,6.2577944
4.0,3.998845
4.0,3.6758385
4.0,3.5118914
4.0,3.5766401
4.0,3.751834
4.0,3.8892546
4.0,3.888215
4.0,3.9170427
4.0,3.7437086
4.0,3.5058365
4.0,3.4037542
4.0,3.1584845
4.0,2.9052238
4.091800000000001,3.4149437
7.809699999999999,6.414485
15.1537,15.362605
19.18494112843472,22.60059
24.50004010369308,27.421701
27.378106183405592,31.267004
27.5454535583208,30.776808
24.13067825506788,26.82545
18.155495243224905,20.120369
10.85937061512431,11.674188
5.034913247868106,5.440544
4.0,3.891593
3.103505194425784,3.83854
2.384230236665557,3.125515
1.3613333519651807,2.8877897
0.8473415892059624,2.4875326
0.7572568938630813,2.271183
0.442997439741978,2.3021832
0.2656308722019727,2.01266
0.4539978154937607,1.8250256
0.4138272473198814,2.0408287
1.0911950513299011,1.7347422
4.0,2.1415586
4.0,3.4761267
1.9931297696572532,3.0413208
3.3730354127734294,2.7102852
9.65623375268196,7.298473
16.10324745731624,16.549332
21.448160845750785,21.571217
25.712328107944444,24.30963
28.435222249154343,28.113243
26.123799999999996,26.534527
20.1568,19.544579
12.7669,11.522834
5.9737,6.1115003
3.236944158103208,3.9854088
3.054410953384549,3.5418978
4.0,3.6500273
4.0,3.8319254
4.0,3.9835968
4.0,3.9596958
4.0,3.829527
4.0,3.9160204
4.0,3.8723745
4.0,3.8367329
4.0,3.9749966
4.0,4.114339
4.0,3.6291323
4.091800000000001,3.3124113
6.754,3.7013865
12.5374,7.925301
15.742818414482482,17.430676
21.46862445678656,21.396793
25.599259296809585,24.604181
25.394154705569655,25.248308
21.97214269549654,22.223053
18.12895753115517,16.299019
11.682644375192568,11.533938
4.761782298284256,6.554517
3.140175123270465,3.5686102
2.3969815874161444,3.0656967
1.6734723581721838,2.5271053
1.3846055771262922,2.632103
0.2763691121945424,3.104084
0.5440544743885383,2.2310772
1.1714398418514556,2.7800655
2.930943088194997,2.7717762
4.0,3.8157663
4.0,3.9379234
4.0,4.104724
2.820151095491097,3.7844305
2.026409164103695,3.3829117
1.7159206252635304,3.0822906
4.765512461232584,4.4140415
11.82299467129753,9.108791
17.70738839199457,15.791385
24.80397428246969,25.75149
27.54213047345049,30.54469
27.270736450154374,30.065113
23.72218299004727,25.731276
17.38165486926993,19.259953
10.541126086710223,11.430102
6.135200515663361,6.287867
2.3495657480711696,4.289693
0.9568951159196342,3.6510582
0.8307305955097082,2.5704594
1.1603919979519155,2.0460396
0.6937331131704578,2.471655
0.07093021971606994,2.5205622
0.0,1.8233395
0.0,1.0736723
0.0,1.3756018
0.24276272725734316,1.6625671
0.9742478973147275,2.2713518
2.2227499223307206,2.0156612
1.5338787687796618,2.5477247
0.8617683428021259,2.3860884
2.124493650793651,3.1608658
6.241490236260176,7.0148892
9.87805840608632,13.852318
17.437411621412927,21.192299
24.94071365699113,26.199554
26.384800744731194,29.282589
23.450811938954946,27.749458
17.64041932867162,21.30539
10.389436537671596,12.022622
4.4771116454868265,5.4913282
1.7799052615221438,3.97083
1.478943531235485,3.5874128
1.4344756807136232,3.4593172
0.992573733409035,3.4300184
0.5187573855371888,3.1132612
1.2318554181602543,2.5350723
0.8682476134368482,2.8399467
1.157635243452214,2.315899
1.2913231090562505,2.769144
1.9185777591648652,2.5959997
3.8332385883554725,2.619175
3.536892634069199,3.3482866
2.5174478871649004,2.9367447
2.5550990260599793,2.3696213
3.998753558320802,3.5495834
8.664798387399092,6.613885
14.171945153563287,13.234982
24.408335835633125,23.447624
26.14838533823776,26.090046
27.469171719496657,27.613892
25.150423183176834,25.465328
19.848174251819216,19.612007
12.730619581249504,12.539591
6.3868,6.129777
4.0,4.048993
4.0,3.7598333
4.0,3.725565
3.8372962550173053,3.7391052
3.111079661954223,3.7101717
2.1506739537111006,3.5256262
0.5979578903415348,3.1887865
0.179692807580361,2.179882
0.3476236339435328,1.6512585
0.396471192290651,2.0185509
1.157635243452214,1.6592493
4.0,2.2512865
4.0,3.3465538
4.0459,3.75562
6.570399999999999,4.8198066
12.262,8.354441
17.925713909504616,15.549771
26.523481278045104,23.908684
27.444229650793652,29.104626
26.20042716638912,27.60087
21.63707428114876,19.346964
18.99520561864603,15.310946
11.803,10.152006
5.9737,4.7793393
4.0,3.691784
4.0,2.9142036
4.0,2.6774025
4.0,3.3744516
4.0,3.0524979
4.0,3.2150145
